﻿<?xml version="1.0" encoding="UTF-8"?>
<ofbiz-component name="partner"
	xmlns:xsi="http://www.w3.org/2001/XMLSchema-instance"
	xsi:noNamespaceSchemaLocation="http://www.ofbiz.org/dtds/ofbiz-component.xsd">
	<resource-loader name="main" type="component"/>
	<classpath type="jar" location="build/lib/*"/>
	<classpath type="jar" location="lib/*"/>
	<classpath type="dir" location="config"/>
	<entity-resource type="model" reader-name="main" loader="main" location="entitydef/entitymodel.xml"/>
	<entity-resource type="model" reader-name="main" loader="main" location="entitydef/bdentitymodel.xml"/>
	<entity-resource type="model" reader-name="main" loader="main" location="entitydef/PurchaseBillEntity.xml"/>
	<entity-resource type="model" reader-name="main" loader="main" location="entitydef/SupplierEntity.xml"/>
	<entity-resource type="model" reader-name="main" loader="main" location="entitydef/MonthlySettleEntity.xml"/>
	<entity-resource type="model" reader-name="main" loader="main" location="entitydef/PurchaseWarehousingEntity.xml"/>
	<entity-resource type="model" reader-name="main" loader="main" location="entitydef/PurchaseReturnEntity.xml"/>
	<entity-resource type="model" reader-name="main" loader="main" location="entitydef/PurPlanEntity.xml"/>
	<entity-resource type="model" reader-name="main" loader="main" location="entitydef/ConsignDrawMaterialEntity.xml"/>
	<entity-resource type="model" reader-name="main" loader="main" location="entitydef/ConsignReturnMaterialEntity.xml"/>
	<entity-resource type="model" reader-name="main" loader="main" location="entitydef/ConsignWarehousingEntity.xml"/>
	<entity-resource type="model" reader-name="main" loader="main" location="entitydef/ConsignReturnProductEntity.xml"/>
	<entity-resource type="model" reader-name="main" loader="main" location="entitydef/WorkshopDrawMaterialEntity.xml"/>
	<entity-resource type="model" reader-name="main" loader="main" location="entitydef/WorkshopReturnMaterialEntity.xml"/>
	<entity-resource type="model" reader-name="main" loader="main" location="entitydef/WorkshopWarehousingEntity.xml"/>
	<entity-resource type="model" reader-name="main" loader="main" location="entitydef/WorkshopReturnProductEntity.xml"/>
	<entity-resource type="model" reader-name="main" loader="main" location="entitydef/ReturnProductWarehousingEntity.xml"/>
	<entity-resource type="model" reader-name="main" loader="main" location="entitydef/WorkshopOtherDrawBillEntity.xml"/>
	<entity-resource type="model" reader-name="main" loader="main" location="entitydef/ProductInwarehouseEntity.xml"/>
	<entity-resource type="model" reader-name="main" loader="main" location="entitydef/ProductInwarehouseConfirmEntity.xml"/>
	<entity-resource type="model" reader-name="main" loader="main" location="entitydef/StockAdjustEntity.xml"/>
	<entity-resource type="model" reader-name="main" loader="main" location="entitydef/WorkshopStockAdjustEntity.xml"/>
	<entity-resource type="model" reader-name="main" loader="main" location="entitydef/SupplierStockAdjustEntity.xml"/>
	<entity-resource type="model" reader-name="main" loader="main" location="entitydef/ProductOutwarehouseEntity.xml"/>
	<entity-resource type="model" reader-name="main" loader="main" location="entitydef/ProductOutwarehouseConfirmEntity.xml"/>
	<entity-resource type="model" reader-name="main" loader="main" location="entitydef/ProductManualOutwarehouseEntity.xml"/>
	<entity-resource type="model" reader-name="main" loader="main" location="entitydef/ProductMapEntity.xml"/>
	<entity-resource type="model" reader-name="main" loader="main" location="entitydef/ProductOutNotificationEntity.xml"/>
	<entity-resource type="model" reader-name="main" loader="main" location="entitydef/ProductOutVerifyEntity.xml"/>
	<entity-resource type="model" reader-name="main" loader="main" location="entitydef/ProductScanEntity.xml"/>
	
	<!-- 系统基础数据 -->
    <entity-resource type="data" reader-name="seed" loader="main" location="data/ContentTypeData.xml"/>
    <!--entity-resource type="data" reader-name="seed" loader="main" location="data/System-Department.xml"/-->
	<!-- entity-resource type="data" reader-name="seed" loader="main" location="data/System-PriceMgrParamters.xml"/-->
	<entity-resource type="data" reader-name="seed" loader="main" location="data/System-TSystemLogType.xml"/>
	<entity-resource type="data" reader-name="seed" loader="main" location="data/System-TSystemMenu.xml"/>
	<entity-resource type="data" reader-name="seed" loader="main" location="data/System-TSystemMenuOfRole.xml"/>
	<!--entity-resource type="data" reader-name="seed" loader="main" location="data/System-TSystemRole.xml"/>
	<entity-resource type="data" reader-name="seed" loader="main" location="data/System-TSystemSerialNumber.xml"/>
	<entity-resource type="data" reader-name="seed" loader="main" location="data/System-TSystemUser.xml"/>
	<entity-resource type="data" reader-name="seed" loader="main" location="data/System-TSystemUserOfRole.xml"/>
	<entity-resource type="data" reader-name="seed" loader="main" location="data/System-TMaterialType.xml"/-->
	
	<!-- 示例数据
	<entity-resource type="data" reader-name="seed" loader="main" location="data/Example-ConsignDrawMaterial.xml"/>
	<entity-resource type="data" reader-name="seed" loader="main" location="data/Example-ConsignDrawMaterialEntry.xml"/>
	<entity-resource type="data" reader-name="seed" loader="main" location="data/Example-ConsignPriceDetail.xml"/>
	<entity-resource type="data" reader-name="seed" loader="main" location="data/Example-ConsignReturnMaterial.xml"/>
	<entity-resource type="data" reader-name="seed" loader="main" location="data/Example-ConsignReturnMaterialEntry.xml"/>
	<entity-resource type="data" reader-name="seed" loader="main" location="data/Example-ConsignReturnProduct.xml"/>
	<entity-resource type="data" reader-name="seed" loader="main" location="data/Example-ConsignReturnProductEntry.xml"/>
	<entity-resource type="data" reader-name="seed" loader="main" location="data/Example-ConsignWarehousing.xml"/>
	<entity-resource type="data" reader-name="seed" loader="main" location="data/Example-ConsignWarehousingEntry.xml"/>
	<entity-resource type="data" reader-name="seed" loader="main" location="data/Example-CurConsignPrice.xml"/>
	<entity-resource type="data" reader-name="seed" loader="main" location="data/Example-CurConsignProcessedPrice.xml"/>
	<entity-resource type="data" reader-name="seed" loader="main" location="data/Example-CurMaterialBalance.xml"/>
	<entity-resource type="data" reader-name="seed" loader="main" location="data/Example-CurWorkshopPrice.xml"/>
	<entity-resource type="data" reader-name="seed" loader="main" location="data/Example-Customer.xml"/>
	<entity-resource type="data" reader-name="seed" loader="main" location="data/Example-HisConsignPrice.xml"/>
	<entity-resource type="data" reader-name="seed" loader="main" location="data/Example-HisConsignProcessedPrice.xml"/>
	<entity-resource type="data" reader-name="seed" loader="main" location="data/Example-HisMaterialBalance.xml"/>
	<entity-resource type="data" reader-name="seed" loader="main" location="data/Example-HisWorkshopPrice.xml"/>
	<entity-resource type="data" reader-name="seed" loader="main" location="data/Example-MaterialBom.xml"/>
	<entity-resource type="data" reader-name="seed" loader="main" location="data/Example-MaterialBomEntry.xml"/>
	<entity-resource type="data" reader-name="seed" loader="main" location="data/Example-PurchaseBill.xml"/>
	<entity-resource type="data" reader-name="seed" loader="main" location="data/Example-PurchaseBillEntry.xml"/>
	<entity-resource type="data" reader-name="seed" loader="main" location="data/Example-PurchaseReturn.xml"/>
	<entity-resource type="data" reader-name="seed" loader="main" location="data/Example-PurchaseReturnEntry.xml"/>
	<entity-resource type="data" reader-name="seed" loader="main" location="data/Example-PurchaseWarehousing.xml"/>
	<entity-resource type="data" reader-name="seed" loader="main" location="data/Example-PurchaseWarehousingEntry.xml"/>
	<entity-resource type="data" reader-name="seed" loader="main" location="data/Example-PurPlanBalance.xml"/>
	<entity-resource type="data" reader-name="seed" loader="main" location="data/Example-ReturnProductWarehousing.xml"/>
	<entity-resource type="data" reader-name="seed" loader="main" location="data/Example-ReturnProductWarehousingEntry.xml"/>
	<entity-resource type="data" reader-name="seed" loader="main" location="data/Example-ReturnProductWarehousingEntryExtra.xml"/>
	<entity-resource type="data" reader-name="seed" loader="main" location="data/Example-Supplier.xml"/>
	<entity-resource type="data" reader-name="seed" loader="main" location="data/Example-TMaterial.xml"/>
	<entity-resource type="data" reader-name="seed" loader="main" location="data/Example-TMaterialType.xml"/>
	<entity-resource type="data" reader-name="seed" loader="main" location="data/Example-TSystemSerialNumber.xml"/>
	<entity-resource type="data" reader-name="seed" loader="main" location="data/Example-Unit.xml"/>
	<entity-resource type="data" reader-name="seed" loader="main" location="data/Example-Warehouse.xml"/>
	<entity-resource type="data" reader-name="seed" loader="main" location="data/Example-WarehouseType.xml"/>
	<entity-resource type="data" reader-name="seed" loader="main" location="data/Example-Workshop.xml"/>
	<entity-resource type="data" reader-name="seed" loader="main" location="data/Example-WorkshopDrawMaterial.xml"/>
	<entity-resource type="data" reader-name="seed" loader="main" location="data/Example-WorkshopDrawMaterialEntry.xml"/>
	<entity-resource type="data" reader-name="seed" loader="main" location="data/Example-WorkshopPriceDetail.xml"/>
	<entity-resource type="data" reader-name="seed" loader="main" location="data/Example-WorkshopReturnProduct.xml"/>
	<entity-resource type="data" reader-name="seed" loader="main" location="data/Example-WorkshopReturnProductEntry.xml"/>
	<entity-resource type="data" reader-name="seed" loader="main" location="data/Example-WorkshopWarehousing.xml"/>
	<entity-resource type="data" reader-name="seed" loader="main" location="data/Example-WorkshopWarehousingEntry.xml"/>
	<entity-resource type="data" reader-name="seed" loader="main" location="data/Example-CurPurchasePrice.xml"/>
	<entity-resource type="data" reader-name="seed" loader="main" location="data/Example-HisPurchasePrice.xml"/>
	<entity-resource type="data" reader-name="seed" loader="main" location="data/Example-ProductScan.xml"/>
	-->
	 
	 <!-- 初始化数据
	<entity-resource type="data" reader-name="seed" loader="main" location="data/Int03_MaterialBom.xml"/>
	<entity-resource type="data" reader-name="seed" loader="main" location="data/Int03_MaterialBomEntry.xml"/>
	<entity-resource type="data" reader-name="seed" loader="main" location="data/Int03_Suppiler.xml"/>
	<entity-resource type="data" reader-name="seed" loader="main" location="data/Int03_TMaterial.xml"/>
	<entity-resource type="data" reader-name="seed" loader="main" location="data/Int03_TMaterialType.xml"/>
	<entity-resource type="data" reader-name="seed" loader="main" location="data/Int03_unit.xml"/>
	<entity-resource type="data" reader-name="seed" loader="main" location="data/Int03_WarehouseType.xml"/>
	<entity-resource type="data" reader-name="seed" loader="main" location="data/Int03_Warehouse.xml"/>
	<entity-resource type="data" reader-name="seed" loader="main" location="data/Int03_CurMaterialBalance.xml"/>
-->
	<!-- 计划任务数据 -->
	<entity-resource type="data" reader-name="seed" loader="main" location="data/System-ScheduledServices.xml"/>
	
	<service-resource type="model" loader="main" location="servicedef/services.xml"/>
	
	<webapp name="scm" 
		title="SCM" 
		server="default-server" 
		location="webapp/scm" 
		base-permission="NONE" 
		mount-point="/scm"/>
		
	<webapp name="scmui"
        title="SCMUI"
        server="default-server"
        location="webapp/scmui"
        mount-point="/scmui"
        app-bar-display="false"/>
        
</ofbiz-component>
