<?xml version="1.0" encoding="UTF-8"?>
<entity-engine-xml>
    <MaterialBom id="002deeb8-cf52-4a7a-8953-63073ca3cca0" number="MTB100022" materialId="600a31b0-fed1-42da-9900-1d573696211c" note="&#27491;&#24120;" status="1" valid="Y" lastUpdatedStamp="2012-08-19 14:38:01.0" lastUpdatedTxStamp="2012-08-19 14:38:00.0" createdStamp="2012-08-19 14:38:01.0" createdTxStamp="2012-08-19 14:38:00.0"/>
    <MaterialBom id="01755076-6d79-4186-8cba-d65137ed49b3" number="MTB100148" materialId="016c87b4-32ab-4461-9eb2-f7b2d51f8183" note="&#27491;&#24120;" status="1" valid="Y" lastUpdatedStamp="2012-08-19 14:38:01.0" lastUpdatedTxStamp="2012-08-19 14:38:00.0" createdStamp="2012-08-19 14:38:01.0" createdTxStamp="2012-08-19 14:38:00.0"/>
    <MaterialBom id="02254e34-9a26-4c3e-8743-643c73ebf101" number="MTB100147" materialId="e84979fa-db44-453a-8310-5780f7bdfe6b" note="&#27491;&#24120;" status="1" valid="Y" lastUpdatedStamp="2012-08-19 14:38:01.0" lastUpdatedTxStamp="2012-08-19 14:38:00.0" createdStamp="2012-08-19 14:38:01.0" createdTxStamp="2012-08-19 14:38:00.0"/>
    <MaterialBom id="092642d8-9147-49f9-9276-213a346b5cc8" number="MTB100108" materialId="037e9a70-f764-4a44-9085-809a84a145ad" note="&#27491;&#24120;" status="1" valid="Y" lastUpdatedStamp="2012-08-19 14:38:01.0" lastUpdatedTxStamp="2012-08-19 14:38:00.0" createdStamp="2012-08-19 14:38:01.0" createdTxStamp="2012-08-19 14:38:00.0"/>
    <MaterialBom id="097a6d0f-36e2-4606-a425-51e92bf8b830" number="MTB100090" materialId="5f9e2bd9-6bc5-4749-b6de-435d82f319b2" note="&#27491;&#24120;" status="1" valid="Y" lastUpdatedStamp="2012-08-19 14:38:01.0" lastUpdatedTxStamp="2012-08-19 14:38:00.0" createdStamp="2012-08-19 14:38:01.0" createdTxStamp="2012-08-19 14:38:00.0"/>
    <MaterialBom id="0981aa61-fb87-4fe0-9c46-dd998ece6247" number="MTB100011" materialId="fb97e8ef-7e07-406e-937b-3455fe03c5d8" note="&#27491;&#24120;" status="1" valid="Y" lastUpdatedStamp="2012-08-19 14:38:00.0" lastUpdatedTxStamp="2012-08-19 14:38:00.0" createdStamp="2012-08-19 14:38:00.0" createdTxStamp="2012-08-19 14:38:00.0"/>
    <MaterialBom id="0c18db26-9814-4e5c-9266-46df0d22faff" number="MTB100042" materialId="83a5c73a-ddbf-4cab-a134-7dfcfe16b8dd" note="&#27491;&#24120;" status="1" valid="Y" lastUpdatedStamp="2012-08-19 14:38:01.0" lastUpdatedTxStamp="2012-08-19 14:38:00.0" createdStamp="2012-08-19 14:38:01.0" createdTxStamp="2012-08-19 14:38:00.0"/>
    <MaterialBom id="0c4197d6-0f02-443a-94ce-4afae56cf5fc" number="MTB100059" materialId="0d69b063-d801-4a34-8184-39c8234f16ae" note="&#27491;&#24120;" status="1" valid="Y" lastUpdatedStamp="2012-08-19 14:38:01.0" lastUpdatedTxStamp="2012-08-19 14:38:00.0" createdStamp="2012-08-19 14:38:01.0" createdTxStamp="2012-08-19 14:38:00.0"/>
    <MaterialBom id="0c678ff8-1083-4a2f-9272-7e3fa0fb94cf" number="MTB100001" materialId="04dc0950-54ab-4178-b62a-41a0d9ea8012" note="&#27491;&#24120;" status="1" valid="Y" lastUpdatedStamp="2012-08-19 14:38:00.0" lastUpdatedTxStamp="2012-08-19 14:38:00.0" createdStamp="2012-08-19 14:38:00.0" createdTxStamp="2012-08-19 14:38:00.0"/>
    <MaterialBom id="0cbb32ed-b50f-4be4-8147-b3c3efae1cac" number="MTB100119" materialId="d21ed1f6-e9f4-48b5-aee8-f3d34c24def6" note="&#27491;&#24120;" status="1" valid="Y" lastUpdatedStamp="2012-08-19 14:38:01.0" lastUpdatedTxStamp="2012-08-19 14:38:00.0" createdStamp="2012-08-19 14:38:01.0" createdTxStamp="2012-08-19 14:38:00.0"/>
    <MaterialBom id="0cee6a68-058b-4cc1-b3d4-1b22220cf530" number="MTB100058" materialId="19cb7201-6e1e-49c2-b3e7-160a14581893" note="&#27491;&#24120;" status="1" valid="Y" lastUpdatedStamp="2012-08-19 14:38:01.0" lastUpdatedTxStamp="2012-08-19 14:38:00.0" createdStamp="2012-08-19 14:38:01.0" createdTxStamp="2012-08-19 14:38:00.0"/>
    <MaterialBom id="101b1e99-2186-4edc-84c5-202624658bd8" number="MTB100086" materialId="f4c24c05-4f82-4b67-a2e7-747882f645a1" note="&#27491;&#24120;" status="1" valid="Y" lastUpdatedStamp="2012-08-19 14:38:01.0" lastUpdatedTxStamp="2012-08-19 14:38:00.0" createdStamp="2012-08-19 14:38:01.0" createdTxStamp="2012-08-19 14:38:00.0"/>
    <MaterialBom id="103b7ca5-25da-4cbf-894f-2e308f865748" number="MTB100130" materialId="a93de70c-d4ee-4415-8ebc-777876922e2c" note="&#27491;&#24120;" status="1" valid="Y" lastUpdatedStamp="2012-08-19 14:38:01.0" lastUpdatedTxStamp="2012-08-19 14:38:00.0" createdStamp="2012-08-19 14:38:01.0" createdTxStamp="2012-08-19 14:38:00.0"/>
    <MaterialBom id="120449ec-4416-4f0a-8ace-c3fe67355855" number="MTB100034" materialId="a38aead4-4288-4ba7-93b3-f5d5c37c9976" note="&#27491;&#24120;" status="1" valid="Y" lastUpdatedStamp="2012-08-19 14:38:01.0" lastUpdatedTxStamp="2012-08-19 14:38:00.0" createdStamp="2012-08-19 14:38:01.0" createdTxStamp="2012-08-19 14:38:00.0"/>
    <MaterialBom id="152209e7-52aa-46e9-a26f-fb5558d800a6" number="MTB100017" materialId="e9ab5ea0-3d4f-40be-b086-2617dd15dec9" note="&#27491;&#24120;" status="1" valid="Y" lastUpdatedStamp="2012-08-19 14:38:01.0" lastUpdatedTxStamp="2012-08-19 14:38:00.0" createdStamp="2012-08-19 14:38:01.0" createdTxStamp="2012-08-19 14:38:00.0"/>
    <MaterialBom id="17cbb08a-64d7-4180-94e2-73ed610e0ff6" number="MTB100149" materialId="8e4178da-7b5a-4025-92ce-7f3394642af1" note="&#27491;&#24120;" status="1" valid="Y" lastUpdatedStamp="2012-08-19 14:38:01.0" lastUpdatedTxStamp="2012-08-19 14:38:00.0" createdStamp="2012-08-19 14:38:01.0" createdTxStamp="2012-08-19 14:38:00.0"/>
    <MaterialBom id="17df92ba-0d60-43bd-bd0c-2309d1933346" number="MTB100122" materialId="60705959-2700-42d0-b42b-dd117d32255c" note="&#27491;&#24120;" status="1" valid="Y" lastUpdatedStamp="2012-08-19 14:38:01.0" lastUpdatedTxStamp="2012-08-19 14:38:00.0" createdStamp="2012-08-19 14:38:01.0" createdTxStamp="2012-08-19 14:38:00.0"/>
    <MaterialBom id="17f21110-c09c-4d06-adca-e6b5114ffc29" number="MTB100110" materialId="56110685-d1fd-47a7-8bc0-5b738f75cad6" note="&#27491;&#24120;" status="1" valid="Y" lastUpdatedStamp="2012-08-19 14:38:01.0" lastUpdatedTxStamp="2012-08-19 14:38:00.0" createdStamp="2012-08-19 14:38:01.0" createdTxStamp="2012-08-19 14:38:00.0"/>
    <MaterialBom id="188b36b2-0a4f-4c5f-8d90-f9353f6ca88c" number="MTB100006" materialId="90720f76-3617-4998-b37e-5b99146e7612" note="&#27491;&#24120;" status="1" valid="Y" lastUpdatedStamp="2012-08-19 14:38:00.0" lastUpdatedTxStamp="2012-08-19 14:38:00.0" createdStamp="2012-08-19 14:38:00.0" createdTxStamp="2012-08-19 14:38:00.0"/>
    <MaterialBom id="1b938fba-4052-4b98-8129-7b74a10e47f8" number="MTB100038" materialId="79ba23f8-2dd5-438b-a249-a5ff7099073a" note="&#27491;&#24120;" status="1" valid="Y" lastUpdatedStamp="2012-08-19 14:38:01.0" lastUpdatedTxStamp="2012-08-19 14:38:00.0" createdStamp="2012-08-19 14:38:01.0" createdTxStamp="2012-08-19 14:38:00.0"/>
    <MaterialBom id="1e491189-1787-4bfa-9d32-98febaa997e7" number="MTB100081" materialId="4b0d5f85-b724-48e7-91b5-e73239736d94" note="&#27491;&#24120;" status="1" valid="Y" lastUpdatedStamp="2012-08-19 14:38:01.0" lastUpdatedTxStamp="2012-08-19 14:38:00.0" createdStamp="2012-08-19 14:38:01.0" createdTxStamp="2012-08-19 14:38:00.0"/>
    <MaterialBom id="1e53490f-9842-4fac-b048-d96ad30c60f1" number="MTB100141" materialId="f3765563-d940-48fb-8dd3-de5bc191f117" note="&#27491;&#24120;" status="1" valid="Y" lastUpdatedStamp="2012-08-19 14:38:01.0" lastUpdatedTxStamp="2012-08-19 14:38:00.0" createdStamp="2012-08-19 14:38:01.0" createdTxStamp="2012-08-19 14:38:00.0"/>
    <MaterialBom id="1f315345-0041-47a7-b367-e9efd006f78d" number="MTB100097" materialId="082124de-f361-4489-b8b7-58e7902668b3" note="&#27491;&#24120;" status="1" valid="Y" lastUpdatedStamp="2012-08-19 14:38:01.0" lastUpdatedTxStamp="2012-08-19 14:38:00.0" createdStamp="2012-08-19 14:38:01.0" createdTxStamp="2012-08-19 14:38:00.0"/>
    <MaterialBom id="20314359-a3e8-4702-bb69-7f55a7123177" number="MTB100113" materialId="d37c299f-8afd-42ee-9f0a-e2277f7bb29e" note="&#27491;&#24120;" status="1" valid="Y" lastUpdatedStamp="2012-08-19 14:38:01.0" lastUpdatedTxStamp="2012-08-19 14:38:00.0" createdStamp="2012-08-19 14:38:01.0" createdTxStamp="2012-08-19 14:38:00.0"/>
    <MaterialBom id="2317c2cc-8dea-4da5-a166-8d7bb2cc3b02" number="MTB100145" materialId="78a1528a-21c5-4124-99d2-9d06918c85d6" note="&#27491;&#24120;" status="1" valid="Y" lastUpdatedStamp="2012-08-19 14:38:01.0" lastUpdatedTxStamp="2012-08-19 14:38:00.0" createdStamp="2012-08-19 14:38:01.0" createdTxStamp="2012-08-19 14:38:00.0"/>
    <MaterialBom id="2617607e-cf33-4c35-8ece-53b38ead5556" number="MTB100152" materialId="56478233-ab1b-44b6-805b-54df7f785109" note="&#27491;&#24120;" status="1" valid="Y" lastUpdatedStamp="2012-08-19 14:38:01.0" lastUpdatedTxStamp="2012-08-19 14:38:00.0" createdStamp="2012-08-19 14:38:01.0" createdTxStamp="2012-08-19 14:38:00.0"/>
    <MaterialBom id="2836da8c-8637-487f-8198-4e2555dd4f11" number="MTB100072" materialId="7267be55-f4a1-4497-a0de-e5c7ca2fcee9" note="&#27491;&#24120;" status="1" valid="Y" lastUpdatedStamp="2012-08-19 14:38:01.0" lastUpdatedTxStamp="2012-08-19 14:38:00.0" createdStamp="2012-08-19 14:38:01.0" createdTxStamp="2012-08-19 14:38:00.0"/>
    <MaterialBom id="2aaf8083-2c66-473f-9514-958f2013bd11" number="MTB100107" materialId="70a8c825-462c-428b-b717-f684a01cb055" note="&#27491;&#24120;" status="1" valid="Y" lastUpdatedStamp="2012-08-19 14:38:01.0" lastUpdatedTxStamp="2012-08-19 14:38:00.0" createdStamp="2012-08-19 14:38:01.0" createdTxStamp="2012-08-19 14:38:00.0"/>
    <MaterialBom id="2ae8e02e-d4dd-43a4-8a22-e91809855d24" number="MTB100085" materialId="aa94a02e-01c1-4f39-97f1-ee195e1c6e26" note="&#27491;&#24120;" status="1" valid="Y" lastUpdatedStamp="2012-08-19 14:38:01.0" lastUpdatedTxStamp="2012-08-19 14:38:00.0" createdStamp="2012-08-19 14:38:01.0" createdTxStamp="2012-08-19 14:38:00.0"/>
    <MaterialBom id="2cfebf2f-8e77-42fd-9725-66ce21a5c56f" number="MTB100080" materialId="4787bc45-093a-4038-aba4-3f0120bbbf76" note="&#27491;&#24120;" status="1" valid="Y" lastUpdatedStamp="2012-08-19 14:38:01.0" lastUpdatedTxStamp="2012-08-19 14:38:00.0" createdStamp="2012-08-19 14:38:01.0" createdTxStamp="2012-08-19 14:38:00.0"/>
    <MaterialBom id="2d409077-1bef-4c76-a165-54da562bee77" number="MTB100106" materialId="6d00cdb4-40fc-44e7-a700-eab8a8f73f25" note="&#27491;&#24120;" status="1" valid="Y" lastUpdatedStamp="2012-08-19 14:38:01.0" lastUpdatedTxStamp="2012-08-19 14:38:00.0" createdStamp="2012-08-19 14:38:01.0" createdTxStamp="2012-08-19 14:38:00.0"/>
    <MaterialBom id="2dc27da6-bed3-4243-adcd-3efb2e3127cd" number="MTB100078" materialId="fed9f818-9599-46e7-9909-38dab9af879b" note="&#27491;&#24120;" status="1" valid="Y" lastUpdatedStamp="2012-08-19 14:38:01.0" lastUpdatedTxStamp="2012-08-19 14:38:00.0" createdStamp="2012-08-19 14:38:01.0" createdTxStamp="2012-08-19 14:38:00.0"/>
    <MaterialBom id="31a8ce45-383a-4c55-8916-362d6ab56410" number="MTB100007" materialId="febaa17a-afea-439c-b822-cabf12a754d4" note="&#27491;&#24120;" status="1" valid="Y" lastUpdatedStamp="2012-08-19 14:38:00.0" lastUpdatedTxStamp="2012-08-19 14:38:00.0" createdStamp="2012-08-19 14:38:00.0" createdTxStamp="2012-08-19 14:38:00.0"/>
    <MaterialBom id="333f17c5-0954-4781-a8d5-7d4fb6e89636" number="MTB100136" materialId="3190f1f3-cef4-4d52-8c91-ea2fe08558c2" note="&#27491;&#24120;" status="1" valid="Y" lastUpdatedStamp="2012-08-19 14:38:01.0" lastUpdatedTxStamp="2012-08-19 14:38:00.0" createdStamp="2012-08-19 14:38:01.0" createdTxStamp="2012-08-19 14:38:00.0"/>
    <MaterialBom id="367e5dd9-1bbb-42b3-b2dc-3aaa29a2ecf6" number="MTB100082" materialId="e8f44b6f-16bd-4afe-87f1-b2dbe639eeb4" note="&#27491;&#24120;" status="1" valid="Y" lastUpdatedStamp="2012-08-19 14:38:01.0" lastUpdatedTxStamp="2012-08-19 14:38:00.0" createdStamp="2012-08-19 14:38:01.0" createdTxStamp="2012-08-19 14:38:00.0"/>
    <MaterialBom id="36ae3163-e0e7-4987-85eb-628c391b140e" number="MTB100021" materialId="541759e8-9e9b-48db-b292-ee56b678a838" note="&#27491;&#24120;" status="1" valid="Y" lastUpdatedStamp="2012-08-19 14:38:01.0" lastUpdatedTxStamp="2012-08-19 14:38:00.0" createdStamp="2012-08-19 14:38:01.0" createdTxStamp="2012-08-19 14:38:00.0"/>
    <MaterialBom id="38dc70a8-def2-4d5a-9384-e6098a5b7ddc" number="MTB100055" materialId="72bd2d22-d489-4eba-bda0-a8b9f54866bf" note="&#27491;&#24120;" status="1" valid="Y" lastUpdatedStamp="2012-08-19 14:38:01.0" lastUpdatedTxStamp="2012-08-19 14:38:00.0" createdStamp="2012-08-19 14:38:01.0" createdTxStamp="2012-08-19 14:38:00.0"/>
    <MaterialBom id="39b24ccf-9546-4e1b-9b3f-41c6b4db98e8" number="MTB100105" materialId="2bf8fa0a-eb28-42e7-9bb9-9197aa642ea8" note="&#27491;&#24120;" status="1" valid="Y" lastUpdatedStamp="2012-08-19 14:38:01.0" lastUpdatedTxStamp="2012-08-19 14:38:00.0" createdStamp="2012-08-19 14:38:01.0" createdTxStamp="2012-08-19 14:38:00.0"/>
    <MaterialBom id="3aa1e392-2a59-44b3-b4c1-7179bb0d372f" number="MTB100012" materialId="aab054b1-2efb-45d2-ba40-43c4d24fb326" note="&#27491;&#24120;" status="1" valid="Y" lastUpdatedStamp="2012-08-19 14:38:00.0" lastUpdatedTxStamp="2012-08-19 14:38:00.0" createdStamp="2012-08-19 14:38:00.0" createdTxStamp="2012-08-19 14:38:00.0"/>
    <MaterialBom id="3d35dc4c-4981-4057-88e1-37aa6921d953" number="MTB100016" materialId="31b23f84-5504-425f-981c-53305b2e681f" note="&#27491;&#24120;" status="1" valid="Y" lastUpdatedStamp="2012-08-19 14:38:01.0" lastUpdatedTxStamp="2012-08-19 14:38:00.0" createdStamp="2012-08-19 14:38:01.0" createdTxStamp="2012-08-19 14:38:00.0"/>
    <MaterialBom id="3e4a6b9f-0987-42be-80a5-ea705cb9a7da" number="MTB100068" materialId="93bf435d-48f2-4822-9c36-f167f5d69cbe" note="&#27491;&#24120;" status="1" valid="Y" lastUpdatedStamp="2012-08-19 14:38:01.0" lastUpdatedTxStamp="2012-08-19 14:38:00.0" createdStamp="2012-08-19 14:38:01.0" createdTxStamp="2012-08-19 14:38:00.0"/>
    <MaterialBom id="3e8cff6b-c1dc-4ceb-aeb6-aaee6498b3e1" number="MTB100071" materialId="5abbaa43-12a8-4725-ae37-0b803227aa56" note="&#27491;&#24120;" status="1" valid="Y" lastUpdatedStamp="2012-08-19 14:38:01.0" lastUpdatedTxStamp="2012-08-19 14:38:00.0" createdStamp="2012-08-19 14:38:01.0" createdTxStamp="2012-08-19 14:38:00.0"/>
    <MaterialBom id="407720d5-ec9d-4769-b484-adfd46837104" number="MTB100098" materialId="704a61fe-0748-44f6-8ef4-ab56d921b662" note="&#27491;&#24120;" status="1" valid="Y" lastUpdatedStamp="2012-08-19 14:38:01.0" lastUpdatedTxStamp="2012-08-19 14:38:00.0" createdStamp="2012-08-19 14:38:01.0" createdTxStamp="2012-08-19 14:38:00.0"/>
    <MaterialBom id="449c8246-d41a-4a64-ae8b-3325a9ccd997" number="MTB100096" materialId="b91d487e-11e1-4b74-960d-1da487162f40" note="&#27491;&#24120;" status="1" valid="Y" lastUpdatedStamp="2012-08-19 14:38:01.0" lastUpdatedTxStamp="2012-08-19 14:38:00.0" createdStamp="2012-08-19 14:38:01.0" createdTxStamp="2012-08-19 14:38:00.0"/>
    <MaterialBom id="487f9062-1ee2-44ad-aa47-b6a181339b3e" number="MTB100005" materialId="a366102b-3d2a-4453-8460-b3dca7063b6d" note="&#27491;&#24120;" status="1" valid="Y" lastUpdatedStamp="2012-08-19 14:38:00.0" lastUpdatedTxStamp="2012-08-19 14:38:00.0" createdStamp="2012-08-19 14:38:00.0" createdTxStamp="2012-08-19 14:38:00.0"/>
    <MaterialBom id="4b2a709e-6845-4c62-9337-dff8d86268e2" number="MTB100029" materialId="829168aa-b795-467a-b399-b1b1892f2af2" note="&#27491;&#24120;" status="1" valid="Y" lastUpdatedStamp="2012-08-19 14:38:01.0" lastUpdatedTxStamp="2012-08-19 14:38:00.0" createdStamp="2012-08-19 14:38:01.0" createdTxStamp="2012-08-19 14:38:00.0"/>
    <MaterialBom id="4d66bf30-81ec-4d22-b796-0bb37855338e" number="MTB100073" materialId="3e528d05-a0f0-4a32-b86d-ac63229873d3" note="&#27491;&#24120;" status="1" valid="Y" lastUpdatedStamp="2012-08-19 14:38:01.0" lastUpdatedTxStamp="2012-08-19 14:38:00.0" createdStamp="2012-08-19 14:38:01.0" createdTxStamp="2012-08-19 14:38:00.0"/>
    <MaterialBom id="4f115294-cecf-4833-a565-7b99f723f521" number="MTB100046" materialId="65381fc2-d9b7-4c8c-881f-343f9dd710ed" note="&#27491;&#24120;" status="1" valid="Y" lastUpdatedStamp="2012-08-19 14:38:01.0" lastUpdatedTxStamp="2012-08-19 14:38:00.0" createdStamp="2012-08-19 14:38:01.0" createdTxStamp="2012-08-19 14:38:00.0"/>
    <MaterialBom id="4f3e9b4c-53bc-46dc-a5a2-0e6fb2d79e64" number="MTB100155" materialId="50b3b66e-a76d-4f46-b66c-b02592b4dc90" note="&#27491;&#24120;" status="1" valid="Y" lastUpdatedStamp="2012-08-19 14:38:01.0" lastUpdatedTxStamp="2012-08-19 14:38:00.0" createdStamp="2012-08-19 14:38:01.0" createdTxStamp="2012-08-19 14:38:00.0"/>
    <MaterialBom id="503a59d6-2c4e-4293-860d-fca0e1e39f93" number="MTB100129" materialId="eb36a8db-4621-4742-9559-5fabaf44f7f3" note="&#27491;&#24120;" status="1" valid="Y" lastUpdatedStamp="2012-08-19 14:38:01.0" lastUpdatedTxStamp="2012-08-19 14:38:00.0" createdStamp="2012-08-19 14:38:01.0" createdTxStamp="2012-08-19 14:38:00.0"/>
    <MaterialBom id="50965fdd-42b1-49c1-a504-022e0917d2c5" number="MTB100084" materialId="66eb11b3-2768-4a65-943b-05f21d7c3081" note="&#27491;&#24120;" status="1" valid="Y" lastUpdatedStamp="2012-08-19 14:38:01.0" lastUpdatedTxStamp="2012-08-19 14:38:00.0" createdStamp="2012-08-19 14:38:01.0" createdTxStamp="2012-08-19 14:38:00.0"/>
    <MaterialBom id="5127f036-07ae-4d8c-89c0-518014bfb391" number="MTB100051" materialId="a2144df8-b893-4d76-8248-48bf67fbd2cc" note="&#27491;&#24120;" status="1" valid="Y" lastUpdatedStamp="2012-08-19 14:38:01.0" lastUpdatedTxStamp="2012-08-19 14:38:00.0" createdStamp="2012-08-19 14:38:01.0" createdTxStamp="2012-08-19 14:38:00.0"/>
    <MaterialBom id="51fada36-5387-447d-9fb7-fa4c8c8687b2" number="MTB100142" materialId="d411c41b-de94-4ca8-aaeb-1c3deb5849b1" note="&#27491;&#24120;" status="1" valid="Y" lastUpdatedStamp="2012-08-19 14:38:01.0" lastUpdatedTxStamp="2012-08-19 14:38:00.0" createdStamp="2012-08-19 14:38:01.0" createdTxStamp="2012-08-19 14:38:00.0"/>
    <MaterialBom id="54cfc215-2bc8-443b-b22c-a441b28bb97f" number="MTB100094" materialId="76de6632-09df-408b-9803-94c86f7c9613" note="&#27491;&#24120;" status="1" valid="Y" lastUpdatedStamp="2012-08-19 14:38:01.0" lastUpdatedTxStamp="2012-08-19 14:38:00.0" createdStamp="2012-08-19 14:38:01.0" createdTxStamp="2012-08-19 14:38:00.0"/>
    <MaterialBom id="56b81f9d-48c0-408c-836d-543b0677b581" number="MTB100064" materialId="97f0bd11-7291-4f61-9de7-d7a134f85a89" note="&#27491;&#24120;" status="1" valid="Y" lastUpdatedStamp="2012-08-19 14:38:01.0" lastUpdatedTxStamp="2012-08-19 14:38:00.0" createdStamp="2012-08-19 14:38:01.0" createdTxStamp="2012-08-19 14:38:00.0"/>
    <MaterialBom id="59a3f404-ead5-4eb6-bfc9-7ec5bf6b0caa" number="MTB100027" materialId="b8243566-cd09-4359-9584-54d7f22c33cf" note="&#27491;&#24120;" status="1" valid="Y" lastUpdatedStamp="2012-08-19 14:38:01.0" lastUpdatedTxStamp="2012-08-19 14:38:00.0" createdStamp="2012-08-19 14:38:01.0" createdTxStamp="2012-08-19 14:38:00.0"/>
    <MaterialBom id="5a2e69ee-8bb8-4e5d-81cc-f4305daee1fd" number="MTB100076" materialId="84b17c89-02dc-4c28-b18e-1d2257cd67db" note="&#27491;&#24120;" status="1" valid="Y" lastUpdatedStamp="2012-08-19 14:38:01.0" lastUpdatedTxStamp="2012-08-19 14:38:00.0" createdStamp="2012-08-19 14:38:01.0" createdTxStamp="2012-08-19 14:38:00.0"/>
    <MaterialBom id="5ac508c5-6dfe-4cf4-b73c-4533c6312570" number="MTB100031" materialId="25ef6e57-c90f-4c3b-afd1-8b556b0fbcbc" note="&#27491;&#24120;" status="1" valid="Y" lastUpdatedStamp="2012-08-19 14:38:01.0" lastUpdatedTxStamp="2012-08-19 14:38:00.0" createdStamp="2012-08-19 14:38:01.0" createdTxStamp="2012-08-19 14:38:00.0"/>
    <MaterialBom id="5d43b2d2-a2a5-47c4-b849-d7116cde4eef" number="MTB100044" materialId="82337d35-3e9f-4222-9513-b89d42348eb1" note="&#27491;&#24120;" status="1" valid="Y" lastUpdatedStamp="2012-08-19 14:38:01.0" lastUpdatedTxStamp="2012-08-19 14:38:00.0" createdStamp="2012-08-19 14:38:01.0" createdTxStamp="2012-08-19 14:38:00.0"/>
    <MaterialBom id="5db983e3-a116-4c43-918b-1da06920fc00" number="MTB100003" materialId="0adffa41-b836-4c7e-9e2b-955b77ffdc2a" note="&#27491;&#24120;" status="1" valid="Y" lastUpdatedStamp="2012-08-19 14:38:00.0" lastUpdatedTxStamp="2012-08-19 14:38:00.0" createdStamp="2012-08-19 14:38:00.0" createdTxStamp="2012-08-19 14:38:00.0"/>
    <MaterialBom id="5f70090a-7220-4634-bdc4-e575c8e24134" number="MTB100020" materialId="7e05d745-d933-4f4c-84c0-c038101bd67c" note="&#27491;&#24120;" status="1" valid="Y" lastUpdatedStamp="2012-08-19 14:38:01.0" lastUpdatedTxStamp="2012-08-19 14:38:00.0" createdStamp="2012-08-19 14:38:01.0" createdTxStamp="2012-08-19 14:38:00.0"/>
    <MaterialBom id="62644b27-03c9-4617-b54b-9ee442b3f298" number="MTB100091" materialId="98180daa-ad66-41ef-8039-dddfb2e7b1b9" note="&#27491;&#24120;" status="1" valid="Y" lastUpdatedStamp="2012-08-19 14:38:01.0" lastUpdatedTxStamp="2012-08-19 14:38:00.0" createdStamp="2012-08-19 14:38:01.0" createdTxStamp="2012-08-19 14:38:00.0"/>
    <MaterialBom id="6476d046-4126-4e69-b0a8-735912032037" number="MTB100153" materialId="28817f17-1387-4d54-998a-745148f54486" note="&#27491;&#24120;" status="1" valid="Y" lastUpdatedStamp="2012-08-19 14:38:01.0" lastUpdatedTxStamp="2012-08-19 14:38:00.0" createdStamp="2012-08-19 14:38:01.0" createdTxStamp="2012-08-19 14:38:00.0"/>
    <MaterialBom id="65d5d4da-24fe-4dcf-95ea-0abb18217c1b" number="MTB100135" materialId="4675161d-0a52-4a60-a61d-9cdbd3e0c48e" note="&#27491;&#24120;" status="1" valid="Y" lastUpdatedStamp="2012-08-19 14:38:01.0" lastUpdatedTxStamp="2012-08-19 14:38:00.0" createdStamp="2012-08-19 14:38:01.0" createdTxStamp="2012-08-19 14:38:00.0"/>
    <MaterialBom id="65ffc75d-48cc-4132-901e-d6cc9158e2fd" number="MTB100010" materialId="cca51330-4e70-45c4-a39a-0f583dbd7663" note="&#27491;&#24120;" status="1" valid="Y" lastUpdatedStamp="2012-08-19 14:38:00.0" lastUpdatedTxStamp="2012-08-19 14:38:00.0" createdStamp="2012-08-19 14:38:00.0" createdTxStamp="2012-08-19 14:38:00.0"/>
    <MaterialBom id="6603d03e-603f-4c47-8641-52c2685f26ab" number="MTB100035" materialId="68fac8fb-43e1-4c0e-8995-1c23d0496bf3" note="&#27491;&#24120;" status="1" valid="Y" lastUpdatedStamp="2012-08-19 14:38:01.0" lastUpdatedTxStamp="2012-08-19 14:38:00.0" createdStamp="2012-08-19 14:38:01.0" createdTxStamp="2012-08-19 14:38:00.0"/>
    <MaterialBom id="666c83f2-3bbd-4687-81af-610de31c9798" number="MTB100159" materialId="b0004832-2436-440d-b061-6628fcec34e6" note="&#27491;&#24120;" status="1" valid="Y" lastUpdatedStamp="2012-08-19 14:38:01.0" lastUpdatedTxStamp="2012-08-19 14:38:00.0" createdStamp="2012-08-19 14:38:01.0" createdTxStamp="2012-08-19 14:38:00.0"/>
    <MaterialBom id="669b5faf-8622-4a04-8bfd-0921beb1a74a" number="MTB100140" materialId="342eca52-084d-4042-82d3-a9143e7aa953" note="&#27491;&#24120;" status="1" valid="Y" lastUpdatedStamp="2012-08-19 14:38:01.0" lastUpdatedTxStamp="2012-08-19 14:38:00.0" createdStamp="2012-08-19 14:38:01.0" createdTxStamp="2012-08-19 14:38:00.0"/>
    <MaterialBom id="66bc458d-c6d7-4f30-86e2-b9411a4bb98c" number="MTB100117" materialId="7f63131c-6e9c-42f1-aec0-3512d61c71f9" note="&#27491;&#24120;" status="1" valid="Y" lastUpdatedStamp="2012-08-19 14:38:01.0" lastUpdatedTxStamp="2012-08-19 14:38:00.0" createdStamp="2012-08-19 14:38:01.0" createdTxStamp="2012-08-19 14:38:00.0"/>
    <MaterialBom id="693e01c0-9829-4cfe-a091-609bfec3c592" number="MTB100014" materialId="a2523e03-d061-4be5-a323-fd740c935c0a" note="&#27491;&#24120;" status="1" valid="Y" lastUpdatedStamp="2012-08-19 14:38:00.0" lastUpdatedTxStamp="2012-08-19 14:38:00.0" createdStamp="2012-08-19 14:38:00.0" createdTxStamp="2012-08-19 14:38:00.0"/>
    <MaterialBom id="6b2f1762-1fb2-46e7-9864-9efaa71c127f" number="MTB100063" materialId="d1d2019f-4ee5-4892-9baf-5ad713314d39" note="&#27491;&#24120;" status="1" valid="Y" lastUpdatedStamp="2012-08-19 14:38:01.0" lastUpdatedTxStamp="2012-08-19 14:38:00.0" createdStamp="2012-08-19 14:38:01.0" createdTxStamp="2012-08-19 14:38:00.0"/>
    <MaterialBom id="6ea0bb34-9766-4736-82f6-21aca4e7a3f0" number="MTB100163" materialId="0a8204be-e5cf-43a4-814c-19c29f5ecdcc" note="&#27491;&#24120;" status="1" valid="Y" lastUpdatedStamp="2012-08-19 14:38:01.0" lastUpdatedTxStamp="2012-08-19 14:38:00.0" createdStamp="2012-08-19 14:38:01.0" createdTxStamp="2012-08-19 14:38:00.0"/>
    <MaterialBom id="6ed609cb-08e1-4d8b-ba47-d90471ad365a" number="MTB100070" materialId="35c8e9d6-cc31-431a-b0e7-68aed83c39d8" note="&#27491;&#24120;" status="1" valid="Y" lastUpdatedStamp="2012-08-19 14:38:01.0" lastUpdatedTxStamp="2012-08-19 14:38:00.0" createdStamp="2012-08-19 14:38:01.0" createdTxStamp="2012-08-19 14:38:00.0"/>
    <MaterialBom id="6f34f03b-f632-4942-a9b2-f92f49f64caa" number="MTB100164" materialId="964a8df5-de19-4048-9d47-ace2651cfcf0" note="&#27491;&#24120;" status="1" valid="Y" lastUpdatedStamp="2012-08-19 14:38:01.0" lastUpdatedTxStamp="2012-08-19 14:38:00.0" createdStamp="2012-08-19 14:38:01.0" createdTxStamp="2012-08-19 14:38:00.0"/>
    <MaterialBom id="70cd4b46-dffa-488f-83fa-971f75556706" number="MTB100111" materialId="bba8667c-f8ad-487f-b6a0-1bf182cc298b" note="&#27491;&#24120;" status="1" valid="Y" lastUpdatedStamp="2012-08-19 14:38:01.0" lastUpdatedTxStamp="2012-08-19 14:38:00.0" createdStamp="2012-08-19 14:38:01.0" createdTxStamp="2012-08-19 14:38:00.0"/>
    <MaterialBom id="74254648-cb9b-4873-8f09-fcdf5b1939d9" number="MTB100150" materialId="6a80291e-27b9-4a8b-abae-b2e5632935fa" note="&#27491;&#24120;" status="1" valid="Y" lastUpdatedStamp="2012-08-19 14:38:01.0" lastUpdatedTxStamp="2012-08-19 14:38:00.0" createdStamp="2012-08-19 14:38:01.0" createdTxStamp="2012-08-19 14:38:00.0"/>
    <MaterialBom id="74eccc5d-1a14-4ad3-9fff-46db98ca2f5e" number="MTB100074" materialId="e122d049-0450-4484-9180-bbc0f69751cd" note="&#27491;&#24120;" status="1" valid="Y" lastUpdatedStamp="2012-08-19 14:38:01.0" lastUpdatedTxStamp="2012-08-19 14:38:00.0" createdStamp="2012-08-19 14:38:01.0" createdTxStamp="2012-08-19 14:38:00.0"/>
    <MaterialBom id="77a51464-5e85-4b14-a168-f333796c8ae0" number="MTB100033" materialId="d2244764-f894-4936-aaa2-7d0cb5ee7545" note="&#27491;&#24120;" status="1" valid="Y" lastUpdatedStamp="2012-08-19 14:38:01.0" lastUpdatedTxStamp="2012-08-19 14:38:00.0" createdStamp="2012-08-19 14:38:01.0" createdTxStamp="2012-08-19 14:38:00.0"/>
    <MaterialBom id="7813efa4-bd36-4ed0-ade5-e1d7d0822c77" number="MTB100134" materialId="34acc722-0080-4a66-a191-75f23d221168" note="&#27491;&#24120;" status="1" valid="Y" lastUpdatedStamp="2012-08-19 14:38:01.0" lastUpdatedTxStamp="2012-08-19 14:38:00.0" createdStamp="2012-08-19 14:38:01.0" createdTxStamp="2012-08-19 14:38:00.0"/>
    <MaterialBom id="78ad6b7b-50bb-4642-b3b8-452a053717e8" number="MTB100049" materialId="dfd538aa-af5b-4178-9501-c1cedecfd15d" note="&#27491;&#24120;" status="1" valid="Y" lastUpdatedStamp="2012-08-19 14:38:01.0" lastUpdatedTxStamp="2012-08-19 14:38:00.0" createdStamp="2012-08-19 14:38:01.0" createdTxStamp="2012-08-19 14:38:00.0"/>
    <MaterialBom id="78f291b5-df33-41b9-8eaf-a5b19cc9aab1" number="MTB100151" materialId="457ffb8d-f1c4-4c58-9619-d62e64a57fce" note="&#27491;&#24120;" status="1" valid="Y" lastUpdatedStamp="2012-08-19 14:38:01.0" lastUpdatedTxStamp="2012-08-19 14:38:00.0" createdStamp="2012-08-19 14:38:01.0" createdTxStamp="2012-08-19 14:38:00.0"/>
    <MaterialBom id="7e9d641e-0a2e-45ef-be04-48bc529f77cf" number="MTB100137" materialId="af890fb5-0ead-44cc-847d-b63ec6bde7ec" note="&#27491;&#24120;" status="1" valid="Y" lastUpdatedStamp="2012-08-19 14:38:01.0" lastUpdatedTxStamp="2012-08-19 14:38:00.0" createdStamp="2012-08-19 14:38:01.0" createdTxStamp="2012-08-19 14:38:00.0"/>
    <MaterialBom id="7f68eaa6-0066-484a-8b14-7dfe6ee2a908" number="MTB100131" materialId="3541d553-9be7-468c-a59c-64e4fbe33446" note="&#27491;&#24120;" status="1" valid="Y" lastUpdatedStamp="2012-08-19 14:38:01.0" lastUpdatedTxStamp="2012-08-19 14:38:00.0" createdStamp="2012-08-19 14:38:01.0" createdTxStamp="2012-08-19 14:38:00.0"/>
    <MaterialBom id="7fa7eb83-0ab9-45d8-8ed6-0033bfd0f8ab" number="MTB100069" materialId="a0c7be02-be33-4c21-bd35-87345fb16346" note="&#27491;&#24120;" status="1" valid="Y" lastUpdatedStamp="2012-08-19 14:38:01.0" lastUpdatedTxStamp="2012-08-19 14:38:00.0" createdStamp="2012-08-19 14:38:01.0" createdTxStamp="2012-08-19 14:38:00.0"/>
    <MaterialBom id="8114fbd6-e504-4d41-b493-4b8afe213ba4" number="MTB100116" materialId="8362c3d8-ca80-4f98-98cb-8124c2939370" note="&#27491;&#24120;" status="1" valid="Y" lastUpdatedStamp="2012-08-19 14:38:01.0" lastUpdatedTxStamp="2012-08-19 14:38:00.0" createdStamp="2012-08-19 14:38:01.0" createdTxStamp="2012-08-19 14:38:00.0"/>
    <MaterialBom id="8291866a-3bb4-4fc1-94a3-c5fdacef06a5" number="MTB100019" materialId="a931e10e-e2e2-4c2d-b016-ef6038169081" note="&#27491;&#24120;" status="1" valid="Y" lastUpdatedStamp="2012-08-19 14:38:01.0" lastUpdatedTxStamp="2012-08-19 14:38:00.0" createdStamp="2012-08-19 14:38:01.0" createdTxStamp="2012-08-19 14:38:00.0"/>
    <MaterialBom id="834dc0ce-4fda-42f6-b79e-7d6e472723c1" number="MTB100065" materialId="a5f04b66-9229-4ab8-8410-8aaee57c1264" note="&#27491;&#24120;" status="1" valid="Y" lastUpdatedStamp="2012-08-19 14:38:01.0" lastUpdatedTxStamp="2012-08-19 14:38:00.0" createdStamp="2012-08-19 14:38:01.0" createdTxStamp="2012-08-19 14:38:00.0"/>
    <MaterialBom id="8455d4f4-544e-47be-87a8-202e71862e93" number="MTB100102" materialId="7eef344b-90f5-4968-bdad-0d5a9ec8e04c" note="&#27491;&#24120;" status="1" valid="Y" lastUpdatedStamp="2012-08-19 14:38:01.0" lastUpdatedTxStamp="2012-08-19 14:38:00.0" createdStamp="2012-08-19 14:38:01.0" createdTxStamp="2012-08-19 14:38:00.0"/>
    <MaterialBom id="866068ac-a4f2-4464-b9c0-80bb4b2abf17" number="MTB100089" materialId="e3094916-eaa1-41cb-af8f-630c2a3952fe" note="&#27491;&#24120;" status="1" valid="Y" lastUpdatedStamp="2012-08-19 14:38:01.0" lastUpdatedTxStamp="2012-08-19 14:38:00.0" createdStamp="2012-08-19 14:38:01.0" createdTxStamp="2012-08-19 14:38:00.0"/>
    <MaterialBom id="882b2994-c48c-404a-bfdd-3dbe3fc4b3a1" number="MTB100109" materialId="6a34f673-e814-41c1-a684-29b324a9cd70" note="&#27491;&#24120;" status="1" valid="Y" lastUpdatedStamp="2012-08-19 14:38:01.0" lastUpdatedTxStamp="2012-08-19 14:38:00.0" createdStamp="2012-08-19 14:38:01.0" createdTxStamp="2012-08-19 14:38:00.0"/>
    <MaterialBom id="88957e0c-00a6-46ed-8ea6-3c95d36d2a10" number="MTB100156" materialId="a3d3200f-d19a-4589-9c2c-91c8f8158d7a" note="&#27491;&#24120;" status="1" valid="Y" lastUpdatedStamp="2012-08-19 14:38:01.0" lastUpdatedTxStamp="2012-08-19 14:38:00.0" createdStamp="2012-08-19 14:38:01.0" createdTxStamp="2012-08-19 14:38:00.0"/>
    <MaterialBom id="89889964-2109-46f0-b5cb-9ef467aee0ea" number="MTB100075" materialId="e13eb76e-85ae-4a21-ba5f-6f1330225df0" note="&#27491;&#24120;" status="1" valid="Y" lastUpdatedStamp="2012-08-19 14:38:01.0" lastUpdatedTxStamp="2012-08-19 14:38:00.0" createdStamp="2012-08-19 14:38:01.0" createdTxStamp="2012-08-19 14:38:00.0"/>
    <MaterialBom id="8ca4740b-8671-4625-8fe4-651c417af02d" number="MTB100061" materialId="159296ca-de77-4dc0-abbd-9c2dfdb0c897" note="&#27491;&#24120;" status="1" valid="Y" lastUpdatedStamp="2012-08-19 14:38:01.0" lastUpdatedTxStamp="2012-08-19 14:38:00.0" createdStamp="2012-08-19 14:38:01.0" createdTxStamp="2012-08-19 14:38:00.0"/>
    <MaterialBom id="8efcab61-7738-4ae7-9699-27e8d65f2913" number="MTB100138" materialId="40cc717b-317a-4ec5-a059-5168d5347fce" note="&#27491;&#24120;" status="1" valid="Y" lastUpdatedStamp="2012-08-19 14:38:01.0" lastUpdatedTxStamp="2012-08-19 14:38:00.0" createdStamp="2012-08-19 14:38:01.0" createdTxStamp="2012-08-19 14:38:00.0"/>
    <MaterialBom id="944896a7-2809-4004-a89a-a8ee39b750b7" number="MTB100154" materialId="783426d5-736b-4192-8dfc-8756eb8d5230" note="&#27491;&#24120;" status="1" valid="Y" lastUpdatedStamp="2012-08-19 14:38:01.0" lastUpdatedTxStamp="2012-08-19 14:38:00.0" createdStamp="2012-08-19 14:38:01.0" createdTxStamp="2012-08-19 14:38:00.0"/>
    <MaterialBom id="954e472b-f5cb-4037-b645-84f41fb9b0e4" number="MTB100132" materialId="914006e9-7701-484e-acd0-7fc901191e8c" note="&#27491;&#24120;" status="1" valid="Y" lastUpdatedStamp="2012-08-19 14:38:01.0" lastUpdatedTxStamp="2012-08-19 14:38:00.0" createdStamp="2012-08-19 14:38:01.0" createdTxStamp="2012-08-19 14:38:00.0"/>
    <MaterialBom id="973bb748-d751-4eea-8427-e9e9524b5665" number="MTB100077" materialId="fa087943-2a8b-46b3-8b1c-2c144689ac9d" note="&#27491;&#24120;" status="1" valid="Y" lastUpdatedStamp="2012-08-19 14:38:01.0" lastUpdatedTxStamp="2012-08-19 14:38:00.0" createdStamp="2012-08-19 14:38:01.0" createdTxStamp="2012-08-19 14:38:00.0"/>
    <MaterialBom id="9884111f-d83f-459f-8d87-89ca425e985d" number="MTB100088" materialId="e3094916-eaa1-41cb-af8f-630c2a3952fe" note="&#27491;&#24120;" status="1" valid="Y" lastUpdatedStamp="2012-08-19 14:38:01.0" lastUpdatedTxStamp="2012-08-19 14:38:00.0" createdStamp="2012-08-19 14:38:01.0" createdTxStamp="2012-08-19 14:38:00.0"/>
    <MaterialBom id="9a48a5aa-c67a-4d76-92d2-319216fcbdfa" number="MTB100118" materialId="d21ed1f6-e9f4-48b5-aee8-f3d34c24def6" note="&#27491;&#24120;" status="1" valid="Y" lastUpdatedStamp="2012-08-19 14:38:01.0" lastUpdatedTxStamp="2012-08-19 14:38:00.0" createdStamp="2012-08-19 14:38:01.0" createdTxStamp="2012-08-19 14:38:00.0"/>
    <MaterialBom id="9e931548-92a7-46ce-b798-ab27892011a8" number="MTB100146" materialId="85b24755-4169-43ad-ae83-b0c0c8e457b2" note="&#27491;&#24120;" status="1" valid="Y" lastUpdatedStamp="2012-08-19 14:38:01.0" lastUpdatedTxStamp="2012-08-19 14:38:00.0" createdStamp="2012-08-19 14:38:01.0" createdTxStamp="2012-08-19 14:38:00.0"/>
    <MaterialBom id="a078ecfd-432f-4d6c-a109-6a309826df31" number="MTB100123" materialId="0643589a-b1fa-4897-a047-40885fd9033e" note="&#27491;&#24120;" status="1" valid="Y" lastUpdatedStamp="2012-08-19 14:38:01.0" lastUpdatedTxStamp="2012-08-19 14:38:00.0" createdStamp="2012-08-19 14:38:01.0" createdTxStamp="2012-08-19 14:38:00.0"/>
    <MaterialBom id="a8855944-f8be-4537-bec8-4f468d7b0dab" number="MTB100045" materialId="1aee6bba-7ffa-40a4-b826-22877f727452" note="&#27491;&#24120;" status="1" valid="Y" lastUpdatedStamp="2012-08-19 14:38:01.0" lastUpdatedTxStamp="2012-08-19 14:38:00.0" createdStamp="2012-08-19 14:38:01.0" createdTxStamp="2012-08-19 14:38:00.0"/>
    <MaterialBom id="a9935233-f577-4543-85a8-cea6acd6d7e2" number="MTB100101" materialId="62932af6-3662-4656-bcba-0ce1de605dde" note="&#27491;&#24120;" status="1" valid="Y" lastUpdatedStamp="2012-08-19 14:38:01.0" lastUpdatedTxStamp="2012-08-19 14:38:00.0" createdStamp="2012-08-19 14:38:01.0" createdTxStamp="2012-08-19 14:38:00.0"/>
    <MaterialBom id="aaf8beaf-9a20-4bf0-8ed7-ddb42ce99352" number="MTB100004" materialId="b52e3e27-57b8-408b-bea2-dd9b76804250" note="&#27491;&#24120;" status="1" valid="Y" lastUpdatedStamp="2012-08-19 14:38:00.0" lastUpdatedTxStamp="2012-08-19 14:38:00.0" createdStamp="2012-08-19 14:38:00.0" createdTxStamp="2012-08-19 14:38:00.0"/>
    <MaterialBom id="ab4bb6a1-135f-420a-8094-f906d7c27178" number="MTB100093" materialId="0626f4a4-5bf8-4df7-8348-03ce06a4fabe" note="&#27491;&#24120;" status="1" valid="Y" lastUpdatedStamp="2012-08-19 14:38:01.0" lastUpdatedTxStamp="2012-08-19 14:38:00.0" createdStamp="2012-08-19 14:38:01.0" createdTxStamp="2012-08-19 14:38:00.0"/>
    <MaterialBom id="ac453457-1052-40bc-a9ec-25fc8fb1bf28" number="MTB100099" materialId="a3159622-6bd9-4ece-af23-d006a5a73b0f" note="&#27491;&#24120;" status="1" valid="Y" lastUpdatedStamp="2012-08-19 14:38:01.0" lastUpdatedTxStamp="2012-08-19 14:38:00.0" createdStamp="2012-08-19 14:38:01.0" createdTxStamp="2012-08-19 14:38:00.0"/>
    <MaterialBom id="adf99d74-e6ba-4995-90e6-9920af15b329" number="MTB100127" materialId="c83da7a1-22b4-42a2-a9b4-72d604a15cba" note="&#27491;&#24120;" status="1" valid="Y" lastUpdatedStamp="2012-08-19 14:38:01.0" lastUpdatedTxStamp="2012-08-19 14:38:00.0" createdStamp="2012-08-19 14:38:01.0" createdTxStamp="2012-08-19 14:38:00.0"/>
    <MaterialBom id="ae694623-469c-4273-bfea-c43a64373ffb" number="MTB100139" materialId="5dc53085-2614-4ef4-afb5-7a623ba0046f" note="&#27491;&#24120;" status="1" valid="Y" lastUpdatedStamp="2012-08-19 14:38:01.0" lastUpdatedTxStamp="2012-08-19 14:38:00.0" createdStamp="2012-08-19 14:38:01.0" createdTxStamp="2012-08-19 14:38:00.0"/>
    <MaterialBom id="b030e0fb-074e-4d2a-a1b6-10ee9dbe21b6" number="MTB100083" materialId="cfb7423a-da7b-465b-8f5d-a280056734e8" note="&#27491;&#24120;" status="1" valid="Y" lastUpdatedStamp="2012-08-19 14:38:01.0" lastUpdatedTxStamp="2012-08-19 14:38:00.0" createdStamp="2012-08-19 14:38:01.0" createdTxStamp="2012-08-19 14:38:00.0"/>
    <MaterialBom id="b27b9686-9abb-42d9-a92a-868f24a077a9" number="MTB100143" materialId="db85840d-1529-46c9-9563-ced96c1157c3" note="&#27491;&#24120;" status="1" valid="Y" lastUpdatedStamp="2012-08-19 14:38:01.0" lastUpdatedTxStamp="2012-08-19 14:38:00.0" createdStamp="2012-08-19 14:38:01.0" createdTxStamp="2012-08-19 14:38:00.0"/>
    <MaterialBom id="b3747303-4848-4150-a0e1-2639a1e56950" number="MTB100079" materialId="b4fadb21-323b-4209-862b-bd34970d514f" note="&#27491;&#24120;" status="1" valid="Y" lastUpdatedStamp="2012-08-19 14:38:01.0" lastUpdatedTxStamp="2012-08-19 14:38:00.0" createdStamp="2012-08-19 14:38:01.0" createdTxStamp="2012-08-19 14:38:00.0"/>
    <MaterialBom id="b3a6e02f-9f7a-43eb-b3f2-31d2c0859ab2" number="MTB100124" materialId="720efd95-555a-4e87-af21-b65b1b6b46fa" note="&#27491;&#24120;" status="1" valid="Y" lastUpdatedStamp="2012-08-19 14:38:01.0" lastUpdatedTxStamp="2012-08-19 14:38:00.0" createdStamp="2012-08-19 14:38:01.0" createdTxStamp="2012-08-19 14:38:00.0"/>
    <MaterialBom id="b53f3d35-cc60-4ba8-b70d-f3f99825d0f3" number="MTB100120" materialId="dcb77c7a-8933-4dae-9de1-f4b34ef676ef" note="&#27491;&#24120;" status="1" valid="Y" lastUpdatedStamp="2012-08-19 14:38:01.0" lastUpdatedTxStamp="2012-08-19 14:38:00.0" createdStamp="2012-08-19 14:38:01.0" createdTxStamp="2012-08-19 14:38:00.0"/>
    <MaterialBom id="b5b3ecf0-cdb6-4189-89ec-a00e1b56b061" number="MTB100028" materialId="5a3c6120-56f2-4403-9b8e-d0dabac76aa0" note="&#27491;&#24120;" status="1" valid="Y" lastUpdatedStamp="2012-08-19 14:38:01.0" lastUpdatedTxStamp="2012-08-19 14:38:00.0" createdStamp="2012-08-19 14:38:01.0" createdTxStamp="2012-08-19 14:38:00.0"/>
    <MaterialBom id="baeb347e-a063-472d-be55-90a75f8ca26d" number="MTB100158" materialId="3c62ac2e-ba1c-4a27-8bda-7a4d7f0f257f" note="&#27491;&#24120;" status="1" valid="Y" lastUpdatedStamp="2012-08-19 14:38:01.0" lastUpdatedTxStamp="2012-08-19 14:38:00.0" createdStamp="2012-08-19 14:38:01.0" createdTxStamp="2012-08-19 14:38:00.0"/>
    <MaterialBom id="bb3b30a7-6c80-4522-b5ee-4289b11ce12d" number="MTB100040" materialId="14d6b152-01c7-463d-b7d7-6d9011c4828e" note="&#27491;&#24120;" status="1" valid="Y" lastUpdatedStamp="2012-08-19 14:38:01.0" lastUpdatedTxStamp="2012-08-19 14:38:00.0" createdStamp="2012-08-19 14:38:01.0" createdTxStamp="2012-08-19 14:38:00.0"/>
    <MaterialBom id="bb949965-4799-4803-b28f-513c6dc06c4a" number="MTB100095" materialId="21cd372e-5852-49a8-8a7f-099ccee9d389" note="&#27491;&#24120;" status="1" valid="Y" lastUpdatedStamp="2012-08-19 14:38:01.0" lastUpdatedTxStamp="2012-08-19 14:38:00.0" createdStamp="2012-08-19 14:38:01.0" createdTxStamp="2012-08-19 14:38:00.0"/>
    <MaterialBom id="bf0c4aaf-e93c-4e31-88e4-5128cb780776" number="MTB100112" materialId="8c8cb23c-0c73-4da8-b450-e2f56f2d64b8" note="&#27491;&#24120;" status="1" valid="Y" lastUpdatedStamp="2012-08-19 14:38:01.0" lastUpdatedTxStamp="2012-08-19 14:38:00.0" createdStamp="2012-08-19 14:38:01.0" createdTxStamp="2012-08-19 14:38:00.0"/>
    <MaterialBom id="c06223bc-0625-4c10-83c0-b3dc0ef75296" number="MTB100161" materialId="547fe91f-8832-4e44-b906-e6ece07b847a" note="&#27491;&#24120;" status="1" valid="Y" lastUpdatedStamp="2012-08-19 14:38:01.0" lastUpdatedTxStamp="2012-08-19 14:38:00.0" createdStamp="2012-08-19 14:38:01.0" createdTxStamp="2012-08-19 14:38:00.0"/>
    <MaterialBom id="c20ec473-2430-4c16-a171-1650aaaf6a21" number="MTB100053" materialId="979d8be4-02f1-4453-a0d2-7611111d67b5" note="&#27491;&#24120;" status="1" valid="Y" lastUpdatedStamp="2012-08-19 14:38:01.0" lastUpdatedTxStamp="2012-08-19 14:38:00.0" createdStamp="2012-08-19 14:38:01.0" createdTxStamp="2012-08-19 14:38:00.0"/>
    <MaterialBom id="c4414edf-0fc2-4ef4-a5a1-b90bc763bae2" number="MTB100115" materialId="653717ec-f4d7-4533-8203-ce9dcb55e02d" note="&#27491;&#24120;" status="1" valid="Y" lastUpdatedStamp="2012-08-19 14:38:01.0" lastUpdatedTxStamp="2012-08-19 14:38:00.0" createdStamp="2012-08-19 14:38:01.0" createdTxStamp="2012-08-19 14:38:00.0"/>
    <MaterialBom id="c442654a-1512-4352-9af3-f3af7d0238db" number="MTB100092" materialId="ce2dd923-beaf-48d1-b484-ec0550b49825" note="&#27491;&#24120;" status="1" valid="Y" lastUpdatedStamp="2012-08-19 14:38:01.0" lastUpdatedTxStamp="2012-08-19 14:38:00.0" createdStamp="2012-08-19 14:38:01.0" createdTxStamp="2012-08-19 14:38:00.0"/>
    <MaterialBom id="c50488a6-2bc3-4bee-b688-0d6e48dd3ddd" number="MTB100125" materialId="3aca1ade-4408-45a8-b9c8-9bfb4d2b2b5d" note="&#27491;&#24120;" status="1" valid="Y" lastUpdatedStamp="2012-08-19 14:38:01.0" lastUpdatedTxStamp="2012-08-19 14:38:00.0" createdStamp="2012-08-19 14:38:01.0" createdTxStamp="2012-08-19 14:38:00.0"/>
    <MaterialBom id="c5927c5b-84c8-4d94-aa8e-cbaebb054f70" number="MTB100024" materialId="f794be08-98fd-4fad-aa1d-4c64d7adbb67" note="&#27491;&#24120;" status="1" valid="Y" lastUpdatedStamp="2012-08-19 14:38:01.0" lastUpdatedTxStamp="2012-08-19 14:38:00.0" createdStamp="2012-08-19 14:38:01.0" createdTxStamp="2012-08-19 14:38:00.0"/>
    <MaterialBom id="c771b15b-de80-4be9-869d-0311a654a1f7" number="MTB100013" materialId="5fec4e4b-8efe-4aca-a568-5d7abd713e6c" note="&#27491;&#24120;" status="1" valid="Y" lastUpdatedStamp="2012-08-19 14:38:00.0" lastUpdatedTxStamp="2012-08-19 14:38:00.0" createdStamp="2012-08-19 14:38:00.0" createdTxStamp="2012-08-19 14:38:00.0"/>
    <MaterialBom id="c79aff90-89d9-46c2-9b8e-a50b6639830f" number="MTB100026" materialId="bc63aa58-4617-448a-b217-0e3cae311890" note="&#27491;&#24120;" status="1" valid="Y" lastUpdatedStamp="2012-08-19 14:38:01.0" lastUpdatedTxStamp="2012-08-19 14:38:00.0" createdStamp="2012-08-19 14:38:01.0" createdTxStamp="2012-08-19 14:38:00.0"/>
    <MaterialBom id="c84425c8-5dea-462d-be62-5450629099e4" number="MTB100030" materialId="47820e27-375f-4c4e-b0c3-c8524ae785ab" note="&#27491;&#24120;" status="1" valid="Y" lastUpdatedStamp="2012-08-19 14:38:01.0" lastUpdatedTxStamp="2012-08-19 14:38:00.0" createdStamp="2012-08-19 14:38:01.0" createdTxStamp="2012-08-19 14:38:00.0"/>
    <MaterialBom id="cac9053a-d087-4072-b7a4-9d3501dd13e2" number="MTB100054" materialId="c4fc72b2-7045-48f7-b8ad-b70c01d07046" note="&#27491;&#24120;" status="1" valid="Y" lastUpdatedStamp="2012-08-19 14:38:01.0" lastUpdatedTxStamp="2012-08-19 14:38:00.0" createdStamp="2012-08-19 14:38:01.0" createdTxStamp="2012-08-19 14:38:00.0"/>
    <MaterialBom id="cb8ede24-e624-4c7a-9954-d17033335b09" number="MTB100002" materialId="ff8cdaf4-31a3-4763-b7e6-a7adf1a075ea" note="&#27491;&#24120;" status="1" valid="Y" lastUpdatedStamp="2012-08-19 14:38:00.0" lastUpdatedTxStamp="2012-08-19 14:38:00.0" createdStamp="2012-08-19 14:38:00.0" createdTxStamp="2012-08-19 14:38:00.0"/>
    <MaterialBom id="cbbde1b0-7ce4-4fc6-a22d-2e6a92568b9e" number="MTB100047" materialId="8ffd0395-3544-4aa2-8ec3-7c8aeb8971a7" note="&#27491;&#24120;" status="1" valid="Y" lastUpdatedStamp="2012-08-19 14:38:01.0" lastUpdatedTxStamp="2012-08-19 14:38:00.0" createdStamp="2012-08-19 14:38:01.0" createdTxStamp="2012-08-19 14:38:00.0"/>
    <MaterialBom id="d1557cb8-5e0f-4ef6-a7fe-829a98f863fa" number="MTB100066" materialId="a8f15559-5202-4961-9933-802a916fc2cd" note="&#27491;&#24120;" status="1" valid="Y" lastUpdatedStamp="2012-08-19 14:38:01.0" lastUpdatedTxStamp="2012-08-19 14:38:00.0" createdStamp="2012-08-19 14:38:01.0" createdTxStamp="2012-08-19 14:38:00.0"/>
    <MaterialBom id="d352194c-9694-4182-ba84-86d96b56fdb8" number="MTB100160" materialId="3c34c66c-f44b-4ddb-830c-2f0147a4a857" note="&#27491;&#24120;" status="1" valid="Y" lastUpdatedStamp="2012-08-19 14:38:01.0" lastUpdatedTxStamp="2012-08-19 14:38:00.0" createdStamp="2012-08-19 14:38:01.0" createdTxStamp="2012-08-19 14:38:00.0"/>
    <MaterialBom id="d42e0198-2043-4ede-8bfb-0c109b6cdf55" number="MTB100048" materialId="f1352778-fc54-4a26-b0a4-347fe277acd3" note="&#27491;&#24120;" status="1" valid="Y" lastUpdatedStamp="2012-08-19 14:38:01.0" lastUpdatedTxStamp="2012-08-19 14:38:00.0" createdStamp="2012-08-19 14:38:01.0" createdTxStamp="2012-08-19 14:38:00.0"/>
    <MaterialBom id="d440f101-b468-4628-a699-dd2e0db664da" number="MTB100032" materialId="5c8ccbb9-ce0d-4cea-a1be-954201f21208" note="&#27491;&#24120;" status="1" valid="Y" lastUpdatedStamp="2012-08-19 14:38:01.0" lastUpdatedTxStamp="2012-08-19 14:38:00.0" createdStamp="2012-08-19 14:38:01.0" createdTxStamp="2012-08-19 14:38:00.0"/>
    <MaterialBom id="d5be1e12-aa51-4b9c-bdfb-c12f2c6629f3" number="MTB100023" materialId="bd8b8dfa-68da-4fa9-9d8b-8dfaa3bb258b" note="&#27491;&#24120;" status="1" valid="Y" lastUpdatedStamp="2012-08-19 14:38:01.0" lastUpdatedTxStamp="2012-08-19 14:38:00.0" createdStamp="2012-08-19 14:38:01.0" createdTxStamp="2012-08-19 14:38:00.0"/>
    <MaterialBom id="d63e3c39-9da6-4b48-80d3-35549c28ebf5" number="MTB100133" materialId="34acc722-0080-4a66-a191-75f23d221168" note="&#27491;&#24120;" status="1" valid="Y" lastUpdatedStamp="2012-08-19 14:38:01.0" lastUpdatedTxStamp="2012-08-19 14:38:00.0" createdStamp="2012-08-19 14:38:01.0" createdTxStamp="2012-08-19 14:38:00.0"/>
    <MaterialBom id="d8a04754-f995-4552-806c-e9b15a8a229f" number="MTB100043" materialId="e803121f-f214-401b-8d8f-4cf13f697649" note="&#27491;&#24120;" status="1" valid="Y" lastUpdatedStamp="2012-08-19 14:38:01.0" lastUpdatedTxStamp="2012-08-19 14:38:00.0" createdStamp="2012-08-19 14:38:01.0" createdTxStamp="2012-08-19 14:38:00.0"/>
    <MaterialBom id="d8d063be-ccc9-445a-b47c-11ee29b0935c" number="MTB100100" materialId="17cfa7a4-13a3-418e-8d95-8d1ecaa9709a" note="&#27491;&#24120;" status="1" valid="Y" lastUpdatedStamp="2012-08-19 14:38:01.0" lastUpdatedTxStamp="2012-08-19 14:38:00.0" createdStamp="2012-08-19 14:38:01.0" createdTxStamp="2012-08-19 14:38:00.0"/>
    <MaterialBom id="dada65ca-995d-4ad9-9118-d150cc964f69" number="MTB100057" materialId="01b593bf-c785-4638-ba3e-9c3b0f078bf3" note="&#27491;&#24120;" status="1" valid="Y" lastUpdatedStamp="2012-08-19 14:38:01.0" lastUpdatedTxStamp="2012-08-19 14:38:00.0" createdStamp="2012-08-19 14:38:01.0" createdTxStamp="2012-08-19 14:38:00.0"/>
    <MaterialBom id="daf742be-844e-49a2-b11f-92d064689326" number="MTB100056" materialId="80f8eef4-64f8-49e4-9c81-594b57689017" note="&#27491;&#24120;" status="1" valid="Y" lastUpdatedStamp="2012-08-19 14:38:01.0" lastUpdatedTxStamp="2012-08-19 14:38:00.0" createdStamp="2012-08-19 14:38:01.0" createdTxStamp="2012-08-19 14:38:00.0"/>
    <MaterialBom id="dbb8fb20-ffa6-4d6c-8134-41ee2d7f706b" number="MTB100050" materialId="5b57083f-d963-4839-bcb2-41a9bc5a5379" note="&#27491;&#24120;" status="1" valid="Y" lastUpdatedStamp="2012-08-19 14:38:01.0" lastUpdatedTxStamp="2012-08-19 14:38:00.0" createdStamp="2012-08-19 14:38:01.0" createdTxStamp="2012-08-19 14:38:00.0"/>
    <MaterialBom id="dd243cc4-12ad-47c0-b55e-8ebc80c12aef" number="MTB100015" materialId="068106a3-2b28-402a-be39-ab7f1152cbe2" note="&#27491;&#24120;" status="1" valid="Y" lastUpdatedStamp="2012-08-19 14:38:01.0" lastUpdatedTxStamp="2012-08-19 14:38:00.0" createdStamp="2012-08-19 14:38:01.0" createdTxStamp="2012-08-19 14:38:00.0"/>
    <MaterialBom id="ddd1574b-3400-433c-8f1c-08aa3969bf6e" number="MTB100114" materialId="bded3f28-6faa-468d-bfe9-ef43114c02f7" note="&#27491;&#24120;" status="1" valid="Y" lastUpdatedStamp="2012-08-19 14:38:01.0" lastUpdatedTxStamp="2012-08-19 14:38:00.0" createdStamp="2012-08-19 14:38:01.0" createdTxStamp="2012-08-19 14:38:00.0"/>
    <MaterialBom id="de50e8f5-f9e5-4440-bff0-ca17cdb2dbcd" number="MTB100144" materialId="559b6055-d165-4d13-89f2-37e0ccc006d3" note="&#27491;&#24120;" status="1" valid="Y" lastUpdatedStamp="2012-08-19 14:38:01.0" lastUpdatedTxStamp="2012-08-19 14:38:00.0" createdStamp="2012-08-19 14:38:01.0" createdTxStamp="2012-08-19 14:38:00.0"/>
    <MaterialBom id="e17a2f9d-b9fb-421c-8bcb-9b64eae6839e" number="MTB100087" materialId="85755b53-1171-40bf-97f0-1033451939a2" note="&#27491;&#24120;" status="1" valid="Y" lastUpdatedStamp="2012-08-19 14:38:01.0" lastUpdatedTxStamp="2012-08-19 14:38:00.0" createdStamp="2012-08-19 14:38:01.0" createdTxStamp="2012-08-19 14:38:00.0"/>
    <MaterialBom id="e283f555-36f8-456e-95fe-c0531385b522" number="MTB100060" materialId="cc3f9675-acfb-4ced-8794-282d809ed2ea" note="&#27491;&#24120;" status="1" valid="Y" lastUpdatedStamp="2012-08-19 14:38:01.0" lastUpdatedTxStamp="2012-08-19 14:38:00.0" createdStamp="2012-08-19 14:38:01.0" createdTxStamp="2012-08-19 14:38:00.0"/>
    <MaterialBom id="e2939317-f6bf-4a44-abaa-2e9457c7d8bb" number="MTB100162" materialId="2c08095e-20a5-4e62-aac9-fcbc11355a31" note="&#27491;&#24120;" status="1" valid="Y" lastUpdatedStamp="2012-08-19 14:38:01.0" lastUpdatedTxStamp="2012-08-19 14:38:00.0" createdStamp="2012-08-19 14:38:01.0" createdTxStamp="2012-08-19 14:38:00.0"/>
    <MaterialBom id="e2e8d6d5-f2b3-4cd6-9d25-bf5af788c6fc" number="MTB100165" materialId="251b7748-1cbf-4320-bf95-7c640ecb09b1" note="&#27491;&#24120;" status="1" valid="Y" lastUpdatedStamp="2012-08-19 14:38:01.0" lastUpdatedTxStamp="2012-08-19 14:38:00.0" createdStamp="2012-08-19 14:38:01.0" createdTxStamp="2012-08-19 14:38:00.0"/>
    <MaterialBom id="e4a95cee-ff6b-4bee-b5fd-b14610c2b7e3" number="MTB100166" materialId="251b7748-1cbf-4320-bf95-7c640ecb09b1" note="&#27491;&#24120;" status="1" valid="Y" lastUpdatedStamp="2012-08-19 14:38:01.0" lastUpdatedTxStamp="2012-08-19 14:38:00.0" createdStamp="2012-08-19 14:38:01.0" createdTxStamp="2012-08-19 14:38:00.0"/>
    <MaterialBom id="e7f3e707-2f74-462c-b82c-ba2c88f84ff0" number="MTB100037" materialId="f3b5feb1-afea-478a-bc8c-5a32d22e051c" note="&#27491;&#24120;" status="1" valid="Y" lastUpdatedStamp="2012-08-19 14:38:01.0" lastUpdatedTxStamp="2012-08-19 14:38:00.0" createdStamp="2012-08-19 14:38:01.0" createdTxStamp="2012-08-19 14:38:00.0"/>
    <MaterialBom id="ec18b8f5-a94e-4292-a558-45ba82b44e0c" number="MTB100103" materialId="aaab9697-47c4-448c-a3b2-64934d9b423d" note="&#27491;&#24120;" status="1" valid="Y" lastUpdatedStamp="2012-08-19 14:38:01.0" lastUpdatedTxStamp="2012-08-19 14:38:00.0" createdStamp="2012-08-19 14:38:01.0" createdTxStamp="2012-08-19 14:38:00.0"/>
    <MaterialBom id="ee298980-85e3-470a-bcc5-3d1146b4fb3b" number="MTB100052" materialId="a956d616-2280-4fab-8648-950bb30910e8" note="&#27491;&#24120;" status="1" valid="Y" lastUpdatedStamp="2012-08-19 14:38:01.0" lastUpdatedTxStamp="2012-08-19 14:38:00.0" createdStamp="2012-08-19 14:38:01.0" createdTxStamp="2012-08-19 14:38:00.0"/>
    <MaterialBom id="eea4d12b-80ba-48a0-b352-c8e8ae253c3d" number="MTB100128" materialId="870a70f4-12f5-4f1e-87f3-78ccf36ff8fa" note="&#27491;&#24120;" status="1" valid="Y" lastUpdatedStamp="2012-08-19 14:38:01.0" lastUpdatedTxStamp="2012-08-19 14:38:00.0" createdStamp="2012-08-19 14:38:01.0" createdTxStamp="2012-08-19 14:38:00.0"/>
    <MaterialBom id="eec18c07-8a7c-423f-91c5-a22d37755a8a" number="MTB100009" materialId="69a18779-8650-407c-b8c0-94ed1d6c00a6" note="&#27491;&#24120;" status="1" valid="Y" lastUpdatedStamp="2012-08-19 14:38:00.0" lastUpdatedTxStamp="2012-08-19 14:38:00.0" createdStamp="2012-08-19 14:38:00.0" createdTxStamp="2012-08-19 14:38:00.0"/>
    <MaterialBom id="efdb637f-18f6-4be6-a1b9-8b139a95c1d5" number="MTB100062" materialId="4a13825a-68b6-48fd-9af3-de1c69a7d409" note="&#27491;&#24120;" status="1" valid="Y" lastUpdatedStamp="2012-08-19 14:38:01.0" lastUpdatedTxStamp="2012-08-19 14:38:00.0" createdStamp="2012-08-19 14:38:01.0" createdTxStamp="2012-08-19 14:38:00.0"/>
    <MaterialBom id="f2360382-46ae-4586-8a74-652f1c707117" number="MTB100126" materialId="8efb49ca-cd7e-4670-a52e-11a38fe4d4e4" note="&#27491;&#24120;" status="1" valid="Y" lastUpdatedStamp="2012-08-19 14:38:01.0" lastUpdatedTxStamp="2012-08-19 14:38:00.0" createdStamp="2012-08-19 14:38:01.0" createdTxStamp="2012-08-19 14:38:00.0"/>
    <MaterialBom id="f27fdd91-a7cf-4855-9757-4152b0ec2066" number="MTB100157" materialId="65b3fa2c-4e61-4e36-b5a8-da9740e1ad17" note="&#27491;&#24120;" status="1" valid="Y" lastUpdatedStamp="2012-08-19 14:38:01.0" lastUpdatedTxStamp="2012-08-19 14:38:00.0" createdStamp="2012-08-19 14:38:01.0" createdTxStamp="2012-08-19 14:38:00.0"/>
    <MaterialBom id="f3a2bb87-ade6-49f4-b0b7-76002c72c931" number="MTB100036" materialId="c9142312-9c65-4adb-ad75-652a9ca468cf" note="&#27491;&#24120;" status="1" valid="Y" lastUpdatedStamp="2012-08-19 14:38:01.0" lastUpdatedTxStamp="2012-08-19 14:38:00.0" createdStamp="2012-08-19 14:38:01.0" createdTxStamp="2012-08-19 14:38:00.0"/>
    <MaterialBom id="f79b4d5a-f3ae-4f6b-bf46-e9f25838eeb1" number="MTB100067" materialId="895c1408-65b4-49ff-9518-aea446851daf" note="&#27491;&#24120;" status="1" valid="Y" lastUpdatedStamp="2012-08-19 14:38:01.0" lastUpdatedTxStamp="2012-08-19 14:38:00.0" createdStamp="2012-08-19 14:38:01.0" createdTxStamp="2012-08-19 14:38:00.0"/>
    <MaterialBom id="f8d22cd9-1655-4588-9a45-f8cb4b820aac" number="MTB100041" materialId="a3d65e8e-92d1-4e3f-bb99-9bbaa140f0bc" note="&#27491;&#24120;" status="1" valid="Y" lastUpdatedStamp="2012-08-19 14:38:01.0" lastUpdatedTxStamp="2012-08-19 14:38:00.0" createdStamp="2012-08-19 14:38:01.0" createdTxStamp="2012-08-19 14:38:00.0"/>
    <MaterialBom id="f9d26928-dbbf-4465-a375-f1fe45ec78fc" number="MTB100025" materialId="d4b7a6e7-4360-4d3b-8374-f7916d76ef15" note="&#27491;&#24120;" status="1" valid="Y" lastUpdatedStamp="2012-08-19 14:38:01.0" lastUpdatedTxStamp="2012-08-19 14:38:00.0" createdStamp="2012-08-19 14:38:01.0" createdTxStamp="2012-08-19 14:38:00.0"/>
    <MaterialBom id="f9ef5226-8d30-4c3d-9d44-0f11254f31bd" number="MTB100104" materialId="5309f33b-d3b6-40b8-a128-5ecf46c4d892" note="&#27491;&#24120;" status="1" valid="Y" lastUpdatedStamp="2012-08-19 14:38:01.0" lastUpdatedTxStamp="2012-08-19 14:38:00.0" createdStamp="2012-08-19 14:38:01.0" createdTxStamp="2012-08-19 14:38:00.0"/>
    <MaterialBom id="fa23ecbe-2f12-4d42-9bad-159d8a9053c4" number="MTB100039" materialId="2f9cfcf1-ea0f-4925-9b28-9ea96a49f879" note="&#27491;&#24120;" status="1" valid="Y" lastUpdatedStamp="2012-08-19 14:38:01.0" lastUpdatedTxStamp="2012-08-19 14:38:00.0" createdStamp="2012-08-19 14:38:01.0" createdTxStamp="2012-08-19 14:38:00.0"/>
    <MaterialBom id="fb3069a8-418b-474c-9936-bc43f12cabaa" number="MTB100008" materialId="7f6624ac-5927-4793-a007-3ee537f2a055" note="&#27491;&#24120;" status="1" valid="Y" lastUpdatedStamp="2012-08-19 14:38:00.0" lastUpdatedTxStamp="2012-08-19 14:38:00.0" createdStamp="2012-08-19 14:38:00.0" createdTxStamp="2012-08-19 14:38:00.0"/>
    <MaterialBom id="fb592fed-bbad-430b-bb60-51f611df43b7" number="MTB100018" materialId="21e58671-d3a1-49c8-bcb8-95c622d0991c" note="&#27491;&#24120;" status="1" valid="Y" lastUpdatedStamp="2012-08-19 14:38:01.0" lastUpdatedTxStamp="2012-08-19 14:38:00.0" createdStamp="2012-08-19 14:38:01.0" createdTxStamp="2012-08-19 14:38:00.0"/>
    <MaterialBom id="fc4dcdf9-7660-4c9e-8ef0-02dd17c60c64" number="MTB100121" materialId="e67a2989-5514-4ae7-aa7c-9e8ec900ed7e" note="&#27491;&#24120;" status="1" valid="Y" lastUpdatedStamp="2012-08-19 14:38:01.0" lastUpdatedTxStamp="2012-08-19 14:38:00.0" createdStamp="2012-08-19 14:38:01.0" createdTxStamp="2012-08-19 14:38:00.0"/>
</entity-engine-xml>
