<?xml version="1.0" encoding="UTF-8"?>
<!-- Licensed to the Apache Software Foundation (ASF) under one or more contributor license agreements. See the NOTICE file distributed with this work for additional information regarding copyright ownership. The ASF licenses this file to you under the Apache License, Version 2.0 (the "License"); you 
	may not use this file except in compliance with the License. You may obtain a copy of the License at http://www.apache.org/licenses/LICENSE-2.0 Unless required by applicable law or agreed to in writing, software distributed under the License is distributed on an "AS IS" BASIS, WITHOUT WARRANTIES OR CONDITIONS 
	OF ANY KIND, either express or implied. See the License for the specific language governing permissions and limitations under the License. -->
<entity-engine-xml>
<TMaterialType id='68f09725-81c7-4ffc-b0a9-7b4616b12fff' PARENT_ID='' number='MTT100004' name='成品' />
<TMaterialType id='84b03a16-4e84-4142-87bc-2bcebcff485b' PARENT_ID='' number='MTT100003' name='半成品' />
<TMaterialType id='a2aa616b-7e2e-4643-85e6-63b25415003e' PARENT_ID='' number='MTT100001' name='原材料' />
<TMaterialType id='adc8001c-47be-407b-8366-aec93cb27876' PARENT_ID='' number='MTT100005' name='安装包装' />
<TMaterialType id='c85acba2-8f4b-4e03-aa92-9ade076345fd' PARENT_ID='' number='MTT100002' name='黑胚件' />
<TMaterialType id='28c9238d-e6f3-4414-8cf3-32b4579e2173' PARENT_ID='a2aa616b-7e2e-4643-85e6-63b25415003e' number='MTT100007' name='铁' />
<TMaterialType id='36316d97-f038-445b-a74b-32cb0c8301fe' PARENT_ID='28c9238d-e6f3-4414-8cf3-32b4579e2173' number='MTT100008' name='扁铁' />
<TMaterialType id='90c647fa-cb0f-4d00-88e9-1c6b6ffd2655' PARENT_ID='28c9238d-e6f3-4414-8cf3-32b4579e2173' number='MTT100009' name='带钢' />
<TMaterialType id='fbbfae47-7831-463c-a14f-34fd0f49a4c3' PARENT_ID='28c9238d-e6f3-4414-8cf3-32b4579e2173' number='MTT100010' name='平直' />
<TMaterialType id='635e0fa5-ab14-461f-ba05-2ec4c58f9480' PARENT_ID='28c9238d-e6f3-4414-8cf3-32b4579e2173' number='MTT100011' name='圆管' />
<TMaterialType id='a06c9c75-e04a-41ba-95e7-88c0f836891a' PARENT_ID='28c9238d-e6f3-4414-8cf3-32b4579e2173' number='MTT100012' name='拉丝' />
<TMaterialType id='7bd8377b-f747-48ef-8e4e-6b02af2fc1ef' PARENT_ID='28c9238d-e6f3-4414-8cf3-32b4579e2173' number='MTT100013' name='方线' />
<TMaterialType id='c46976a4-503d-4dfc-ba63-f51ab9ee1f6f' PARENT_ID='28c9238d-e6f3-4414-8cf3-32b4579e2173' number='MTT100014' name='角铁' />
<TMaterialType id='48b4fd0b-3630-4d86-8c3e-285888b2e103' PARENT_ID='28c9238d-e6f3-4414-8cf3-32b4579e2173' number='MTT100015' name='螺母' />
<TMaterialType id='4bbf9898-fccd-43eb-a1bd-dc5c09b9323d' PARENT_ID='84b03a16-4e84-4142-87bc-2bcebcff485b' number='MTT100016' name='T腿' />
<TMaterialType id='f5f45f8d-ba1d-4bb6-95e5-205ee8e25fc0' PARENT_ID='84b03a16-4e84-4142-87bc-2bcebcff485b' number='MTT100017' name='140床' />
<TMaterialType id='c1a5471f-58ff-4e2c-9ed3-f5cb43232533' PARENT_ID='84b03a16-4e84-4142-87bc-2bcebcff485b' number='MTT100018' name='方盒床' />
<TMaterialType id='51acf570-6755-44d3-8be0-e6706582386e' PARENT_ID='84b03a16-4e84-4142-87bc-2bcebcff485b' number='MTT100019' name='电镀台脚' />
<TMaterialType id='b53496b8-0583-4da8-861a-64251b19c780' PARENT_ID='84b03a16-4e84-4142-87bc-2bcebcff485b' number='MTT100020' name='帽子架' />
<TMaterialType id='69919596-f39a-4ae2-ac57-7b0f8ccca2a1' PARENT_ID='84b03a16-4e84-4142-87bc-2bcebcff485b' number='MTT100021' name='鞋架' />
<TMaterialType id='4cf725ab-9635-4fee-a519-bdc8edd838bf' PARENT_ID='84b03a16-4e84-4142-87bc-2bcebcff485b' number='MTT100022' name='衣帽架' />
<TMaterialType id='f00492f7-8352-4caa-b19d-eaa479f7380e' PARENT_ID='84b03a16-4e84-4142-87bc-2bcebcff485b' number='MTT100023' name='大小台架' />
<TMaterialType id='fe3dd7a7-152b-4aef-b1c4-11c8fc57e502' PARENT_ID='84b03a16-4e84-4142-87bc-2bcebcff485b' number='MTT100024' name='铁丝台脚' />
<TMaterialType id='3a5ca66c-9659-4a4b-8444-cdd905fe407b' PARENT_ID='84b03a16-4e84-4142-87bc-2bcebcff485b' number='MTT100025' name='玻璃茶几' />
<TMaterialType id='bdaaba05-5064-45b3-807f-efc919ce3df6' PARENT_ID='84b03a16-4e84-4142-87bc-2bcebcff485b' number='MTT100026' name='落地晾衣架' />
<TMaterialType id='383a0112-ba08-460a-ae83-f425a1850bed' PARENT_ID='84b03a16-4e84-4142-87bc-2bcebcff485b' number='MTT100027' name='挂墙晾衣架' />
<TMaterialType id='b85eeee1-7734-4d97-b2e8-6ca4d0bd0fee' PARENT_ID='84b03a16-4e84-4142-87bc-2bcebcff485b' number='MTT100028' name='小园台' />
<TMaterialType id='a1f8ac41-0d9c-4c6f-8e79-dc82327e3ceb' PARENT_ID='84b03a16-4e84-4142-87bc-2bcebcff485b' number='MTT100029' name='织物床' />
<TMaterialType id='b473b332-4940-4122-8137-000ab36f9e55' PARENT_ID='84b03a16-4e84-4142-87bc-2bcebcff485b' number='MTT100030' name='新床侧' />
<TMaterialType id='479baa00-220a-46d9-a8b8-2a1beab0b363' PARENT_ID='84b03a16-4e84-4142-87bc-2bcebcff485b' number='MTT100031' name='洗衣箩' />
<TMaterialType id='af6b1b3a-8d7d-4c41-b2a7-db008b5b0a2e' PARENT_ID='84b03a16-4e84-4142-87bc-2bcebcff485b' number='MTT100032' name='槽铁' />
</entity-engine-xml>