<?xml version="1.0" encoding="UTF-8"?>
<entity-engine-xml>
    <TSystemUser id="18f85a5d-1c39-44f4-9f2f-e7d64056ff7b" userId="admin" userName="&#31995;&#32479;&#31649;&#29702;&#21592;" password="{SHA}40bd001563085fc35165329ea1ff5c5ecbdbbeef" sex="0" departmentId="2c2f37d4-33ac-4026-9ec0-3f8571e8a4a4" position="&#31649;&#29702;&#21592;" phoneNumber="13800000000" email="admin@fq.com" valid="Y" lastUpdatedStamp="2012-08-19 14:38:00.0" lastUpdatedTxStamp="2012-08-19 14:38:00.0" createdStamp="2012-08-19 14:38:00.0" createdTxStamp="2012-08-19 14:38:00.0"/>
    <TSystemUser id="2d09bd66-7600-4bcf-aa80-0d331b9d1c1e" userId="luweirong" userName="&#21346;&#20255;&#33635;" password="{SHA}7c4a8d09ca3762af61e59520943dc26494f8941b" sex="0" departmentId="2c2f37d4-33ac-4026-9ec0-3f8571e8a4a4" position="" phoneNumber="" email="" valid="Y" lastUpdatedStamp="2012-08-20 14:23:58.0" lastUpdatedTxStamp="2012-08-20 14:23:58.0" createdStamp="2012-08-20 14:23:58.0" createdTxStamp="2012-08-20 14:23:58.0"/>
    <TSystemUser id="317ee254-324e-4725-b026-58fa533da9d1" userId="cgy" userName="&#37319;&#36141;&#21592;" password="{SHA}40bd001563085fc35165329ea1ff5c5ecbdbbeef" sex="0" departmentId="7fdc10ae-c7fd-4360-96c2-fedaf739f14c" position="&#37319;&#36141;&#21592;" phoneNumber="13800000000" email="admin@cgy.com" valid="Y" lastUpdatedStamp="2012-08-19 14:38:00.0" lastUpdatedTxStamp="2012-08-19 14:38:00.0" createdStamp="2012-08-19 14:38:00.0" createdTxStamp="2012-08-19 14:38:00.0"/>
    <TSystemUser id="886b8b0e-5aa2-469a-80ab-a04e8778f8df" userId="luyanyi" userName="&#21346;&#29141;&#20202;" password="{SHA}7c4a8d09ca3762af61e59520943dc26494f8941b" sex="1" departmentId="0c92191f-3ccc-4c46-a466-bfe35663b391" position="" phoneNumber="" email="" valid="Y" lastUpdatedStamp="2012-08-20 13:35:57.0" lastUpdatedTxStamp="2012-08-20 13:35:56.0" createdStamp="2012-08-20 13:35:57.0" createdTxStamp="2012-08-20 13:35:56.0"/>
    <TSystemUser id="978d8a31-6080-4984-8910-f15454c2551d" userId="scgly" userName="&#29983;&#20135;&#31649;&#29702;&#21592;" password="{SHA}40bd001563085fc35165329ea1ff5c5ecbdbbeef" sex="0" departmentId="8a2ac1ae-6296-4c63-8a4b-e5f192f70ff9" position="&#29983;&#20135;&#31649;&#29702;&#21592;" phoneNumber="13800000000" email="admin@scgly.com" valid="Y" lastUpdatedStamp="2012-08-19 14:38:00.0" lastUpdatedTxStamp="2012-08-19 14:38:00.0" createdStamp="2012-08-19 14:38:00.0" createdTxStamp="2012-08-19 14:38:00.0"/>
    <TSystemUser id="9aaa1f53-b782-465a-8b0c-ef7488d2f7c2" userId="luxianru" userName="&#21346;&#32673;&#22914;" password="{SHA}827d30df5c17c17c63d54dcfb60ad16fb2aaac67" sex="1" departmentId="7fdc10ae-c7fd-4360-96c2-fedaf739f14c" position="" phoneNumber="" email="" valid="Y" lastUpdatedStamp="2012-08-21 14:41:13.0" lastUpdatedTxStamp="2012-08-21 14:41:13.0" createdStamp="2012-08-20 13:37:35.0" createdTxStamp="2012-08-20 13:37:35.0"/>
    <TSystemUser id="efe8549e-5d83-48c8-85e3-9ab00b824953" userId="cgjl" userName="&#37319;&#36141;&#32463;&#29702;" password="{SHA}40bd001563085fc35165329ea1ff5c5ecbdbbeef" sex="0" departmentId="7fdc10ae-c7fd-4360-96c2-fedaf739f14c" position="&#37319;&#36141;&#32463;&#29702;" phoneNumber="13800000000" email="admin@cgjl.com" valid="Y" lastUpdatedStamp="2012-08-19 14:38:00.0" lastUpdatedTxStamp="2012-08-19 14:38:00.0" createdStamp="2012-08-19 14:38:00.0" createdTxStamp="2012-08-19 14:38:00.0"/>
    <TSystemUser id="f4d8290f-b8ad-4ce9-b3fc-4ff30608bc21" userId="sjlry" userName="&#25968;&#25454;&#24405;&#20837;&#21592;" password="{SHA}40bd001563085fc35165329ea1ff5c5ecbdbbeef" sex="0" departmentId="0c92191f-3ccc-4c46-a466-bfe35663b391" position="&#31995;&#32479;&#32479;&#35745;&#21592;" phoneNumber="13800000000" email="sjlry@fq.com" valid="Y" lastUpdatedStamp="2012-08-19 14:38:00.0" lastUpdatedTxStamp="2012-08-19 14:38:00.0" createdStamp="2012-08-19 14:38:00.0" createdTxStamp="2012-08-19 14:38:00.0"/>
</entity-engine-xml>
