<?xml version="1.0" encoding="UTF-8"?>
<!--
Licensed to the Apache Software Foundation (ASF) under one
or more contributor license agreements.  See the NOTICE file
distributed with this work for additional information
regarding copyright ownership.  The ASF licenses this file
to you under the Apache License, Version 2.0 (the
"License"); you may not use this file except in compliance
with the License.  You may obtain a copy of the License at

http://www.apache.org/licenses/LICENSE-2.0

Unless required by applicable law or agreed to in writing,
software distributed under the License is distributed on an
"AS IS" BASIS, WITHOUT WARRANTIES OR CONDITIONS OF ANY
KIND, either express or implied.  See the License for the
specific language governing permissions and limitations
under the License.
-->

<entitymodel xmlns:xsi="http://www.w3.org/2001/XMLSchema-instance"
    xsi:noNamespaceSchemaLocation="http://ofbiz.apache.org/dtds/entitymodel.xsd">
  <!-- ========================================================= -->
  <!-- ======================== Defaults ======================= -->
  <!-- ========================================================= -->
    <title>Entity of an Open For Business Project Component</title>
    <description>None</description>
    <copyright>Copyright 2001-2009 The Apache Software Foundation</copyright>
    <author>None</author>
    <version>1.0</version>

    <!-- 表头 -->
    <entity entity-name="Supplier"
            package-name="org.ofbiz.scm.Supplier"
            title="Supplier Entity">
      <field name="id" type="id-long"></field>
      <field name="number" type="name"></field>
      <field name="name" type="value"></field>
	  <field name="phoneNum" type="value"></field>
	  <field name="faxNum" type="value"></field>
	  <field name="address" type="value"></field>
	  <field name="linkman" type="value"></field>
      <field name="createdStamp" type="date-time"></field>
      <field name="lastUpdatedStamp" type="date-time"></field>
      <prim-key field="id"/>
    </entity>
    
   
   <!-- 表头视图 -->
    <view-entity entity-name="SupplierView"
            package-name="org.ofbiz.scm.Supplier"
            title="SupplierView  Entity">
      		<member-entity entity-alias="SupplierV" entity-name="Supplier"></member-entity>
      		      			  		      			  		 <!-- \n -->
            <alias-all entity-alias="SupplierV" ></alias-all>
                  			  		      			  			  		
	  		      			  		      			  		 <!-- \n -->
    </view-entity>
</entitymodel>
    