<?xml version="1.0" encoding="UTF-8"?>
<entity-engine-xml>
    <ConsignReturnProductEntry id="03f819e1-65ee-4929-8526-f1e48f48e355" parentId="5e111dde-5885-4cd6-a641-680c8452e3d5" warehouseWarehouseId="ec28df2b-7e42-4f2a-bbf4-b0f4ee5f9731" bomId="2df75619-2b3f-4d44-b52a-ac4ea31beb03" materialMaterialModel="" currentCheckVolume="0.000000" checkedVolume="0.000000" volume="1004.000000" unitUnitId="36927a08-ba89-438b-bb0d-3013c64a0341" price="5.590000" entrysum="5612.360000" inputprice="2.350000" inputentrysum="2359.400000" lastUpdatedStamp="2012-07-24 18:21:11.0" lastUpdatedTxStamp="2012-07-24 18:21:11.0" createdStamp="2012-07-24 18:21:11.0" createdTxStamp="2012-07-24 18:21:11.0"/>
    <ConsignReturnProductEntry id="08d88d84-2790-4b99-b1e8-97443415217a" parentId="6543b9fc-6c4e-4083-833a-5a140c0276a6" warehouseWarehouseId="ec28df2b-7e42-4f2a-bbf4-b0f4ee5f9731" bomId="619cd4d4-3420-4f0e-bf1c-0969679f173f" materialMaterialModel="" currentCheckVolume="0.000000" checkedVolume="0.000000" volume="375.000000" unitUnitId="36927a08-ba89-438b-bb0d-3013c64a0341" price="0.000000" entrysum="0.000000" inputprice="0.165500" inputentrysum="62.062500" sort="1" lastUpdatedStamp="2012-08-24 16:40:32.0" lastUpdatedTxStamp="2012-08-24 16:40:32.0" createdStamp="2012-08-24 16:40:32.0" createdTxStamp="2012-08-24 16:40:32.0"/>
    <ConsignReturnProductEntry id="0d797ad3-74d6-4742-bdc0-bf68e8cb4d2f" parentId="2b6cc81e-c6e4-44e6-b69f-a48582cfa0f4" warehouseWarehouseId="ec28df2b-7e42-4f2a-bbf4-b0f4ee5f9731" bomId="a54a67d3-2d15-4f08-a03a-b1534604d32f" materialMaterialModel="" currentCheckVolume="0.000000" checkedVolume="0.000000" volume="1.000000" unitUnitId="36927a08-ba89-438b-bb0d-3013c64a0341" price="6.660000" entrysum="6.660000" inputprice="3.060000" inputentrysum="3.060000" lastUpdatedStamp="2012-07-24 18:26:28.0" lastUpdatedTxStamp="2012-07-24 18:26:28.0" createdStamp="2012-07-24 18:26:28.0" createdTxStamp="2012-07-24 18:26:28.0"/>
    <ConsignReturnProductEntry id="1187e708-bb8b-44da-bdd4-f486ec875d48" parentId="da52314b-8574-4d9e-98a7-a6cab92023f0" warehouseWarehouseId="ec28df2b-7e42-4f2a-bbf4-b0f4ee5f9731" bomId="2df75619-2b3f-4d44-b52a-ac4ea31beb03" materialMaterialModel="" currentCheckVolume="0.000000" checkedVolume="0.000000" volume="1443.000000" unitUnitId="36927a08-ba89-438b-bb0d-3013c64a0341" price="0.000000" entrysum="0.000000" inputprice="2.600000" inputentrysum="3751.800000" sort="2" lastUpdatedStamp="2012-08-18 17:28:07.0" lastUpdatedTxStamp="2012-08-18 17:28:07.0" createdStamp="2012-08-18 17:28:07.0" createdTxStamp="2012-08-18 17:28:07.0"/>
    <ConsignReturnProductEntry id="17671077-dedd-4d58-951c-59926dc65f32" parentId="b8f91e0a-2afc-41fa-96ff-206d26c09750" warehouseWarehouseId="ec28df2b-7e42-4f2a-bbf4-b0f4ee5f9731" bomId="2df75619-2b3f-4d44-b52a-ac4ea31beb03" materialMaterialModel="" currentCheckVolume="0.000000" checkedVolume="0.000000" volume="825.000000" unitUnitId="36927a08-ba89-438b-bb0d-3013c64a0341" price="5.590000" entrysum="4611.750000" inputprice="2.350000" inputentrysum="1938.750000" lastUpdatedStamp="2012-07-30 19:53:21.0" lastUpdatedTxStamp="2012-07-30 19:53:21.0" createdStamp="2012-07-30 19:53:21.0" createdTxStamp="2012-07-30 19:53:21.0"/>
    <ConsignReturnProductEntry id="193156f5-1010-47a7-abd2-24fd323e4db9" parentId="6543b9fc-6c4e-4083-833a-5a140c0276a6" warehouseWarehouseId="ec28df2b-7e42-4f2a-bbf4-b0f4ee5f9731" bomId="42261479-b0df-4598-98a5-3ce714182e52" materialMaterialModel="" currentCheckVolume="0.000000" checkedVolume="0.000000" volume="313.000000" unitUnitId="36927a08-ba89-438b-bb0d-3013c64a0341" price="0.000000" entrysum="0.000000" inputprice="0.184000" inputentrysum="57.592000" sort="3" lastUpdatedStamp="2012-08-24 16:40:32.0" lastUpdatedTxStamp="2012-08-24 16:40:32.0" createdStamp="2012-08-24 16:40:32.0" createdTxStamp="2012-08-24 16:40:32.0"/>
    <ConsignReturnProductEntry id="269f5366-fba4-42b3-ac9d-7b890d86b6dc" parentId="c005730a-2cee-4613-a2cb-72b25fde99cd" warehouseWarehouseId="ec28df2b-7e42-4f2a-bbf4-b0f4ee5f9731" bomId="017b2619-01a0-4288-b0c7-262d37514c10" materialMaterialModel="" currentCheckVolume="0.000000" checkedVolume="0.000000" volume="26.000000" unitUnitId="36927a08-ba89-438b-bb0d-3013c64a0341" price="0.000000" entrysum="0.000000" inputprice="13.800000" inputentrysum="358.800000" sort="3" lastUpdatedStamp="2012-08-24 16:36:52.0" lastUpdatedTxStamp="2012-08-24 16:36:52.0" createdStamp="2012-08-24 16:36:52.0" createdTxStamp="2012-08-24 16:36:52.0"/>
    <ConsignReturnProductEntry id="2b2d6ead-ef23-429d-b419-52daf0584352" parentId="6543b9fc-6c4e-4083-833a-5a140c0276a6" warehouseWarehouseId="ec28df2b-7e42-4f2a-bbf4-b0f4ee5f9731" bomId="7803e80e-8519-4d91-8668-81c13e382468" materialMaterialModel="01-029" currentCheckVolume="0.000000" checkedVolume="0.000000" volume="2508.000000" unitUnitId="36927a08-ba89-438b-bb0d-3013c64a0341" price="0.000000" entrysum="0.000000" inputprice="0.019700" inputentrysum="49.407600" sort="4" lastUpdatedStamp="2012-08-24 16:40:32.0" lastUpdatedTxStamp="2012-08-24 16:40:32.0" createdStamp="2012-08-24 16:40:32.0" createdTxStamp="2012-08-24 16:40:32.0"/>
    <ConsignReturnProductEntry id="2c6afed8-a8e2-44ca-a1a3-425da738976d" parentId="a2971747-a412-4bc3-9f3d-5a80c03eaed4" warehouseWarehouseId="ec28df2b-7e42-4f2a-bbf4-b0f4ee5f9731" bomId="b012cf70-befc-4524-8385-29b0891e39f6" materialMaterialModel="" currentCheckVolume="0.000000" checkedVolume="0.000000" volume="1158.000000" unitUnitId="36927a08-ba89-438b-bb0d-3013c64a0341" price="0.000000" entrysum="0.000000" inputprice="1.030000" inputentrysum="1192.740000" sort="1" lastUpdatedStamp="2012-08-16 11:04:31.0" lastUpdatedTxStamp="2012-08-16 11:04:31.0" createdStamp="2012-08-16 11:04:31.0" createdTxStamp="2012-08-16 11:04:31.0"/>
    <ConsignReturnProductEntry id="3a6c6432-ebf2-4fbf-9c91-9f6926a4fc79" parentId="21013a63-6250-496b-9f83-0dd554e8c662" warehouseWarehouseId="ec28df2b-7e42-4f2a-bbf4-b0f4ee5f9731" bomId="5667eefb-9f07-4afe-a730-6e6e839fd484" materialMaterialModel="" currentCheckVolume="0.000000" checkedVolume="0.000000" volume="20.000000" unitUnitId="36927a08-ba89-438b-bb0d-3013c64a0341" price="0.000000" entrysum="0.000000" inputprice="0.400000" inputentrysum="8.000000" sort="4" lastUpdatedStamp="2012-08-16 11:07:41.0" lastUpdatedTxStamp="2012-08-16 11:07:41.0" createdStamp="2012-08-16 11:07:41.0" createdTxStamp="2012-08-16 11:07:41.0"/>
    <ConsignReturnProductEntry id="3cc2d53b-32e4-4a5d-8937-9c2131aff681" parentId="2b6cc81e-c6e4-44e6-b69f-a48582cfa0f4" warehouseWarehouseId="ec28df2b-7e42-4f2a-bbf4-b0f4ee5f9731" bomId="d8471ee8-35fc-4d25-9be6-40f07d12c2f0" materialMaterialModel="" currentCheckVolume="0.000000" checkedVolume="0.000000" volume="1538.000000" unitUnitId="36927a08-ba89-438b-bb0d-3013c64a0341" price="3.088000" entrysum="4749.344000" inputprice="0.880000" inputentrysum="1353.440000" lastUpdatedStamp="2012-07-24 18:26:28.0" lastUpdatedTxStamp="2012-07-24 18:26:28.0" createdStamp="2012-07-24 18:26:28.0" createdTxStamp="2012-07-24 18:26:28.0"/>
    <ConsignReturnProductEntry id="426e0b73-8c4c-4a5c-a737-330e5d1b85a2" parentId="a2971747-a412-4bc3-9f3d-5a80c03eaed4" warehouseWarehouseId="ec28df2b-7e42-4f2a-bbf4-b0f4ee5f9731" bomId="a54a67d3-2d15-4f08-a03a-b1534604d32f" materialMaterialModel="" currentCheckVolume="0.000000" checkedVolume="0.000000" volume="120.000000" unitUnitId="36927a08-ba89-438b-bb0d-3013c64a0341" price="0.000000" entrysum="0.000000" inputprice="3.060000" inputentrysum="367.200000" sort="5" lastUpdatedStamp="2012-08-16 11:04:31.0" lastUpdatedTxStamp="2012-08-16 11:04:31.0" createdStamp="2012-08-16 11:04:31.0" createdTxStamp="2012-08-16 11:04:31.0"/>
    <ConsignReturnProductEntry id="4a9e5347-0740-4cd9-a93b-1b0d7a71fbb2" parentId="5a03fe9e-60ae-4e05-9385-d6b6e17a878d" warehouseWarehouseId="ec28df2b-7e42-4f2a-bbf4-b0f4ee5f9731" bomId="c6558eda-dfdb-406d-bb6a-b0f99301a0a7" materialMaterialModel="" currentCheckVolume="0.000000" checkedVolume="0.000000" volume="199.000000" unitUnitId="36927a08-ba89-438b-bb0d-3013c64a0341" price="0.000000" entrysum="0.000000" inputprice="7.050000" inputentrysum="1402.950000" sort="1" lastUpdatedStamp="2012-08-16 11:32:31.0" lastUpdatedTxStamp="2012-08-16 11:32:31.0" createdStamp="2012-08-16 11:32:31.0" createdTxStamp="2012-08-16 11:32:31.0"/>
    <ConsignReturnProductEntry id="4f053bed-c77c-4557-89a6-951907af3f84" parentId="2b6cc81e-c6e4-44e6-b69f-a48582cfa0f4" warehouseWarehouseId="ec28df2b-7e42-4f2a-bbf4-b0f4ee5f9731" bomId="41897755-a24d-4bfc-aae8-4739b656dc2e" materialMaterialModel="" currentCheckVolume="0.000000" checkedVolume="0.000000" volume="1432.000000" unitUnitId="36927a08-ba89-438b-bb0d-3013c64a0341" price="3.128000" entrysum="4479.296000" inputprice="1.030000" inputentrysum="1474.960000" lastUpdatedStamp="2012-07-24 18:26:28.0" lastUpdatedTxStamp="2012-07-24 18:26:28.0" createdStamp="2012-07-24 18:26:28.0" createdTxStamp="2012-07-24 18:26:28.0"/>
    <ConsignReturnProductEntry id="69e8a0c7-1297-406a-b134-0ba28603a65f" parentId="e4de288a-b3cd-4db9-b3c2-8e150bc5185b" warehouseWarehouseId="ec28df2b-7e42-4f2a-bbf4-b0f4ee5f9731" bomId="2154d0f5-c8ce-4454-9289-e71db511f319" materialMaterialModel="" currentCheckVolume="0.000000" checkedVolume="0.000000" volume="40.000000" unitUnitId="36927a08-ba89-438b-bb0d-3013c64a0341" price="0.000000" entrysum="0.000000" inputprice="1.330000" inputentrysum="53.200000" sort="4" lastUpdatedStamp="2012-08-17 15:31:23.0" lastUpdatedTxStamp="2012-08-17 15:31:23.0" createdStamp="2012-08-17 15:31:23.0" createdTxStamp="2012-08-17 15:31:23.0"/>
    <ConsignReturnProductEntry id="6f8a9937-341a-4e04-aa20-8751a03625be" parentId="5e111dde-5885-4cd6-a641-680c8452e3d5" warehouseWarehouseId="ec28df2b-7e42-4f2a-bbf4-b0f4ee5f9731" bomId="c6558eda-dfdb-406d-bb6a-b0f99301a0a7" materialMaterialModel="" currentCheckVolume="0.000000" checkedVolume="0.000000" volume="371.000000" unitUnitId="36927a08-ba89-438b-bb0d-3013c64a0341" price="12.640000" entrysum="4689.440000" inputprice="6.900000" inputentrysum="2559.900000" lastUpdatedStamp="2012-07-24 18:21:11.0" lastUpdatedTxStamp="2012-07-24 18:21:11.0" createdStamp="2012-07-24 18:21:11.0" createdTxStamp="2012-07-24 18:21:11.0"/>
    <ConsignReturnProductEntry id="71280d20-acff-4e74-809d-12dec1754f53" parentId="c005730a-2cee-4613-a2cb-72b25fde99cd" warehouseWarehouseId="ec28df2b-7e42-4f2a-bbf4-b0f4ee5f9731" bomId="bbf99fec-9006-4a3d-8afb-fd197f01103a" materialMaterialModel="" currentCheckVolume="0.000000" checkedVolume="0.000000" volume="84.000000" unitUnitId="36927a08-ba89-438b-bb0d-3013c64a0341" price="0.000000" entrysum="0.000000" inputprice="19.100000" inputentrysum="1604.400000" sort="2" lastUpdatedStamp="2012-08-24 16:36:52.0" lastUpdatedTxStamp="2012-08-24 16:36:52.0" createdStamp="2012-08-24 16:36:52.0" createdTxStamp="2012-08-24 16:36:52.0"/>
    <ConsignReturnProductEntry id="7167138b-a781-47bf-9181-a093d99aee9c" parentId="7ad6c0d4-8ad3-4678-831a-a3379464a914" warehouseWarehouseId="ec28df2b-7e42-4f2a-bbf4-b0f4ee5f9731" bomId="2154d0f5-c8ce-4454-9289-e71db511f319" materialMaterialModel="" currentCheckVolume="0.000000" checkedVolume="0.000000" volume="365.000000" unitUnitId="36927a08-ba89-438b-bb0d-3013c64a0341" price="3.832800" entrysum="1398.972000" inputprice="1.300000" inputentrysum="474.500000" lastUpdatedStamp="2012-08-20 11:34:12.0" lastUpdatedTxStamp="2012-08-20 11:34:12.0" createdStamp="2012-07-24 18:24:32.0" createdTxStamp="2012-07-24 18:24:32.0"/>
    <ConsignReturnProductEntry id="7c03d46e-c5d5-4617-82da-517dd8566c50" parentId="21013a63-6250-496b-9f83-0dd554e8c662" warehouseWarehouseId="ec28df2b-7e42-4f2a-bbf4-b0f4ee5f9731" bomId="2154d0f5-c8ce-4454-9289-e71db511f319" materialMaterialModel="" currentCheckVolume="0.000000" checkedVolume="0.000000" volume="14.000000" unitUnitId="36927a08-ba89-438b-bb0d-3013c64a0341" price="0.000000" entrysum="0.000000" inputprice="1.300000" inputentrysum="18.200000" sort="3" lastUpdatedStamp="2012-08-16 11:07:41.0" lastUpdatedTxStamp="2012-08-16 11:07:41.0" createdStamp="2012-08-16 11:07:41.0" createdTxStamp="2012-08-16 11:07:41.0"/>
    <ConsignReturnProductEntry id="7db0de82-9da0-4c45-a4fa-7f05f91d004f" parentId="a2971747-a412-4bc3-9f3d-5a80c03eaed4" warehouseWarehouseId="ec28df2b-7e42-4f2a-bbf4-b0f4ee5f9731" bomId="41897755-a24d-4bfc-aae8-4739b656dc2e" materialMaterialModel="" currentCheckVolume="0.000000" checkedVolume="0.000000" volume="590.000000" unitUnitId="36927a08-ba89-438b-bb0d-3013c64a0341" price="0.000000" entrysum="0.000000" inputprice="1.030000" inputentrysum="607.700000" sort="6" lastUpdatedStamp="2012-08-16 11:04:31.0" lastUpdatedTxStamp="2012-08-16 11:04:31.0" createdStamp="2012-08-16 11:04:31.0" createdTxStamp="2012-08-16 11:04:31.0"/>
    <ConsignReturnProductEntry id="9565de1e-4e9d-49fe-9f05-fac282da988f" parentId="e4de288a-b3cd-4db9-b3c2-8e150bc5185b" warehouseWarehouseId="ec28df2b-7e42-4f2a-bbf4-b0f4ee5f9731" bomId="017b2619-01a0-4288-b0c7-262d37514c10" materialMaterialModel="" currentCheckVolume="0.000000" checkedVolume="0.000000" volume="66.000000" unitUnitId="36927a08-ba89-438b-bb0d-3013c64a0341" price="0.000000" entrysum="0.000000" inputprice="12.900000" inputentrysum="851.400000" sort="2" lastUpdatedStamp="2012-08-17 15:31:23.0" lastUpdatedTxStamp="2012-08-17 15:31:23.0" createdStamp="2012-08-17 15:31:23.0" createdTxStamp="2012-08-17 15:31:23.0"/>
    <ConsignReturnProductEntry id="9e737cdf-4a81-418c-afe1-cc36ce4cbc18" parentId="c005730a-2cee-4613-a2cb-72b25fde99cd" warehouseWarehouseId="ec28df2b-7e42-4f2a-bbf4-b0f4ee5f9731" bomId="2df75619-2b3f-4d44-b52a-ac4ea31beb03" materialMaterialModel="" currentCheckVolume="0.000000" checkedVolume="0.000000" volume="380.000000" unitUnitId="36927a08-ba89-438b-bb0d-3013c64a0341" price="0.000000" entrysum="0.000000" inputprice="2.600000" inputentrysum="988.000000" sort="1" lastUpdatedStamp="2012-08-24 16:36:52.0" lastUpdatedTxStamp="2012-08-24 16:36:52.0" createdStamp="2012-08-24 16:36:52.0" createdTxStamp="2012-08-24 16:36:52.0"/>
    <ConsignReturnProductEntry id="a14b2c85-2936-4797-889b-1fbd2af5ec14" parentId="32a4f33b-b725-427f-b8f1-e60347c8e7fa" warehouseWarehouseId="ec28df2b-7e42-4f2a-bbf4-b0f4ee5f9731" bomId="1ee630c4-07cd-47f8-a119-6b1ed2ede40c" materialMaterialModel="" currentCheckVolume="0.000000" checkedVolume="0.000000" volume="3916.000000" unitUnitId="36927a08-ba89-438b-bb0d-3013c64a0341" price="0.000000" entrysum="0.000000" inputprice="0.188000" inputentrysum="736.208000" sort="2" lastUpdatedStamp="2012-08-18 17:38:16.0" lastUpdatedTxStamp="2012-08-18 17:38:16.0" createdStamp="2012-08-18 17:38:16.0" createdTxStamp="2012-08-18 17:38:16.0"/>
    <ConsignReturnProductEntry id="a1cc5e98-5f7d-4479-8429-6033f1603ca6" parentId="a2971747-a412-4bc3-9f3d-5a80c03eaed4" warehouseWarehouseId="ec28df2b-7e42-4f2a-bbf4-b0f4ee5f9731" bomId="d8471ee8-35fc-4d25-9be6-40f07d12c2f0" materialMaterialModel="" currentCheckVolume="0.000000" checkedVolume="0.000000" volume="887.000000" unitUnitId="36927a08-ba89-438b-bb0d-3013c64a0341" price="0.000000" entrysum="0.000000" inputprice="0.880000" inputentrysum="780.560000" sort="2" lastUpdatedStamp="2012-08-16 11:04:31.0" lastUpdatedTxStamp="2012-08-16 11:04:31.0" createdStamp="2012-08-16 11:04:31.0" createdTxStamp="2012-08-16 11:04:31.0"/>
    <ConsignReturnProductEntry id="a4a79060-0e54-4bb4-abdf-4deb5bc2f518" parentId="a2971747-a412-4bc3-9f3d-5a80c03eaed4" warehouseWarehouseId="ec28df2b-7e42-4f2a-bbf4-b0f4ee5f9731" bomId="ff3659b2-d156-4255-b643-f25802c621d9" materialMaterialModel="" currentCheckVolume="0.000000" checkedVolume="0.000000" volume="48.000000" unitUnitId="36927a08-ba89-438b-bb0d-3013c64a0341" price="0.000000" entrysum="0.000000" inputprice="3.060000" inputentrysum="146.880000" sort="4" lastUpdatedStamp="2012-08-16 11:04:31.0" lastUpdatedTxStamp="2012-08-16 11:04:31.0" createdStamp="2012-08-16 11:04:31.0" createdTxStamp="2012-08-16 11:04:31.0"/>
    <ConsignReturnProductEntry id="b3e143f6-b4a7-487d-8906-9a5f76f44f48" parentId="32a4f33b-b725-427f-b8f1-e60347c8e7fa" warehouseWarehouseId="ec28df2b-7e42-4f2a-bbf4-b0f4ee5f9731" bomId="42261479-b0df-4598-98a5-3ce714182e52" materialMaterialModel="" currentCheckVolume="0.000000" checkedVolume="0.000000" volume="2450.000000" unitUnitId="36927a08-ba89-438b-bb0d-3013c64a0341" price="0.000000" entrysum="0.000000" inputprice="0.184000" inputentrysum="450.800000" sort="3" lastUpdatedStamp="2012-08-18 17:38:16.0" lastUpdatedTxStamp="2012-08-18 17:38:16.0" createdStamp="2012-08-18 17:38:16.0" createdTxStamp="2012-08-18 17:38:16.0"/>
    <ConsignReturnProductEntry id="bba223d2-e8e3-49de-a276-be4eae0155e1" parentId="32a4f33b-b725-427f-b8f1-e60347c8e7fa" warehouseWarehouseId="ec28df2b-7e42-4f2a-bbf4-b0f4ee5f9731" bomId="619cd4d4-3420-4f0e-bf1c-0969679f173f" materialMaterialModel="" currentCheckVolume="0.000000" checkedVolume="0.000000" volume="4186.000000" unitUnitId="36927a08-ba89-438b-bb0d-3013c64a0341" price="0.000000" entrysum="0.000000" inputprice="0.164000" inputentrysum="686.504000" sort="1" lastUpdatedStamp="2012-08-18 17:38:16.0" lastUpdatedTxStamp="2012-08-18 17:38:16.0" createdStamp="2012-08-18 17:38:16.0" createdTxStamp="2012-08-18 17:38:16.0"/>
    <ConsignReturnProductEntry id="bd4266fa-75f7-40a7-8323-4c17f58110f7" parentId="da52314b-8574-4d9e-98a7-a6cab92023f0" warehouseWarehouseId="ec28df2b-7e42-4f2a-bbf4-b0f4ee5f9731" bomId="c6558eda-dfdb-406d-bb6a-b0f99301a0a7" materialMaterialModel="" currentCheckVolume="0.000000" checkedVolume="0.000000" volume="98.000000" unitUnitId="36927a08-ba89-438b-bb0d-3013c64a0341" price="0.000000" entrysum="0.000000" inputprice="7.050000" inputentrysum="690.900000" sort="1" lastUpdatedStamp="2012-08-18 17:28:07.0" lastUpdatedTxStamp="2012-08-18 17:28:07.0" createdStamp="2012-08-18 17:28:07.0" createdTxStamp="2012-08-18 17:28:07.0"/>
    <ConsignReturnProductEntry id="bde9e8c2-e594-49f8-9678-dd519afeeaa3" parentId="21013a63-6250-496b-9f83-0dd554e8c662" warehouseWarehouseId="ec28df2b-7e42-4f2a-bbf4-b0f4ee5f9731" bomId="bbf99fec-9006-4a3d-8afb-fd197f01103a" materialMaterialModel="" currentCheckVolume="0.000000" checkedVolume="0.000000" volume="83.000000" unitUnitId="36927a08-ba89-438b-bb0d-3013c64a0341" price="0.000000" entrysum="0.000000" inputprice="19.100000" inputentrysum="1585.300000" sort="1" lastUpdatedStamp="2012-08-16 11:07:41.0" lastUpdatedTxStamp="2012-08-16 11:07:41.0" createdStamp="2012-08-16 11:07:41.0" createdTxStamp="2012-08-16 11:07:41.0"/>
    <ConsignReturnProductEntry id="c25a6529-765d-41e4-bddc-1e583b4c8f72" parentId="09263c55-fc33-4d39-b03d-5bcae52da672" warehouseWarehouseId="ec28df2b-7e42-4f2a-bbf4-b0f4ee5f9731" bomId="b012cf70-befc-4524-8385-29b0891e39f6" materialMaterialModel="" currentCheckVolume="0.000000" checkedVolume="0.000000" volume="4590.000000" unitUnitId="36927a08-ba89-438b-bb0d-3013c64a0341" price="0.000000" entrysum="0.000000" inputprice="1.030000" inputentrysum="4727.700000" sort="2" lastUpdatedStamp="2012-08-16 11:01:36.0" lastUpdatedTxStamp="2012-08-16 11:01:36.0" createdStamp="2012-08-16 11:01:36.0" createdTxStamp="2012-08-16 11:01:36.0"/>
    <ConsignReturnProductEntry id="c25c8fbd-c782-48b7-9ec2-65fe751096ac" parentId="e4de288a-b3cd-4db9-b3c2-8e150bc5185b" warehouseWarehouseId="ec28df2b-7e42-4f2a-bbf4-b0f4ee5f9731" bomId="c6558eda-dfdb-406d-bb6a-b0f99301a0a7" materialMaterialModel="" currentCheckVolume="0.000000" checkedVolume="0.000000" volume="164.000000" unitUnitId="36927a08-ba89-438b-bb0d-3013c64a0341" price="0.000000" entrysum="0.000000" inputprice="6.900000" inputentrysum="1131.600000" sort="3" lastUpdatedStamp="2012-08-17 15:31:23.0" lastUpdatedTxStamp="2012-08-17 15:31:23.0" createdStamp="2012-08-17 15:31:23.0" createdTxStamp="2012-08-17 15:31:23.0"/>
    <ConsignReturnProductEntry id="c332131d-7249-4fb7-a3cc-e833cc75f27e" parentId="b8f91e0a-2afc-41fa-96ff-206d26c09750" warehouseWarehouseId="ec28df2b-7e42-4f2a-bbf4-b0f4ee5f9731" bomId="c6558eda-dfdb-406d-bb6a-b0f99301a0a7" materialMaterialModel="" currentCheckVolume="0.000000" checkedVolume="0.000000" volume="297.000000" unitUnitId="36927a08-ba89-438b-bb0d-3013c64a0341" price="12.640000" entrysum="3754.080000" inputprice="6.900000" inputentrysum="2049.300000" lastUpdatedStamp="2012-07-30 19:53:22.0" lastUpdatedTxStamp="2012-07-30 19:53:21.0" createdStamp="2012-07-30 19:53:21.0" createdTxStamp="2012-07-30 19:53:21.0"/>
    <ConsignReturnProductEntry id="c45f9977-2c35-4efc-b1dd-422fa85d9b7b" parentId="21013a63-6250-496b-9f83-0dd554e8c662" warehouseWarehouseId="ec28df2b-7e42-4f2a-bbf4-b0f4ee5f9731" bomId="017b2619-01a0-4288-b0c7-262d37514c10" materialMaterialModel="" currentCheckVolume="0.000000" checkedVolume="0.000000" volume="77.000000" unitUnitId="36927a08-ba89-438b-bb0d-3013c64a0341" price="0.000000" entrysum="0.000000" inputprice="13.800000" inputentrysum="1062.600000" sort="2" lastUpdatedStamp="2012-08-16 11:07:41.0" lastUpdatedTxStamp="2012-08-16 11:07:41.0" createdStamp="2012-08-16 11:07:41.0" createdTxStamp="2012-08-16 11:07:41.0"/>
    <ConsignReturnProductEntry id="c5bdebc3-65fe-48e6-8422-1ee8fd2c7565" parentId="7ad6c0d4-8ad3-4678-831a-a3379464a914" warehouseWarehouseId="ec28df2b-7e42-4f2a-bbf4-b0f4ee5f9731" bomId="c6558eda-dfdb-406d-bb6a-b0f99301a0a7" materialMaterialModel="" currentCheckVolume="0.000000" checkedVolume="0.000000" volume="823.000000" unitUnitId="36927a08-ba89-438b-bb0d-3013c64a0341" price="13.027700" entrysum="10721.797100" inputprice="7.050000" inputentrysum="5802.150000" lastUpdatedStamp="2012-08-20 11:34:12.0" lastUpdatedTxStamp="2012-08-20 11:34:12.0" createdStamp="2012-07-24 18:24:32.0" createdTxStamp="2012-07-24 18:24:32.0"/>
    <ConsignReturnProductEntry id="c9e46678-8c78-4a72-9221-11e9c7e86ba1" parentId="5e111dde-5885-4cd6-a641-680c8452e3d5" warehouseWarehouseId="ec28df2b-7e42-4f2a-bbf4-b0f4ee5f9731" bomId="2154d0f5-c8ce-4454-9289-e71db511f319" materialMaterialModel="" currentCheckVolume="0.000000" checkedVolume="0.000000" volume="90.000000" unitUnitId="36927a08-ba89-438b-bb0d-3013c64a0341" price="3.830000" entrysum="344.700000" inputprice="1.330000" inputentrysum="119.700000" lastUpdatedStamp="2012-07-24 18:21:11.0" lastUpdatedTxStamp="2012-07-24 18:21:11.0" createdStamp="2012-07-24 18:21:11.0" createdTxStamp="2012-07-24 18:21:11.0"/>
    <ConsignReturnProductEntry id="ce05808a-54d0-4d9b-9e44-b50dd9f6fc74" parentId="5fb65527-ba3d-4c18-88d9-9c38b3e1362f" warehouseWarehouseId="ec28df2b-7e42-4f2a-bbf4-b0f4ee5f9731" bomId="c6558eda-dfdb-406d-bb6a-b0f99301a0a7" materialMaterialModel="" currentCheckVolume="0.000000" checkedVolume="0.000000" volume="199.000000" unitUnitId="36927a08-ba89-438b-bb0d-3013c64a0341" price="0.000000" entrysum="0.000000" inputprice="7.050000" inputentrysum="1402.950000" sort="1" lastUpdatedStamp="2012-08-17 08:46:02.0" lastUpdatedTxStamp="2012-08-17 08:46:02.0" createdStamp="2012-08-17 08:46:02.0" createdTxStamp="2012-08-17 08:46:02.0"/>
    <ConsignReturnProductEntry id="d1d32e63-4bca-4ff9-84fe-c396fed62955" parentId="7ad6c0d4-8ad3-4678-831a-a3379464a914" warehouseWarehouseId="ec28df2b-7e42-4f2a-bbf4-b0f4ee5f9731" bomId="bbf99fec-9006-4a3d-8afb-fd197f01103a" materialMaterialModel="" currentCheckVolume="0.000000" checkedVolume="0.000000" volume="2199.000000" unitUnitId="36927a08-ba89-438b-bb0d-3013c64a0341" price="35.836600" entrysum="78804.683400" inputprice="19.100000" inputentrysum="42000.900000" lastUpdatedStamp="2012-08-20 11:34:12.0" lastUpdatedTxStamp="2012-08-20 11:34:12.0" createdStamp="2012-07-24 18:24:32.0" createdTxStamp="2012-07-24 18:24:32.0"/>
    <ConsignReturnProductEntry id="d31f15c7-bb2b-442d-b125-69f801a18e0b" parentId="2b6cc81e-c6e4-44e6-b69f-a48582cfa0f4" warehouseWarehouseId="ec28df2b-7e42-4f2a-bbf4-b0f4ee5f9731" bomId="b012cf70-befc-4524-8385-29b0891e39f6" materialMaterialModel="" currentCheckVolume="0.000000" checkedVolume="0.000000" volume="1094.000000" unitUnitId="36927a08-ba89-438b-bb0d-3013c64a0341" price="2.298000" entrysum="2514.012000" inputprice="1.030000" inputentrysum="1126.820000" lastUpdatedStamp="2012-07-24 18:26:28.0" lastUpdatedTxStamp="2012-07-24 18:26:28.0" createdStamp="2012-07-24 18:26:28.0" createdTxStamp="2012-07-24 18:26:28.0"/>
    <ConsignReturnProductEntry id="d6c048aa-05be-4b7e-ae2e-b489460a1315" parentId="e4de288a-b3cd-4db9-b3c2-8e150bc5185b" warehouseWarehouseId="ec28df2b-7e42-4f2a-bbf4-b0f4ee5f9731" bomId="bbf99fec-9006-4a3d-8afb-fd197f01103a" materialMaterialModel="" currentCheckVolume="0.000000" checkedVolume="0.000000" volume="35.000000" unitUnitId="36927a08-ba89-438b-bb0d-3013c64a0341" price="0.000000" entrysum="0.000000" inputprice="18.300000" inputentrysum="640.500000" sort="1" lastUpdatedStamp="2012-08-17 15:31:23.0" lastUpdatedTxStamp="2012-08-17 15:31:23.0" createdStamp="2012-08-17 15:31:23.0" createdTxStamp="2012-08-17 15:31:23.0"/>
    <ConsignReturnProductEntry id="d9e4ece1-2c1e-43fd-8ef8-7c032b38357d" parentId="a2971747-a412-4bc3-9f3d-5a80c03eaed4" warehouseWarehouseId="ec28df2b-7e42-4f2a-bbf4-b0f4ee5f9731" bomId="53ebf2af-63b6-45a5-a48a-6c53815c8b6f" materialMaterialModel="" currentCheckVolume="0.000000" checkedVolume="0.000000" volume="24.000000" unitUnitId="36927a08-ba89-438b-bb0d-3013c64a0341" price="0.000000" entrysum="0.000000" inputprice="9.350000" inputentrysum="224.400000" sort="3" lastUpdatedStamp="2012-08-16 11:04:31.0" lastUpdatedTxStamp="2012-08-16 11:04:31.0" createdStamp="2012-08-16 11:04:31.0" createdTxStamp="2012-08-16 11:04:31.0"/>
    <ConsignReturnProductEntry id="da585e16-40d4-4ffd-9a1f-5b0c67c25679" parentId="2b6cc81e-c6e4-44e6-b69f-a48582cfa0f4" warehouseWarehouseId="ec28df2b-7e42-4f2a-bbf4-b0f4ee5f9731" bomId="5ae93ca7-532a-4b14-9948-cd2251788b5d" materialMaterialModel="" currentCheckVolume="0.000000" checkedVolume="0.000000" volume="107.000000" unitUnitId="36927a08-ba89-438b-bb0d-3013c64a0341" price="9.980000" entrysum="1067.860000" inputprice="4.600000" inputentrysum="492.200000" lastUpdatedStamp="2012-07-24 18:26:28.0" lastUpdatedTxStamp="2012-07-24 18:26:28.0" createdStamp="2012-07-24 18:26:28.0" createdTxStamp="2012-07-24 18:26:28.0"/>
    <ConsignReturnProductEntry id="dec46ef4-89dd-4eda-97cf-eee03141de33" parentId="70915e01-5668-4923-8ec3-95e78449074c" warehouseWarehouseId="ec28df2b-7e42-4f2a-bbf4-b0f4ee5f9731" bomId="c6558eda-dfdb-406d-bb6a-b0f99301a0a7" materialMaterialModel="" currentCheckVolume="0.000000" checkedVolume="0.000000" volume="91.000000" unitUnitId="36927a08-ba89-438b-bb0d-3013c64a0341" price="12.640000" entrysum="1150.240000" inputprice="7.050000" inputentrysum="641.550000" lastUpdatedStamp="2012-07-30 19:54:18.0" lastUpdatedTxStamp="2012-07-30 19:54:18.0" createdStamp="2012-07-30 19:54:18.0" createdTxStamp="2012-07-30 19:54:18.0"/>
    <ConsignReturnProductEntry id="e4bfd50d-8997-4bcb-a825-ae36dfe05cd5" parentId="7ad6c0d4-8ad3-4678-831a-a3379464a914" warehouseWarehouseId="ec28df2b-7e42-4f2a-bbf4-b0f4ee5f9731" bomId="2df75619-2b3f-4d44-b52a-ac4ea31beb03" materialMaterialModel="" currentCheckVolume="0.000000" checkedVolume="0.000000" volume="3034.000000" unitUnitId="36927a08-ba89-438b-bb0d-3013c64a0341" price="5.657700" entrysum="17165.461800" inputprice="2.600000" inputentrysum="7888.400000" lastUpdatedStamp="2012-08-20 11:34:12.0" lastUpdatedTxStamp="2012-08-20 11:34:12.0" createdStamp="2012-07-24 18:24:32.0" createdTxStamp="2012-07-24 18:24:32.0"/>
    <ConsignReturnProductEntry id="e55d6097-79f8-4dec-9432-f69e0788262b" parentId="6543b9fc-6c4e-4083-833a-5a140c0276a6" warehouseWarehouseId="ec28df2b-7e42-4f2a-bbf4-b0f4ee5f9731" bomId="1ee630c4-07cd-47f8-a119-6b1ed2ede40c" materialMaterialModel="" currentCheckVolume="0.000000" checkedVolume="0.000000" volume="549.000000" unitUnitId="36927a08-ba89-438b-bb0d-3013c64a0341" price="0.000000" entrysum="0.000000" inputprice="0.188500" inputentrysum="103.486500" sort="2" lastUpdatedStamp="2012-08-24 16:40:32.0" lastUpdatedTxStamp="2012-08-24 16:40:32.0" createdStamp="2012-08-24 16:40:32.0" createdTxStamp="2012-08-24 16:40:32.0"/>
    <ConsignReturnProductEntry id="f06741c2-8e54-406f-a35b-eef675631597" parentId="c005730a-2cee-4613-a2cb-72b25fde99cd" warehouseWarehouseId="ec28df2b-7e42-4f2a-bbf4-b0f4ee5f9731" bomId="2154d0f5-c8ce-4454-9289-e71db511f319" materialMaterialModel="" currentCheckVolume="0.000000" checkedVolume="0.000000" volume="101.000000" unitUnitId="36927a08-ba89-438b-bb0d-3013c64a0341" price="0.000000" entrysum="0.000000" inputprice="1.300000" inputentrysum="131.300000" sort="4" lastUpdatedStamp="2012-08-24 16:36:52.0" lastUpdatedTxStamp="2012-08-24 16:36:52.0" createdStamp="2012-08-24 16:36:52.0" createdTxStamp="2012-08-24 16:36:52.0"/>
    <ConsignReturnProductEntry id="f8f5bd6c-1482-445e-a1dc-d3705e3de8e8" parentId="7ad6c0d4-8ad3-4678-831a-a3379464a914" warehouseWarehouseId="ec28df2b-7e42-4f2a-bbf4-b0f4ee5f9731" bomId="017b2619-01a0-4288-b0c7-262d37514c10" materialMaterialModel="" currentCheckVolume="0.000000" checkedVolume="0.000000" volume="1061.000000" unitUnitId="36927a08-ba89-438b-bb0d-3013c64a0341" price="21.574500" entrysum="22890.544500" inputprice="13.800000" inputentrysum="14641.800000" lastUpdatedStamp="2012-08-20 11:34:12.0" lastUpdatedTxStamp="2012-08-20 11:34:12.0" createdStamp="2012-07-24 18:24:32.0" createdTxStamp="2012-07-24 18:24:32.0"/>
    <ConsignReturnProductEntry id="fa66238a-43ae-4b81-adf3-7f87d5814d7a" parentId="5e111dde-5885-4cd6-a641-680c8452e3d5" warehouseWarehouseId="ec28df2b-7e42-4f2a-bbf4-b0f4ee5f9731" bomId="bbf99fec-9006-4a3d-8afb-fd197f01103a" materialMaterialModel="" currentCheckVolume="0.000000" checkedVolume="0.000000" volume="109.000000" unitUnitId="36927a08-ba89-438b-bb0d-3013c64a0341" price="36.680000" entrysum="3998.120000" inputprice="18.300000" inputentrysum="1994.700000" lastUpdatedStamp="2012-07-24 18:21:11.0" lastUpdatedTxStamp="2012-07-24 18:21:11.0" createdStamp="2012-07-24 18:21:11.0" createdTxStamp="2012-07-24 18:21:11.0"/>
</entity-engine-xml>
