<?xml version="1.0" encoding="UTF-8"?>
<entity-engine-xml>
    <ConsignReturnProduct id="09263c55-fc33-4d39-b03d-5bcae52da672" number="CRP20120816100001" bizDate="2012-08-03 08:00:00.0" processorSupplierId="de92b972-e3cd-4402-8bc7-60d6c5e777af" returnerSystemUserId="05230e72-730e-4a4e-9be8-3789eee2bc85" checkerSystemUserId="" checkStatus="0" submitterSystemUserId="" totalsum="0.000000" note="" status="0" createdStamp="2012-08-16 11:01:36.0" lastUpdatedStamp="2012-08-16 11:01:36.0" lastUpdatedTxStamp="2012-08-16 11:01:36.0" createdTxStamp="2012-08-16 11:01:36.0"/>
    <ConsignReturnProduct id="21013a63-6250-496b-9f83-0dd554e8c662" number="CRP20120816100003" bizDate="2012-08-07 08:00:00.0" processorSupplierId="05849cad-ffbc-4e73-9e3c-7b514ab42403" returnerSystemUserId="05230e72-730e-4a4e-9be8-3789eee2bc85" checkerSystemUserId="" checkStatus="0" submitterSystemUserId="" totalsum="0.000000" note="" status="0" createdStamp="2012-08-16 11:07:41.0" lastUpdatedStamp="2012-08-16 11:07:41.0" lastUpdatedTxStamp="2012-08-16 11:07:41.0" createdTxStamp="2012-08-16 11:07:41.0"/>
    <ConsignReturnProduct id="2b6cc81e-c6e4-44e6-b69f-a48582cfa0f4" number="CRP20120724100003" bizDate="2012-07-21 08:00:00.0" processorSupplierId="de92b972-e3cd-4402-8bc7-60d6c5e777af" returnerSystemUserId="037d78c8-a536-4086-933a-d17791e621d8" checkerSystemUserId="" checkStatus="0" submitterSystemUserId="037d78c8-a536-4086-933a-d17791e621d8" totalsum="12817.172000" note="" status="4" createdStamp="2012-07-24 18:26:28.0" lastUpdatedStamp="2012-07-24 18:26:28.0" submitStamp="2012-07-24 18:26:28.0" lastUpdatedTxStamp="2012-07-24 18:26:28.0" createdTxStamp="2012-07-24 18:26:28.0"/>
    <ConsignReturnProduct id="32a4f33b-b725-427f-b8f1-e60347c8e7fa" number="CRP20120818100002" bizDate="2012-08-18 08:00:00.0" processorSupplierId="bf4f67f5-31e9-4bad-bf18-255c85c0a194" returnerSystemUserId="05230e72-730e-4a4e-9be8-3789eee2bc85" checkerSystemUserId="" checkStatus="0" submitterSystemUserId="" totalsum="0.000000" note="" status="0" createdStamp="2012-08-18 17:38:16.0" lastUpdatedStamp="2012-08-18 17:38:16.0" lastUpdatedTxStamp="2012-08-18 17:38:16.0" createdTxStamp="2012-08-18 17:38:16.0"/>
    <ConsignReturnProduct id="5a03fe9e-60ae-4e05-9385-d6b6e17a878d" number="CRP20120816100004" bizDate="2012-08-16 08:00:00.0" processorSupplierId="05849cad-ffbc-4e73-9e3c-7b514ab42403" returnerSystemUserId="05230e72-730e-4a4e-9be8-3789eee2bc85" checkerSystemUserId="" checkStatus="0" submitterSystemUserId="" totalsum="0.000000" note="" status="0" createdStamp="2012-08-16 11:32:31.0" lastUpdatedStamp="2012-08-16 11:32:31.0" lastUpdatedTxStamp="2012-08-16 11:32:31.0" createdTxStamp="2012-08-16 11:32:31.0"/>
    <ConsignReturnProduct id="5e111dde-5885-4cd6-a641-680c8452e3d5" number="CRP20120724100001" bizDate="2012-07-21 08:00:00.0" processorSupplierId="7ea57de4-57bb-423a-9a55-367ea5fba65d" returnerSystemUserId="037d78c8-a536-4086-933a-d17791e621d8" checkerSystemUserId="" checkStatus="0" submitterSystemUserId="037d78c8-a536-4086-933a-d17791e621d8" totalsum="14644.620000" note="" status="4" createdStamp="2012-07-24 18:21:11.0" lastUpdatedStamp="2012-07-24 18:21:11.0" submitStamp="2012-07-24 18:21:11.0" lastUpdatedTxStamp="2012-07-24 18:21:11.0" createdTxStamp="2012-07-24 18:21:11.0"/>
    <ConsignReturnProduct id="5fb65527-ba3d-4c18-88d9-9c38b3e1362f" number="CRP20120817100001" bizDate="2012-08-16 08:00:00.0" processorSupplierId="05849cad-ffbc-4e73-9e3c-7b514ab42403" returnerSystemUserId="05230e72-730e-4a4e-9be8-3789eee2bc85" checkerSystemUserId="" checkStatus="0" submitterSystemUserId="" totalsum="0.000000" note="" status="0" createdStamp="2012-08-17 08:46:02.0" lastUpdatedStamp="2012-08-17 08:46:02.0" lastUpdatedTxStamp="2012-08-17 08:46:02.0" createdTxStamp="2012-08-17 08:46:02.0"/>
    <ConsignReturnProduct id="6543b9fc-6c4e-4083-833a-5a140c0276a6" number="CRP20120824100002" bizDate="2012-08-24 08:00:00.0" processorSupplierId="bf4f67f5-31e9-4bad-bf18-255c85c0a194" returnerSystemUserId="05230e72-730e-4a4e-9be8-3789eee2bc85" checkerSystemUserId="" checkStatus="0" submitterSystemUserId="" totalsum="0.000000" note="" status="0" createdStamp="2012-08-24 16:40:32.0" lastUpdatedStamp="2012-08-24 16:40:32.0" lastUpdatedTxStamp="2012-08-24 16:40:32.0" createdTxStamp="2012-08-24 16:40:32.0"/>
    <ConsignReturnProduct id="70915e01-5668-4923-8ec3-95e78449074c" number="CRP20120730100002" bizDate="2012-07-30 08:00:00.0" processorSupplierId="05849cad-ffbc-4e73-9e3c-7b514ab42403" returnerSystemUserId="879f28db-1f1a-4839-8eae-8f27a6504fd2" checkerSystemUserId="" checkStatus="0" submitterSystemUserId="879f28db-1f1a-4839-8eae-8f27a6504fd2" totalsum="1150.240000" note="" status="4" createdStamp="2012-07-30 19:54:18.0" lastUpdatedStamp="2012-07-30 19:54:19.0" submitStamp="2012-07-30 19:54:19.0" lastUpdatedTxStamp="2012-07-30 19:54:18.0" createdTxStamp="2012-07-30 19:54:18.0"/>
    <ConsignReturnProduct id="7ad6c0d4-8ad3-4678-831a-a3379464a914" number="CRP20120724100002" bizDate="2012-07-21 08:00:00.0" processorSupplierId="05849cad-ffbc-4e73-9e3c-7b514ab42403" returnerSystemUserId="037d78c8-a536-4086-933a-d17791e621d8" checkerSystemUserId="" checkStatus="0" submitterSystemUserId="037d78c8-a536-4086-933a-d17791e621d8" totalsum="130981.458800" note="" status="4" createdStamp="2012-07-24 18:24:32.0" lastUpdatedStamp="2012-08-20 11:34:12.0" submitStamp="2012-08-20 11:34:12.0" lastUpdatedTxStamp="2012-08-20 11:34:12.0" createdTxStamp="2012-07-24 18:24:32.0"/>
    <ConsignReturnProduct id="a2971747-a412-4bc3-9f3d-5a80c03eaed4" number="CRP20120816100002" bizDate="2012-08-06 08:00:00.0" processorSupplierId="de92b972-e3cd-4402-8bc7-60d6c5e777af" returnerSystemUserId="05230e72-730e-4a4e-9be8-3789eee2bc85" checkerSystemUserId="" checkStatus="0" submitterSystemUserId="" totalsum="0.000000" note="" status="0" createdStamp="2012-08-16 11:04:31.0" lastUpdatedStamp="2012-08-16 11:04:31.0" lastUpdatedTxStamp="2012-08-16 11:04:31.0" createdTxStamp="2012-08-16 11:04:31.0"/>
    <ConsignReturnProduct id="b8f91e0a-2afc-41fa-96ff-206d26c09750" number="CRP20120730100001" bizDate="2012-07-30 08:00:00.0" processorSupplierId="7ea57de4-57bb-423a-9a55-367ea5fba65d" returnerSystemUserId="879f28db-1f1a-4839-8eae-8f27a6504fd2" checkerSystemUserId="" checkStatus="0" submitterSystemUserId="879f28db-1f1a-4839-8eae-8f27a6504fd2" totalsum="8365.830000" note="" status="4" createdStamp="2012-07-30 19:53:21.0" lastUpdatedStamp="2012-07-30 19:53:22.0" submitStamp="2012-07-30 19:53:22.0" lastUpdatedTxStamp="2012-07-30 19:53:21.0" createdTxStamp="2012-07-30 19:53:21.0"/>
    <ConsignReturnProduct id="c005730a-2cee-4613-a2cb-72b25fde99cd" number="CRP20120824100001" bizDate="2012-08-24 08:00:00.0" processorSupplierId="05849cad-ffbc-4e73-9e3c-7b514ab42403" returnerSystemUserId="05230e72-730e-4a4e-9be8-3789eee2bc85" checkerSystemUserId="" checkStatus="0" submitterSystemUserId="" totalsum="0.000000" note="" status="0" createdStamp="2012-08-24 16:36:52.0" lastUpdatedStamp="2012-08-24 16:36:52.0" lastUpdatedTxStamp="2012-08-24 16:36:52.0" createdTxStamp="2012-08-24 16:36:52.0"/>
    <ConsignReturnProduct id="da52314b-8574-4d9e-98a7-a6cab92023f0" number="CRP20120818100001" bizDate="2012-08-18 08:00:00.0" processorSupplierId="05849cad-ffbc-4e73-9e3c-7b514ab42403" returnerSystemUserId="05230e72-730e-4a4e-9be8-3789eee2bc85" checkerSystemUserId="" checkStatus="0" submitterSystemUserId="" totalsum="0.000000" note="" status="0" createdStamp="2012-08-18 17:28:07.0" lastUpdatedStamp="2012-08-18 17:28:07.0" lastUpdatedTxStamp="2012-08-18 17:28:07.0" createdTxStamp="2012-08-18 17:28:07.0"/>
    <ConsignReturnProduct id="e4de288a-b3cd-4db9-b3c2-8e150bc5185b" number="CRP20120817100002" bizDate="2012-08-17 08:00:00.0" processorSupplierId="7ea57de4-57bb-423a-9a55-367ea5fba65d" returnerSystemUserId="05230e72-730e-4a4e-9be8-3789eee2bc85" checkerSystemUserId="" checkStatus="0" submitterSystemUserId="" totalsum="0.000000" note="" status="0" createdStamp="2012-08-17 15:31:23.0" lastUpdatedStamp="2012-08-17 15:31:23.0" lastUpdatedTxStamp="2012-08-17 15:31:23.0" createdTxStamp="2012-08-17 15:31:23.0"/>
</entity-engine-xml>
