<?xml version="1.0" encoding="UTF-8"?>
<entity-engine-xml>
    <CountryTeleCode countryCode="AD" teleCode="376" lastUpdatedStamp="2012-07-01 22:07:09.0" lastUpdatedTxStamp="2012-07-01 22:07:07.0" createdStamp="2012-07-01 22:07:09.0" createdTxStamp="2012-07-01 22:07:07.0"/>
    <CountryTeleCode countryCode="AE" teleCode="971" lastUpdatedStamp="2012-07-01 22:07:09.0" lastUpdatedTxStamp="2012-07-01 22:07:07.0" createdStamp="2012-07-01 22:07:09.0" createdTxStamp="2012-07-01 22:07:07.0"/>
    <CountryTeleCode countryCode="AF" teleCode="93" lastUpdatedStamp="2012-07-01 22:07:09.0" lastUpdatedTxStamp="2012-07-01 22:07:07.0" createdStamp="2012-07-01 22:07:09.0" createdTxStamp="2012-07-01 22:07:07.0"/>
    <CountryTeleCode countryCode="AG" teleCode="1-268" lastUpdatedStamp="2012-07-01 22:07:09.0" lastUpdatedTxStamp="2012-07-01 22:07:07.0" createdStamp="2012-07-01 22:07:09.0" createdTxStamp="2012-07-01 22:07:07.0"/>
    <CountryTeleCode countryCode="AI" teleCode="1-264" lastUpdatedStamp="2012-07-01 22:07:09.0" lastUpdatedTxStamp="2012-07-01 22:07:07.0" createdStamp="2012-07-01 22:07:09.0" createdTxStamp="2012-07-01 22:07:07.0"/>
    <CountryTeleCode countryCode="AL" teleCode="355" lastUpdatedStamp="2012-07-01 22:07:09.0" lastUpdatedTxStamp="2012-07-01 22:07:07.0" createdStamp="2012-07-01 22:07:09.0" createdTxStamp="2012-07-01 22:07:07.0"/>
    <CountryTeleCode countryCode="AM" teleCode="374" lastUpdatedStamp="2012-07-01 22:07:09.0" lastUpdatedTxStamp="2012-07-01 22:07:07.0" createdStamp="2012-07-01 22:07:09.0" createdTxStamp="2012-07-01 22:07:07.0"/>
    <CountryTeleCode countryCode="AN" teleCode="599" lastUpdatedStamp="2012-07-01 22:07:09.0" lastUpdatedTxStamp="2012-07-01 22:07:07.0" createdStamp="2012-07-01 22:07:09.0" createdTxStamp="2012-07-01 22:07:07.0"/>
    <CountryTeleCode countryCode="AO" teleCode="244" lastUpdatedStamp="2012-07-01 22:07:09.0" lastUpdatedTxStamp="2012-07-01 22:07:07.0" createdStamp="2012-07-01 22:07:09.0" createdTxStamp="2012-07-01 22:07:07.0"/>
    <CountryTeleCode countryCode="AQ" teleCode="672" lastUpdatedStamp="2012-07-01 22:07:09.0" lastUpdatedTxStamp="2012-07-01 22:07:07.0" createdStamp="2012-07-01 22:07:09.0" createdTxStamp="2012-07-01 22:07:07.0"/>
    <CountryTeleCode countryCode="AR" teleCode="54" lastUpdatedStamp="2012-07-01 22:07:09.0" lastUpdatedTxStamp="2012-07-01 22:07:07.0" createdStamp="2012-07-01 22:07:09.0" createdTxStamp="2012-07-01 22:07:07.0"/>
    <CountryTeleCode countryCode="AS" teleCode="684" lastUpdatedStamp="2012-07-01 22:07:09.0" lastUpdatedTxStamp="2012-07-01 22:07:07.0" createdStamp="2012-07-01 22:07:09.0" createdTxStamp="2012-07-01 22:07:07.0"/>
    <CountryTeleCode countryCode="AT" teleCode="43" lastUpdatedStamp="2012-07-01 22:07:09.0" lastUpdatedTxStamp="2012-07-01 22:07:07.0" createdStamp="2012-07-01 22:07:09.0" createdTxStamp="2012-07-01 22:07:07.0"/>
    <CountryTeleCode countryCode="AU" teleCode="61" lastUpdatedStamp="2012-07-01 22:07:09.0" lastUpdatedTxStamp="2012-07-01 22:07:07.0" createdStamp="2012-07-01 22:07:09.0" createdTxStamp="2012-07-01 22:07:07.0"/>
    <CountryTeleCode countryCode="AW" teleCode="297" lastUpdatedStamp="2012-07-01 22:07:09.0" lastUpdatedTxStamp="2012-07-01 22:07:07.0" createdStamp="2012-07-01 22:07:09.0" createdTxStamp="2012-07-01 22:07:07.0"/>
    <CountryTeleCode countryCode="AZ" teleCode="994" lastUpdatedStamp="2012-07-01 22:07:09.0" lastUpdatedTxStamp="2012-07-01 22:07:07.0" createdStamp="2012-07-01 22:07:09.0" createdTxStamp="2012-07-01 22:07:07.0"/>
    <CountryTeleCode countryCode="BA" teleCode="387" lastUpdatedStamp="2012-07-01 22:07:09.0" lastUpdatedTxStamp="2012-07-01 22:07:07.0" createdStamp="2012-07-01 22:07:09.0" createdTxStamp="2012-07-01 22:07:07.0"/>
    <CountryTeleCode countryCode="BB" teleCode="1-246" lastUpdatedStamp="2012-07-01 22:07:09.0" lastUpdatedTxStamp="2012-07-01 22:07:07.0" createdStamp="2012-07-01 22:07:09.0" createdTxStamp="2012-07-01 22:07:07.0"/>
    <CountryTeleCode countryCode="BD" teleCode="880" lastUpdatedStamp="2012-07-01 22:07:09.0" lastUpdatedTxStamp="2012-07-01 22:07:07.0" createdStamp="2012-07-01 22:07:09.0" createdTxStamp="2012-07-01 22:07:07.0"/>
    <CountryTeleCode countryCode="BE" teleCode="32" lastUpdatedStamp="2012-07-01 22:07:09.0" lastUpdatedTxStamp="2012-07-01 22:07:07.0" createdStamp="2012-07-01 22:07:09.0" createdTxStamp="2012-07-01 22:07:07.0"/>
    <CountryTeleCode countryCode="BF" teleCode="226" lastUpdatedStamp="2012-07-01 22:07:09.0" lastUpdatedTxStamp="2012-07-01 22:07:07.0" createdStamp="2012-07-01 22:07:09.0" createdTxStamp="2012-07-01 22:07:07.0"/>
    <CountryTeleCode countryCode="BG" teleCode="359" lastUpdatedStamp="2012-07-01 22:07:09.0" lastUpdatedTxStamp="2012-07-01 22:07:07.0" createdStamp="2012-07-01 22:07:09.0" createdTxStamp="2012-07-01 22:07:07.0"/>
    <CountryTeleCode countryCode="BH" teleCode="973" lastUpdatedStamp="2012-07-01 22:07:09.0" lastUpdatedTxStamp="2012-07-01 22:07:07.0" createdStamp="2012-07-01 22:07:09.0" createdTxStamp="2012-07-01 22:07:07.0"/>
    <CountryTeleCode countryCode="BI" teleCode="257" lastUpdatedStamp="2012-07-01 22:07:09.0" lastUpdatedTxStamp="2012-07-01 22:07:07.0" createdStamp="2012-07-01 22:07:09.0" createdTxStamp="2012-07-01 22:07:07.0"/>
    <CountryTeleCode countryCode="BJ" teleCode="229" lastUpdatedStamp="2012-07-01 22:07:09.0" lastUpdatedTxStamp="2012-07-01 22:07:07.0" createdStamp="2012-07-01 22:07:09.0" createdTxStamp="2012-07-01 22:07:07.0"/>
    <CountryTeleCode countryCode="BM" teleCode="1-441" lastUpdatedStamp="2012-07-01 22:07:09.0" lastUpdatedTxStamp="2012-07-01 22:07:07.0" createdStamp="2012-07-01 22:07:09.0" createdTxStamp="2012-07-01 22:07:07.0"/>
    <CountryTeleCode countryCode="BN" teleCode="673" lastUpdatedStamp="2012-07-01 22:07:09.0" lastUpdatedTxStamp="2012-07-01 22:07:07.0" createdStamp="2012-07-01 22:07:09.0" createdTxStamp="2012-07-01 22:07:07.0"/>
    <CountryTeleCode countryCode="BO" teleCode="591" lastUpdatedStamp="2012-07-01 22:07:09.0" lastUpdatedTxStamp="2012-07-01 22:07:07.0" createdStamp="2012-07-01 22:07:09.0" createdTxStamp="2012-07-01 22:07:07.0"/>
    <CountryTeleCode countryCode="BR" teleCode="55" lastUpdatedStamp="2012-07-01 22:07:09.0" lastUpdatedTxStamp="2012-07-01 22:07:07.0" createdStamp="2012-07-01 22:07:09.0" createdTxStamp="2012-07-01 22:07:07.0"/>
    <CountryTeleCode countryCode="BS" teleCode="1-242" lastUpdatedStamp="2012-07-01 22:07:09.0" lastUpdatedTxStamp="2012-07-01 22:07:07.0" createdStamp="2012-07-01 22:07:09.0" createdTxStamp="2012-07-01 22:07:07.0"/>
    <CountryTeleCode countryCode="BT" teleCode="975" lastUpdatedStamp="2012-07-01 22:07:09.0" lastUpdatedTxStamp="2012-07-01 22:07:07.0" createdStamp="2012-07-01 22:07:09.0" createdTxStamp="2012-07-01 22:07:07.0"/>
    <CountryTeleCode countryCode="BV" lastUpdatedStamp="2012-07-01 22:07:09.0" lastUpdatedTxStamp="2012-07-01 22:07:07.0" createdStamp="2012-07-01 22:07:09.0" createdTxStamp="2012-07-01 22:07:07.0"/>
    <CountryTeleCode countryCode="BW" teleCode="267" lastUpdatedStamp="2012-07-01 22:07:09.0" lastUpdatedTxStamp="2012-07-01 22:07:07.0" createdStamp="2012-07-01 22:07:09.0" createdTxStamp="2012-07-01 22:07:07.0"/>
    <CountryTeleCode countryCode="BY" teleCode="375" lastUpdatedStamp="2012-07-01 22:07:09.0" lastUpdatedTxStamp="2012-07-01 22:07:07.0" createdStamp="2012-07-01 22:07:09.0" createdTxStamp="2012-07-01 22:07:07.0"/>
    <CountryTeleCode countryCode="BZ" teleCode="501" lastUpdatedStamp="2012-07-01 22:07:09.0" lastUpdatedTxStamp="2012-07-01 22:07:07.0" createdStamp="2012-07-01 22:07:09.0" createdTxStamp="2012-07-01 22:07:07.0"/>
    <CountryTeleCode countryCode="CA" teleCode="1" lastUpdatedStamp="2012-07-01 22:07:09.0" lastUpdatedTxStamp="2012-07-01 22:07:07.0" createdStamp="2012-07-01 22:07:09.0" createdTxStamp="2012-07-01 22:07:07.0"/>
    <CountryTeleCode countryCode="CC" teleCode="61" lastUpdatedStamp="2012-07-01 22:07:09.0" lastUpdatedTxStamp="2012-07-01 22:07:07.0" createdStamp="2012-07-01 22:07:09.0" createdTxStamp="2012-07-01 22:07:07.0"/>
    <CountryTeleCode countryCode="CD" teleCode="243" lastUpdatedStamp="2012-07-01 22:07:09.0" lastUpdatedTxStamp="2012-07-01 22:07:07.0" createdStamp="2012-07-01 22:07:09.0" createdTxStamp="2012-07-01 22:07:07.0"/>
    <CountryTeleCode countryCode="CF" teleCode="236" lastUpdatedStamp="2012-07-01 22:07:09.0" lastUpdatedTxStamp="2012-07-01 22:07:07.0" createdStamp="2012-07-01 22:07:09.0" createdTxStamp="2012-07-01 22:07:07.0"/>
    <CountryTeleCode countryCode="CG" teleCode="242" lastUpdatedStamp="2012-07-01 22:07:09.0" lastUpdatedTxStamp="2012-07-01 22:07:07.0" createdStamp="2012-07-01 22:07:09.0" createdTxStamp="2012-07-01 22:07:07.0"/>
    <CountryTeleCode countryCode="CH" teleCode="41" lastUpdatedStamp="2012-07-01 22:07:09.0" lastUpdatedTxStamp="2012-07-01 22:07:07.0" createdStamp="2012-07-01 22:07:09.0" createdTxStamp="2012-07-01 22:07:07.0"/>
    <CountryTeleCode countryCode="CI" teleCode="225" lastUpdatedStamp="2012-07-01 22:07:09.0" lastUpdatedTxStamp="2012-07-01 22:07:07.0" createdStamp="2012-07-01 22:07:09.0" createdTxStamp="2012-07-01 22:07:07.0"/>
    <CountryTeleCode countryCode="CK" teleCode="682" lastUpdatedStamp="2012-07-01 22:07:09.0" lastUpdatedTxStamp="2012-07-01 22:07:07.0" createdStamp="2012-07-01 22:07:09.0" createdTxStamp="2012-07-01 22:07:07.0"/>
    <CountryTeleCode countryCode="CL" teleCode="56" lastUpdatedStamp="2012-07-01 22:07:09.0" lastUpdatedTxStamp="2012-07-01 22:07:07.0" createdStamp="2012-07-01 22:07:09.0" createdTxStamp="2012-07-01 22:07:07.0"/>
    <CountryTeleCode countryCode="CM" teleCode="237" lastUpdatedStamp="2012-07-01 22:07:09.0" lastUpdatedTxStamp="2012-07-01 22:07:07.0" createdStamp="2012-07-01 22:07:09.0" createdTxStamp="2012-07-01 22:07:07.0"/>
    <CountryTeleCode countryCode="CN" teleCode="86" lastUpdatedStamp="2012-07-01 22:07:09.0" lastUpdatedTxStamp="2012-07-01 22:07:07.0" createdStamp="2012-07-01 22:07:09.0" createdTxStamp="2012-07-01 22:07:07.0"/>
    <CountryTeleCode countryCode="CO" teleCode="57" lastUpdatedStamp="2012-07-01 22:07:09.0" lastUpdatedTxStamp="2012-07-01 22:07:07.0" createdStamp="2012-07-01 22:07:09.0" createdTxStamp="2012-07-01 22:07:07.0"/>
    <CountryTeleCode countryCode="CR" teleCode="506" lastUpdatedStamp="2012-07-01 22:07:09.0" lastUpdatedTxStamp="2012-07-01 22:07:07.0" createdStamp="2012-07-01 22:07:09.0" createdTxStamp="2012-07-01 22:07:07.0"/>
    <CountryTeleCode countryCode="CU" teleCode="53" lastUpdatedStamp="2012-07-01 22:07:09.0" lastUpdatedTxStamp="2012-07-01 22:07:07.0" createdStamp="2012-07-01 22:07:09.0" createdTxStamp="2012-07-01 22:07:07.0"/>
    <CountryTeleCode countryCode="CV" teleCode="238" lastUpdatedStamp="2012-07-01 22:07:09.0" lastUpdatedTxStamp="2012-07-01 22:07:07.0" createdStamp="2012-07-01 22:07:09.0" createdTxStamp="2012-07-01 22:07:07.0"/>
    <CountryTeleCode countryCode="CX" teleCode="61" lastUpdatedStamp="2012-07-01 22:07:09.0" lastUpdatedTxStamp="2012-07-01 22:07:07.0" createdStamp="2012-07-01 22:07:09.0" createdTxStamp="2012-07-01 22:07:07.0"/>
    <CountryTeleCode countryCode="CY" teleCode="357" lastUpdatedStamp="2012-07-01 22:07:09.0" lastUpdatedTxStamp="2012-07-01 22:07:07.0" createdStamp="2012-07-01 22:07:09.0" createdTxStamp="2012-07-01 22:07:07.0"/>
    <CountryTeleCode countryCode="CZ" teleCode="420" lastUpdatedStamp="2012-07-01 22:07:09.0" lastUpdatedTxStamp="2012-07-01 22:07:07.0" createdStamp="2012-07-01 22:07:09.0" createdTxStamp="2012-07-01 22:07:07.0"/>
    <CountryTeleCode countryCode="DE" teleCode="49" lastUpdatedStamp="2012-07-01 22:07:09.0" lastUpdatedTxStamp="2012-07-01 22:07:07.0" createdStamp="2012-07-01 22:07:09.0" createdTxStamp="2012-07-01 22:07:07.0"/>
    <CountryTeleCode countryCode="DJ" teleCode="253" lastUpdatedStamp="2012-07-01 22:07:09.0" lastUpdatedTxStamp="2012-07-01 22:07:07.0" createdStamp="2012-07-01 22:07:09.0" createdTxStamp="2012-07-01 22:07:07.0"/>
    <CountryTeleCode countryCode="DK" teleCode="45" lastUpdatedStamp="2012-07-01 22:07:09.0" lastUpdatedTxStamp="2012-07-01 22:07:07.0" createdStamp="2012-07-01 22:07:09.0" createdTxStamp="2012-07-01 22:07:07.0"/>
    <CountryTeleCode countryCode="DM" teleCode="1-767" lastUpdatedStamp="2012-07-01 22:07:09.0" lastUpdatedTxStamp="2012-07-01 22:07:07.0" createdStamp="2012-07-01 22:07:09.0" createdTxStamp="2012-07-01 22:07:07.0"/>
    <CountryTeleCode countryCode="DO" teleCode="809" lastUpdatedStamp="2012-07-01 22:07:09.0" lastUpdatedTxStamp="2012-07-01 22:07:07.0" createdStamp="2012-07-01 22:07:09.0" createdTxStamp="2012-07-01 22:07:07.0"/>
    <CountryTeleCode countryCode="DZ" teleCode="213" lastUpdatedStamp="2012-07-01 22:07:09.0" lastUpdatedTxStamp="2012-07-01 22:07:07.0" createdStamp="2012-07-01 22:07:09.0" createdTxStamp="2012-07-01 22:07:07.0"/>
    <CountryTeleCode countryCode="EC" teleCode="593" lastUpdatedStamp="2012-07-01 22:07:09.0" lastUpdatedTxStamp="2012-07-01 22:07:07.0" createdStamp="2012-07-01 22:07:09.0" createdTxStamp="2012-07-01 22:07:07.0"/>
    <CountryTeleCode countryCode="EE" teleCode="372" lastUpdatedStamp="2012-07-01 22:07:09.0" lastUpdatedTxStamp="2012-07-01 22:07:07.0" createdStamp="2012-07-01 22:07:09.0" createdTxStamp="2012-07-01 22:07:07.0"/>
    <CountryTeleCode countryCode="EG" teleCode="20" lastUpdatedStamp="2012-07-01 22:07:09.0" lastUpdatedTxStamp="2012-07-01 22:07:07.0" createdStamp="2012-07-01 22:07:09.0" createdTxStamp="2012-07-01 22:07:07.0"/>
    <CountryTeleCode countryCode="EH" lastUpdatedStamp="2012-07-01 22:07:09.0" lastUpdatedTxStamp="2012-07-01 22:07:07.0" createdStamp="2012-07-01 22:07:09.0" createdTxStamp="2012-07-01 22:07:07.0"/>
    <CountryTeleCode countryCode="ER" teleCode="291" lastUpdatedStamp="2012-07-01 22:07:09.0" lastUpdatedTxStamp="2012-07-01 22:07:07.0" createdStamp="2012-07-01 22:07:09.0" createdTxStamp="2012-07-01 22:07:07.0"/>
    <CountryTeleCode countryCode="ES" teleCode="34" lastUpdatedStamp="2012-07-01 22:07:09.0" lastUpdatedTxStamp="2012-07-01 22:07:07.0" createdStamp="2012-07-01 22:07:09.0" createdTxStamp="2012-07-01 22:07:07.0"/>
    <CountryTeleCode countryCode="ET" teleCode="251" lastUpdatedStamp="2012-07-01 22:07:09.0" lastUpdatedTxStamp="2012-07-01 22:07:07.0" createdStamp="2012-07-01 22:07:09.0" createdTxStamp="2012-07-01 22:07:07.0"/>
    <CountryTeleCode countryCode="FI" teleCode="358" lastUpdatedStamp="2012-07-01 22:07:09.0" lastUpdatedTxStamp="2012-07-01 22:07:07.0" createdStamp="2012-07-01 22:07:09.0" createdTxStamp="2012-07-01 22:07:07.0"/>
    <CountryTeleCode countryCode="FJ" teleCode="679" lastUpdatedStamp="2012-07-01 22:07:09.0" lastUpdatedTxStamp="2012-07-01 22:07:07.0" createdStamp="2012-07-01 22:07:09.0" createdTxStamp="2012-07-01 22:07:07.0"/>
    <CountryTeleCode countryCode="FK" teleCode="500" lastUpdatedStamp="2012-07-01 22:07:09.0" lastUpdatedTxStamp="2012-07-01 22:07:07.0" createdStamp="2012-07-01 22:07:09.0" createdTxStamp="2012-07-01 22:07:07.0"/>
    <CountryTeleCode countryCode="FM" teleCode="691" lastUpdatedStamp="2012-07-01 22:07:09.0" lastUpdatedTxStamp="2012-07-01 22:07:07.0" createdStamp="2012-07-01 22:07:09.0" createdTxStamp="2012-07-01 22:07:07.0"/>
    <CountryTeleCode countryCode="FO" teleCode="298" lastUpdatedStamp="2012-07-01 22:07:09.0" lastUpdatedTxStamp="2012-07-01 22:07:07.0" createdStamp="2012-07-01 22:07:09.0" createdTxStamp="2012-07-01 22:07:07.0"/>
    <CountryTeleCode countryCode="FR" teleCode="33" lastUpdatedStamp="2012-07-01 22:07:09.0" lastUpdatedTxStamp="2012-07-01 22:07:07.0" createdStamp="2012-07-01 22:07:09.0" createdTxStamp="2012-07-01 22:07:07.0"/>
    <CountryTeleCode countryCode="GA" teleCode="241" lastUpdatedStamp="2012-07-01 22:07:09.0" lastUpdatedTxStamp="2012-07-01 22:07:07.0" createdStamp="2012-07-01 22:07:09.0" createdTxStamp="2012-07-01 22:07:07.0"/>
    <CountryTeleCode countryCode="GB" teleCode="44" lastUpdatedStamp="2012-07-01 22:07:09.0" lastUpdatedTxStamp="2012-07-01 22:07:07.0" createdStamp="2012-07-01 22:07:09.0" createdTxStamp="2012-07-01 22:07:07.0"/>
    <CountryTeleCode countryCode="GD" teleCode="1-473" lastUpdatedStamp="2012-07-01 22:07:09.0" lastUpdatedTxStamp="2012-07-01 22:07:07.0" createdStamp="2012-07-01 22:07:09.0" createdTxStamp="2012-07-01 22:07:07.0"/>
    <CountryTeleCode countryCode="GE" teleCode="995" lastUpdatedStamp="2012-07-01 22:07:09.0" lastUpdatedTxStamp="2012-07-01 22:07:07.0" createdStamp="2012-07-01 22:07:09.0" createdTxStamp="2012-07-01 22:07:07.0"/>
    <CountryTeleCode countryCode="GF" teleCode="594" lastUpdatedStamp="2012-07-01 22:07:09.0" lastUpdatedTxStamp="2012-07-01 22:07:07.0" createdStamp="2012-07-01 22:07:09.0" createdTxStamp="2012-07-01 22:07:07.0"/>
    <CountryTeleCode countryCode="GH" teleCode="233" lastUpdatedStamp="2012-07-01 22:07:09.0" lastUpdatedTxStamp="2012-07-01 22:07:07.0" createdStamp="2012-07-01 22:07:09.0" createdTxStamp="2012-07-01 22:07:07.0"/>
    <CountryTeleCode countryCode="GI" teleCode="350" lastUpdatedStamp="2012-07-01 22:07:09.0" lastUpdatedTxStamp="2012-07-01 22:07:07.0" createdStamp="2012-07-01 22:07:09.0" createdTxStamp="2012-07-01 22:07:07.0"/>
    <CountryTeleCode countryCode="GL" teleCode="299" lastUpdatedStamp="2012-07-01 22:07:09.0" lastUpdatedTxStamp="2012-07-01 22:07:07.0" createdStamp="2012-07-01 22:07:09.0" createdTxStamp="2012-07-01 22:07:07.0"/>
    <CountryTeleCode countryCode="GM" teleCode="220" lastUpdatedStamp="2012-07-01 22:07:09.0" lastUpdatedTxStamp="2012-07-01 22:07:07.0" createdStamp="2012-07-01 22:07:09.0" createdTxStamp="2012-07-01 22:07:07.0"/>
    <CountryTeleCode countryCode="GN" teleCode="224" lastUpdatedStamp="2012-07-01 22:07:09.0" lastUpdatedTxStamp="2012-07-01 22:07:07.0" createdStamp="2012-07-01 22:07:09.0" createdTxStamp="2012-07-01 22:07:07.0"/>
    <CountryTeleCode countryCode="GP" teleCode="590" lastUpdatedStamp="2012-07-01 22:07:09.0" lastUpdatedTxStamp="2012-07-01 22:07:07.0" createdStamp="2012-07-01 22:07:09.0" createdTxStamp="2012-07-01 22:07:07.0"/>
    <CountryTeleCode countryCode="GQ" teleCode="240" lastUpdatedStamp="2012-07-01 22:07:09.0" lastUpdatedTxStamp="2012-07-01 22:07:07.0" createdStamp="2012-07-01 22:07:09.0" createdTxStamp="2012-07-01 22:07:07.0"/>
    <CountryTeleCode countryCode="GR" teleCode="30" lastUpdatedStamp="2012-07-01 22:07:09.0" lastUpdatedTxStamp="2012-07-01 22:07:07.0" createdStamp="2012-07-01 22:07:09.0" createdTxStamp="2012-07-01 22:07:07.0"/>
    <CountryTeleCode countryCode="GS" lastUpdatedStamp="2012-07-01 22:07:09.0" lastUpdatedTxStamp="2012-07-01 22:07:07.0" createdStamp="2012-07-01 22:07:09.0" createdTxStamp="2012-07-01 22:07:07.0"/>
    <CountryTeleCode countryCode="GT" teleCode="502" lastUpdatedStamp="2012-07-01 22:07:09.0" lastUpdatedTxStamp="2012-07-01 22:07:07.0" createdStamp="2012-07-01 22:07:09.0" createdTxStamp="2012-07-01 22:07:07.0"/>
    <CountryTeleCode countryCode="GU" teleCode="1-671" lastUpdatedStamp="2012-07-01 22:07:09.0" lastUpdatedTxStamp="2012-07-01 22:07:07.0" createdStamp="2012-07-01 22:07:09.0" createdTxStamp="2012-07-01 22:07:07.0"/>
    <CountryTeleCode countryCode="GW" teleCode="245" lastUpdatedStamp="2012-07-01 22:07:09.0" lastUpdatedTxStamp="2012-07-01 22:07:07.0" createdStamp="2012-07-01 22:07:09.0" createdTxStamp="2012-07-01 22:07:07.0"/>
    <CountryTeleCode countryCode="GY" teleCode="592" lastUpdatedStamp="2012-07-01 22:07:09.0" lastUpdatedTxStamp="2012-07-01 22:07:07.0" createdStamp="2012-07-01 22:07:09.0" createdTxStamp="2012-07-01 22:07:07.0"/>
    <CountryTeleCode countryCode="HK" teleCode="852" lastUpdatedStamp="2012-07-01 22:07:09.0" lastUpdatedTxStamp="2012-07-01 22:07:07.0" createdStamp="2012-07-01 22:07:09.0" createdTxStamp="2012-07-01 22:07:07.0"/>
    <CountryTeleCode countryCode="HM" lastUpdatedStamp="2012-07-01 22:07:09.0" lastUpdatedTxStamp="2012-07-01 22:07:07.0" createdStamp="2012-07-01 22:07:09.0" createdTxStamp="2012-07-01 22:07:07.0"/>
    <CountryTeleCode countryCode="HN" teleCode="504" lastUpdatedStamp="2012-07-01 22:07:09.0" lastUpdatedTxStamp="2012-07-01 22:07:07.0" createdStamp="2012-07-01 22:07:09.0" createdTxStamp="2012-07-01 22:07:07.0"/>
    <CountryTeleCode countryCode="HR" teleCode="385" lastUpdatedStamp="2012-07-01 22:07:09.0" lastUpdatedTxStamp="2012-07-01 22:07:07.0" createdStamp="2012-07-01 22:07:09.0" createdTxStamp="2012-07-01 22:07:07.0"/>
    <CountryTeleCode countryCode="HT" teleCode="509" lastUpdatedStamp="2012-07-01 22:07:09.0" lastUpdatedTxStamp="2012-07-01 22:07:07.0" createdStamp="2012-07-01 22:07:09.0" createdTxStamp="2012-07-01 22:07:07.0"/>
    <CountryTeleCode countryCode="HU" teleCode="36" lastUpdatedStamp="2012-07-01 22:07:09.0" lastUpdatedTxStamp="2012-07-01 22:07:07.0" createdStamp="2012-07-01 22:07:09.0" createdTxStamp="2012-07-01 22:07:07.0"/>
    <CountryTeleCode countryCode="ID" teleCode="62" lastUpdatedStamp="2012-07-01 22:07:09.0" lastUpdatedTxStamp="2012-07-01 22:07:07.0" createdStamp="2012-07-01 22:07:09.0" createdTxStamp="2012-07-01 22:07:07.0"/>
    <CountryTeleCode countryCode="IE" teleCode="353" lastUpdatedStamp="2012-07-01 22:07:09.0" lastUpdatedTxStamp="2012-07-01 22:07:07.0" createdStamp="2012-07-01 22:07:09.0" createdTxStamp="2012-07-01 22:07:07.0"/>
    <CountryTeleCode countryCode="IL" teleCode="972" lastUpdatedStamp="2012-07-01 22:07:09.0" lastUpdatedTxStamp="2012-07-01 22:07:07.0" createdStamp="2012-07-01 22:07:09.0" createdTxStamp="2012-07-01 22:07:07.0"/>
    <CountryTeleCode countryCode="IN" teleCode="91" lastUpdatedStamp="2012-07-01 22:07:09.0" lastUpdatedTxStamp="2012-07-01 22:07:07.0" createdStamp="2012-07-01 22:07:09.0" createdTxStamp="2012-07-01 22:07:07.0"/>
    <CountryTeleCode countryCode="IO" lastUpdatedStamp="2012-07-01 22:07:09.0" lastUpdatedTxStamp="2012-07-01 22:07:07.0" createdStamp="2012-07-01 22:07:09.0" createdTxStamp="2012-07-01 22:07:07.0"/>
    <CountryTeleCode countryCode="IQ" teleCode="964" lastUpdatedStamp="2012-07-01 22:07:09.0" lastUpdatedTxStamp="2012-07-01 22:07:07.0" createdStamp="2012-07-01 22:07:09.0" createdTxStamp="2012-07-01 22:07:07.0"/>
    <CountryTeleCode countryCode="IR" teleCode="98" lastUpdatedStamp="2012-07-01 22:07:09.0" lastUpdatedTxStamp="2012-07-01 22:07:07.0" createdStamp="2012-07-01 22:07:09.0" createdTxStamp="2012-07-01 22:07:07.0"/>
    <CountryTeleCode countryCode="IS" teleCode="354" lastUpdatedStamp="2012-07-01 22:07:09.0" lastUpdatedTxStamp="2012-07-01 22:07:07.0" createdStamp="2012-07-01 22:07:09.0" createdTxStamp="2012-07-01 22:07:07.0"/>
    <CountryTeleCode countryCode="IT" teleCode="39" lastUpdatedStamp="2012-07-01 22:07:09.0" lastUpdatedTxStamp="2012-07-01 22:07:07.0" createdStamp="2012-07-01 22:07:09.0" createdTxStamp="2012-07-01 22:07:07.0"/>
    <CountryTeleCode countryCode="JM" teleCode="1-876" lastUpdatedStamp="2012-07-01 22:07:09.0" lastUpdatedTxStamp="2012-07-01 22:07:07.0" createdStamp="2012-07-01 22:07:09.0" createdTxStamp="2012-07-01 22:07:07.0"/>
    <CountryTeleCode countryCode="JO" teleCode="962" lastUpdatedStamp="2012-07-01 22:07:09.0" lastUpdatedTxStamp="2012-07-01 22:07:07.0" createdStamp="2012-07-01 22:07:09.0" createdTxStamp="2012-07-01 22:07:07.0"/>
    <CountryTeleCode countryCode="JP" teleCode="81" lastUpdatedStamp="2012-07-01 22:07:09.0" lastUpdatedTxStamp="2012-07-01 22:07:07.0" createdStamp="2012-07-01 22:07:09.0" createdTxStamp="2012-07-01 22:07:07.0"/>
    <CountryTeleCode countryCode="KE" teleCode="254" lastUpdatedStamp="2012-07-01 22:07:09.0" lastUpdatedTxStamp="2012-07-01 22:07:07.0" createdStamp="2012-07-01 22:07:09.0" createdTxStamp="2012-07-01 22:07:07.0"/>
    <CountryTeleCode countryCode="KG" teleCode="996" lastUpdatedStamp="2012-07-01 22:07:09.0" lastUpdatedTxStamp="2012-07-01 22:07:07.0" createdStamp="2012-07-01 22:07:09.0" createdTxStamp="2012-07-01 22:07:07.0"/>
    <CountryTeleCode countryCode="KH" teleCode="855" lastUpdatedStamp="2012-07-01 22:07:09.0" lastUpdatedTxStamp="2012-07-01 22:07:07.0" createdStamp="2012-07-01 22:07:09.0" createdTxStamp="2012-07-01 22:07:07.0"/>
    <CountryTeleCode countryCode="KI" teleCode="686" lastUpdatedStamp="2012-07-01 22:07:09.0" lastUpdatedTxStamp="2012-07-01 22:07:07.0" createdStamp="2012-07-01 22:07:09.0" createdTxStamp="2012-07-01 22:07:07.0"/>
    <CountryTeleCode countryCode="KM" teleCode="269" lastUpdatedStamp="2012-07-01 22:07:09.0" lastUpdatedTxStamp="2012-07-01 22:07:07.0" createdStamp="2012-07-01 22:07:09.0" createdTxStamp="2012-07-01 22:07:07.0"/>
    <CountryTeleCode countryCode="KN" teleCode="1-869" lastUpdatedStamp="2012-07-01 22:07:09.0" lastUpdatedTxStamp="2012-07-01 22:07:07.0" createdStamp="2012-07-01 22:07:09.0" createdTxStamp="2012-07-01 22:07:07.0"/>
    <CountryTeleCode countryCode="KP" teleCode="850" lastUpdatedStamp="2012-07-01 22:07:09.0" lastUpdatedTxStamp="2012-07-01 22:07:07.0" createdStamp="2012-07-01 22:07:09.0" createdTxStamp="2012-07-01 22:07:07.0"/>
    <CountryTeleCode countryCode="KR" teleCode="82" lastUpdatedStamp="2012-07-01 22:07:09.0" lastUpdatedTxStamp="2012-07-01 22:07:07.0" createdStamp="2012-07-01 22:07:09.0" createdTxStamp="2012-07-01 22:07:07.0"/>
    <CountryTeleCode countryCode="KW" teleCode="965" lastUpdatedStamp="2012-07-01 22:07:09.0" lastUpdatedTxStamp="2012-07-01 22:07:07.0" createdStamp="2012-07-01 22:07:09.0" createdTxStamp="2012-07-01 22:07:07.0"/>
    <CountryTeleCode countryCode="KY" teleCode="1-345" lastUpdatedStamp="2012-07-01 22:07:09.0" lastUpdatedTxStamp="2012-07-01 22:07:07.0" createdStamp="2012-07-01 22:07:09.0" createdTxStamp="2012-07-01 22:07:07.0"/>
    <CountryTeleCode countryCode="KZ" teleCode="7" lastUpdatedStamp="2012-07-01 22:07:09.0" lastUpdatedTxStamp="2012-07-01 22:07:07.0" createdStamp="2012-07-01 22:07:09.0" createdTxStamp="2012-07-01 22:07:07.0"/>
    <CountryTeleCode countryCode="LA" teleCode="856" lastUpdatedStamp="2012-07-01 22:07:09.0" lastUpdatedTxStamp="2012-07-01 22:07:07.0" createdStamp="2012-07-01 22:07:09.0" createdTxStamp="2012-07-01 22:07:07.0"/>
    <CountryTeleCode countryCode="LB" teleCode="961" lastUpdatedStamp="2012-07-01 22:07:09.0" lastUpdatedTxStamp="2012-07-01 22:07:07.0" createdStamp="2012-07-01 22:07:09.0" createdTxStamp="2012-07-01 22:07:07.0"/>
    <CountryTeleCode countryCode="LC" teleCode="1-758" lastUpdatedStamp="2012-07-01 22:07:09.0" lastUpdatedTxStamp="2012-07-01 22:07:07.0" createdStamp="2012-07-01 22:07:09.0" createdTxStamp="2012-07-01 22:07:07.0"/>
    <CountryTeleCode countryCode="LI" teleCode="423" lastUpdatedStamp="2012-07-01 22:07:09.0" lastUpdatedTxStamp="2012-07-01 22:07:07.0" createdStamp="2012-07-01 22:07:09.0" createdTxStamp="2012-07-01 22:07:07.0"/>
    <CountryTeleCode countryCode="LK" teleCode="94" lastUpdatedStamp="2012-07-01 22:07:09.0" lastUpdatedTxStamp="2012-07-01 22:07:07.0" createdStamp="2012-07-01 22:07:09.0" createdTxStamp="2012-07-01 22:07:07.0"/>
    <CountryTeleCode countryCode="LR" teleCode="231" lastUpdatedStamp="2012-07-01 22:07:09.0" lastUpdatedTxStamp="2012-07-01 22:07:07.0" createdStamp="2012-07-01 22:07:09.0" createdTxStamp="2012-07-01 22:07:07.0"/>
    <CountryTeleCode countryCode="LS" teleCode="266" lastUpdatedStamp="2012-07-01 22:07:09.0" lastUpdatedTxStamp="2012-07-01 22:07:07.0" createdStamp="2012-07-01 22:07:09.0" createdTxStamp="2012-07-01 22:07:07.0"/>
    <CountryTeleCode countryCode="LT" teleCode="370" lastUpdatedStamp="2012-07-01 22:07:09.0" lastUpdatedTxStamp="2012-07-01 22:07:07.0" createdStamp="2012-07-01 22:07:09.0" createdTxStamp="2012-07-01 22:07:07.0"/>
    <CountryTeleCode countryCode="LU" teleCode="352" lastUpdatedStamp="2012-07-01 22:07:09.0" lastUpdatedTxStamp="2012-07-01 22:07:07.0" createdStamp="2012-07-01 22:07:09.0" createdTxStamp="2012-07-01 22:07:07.0"/>
    <CountryTeleCode countryCode="LV" teleCode="371" lastUpdatedStamp="2012-07-01 22:07:09.0" lastUpdatedTxStamp="2012-07-01 22:07:07.0" createdStamp="2012-07-01 22:07:09.0" createdTxStamp="2012-07-01 22:07:07.0"/>
    <CountryTeleCode countryCode="LY" teleCode="218" lastUpdatedStamp="2012-07-01 22:07:09.0" lastUpdatedTxStamp="2012-07-01 22:07:07.0" createdStamp="2012-07-01 22:07:09.0" createdTxStamp="2012-07-01 22:07:07.0"/>
    <CountryTeleCode countryCode="MA" teleCode="212" lastUpdatedStamp="2012-07-01 22:07:09.0" lastUpdatedTxStamp="2012-07-01 22:07:07.0" createdStamp="2012-07-01 22:07:09.0" createdTxStamp="2012-07-01 22:07:07.0"/>
    <CountryTeleCode countryCode="MC" teleCode="377" lastUpdatedStamp="2012-07-01 22:07:09.0" lastUpdatedTxStamp="2012-07-01 22:07:07.0" createdStamp="2012-07-01 22:07:09.0" createdTxStamp="2012-07-01 22:07:07.0"/>
    <CountryTeleCode countryCode="MD" teleCode="373" lastUpdatedStamp="2012-07-01 22:07:09.0" lastUpdatedTxStamp="2012-07-01 22:07:07.0" createdStamp="2012-07-01 22:07:09.0" createdTxStamp="2012-07-01 22:07:07.0"/>
    <CountryTeleCode countryCode="MG" teleCode="261" lastUpdatedStamp="2012-07-01 22:07:09.0" lastUpdatedTxStamp="2012-07-01 22:07:07.0" createdStamp="2012-07-01 22:07:09.0" createdTxStamp="2012-07-01 22:07:07.0"/>
    <CountryTeleCode countryCode="MH" teleCode="692" lastUpdatedStamp="2012-07-01 22:07:09.0" lastUpdatedTxStamp="2012-07-01 22:07:07.0" createdStamp="2012-07-01 22:07:09.0" createdTxStamp="2012-07-01 22:07:07.0"/>
    <CountryTeleCode countryCode="MK" teleCode="389" lastUpdatedStamp="2012-07-01 22:07:09.0" lastUpdatedTxStamp="2012-07-01 22:07:07.0" createdStamp="2012-07-01 22:07:09.0" createdTxStamp="2012-07-01 22:07:07.0"/>
    <CountryTeleCode countryCode="ML" teleCode="223" lastUpdatedStamp="2012-07-01 22:07:09.0" lastUpdatedTxStamp="2012-07-01 22:07:07.0" createdStamp="2012-07-01 22:07:09.0" createdTxStamp="2012-07-01 22:07:07.0"/>
    <CountryTeleCode countryCode="MM" teleCode="95" lastUpdatedStamp="2012-07-01 22:07:09.0" lastUpdatedTxStamp="2012-07-01 22:07:07.0" createdStamp="2012-07-01 22:07:09.0" createdTxStamp="2012-07-01 22:07:07.0"/>
    <CountryTeleCode countryCode="MN" teleCode="976" lastUpdatedStamp="2012-07-01 22:07:09.0" lastUpdatedTxStamp="2012-07-01 22:07:07.0" createdStamp="2012-07-01 22:07:09.0" createdTxStamp="2012-07-01 22:07:07.0"/>
    <CountryTeleCode countryCode="MO" teleCode="853" lastUpdatedStamp="2012-07-01 22:07:09.0" lastUpdatedTxStamp="2012-07-01 22:07:07.0" createdStamp="2012-07-01 22:07:09.0" createdTxStamp="2012-07-01 22:07:07.0"/>
    <CountryTeleCode countryCode="MP" teleCode="670" lastUpdatedStamp="2012-07-01 22:07:09.0" lastUpdatedTxStamp="2012-07-01 22:07:07.0" createdStamp="2012-07-01 22:07:09.0" createdTxStamp="2012-07-01 22:07:07.0"/>
    <CountryTeleCode countryCode="MQ" teleCode="596" lastUpdatedStamp="2012-07-01 22:07:09.0" lastUpdatedTxStamp="2012-07-01 22:07:07.0" createdStamp="2012-07-01 22:07:09.0" createdTxStamp="2012-07-01 22:07:07.0"/>
    <CountryTeleCode countryCode="MR" teleCode="222" lastUpdatedStamp="2012-07-01 22:07:09.0" lastUpdatedTxStamp="2012-07-01 22:07:07.0" createdStamp="2012-07-01 22:07:09.0" createdTxStamp="2012-07-01 22:07:07.0"/>
    <CountryTeleCode countryCode="MS" teleCode="1-664" lastUpdatedStamp="2012-07-01 22:07:09.0" lastUpdatedTxStamp="2012-07-01 22:07:07.0" createdStamp="2012-07-01 22:07:09.0" createdTxStamp="2012-07-01 22:07:07.0"/>
    <CountryTeleCode countryCode="MT" teleCode="356" lastUpdatedStamp="2012-07-01 22:07:09.0" lastUpdatedTxStamp="2012-07-01 22:07:07.0" createdStamp="2012-07-01 22:07:09.0" createdTxStamp="2012-07-01 22:07:07.0"/>
    <CountryTeleCode countryCode="MU" teleCode="230" lastUpdatedStamp="2012-07-01 22:07:09.0" lastUpdatedTxStamp="2012-07-01 22:07:07.0" createdStamp="2012-07-01 22:07:09.0" createdTxStamp="2012-07-01 22:07:07.0"/>
    <CountryTeleCode countryCode="MV" teleCode="960" lastUpdatedStamp="2012-07-01 22:07:09.0" lastUpdatedTxStamp="2012-07-01 22:07:07.0" createdStamp="2012-07-01 22:07:09.0" createdTxStamp="2012-07-01 22:07:07.0"/>
    <CountryTeleCode countryCode="MW" teleCode="265" lastUpdatedStamp="2012-07-01 22:07:09.0" lastUpdatedTxStamp="2012-07-01 22:07:07.0" createdStamp="2012-07-01 22:07:09.0" createdTxStamp="2012-07-01 22:07:07.0"/>
    <CountryTeleCode countryCode="MX" teleCode="52" lastUpdatedStamp="2012-07-01 22:07:09.0" lastUpdatedTxStamp="2012-07-01 22:07:07.0" createdStamp="2012-07-01 22:07:09.0" createdTxStamp="2012-07-01 22:07:07.0"/>
    <CountryTeleCode countryCode="MY" teleCode="60" lastUpdatedStamp="2012-07-01 22:07:09.0" lastUpdatedTxStamp="2012-07-01 22:07:07.0" createdStamp="2012-07-01 22:07:09.0" createdTxStamp="2012-07-01 22:07:07.0"/>
    <CountryTeleCode countryCode="MZ" teleCode="258" lastUpdatedStamp="2012-07-01 22:07:09.0" lastUpdatedTxStamp="2012-07-01 22:07:07.0" createdStamp="2012-07-01 22:07:09.0" createdTxStamp="2012-07-01 22:07:07.0"/>
    <CountryTeleCode countryCode="NA" teleCode="264" lastUpdatedStamp="2012-07-01 22:07:09.0" lastUpdatedTxStamp="2012-07-01 22:07:07.0" createdStamp="2012-07-01 22:07:09.0" createdTxStamp="2012-07-01 22:07:07.0"/>
    <CountryTeleCode countryCode="NC" teleCode="687" lastUpdatedStamp="2012-07-01 22:07:09.0" lastUpdatedTxStamp="2012-07-01 22:07:07.0" createdStamp="2012-07-01 22:07:09.0" createdTxStamp="2012-07-01 22:07:07.0"/>
    <CountryTeleCode countryCode="NE" teleCode="227" lastUpdatedStamp="2012-07-01 22:07:09.0" lastUpdatedTxStamp="2012-07-01 22:07:07.0" createdStamp="2012-07-01 22:07:09.0" createdTxStamp="2012-07-01 22:07:07.0"/>
    <CountryTeleCode countryCode="NF" teleCode="672" lastUpdatedStamp="2012-07-01 22:07:09.0" lastUpdatedTxStamp="2012-07-01 22:07:07.0" createdStamp="2012-07-01 22:07:09.0" createdTxStamp="2012-07-01 22:07:07.0"/>
    <CountryTeleCode countryCode="NG" teleCode="234" lastUpdatedStamp="2012-07-01 22:07:09.0" lastUpdatedTxStamp="2012-07-01 22:07:07.0" createdStamp="2012-07-01 22:07:09.0" createdTxStamp="2012-07-01 22:07:07.0"/>
    <CountryTeleCode countryCode="NI" teleCode="505" lastUpdatedStamp="2012-07-01 22:07:09.0" lastUpdatedTxStamp="2012-07-01 22:07:07.0" createdStamp="2012-07-01 22:07:09.0" createdTxStamp="2012-07-01 22:07:07.0"/>
    <CountryTeleCode countryCode="NL" teleCode="31" lastUpdatedStamp="2012-07-01 22:07:09.0" lastUpdatedTxStamp="2012-07-01 22:07:07.0" createdStamp="2012-07-01 22:07:09.0" createdTxStamp="2012-07-01 22:07:07.0"/>
    <CountryTeleCode countryCode="NO" teleCode="47" lastUpdatedStamp="2012-07-01 22:07:09.0" lastUpdatedTxStamp="2012-07-01 22:07:07.0" createdStamp="2012-07-01 22:07:09.0" createdTxStamp="2012-07-01 22:07:07.0"/>
    <CountryTeleCode countryCode="NP" teleCode="977" lastUpdatedStamp="2012-07-01 22:07:09.0" lastUpdatedTxStamp="2012-07-01 22:07:07.0" createdStamp="2012-07-01 22:07:09.0" createdTxStamp="2012-07-01 22:07:07.0"/>
    <CountryTeleCode countryCode="NR" teleCode="674" lastUpdatedStamp="2012-07-01 22:07:09.0" lastUpdatedTxStamp="2012-07-01 22:07:07.0" createdStamp="2012-07-01 22:07:09.0" createdTxStamp="2012-07-01 22:07:07.0"/>
    <CountryTeleCode countryCode="NU" teleCode="683" lastUpdatedStamp="2012-07-01 22:07:10.0" lastUpdatedTxStamp="2012-07-01 22:07:07.0" createdStamp="2012-07-01 22:07:10.0" createdTxStamp="2012-07-01 22:07:07.0"/>
    <CountryTeleCode countryCode="NZ" teleCode="64" lastUpdatedStamp="2012-07-01 22:07:10.0" lastUpdatedTxStamp="2012-07-01 22:07:07.0" createdStamp="2012-07-01 22:07:10.0" createdTxStamp="2012-07-01 22:07:07.0"/>
    <CountryTeleCode countryCode="OM" teleCode="968" lastUpdatedStamp="2012-07-01 22:07:10.0" lastUpdatedTxStamp="2012-07-01 22:07:07.0" createdStamp="2012-07-01 22:07:10.0" createdTxStamp="2012-07-01 22:07:07.0"/>
    <CountryTeleCode countryCode="PA" teleCode="507" lastUpdatedStamp="2012-07-01 22:07:10.0" lastUpdatedTxStamp="2012-07-01 22:07:07.0" createdStamp="2012-07-01 22:07:10.0" createdTxStamp="2012-07-01 22:07:07.0"/>
    <CountryTeleCode countryCode="PE" teleCode="51" lastUpdatedStamp="2012-07-01 22:07:10.0" lastUpdatedTxStamp="2012-07-01 22:07:07.0" createdStamp="2012-07-01 22:07:10.0" createdTxStamp="2012-07-01 22:07:07.0"/>
    <CountryTeleCode countryCode="PF" teleCode="689" lastUpdatedStamp="2012-07-01 22:07:10.0" lastUpdatedTxStamp="2012-07-01 22:07:07.0" createdStamp="2012-07-01 22:07:10.0" createdTxStamp="2012-07-01 22:07:07.0"/>
    <CountryTeleCode countryCode="PG" teleCode="675" lastUpdatedStamp="2012-07-01 22:07:10.0" lastUpdatedTxStamp="2012-07-01 22:07:07.0" createdStamp="2012-07-01 22:07:10.0" createdTxStamp="2012-07-01 22:07:07.0"/>
    <CountryTeleCode countryCode="PH" teleCode="63" lastUpdatedStamp="2012-07-01 22:07:10.0" lastUpdatedTxStamp="2012-07-01 22:07:07.0" createdStamp="2012-07-01 22:07:10.0" createdTxStamp="2012-07-01 22:07:07.0"/>
    <CountryTeleCode countryCode="PK" teleCode="92" lastUpdatedStamp="2012-07-01 22:07:10.0" lastUpdatedTxStamp="2012-07-01 22:07:07.0" createdStamp="2012-07-01 22:07:10.0" createdTxStamp="2012-07-01 22:07:07.0"/>
    <CountryTeleCode countryCode="PL" teleCode="48" lastUpdatedStamp="2012-07-01 22:07:10.0" lastUpdatedTxStamp="2012-07-01 22:07:07.0" createdStamp="2012-07-01 22:07:10.0" createdTxStamp="2012-07-01 22:07:07.0"/>
    <CountryTeleCode countryCode="PM" teleCode="508" lastUpdatedStamp="2012-07-01 22:07:10.0" lastUpdatedTxStamp="2012-07-01 22:07:07.0" createdStamp="2012-07-01 22:07:10.0" createdTxStamp="2012-07-01 22:07:07.0"/>
    <CountryTeleCode countryCode="PN" lastUpdatedStamp="2012-07-01 22:07:10.0" lastUpdatedTxStamp="2012-07-01 22:07:07.0" createdStamp="2012-07-01 22:07:10.0" createdTxStamp="2012-07-01 22:07:07.0"/>
    <CountryTeleCode countryCode="PR" teleCode="1-787" lastUpdatedStamp="2012-07-01 22:07:10.0" lastUpdatedTxStamp="2012-07-01 22:07:07.0" createdStamp="2012-07-01 22:07:10.0" createdTxStamp="2012-07-01 22:07:07.0"/>
    <CountryTeleCode countryCode="PT" teleCode="351" lastUpdatedStamp="2012-07-01 22:07:10.0" lastUpdatedTxStamp="2012-07-01 22:07:07.0" createdStamp="2012-07-01 22:07:10.0" createdTxStamp="2012-07-01 22:07:07.0"/>
    <CountryTeleCode countryCode="PW" teleCode="680" lastUpdatedStamp="2012-07-01 22:07:10.0" lastUpdatedTxStamp="2012-07-01 22:07:07.0" createdStamp="2012-07-01 22:07:10.0" createdTxStamp="2012-07-01 22:07:07.0"/>
    <CountryTeleCode countryCode="PY" teleCode="595" lastUpdatedStamp="2012-07-01 22:07:10.0" lastUpdatedTxStamp="2012-07-01 22:07:07.0" createdStamp="2012-07-01 22:07:10.0" createdTxStamp="2012-07-01 22:07:07.0"/>
    <CountryTeleCode countryCode="QA" teleCode="974" lastUpdatedStamp="2012-07-01 22:07:10.0" lastUpdatedTxStamp="2012-07-01 22:07:07.0" createdStamp="2012-07-01 22:07:10.0" createdTxStamp="2012-07-01 22:07:07.0"/>
    <CountryTeleCode countryCode="RE" teleCode="262" lastUpdatedStamp="2012-07-01 22:07:10.0" lastUpdatedTxStamp="2012-07-01 22:07:07.0" createdStamp="2012-07-01 22:07:10.0" createdTxStamp="2012-07-01 22:07:07.0"/>
    <CountryTeleCode countryCode="RO" teleCode="40" lastUpdatedStamp="2012-07-01 22:07:10.0" lastUpdatedTxStamp="2012-07-01 22:07:07.0" createdStamp="2012-07-01 22:07:10.0" createdTxStamp="2012-07-01 22:07:07.0"/>
    <CountryTeleCode countryCode="RU" teleCode="7" lastUpdatedStamp="2012-07-01 22:07:10.0" lastUpdatedTxStamp="2012-07-01 22:07:07.0" createdStamp="2012-07-01 22:07:10.0" createdTxStamp="2012-07-01 22:07:07.0"/>
    <CountryTeleCode countryCode="RW" teleCode="250" lastUpdatedStamp="2012-07-01 22:07:10.0" lastUpdatedTxStamp="2012-07-01 22:07:07.0" createdStamp="2012-07-01 22:07:10.0" createdTxStamp="2012-07-01 22:07:07.0"/>
    <CountryTeleCode countryCode="SA" teleCode="966" lastUpdatedStamp="2012-07-01 22:07:10.0" lastUpdatedTxStamp="2012-07-01 22:07:07.0" createdStamp="2012-07-01 22:07:10.0" createdTxStamp="2012-07-01 22:07:07.0"/>
    <CountryTeleCode countryCode="SB" teleCode="677" lastUpdatedStamp="2012-07-01 22:07:10.0" lastUpdatedTxStamp="2012-07-01 22:07:07.0" createdStamp="2012-07-01 22:07:10.0" createdTxStamp="2012-07-01 22:07:07.0"/>
    <CountryTeleCode countryCode="SC" teleCode="248" lastUpdatedStamp="2012-07-01 22:07:10.0" lastUpdatedTxStamp="2012-07-01 22:07:07.0" createdStamp="2012-07-01 22:07:10.0" createdTxStamp="2012-07-01 22:07:07.0"/>
    <CountryTeleCode countryCode="SD" teleCode="249" lastUpdatedStamp="2012-07-01 22:07:10.0" lastUpdatedTxStamp="2012-07-01 22:07:07.0" createdStamp="2012-07-01 22:07:10.0" createdTxStamp="2012-07-01 22:07:07.0"/>
    <CountryTeleCode countryCode="SE" teleCode="46" lastUpdatedStamp="2012-07-01 22:07:10.0" lastUpdatedTxStamp="2012-07-01 22:07:07.0" createdStamp="2012-07-01 22:07:10.0" createdTxStamp="2012-07-01 22:07:07.0"/>
    <CountryTeleCode countryCode="SG" teleCode="65" lastUpdatedStamp="2012-07-01 22:07:10.0" lastUpdatedTxStamp="2012-07-01 22:07:07.0" createdStamp="2012-07-01 22:07:10.0" createdTxStamp="2012-07-01 22:07:07.0"/>
    <CountryTeleCode countryCode="SH" teleCode="290" lastUpdatedStamp="2012-07-01 22:07:10.0" lastUpdatedTxStamp="2012-07-01 22:07:07.0" createdStamp="2012-07-01 22:07:10.0" createdTxStamp="2012-07-01 22:07:07.0"/>
    <CountryTeleCode countryCode="SI" teleCode="386" lastUpdatedStamp="2012-07-01 22:07:10.0" lastUpdatedTxStamp="2012-07-01 22:07:07.0" createdStamp="2012-07-01 22:07:10.0" createdTxStamp="2012-07-01 22:07:07.0"/>
    <CountryTeleCode countryCode="SJ" lastUpdatedStamp="2012-07-01 22:07:10.0" lastUpdatedTxStamp="2012-07-01 22:07:07.0" createdStamp="2012-07-01 22:07:10.0" createdTxStamp="2012-07-01 22:07:07.0"/>
    <CountryTeleCode countryCode="SK" teleCode="421" lastUpdatedStamp="2012-07-01 22:07:10.0" lastUpdatedTxStamp="2012-07-01 22:07:07.0" createdStamp="2012-07-01 22:07:10.0" createdTxStamp="2012-07-01 22:07:07.0"/>
    <CountryTeleCode countryCode="SL" teleCode="232" lastUpdatedStamp="2012-07-01 22:07:10.0" lastUpdatedTxStamp="2012-07-01 22:07:07.0" createdStamp="2012-07-01 22:07:10.0" createdTxStamp="2012-07-01 22:07:07.0"/>
    <CountryTeleCode countryCode="SM" teleCode="378" lastUpdatedStamp="2012-07-01 22:07:10.0" lastUpdatedTxStamp="2012-07-01 22:07:07.0" createdStamp="2012-07-01 22:07:10.0" createdTxStamp="2012-07-01 22:07:07.0"/>
    <CountryTeleCode countryCode="SN" teleCode="221" lastUpdatedStamp="2012-07-01 22:07:10.0" lastUpdatedTxStamp="2012-07-01 22:07:07.0" createdStamp="2012-07-01 22:07:10.0" createdTxStamp="2012-07-01 22:07:07.0"/>
    <CountryTeleCode countryCode="SO" teleCode="252" lastUpdatedStamp="2012-07-01 22:07:10.0" lastUpdatedTxStamp="2012-07-01 22:07:07.0" createdStamp="2012-07-01 22:07:10.0" createdTxStamp="2012-07-01 22:07:07.0"/>
    <CountryTeleCode countryCode="SR" teleCode="597" lastUpdatedStamp="2012-07-01 22:07:10.0" lastUpdatedTxStamp="2012-07-01 22:07:07.0" createdStamp="2012-07-01 22:07:10.0" createdTxStamp="2012-07-01 22:07:07.0"/>
    <CountryTeleCode countryCode="ST" teleCode="239" lastUpdatedStamp="2012-07-01 22:07:10.0" lastUpdatedTxStamp="2012-07-01 22:07:07.0" createdStamp="2012-07-01 22:07:10.0" createdTxStamp="2012-07-01 22:07:07.0"/>
    <CountryTeleCode countryCode="SV" teleCode="503" lastUpdatedStamp="2012-07-01 22:07:10.0" lastUpdatedTxStamp="2012-07-01 22:07:07.0" createdStamp="2012-07-01 22:07:10.0" createdTxStamp="2012-07-01 22:07:07.0"/>
    <CountryTeleCode countryCode="SY" teleCode="963" lastUpdatedStamp="2012-07-01 22:07:10.0" lastUpdatedTxStamp="2012-07-01 22:07:07.0" createdStamp="2012-07-01 22:07:10.0" createdTxStamp="2012-07-01 22:07:07.0"/>
    <CountryTeleCode countryCode="SZ" teleCode="268" lastUpdatedStamp="2012-07-01 22:07:10.0" lastUpdatedTxStamp="2012-07-01 22:07:07.0" createdStamp="2012-07-01 22:07:10.0" createdTxStamp="2012-07-01 22:07:07.0"/>
    <CountryTeleCode countryCode="TC" teleCode="1-649" lastUpdatedStamp="2012-07-01 22:07:10.0" lastUpdatedTxStamp="2012-07-01 22:07:07.0" createdStamp="2012-07-01 22:07:10.0" createdTxStamp="2012-07-01 22:07:07.0"/>
    <CountryTeleCode countryCode="TD" teleCode="235" lastUpdatedStamp="2012-07-01 22:07:10.0" lastUpdatedTxStamp="2012-07-01 22:07:07.0" createdStamp="2012-07-01 22:07:10.0" createdTxStamp="2012-07-01 22:07:07.0"/>
    <CountryTeleCode countryCode="TF" lastUpdatedStamp="2012-07-01 22:07:10.0" lastUpdatedTxStamp="2012-07-01 22:07:07.0" createdStamp="2012-07-01 22:07:10.0" createdTxStamp="2012-07-01 22:07:07.0"/>
    <CountryTeleCode countryCode="TG" teleCode="228" lastUpdatedStamp="2012-07-01 22:07:10.0" lastUpdatedTxStamp="2012-07-01 22:07:07.0" createdStamp="2012-07-01 22:07:10.0" createdTxStamp="2012-07-01 22:07:07.0"/>
    <CountryTeleCode countryCode="TH" teleCode="66" lastUpdatedStamp="2012-07-01 22:07:10.0" lastUpdatedTxStamp="2012-07-01 22:07:07.0" createdStamp="2012-07-01 22:07:10.0" createdTxStamp="2012-07-01 22:07:07.0"/>
    <CountryTeleCode countryCode="TJ" teleCode="992" lastUpdatedStamp="2012-07-01 22:07:10.0" lastUpdatedTxStamp="2012-07-01 22:07:07.0" createdStamp="2012-07-01 22:07:10.0" createdTxStamp="2012-07-01 22:07:07.0"/>
    <CountryTeleCode countryCode="TK" teleCode="690" lastUpdatedStamp="2012-07-01 22:07:10.0" lastUpdatedTxStamp="2012-07-01 22:07:07.0" createdStamp="2012-07-01 22:07:10.0" createdTxStamp="2012-07-01 22:07:07.0"/>
    <CountryTeleCode countryCode="TM" teleCode="993" lastUpdatedStamp="2012-07-01 22:07:10.0" lastUpdatedTxStamp="2012-07-01 22:07:07.0" createdStamp="2012-07-01 22:07:10.0" createdTxStamp="2012-07-01 22:07:07.0"/>
    <CountryTeleCode countryCode="TN" teleCode="216" lastUpdatedStamp="2012-07-01 22:07:10.0" lastUpdatedTxStamp="2012-07-01 22:07:07.0" createdStamp="2012-07-01 22:07:10.0" createdTxStamp="2012-07-01 22:07:07.0"/>
    <CountryTeleCode countryCode="TO" teleCode="676" lastUpdatedStamp="2012-07-01 22:07:10.0" lastUpdatedTxStamp="2012-07-01 22:07:07.0" createdStamp="2012-07-01 22:07:10.0" createdTxStamp="2012-07-01 22:07:07.0"/>
    <CountryTeleCode countryCode="TP" teleCode="670" lastUpdatedStamp="2012-07-01 22:07:10.0" lastUpdatedTxStamp="2012-07-01 22:07:07.0" createdStamp="2012-07-01 22:07:10.0" createdTxStamp="2012-07-01 22:07:07.0"/>
    <CountryTeleCode countryCode="TR" teleCode="90" lastUpdatedStamp="2012-07-01 22:07:10.0" lastUpdatedTxStamp="2012-07-01 22:07:07.0" createdStamp="2012-07-01 22:07:10.0" createdTxStamp="2012-07-01 22:07:07.0"/>
    <CountryTeleCode countryCode="TT" teleCode="1-868" lastUpdatedStamp="2012-07-01 22:07:10.0" lastUpdatedTxStamp="2012-07-01 22:07:07.0" createdStamp="2012-07-01 22:07:10.0" createdTxStamp="2012-07-01 22:07:07.0"/>
    <CountryTeleCode countryCode="TV" teleCode="688" lastUpdatedStamp="2012-07-01 22:07:10.0" lastUpdatedTxStamp="2012-07-01 22:07:07.0" createdStamp="2012-07-01 22:07:10.0" createdTxStamp="2012-07-01 22:07:07.0"/>
    <CountryTeleCode countryCode="TW" teleCode="886" lastUpdatedStamp="2012-07-01 22:07:10.0" lastUpdatedTxStamp="2012-07-01 22:07:07.0" createdStamp="2012-07-01 22:07:10.0" createdTxStamp="2012-07-01 22:07:07.0"/>
    <CountryTeleCode countryCode="TZ" teleCode="255" lastUpdatedStamp="2012-07-01 22:07:10.0" lastUpdatedTxStamp="2012-07-01 22:07:07.0" createdStamp="2012-07-01 22:07:10.0" createdTxStamp="2012-07-01 22:07:07.0"/>
    <CountryTeleCode countryCode="UA" teleCode="380" lastUpdatedStamp="2012-07-01 22:07:10.0" lastUpdatedTxStamp="2012-07-01 22:07:07.0" createdStamp="2012-07-01 22:07:10.0" createdTxStamp="2012-07-01 22:07:07.0"/>
    <CountryTeleCode countryCode="UG" teleCode="256" lastUpdatedStamp="2012-07-01 22:07:10.0" lastUpdatedTxStamp="2012-07-01 22:07:07.0" createdStamp="2012-07-01 22:07:10.0" createdTxStamp="2012-07-01 22:07:07.0"/>
    <CountryTeleCode countryCode="UM" lastUpdatedStamp="2012-07-01 22:07:10.0" lastUpdatedTxStamp="2012-07-01 22:07:07.0" createdStamp="2012-07-01 22:07:10.0" createdTxStamp="2012-07-01 22:07:07.0"/>
    <CountryTeleCode countryCode="US" teleCode="1" lastUpdatedStamp="2012-07-01 22:07:10.0" lastUpdatedTxStamp="2012-07-01 22:07:07.0" createdStamp="2012-07-01 22:07:10.0" createdTxStamp="2012-07-01 22:07:07.0"/>
    <CountryTeleCode countryCode="UY" teleCode="598" lastUpdatedStamp="2012-07-01 22:07:10.0" lastUpdatedTxStamp="2012-07-01 22:07:07.0" createdStamp="2012-07-01 22:07:10.0" createdTxStamp="2012-07-01 22:07:07.0"/>
    <CountryTeleCode countryCode="UZ" teleCode="998" lastUpdatedStamp="2012-07-01 22:07:10.0" lastUpdatedTxStamp="2012-07-01 22:07:07.0" createdStamp="2012-07-01 22:07:10.0" createdTxStamp="2012-07-01 22:07:07.0"/>
    <CountryTeleCode countryCode="VA" teleCode="39" lastUpdatedStamp="2012-07-01 22:07:10.0" lastUpdatedTxStamp="2012-07-01 22:07:07.0" createdStamp="2012-07-01 22:07:10.0" createdTxStamp="2012-07-01 22:07:07.0"/>
    <CountryTeleCode countryCode="VC" teleCode="1-784" lastUpdatedStamp="2012-07-01 22:07:10.0" lastUpdatedTxStamp="2012-07-01 22:07:07.0" createdStamp="2012-07-01 22:07:10.0" createdTxStamp="2012-07-01 22:07:07.0"/>
    <CountryTeleCode countryCode="VE" teleCode="58" lastUpdatedStamp="2012-07-01 22:07:10.0" lastUpdatedTxStamp="2012-07-01 22:07:07.0" createdStamp="2012-07-01 22:07:10.0" createdTxStamp="2012-07-01 22:07:07.0"/>
    <CountryTeleCode countryCode="VG" teleCode="1-284" lastUpdatedStamp="2012-07-01 22:07:10.0" lastUpdatedTxStamp="2012-07-01 22:07:07.0" createdStamp="2012-07-01 22:07:10.0" createdTxStamp="2012-07-01 22:07:07.0"/>
    <CountryTeleCode countryCode="VI" teleCode="1-340" lastUpdatedStamp="2012-07-01 22:07:10.0" lastUpdatedTxStamp="2012-07-01 22:07:07.0" createdStamp="2012-07-01 22:07:10.0" createdTxStamp="2012-07-01 22:07:07.0"/>
    <CountryTeleCode countryCode="VN" teleCode="84" lastUpdatedStamp="2012-07-01 22:07:10.0" lastUpdatedTxStamp="2012-07-01 22:07:07.0" createdStamp="2012-07-01 22:07:10.0" createdTxStamp="2012-07-01 22:07:07.0"/>
    <CountryTeleCode countryCode="VU" teleCode="678" lastUpdatedStamp="2012-07-01 22:07:10.0" lastUpdatedTxStamp="2012-07-01 22:07:07.0" createdStamp="2012-07-01 22:07:10.0" createdTxStamp="2012-07-01 22:07:07.0"/>
    <CountryTeleCode countryCode="WF" teleCode="681" lastUpdatedStamp="2012-07-01 22:07:10.0" lastUpdatedTxStamp="2012-07-01 22:07:07.0" createdStamp="2012-07-01 22:07:10.0" createdTxStamp="2012-07-01 22:07:07.0"/>
    <CountryTeleCode countryCode="WS" teleCode="684" lastUpdatedStamp="2012-07-01 22:07:10.0" lastUpdatedTxStamp="2012-07-01 22:07:07.0" createdStamp="2012-07-01 22:07:10.0" createdTxStamp="2012-07-01 22:07:07.0"/>
    <CountryTeleCode countryCode="YE" teleCode="967" lastUpdatedStamp="2012-07-01 22:07:10.0" lastUpdatedTxStamp="2012-07-01 22:07:07.0" createdStamp="2012-07-01 22:07:10.0" createdTxStamp="2012-07-01 22:07:07.0"/>
    <CountryTeleCode countryCode="YT" teleCode="269" lastUpdatedStamp="2012-07-01 22:07:10.0" lastUpdatedTxStamp="2012-07-01 22:07:07.0" createdStamp="2012-07-01 22:07:10.0" createdTxStamp="2012-07-01 22:07:07.0"/>
    <CountryTeleCode countryCode="YU" teleCode="381" lastUpdatedStamp="2012-07-01 22:07:10.0" lastUpdatedTxStamp="2012-07-01 22:07:07.0" createdStamp="2012-07-01 22:07:10.0" createdTxStamp="2012-07-01 22:07:07.0"/>
    <CountryTeleCode countryCode="ZA" teleCode="27" lastUpdatedStamp="2012-07-01 22:07:10.0" lastUpdatedTxStamp="2012-07-01 22:07:07.0" createdStamp="2012-07-01 22:07:10.0" createdTxStamp="2012-07-01 22:07:07.0"/>
    <CountryTeleCode countryCode="ZM" teleCode="260" lastUpdatedStamp="2012-07-01 22:07:10.0" lastUpdatedTxStamp="2012-07-01 22:07:07.0" createdStamp="2012-07-01 22:07:10.0" createdTxStamp="2012-07-01 22:07:07.0"/>
    <CountryTeleCode countryCode="ZW" teleCode="263" lastUpdatedStamp="2012-07-01 22:07:10.0" lastUpdatedTxStamp="2012-07-01 22:07:07.0" createdStamp="2012-07-01 22:07:10.0" createdTxStamp="2012-07-01 22:07:07.0"/>
</entity-engine-xml>
