<?xml version="1.0" encoding="UTF-8"?>
<entity-engine-xml>
    <CountryCapital countryCode="AD" countryCapital="Andorra" lastUpdatedStamp="2012-07-01 22:07:08.0" lastUpdatedTxStamp="2012-07-01 22:07:07.0" createdStamp="2012-07-01 22:07:08.0" createdTxStamp="2012-07-01 22:07:07.0"/>
    <CountryCapital countryCode="AE" countryCapital="Abu Dhabi" lastUpdatedStamp="2012-07-01 22:07:08.0" lastUpdatedTxStamp="2012-07-01 22:07:07.0" createdStamp="2012-07-01 22:07:08.0" createdTxStamp="2012-07-01 22:07:07.0"/>
    <CountryCapital countryCode="AF" countryCapital="Kabul" lastUpdatedStamp="2012-07-01 22:07:08.0" lastUpdatedTxStamp="2012-07-01 22:07:07.0" createdStamp="2012-07-01 22:07:08.0" createdTxStamp="2012-07-01 22:07:07.0"/>
    <CountryCapital countryCode="AG" countryCapital="St. Johns" lastUpdatedStamp="2012-07-01 22:07:08.0" lastUpdatedTxStamp="2012-07-01 22:07:07.0" createdStamp="2012-07-01 22:07:08.0" createdTxStamp="2012-07-01 22:07:07.0"/>
    <CountryCapital countryCode="AI" countryCapital="The Valley" lastUpdatedStamp="2012-07-01 22:07:08.0" lastUpdatedTxStamp="2012-07-01 22:07:07.0" createdStamp="2012-07-01 22:07:08.0" createdTxStamp="2012-07-01 22:07:07.0"/>
    <CountryCapital countryCode="AL" countryCapital="Tiran" lastUpdatedStamp="2012-07-01 22:07:08.0" lastUpdatedTxStamp="2012-07-01 22:07:07.0" createdStamp="2012-07-01 22:07:08.0" createdTxStamp="2012-07-01 22:07:07.0"/>
    <CountryCapital countryCode="AM" countryCapital="Yerevan" lastUpdatedStamp="2012-07-01 22:07:08.0" lastUpdatedTxStamp="2012-07-01 22:07:07.0" createdStamp="2012-07-01 22:07:08.0" createdTxStamp="2012-07-01 22:07:07.0"/>
    <CountryCapital countryCode="AN" countryCapital="Willemstad" lastUpdatedStamp="2012-07-01 22:07:08.0" lastUpdatedTxStamp="2012-07-01 22:07:07.0" createdStamp="2012-07-01 22:07:08.0" createdTxStamp="2012-07-01 22:07:07.0"/>
    <CountryCapital countryCode="AO" countryCapital="Luanda" lastUpdatedStamp="2012-07-01 22:07:08.0" lastUpdatedTxStamp="2012-07-01 22:07:07.0" createdStamp="2012-07-01 22:07:08.0" createdTxStamp="2012-07-01 22:07:07.0"/>
    <CountryCapital countryCode="AQ" countryCapital="None" lastUpdatedStamp="2012-07-01 22:07:08.0" lastUpdatedTxStamp="2012-07-01 22:07:07.0" createdStamp="2012-07-01 22:07:08.0" createdTxStamp="2012-07-01 22:07:07.0"/>
    <CountryCapital countryCode="AR" countryCapital="Buenos Aires" lastUpdatedStamp="2012-07-01 22:07:08.0" lastUpdatedTxStamp="2012-07-01 22:07:07.0" createdStamp="2012-07-01 22:07:08.0" createdTxStamp="2012-07-01 22:07:07.0"/>
    <CountryCapital countryCode="AS" countryCapital="Pago Pago" lastUpdatedStamp="2012-07-01 22:07:08.0" lastUpdatedTxStamp="2012-07-01 22:07:07.0" createdStamp="2012-07-01 22:07:08.0" createdTxStamp="2012-07-01 22:07:07.0"/>
    <CountryCapital countryCode="AT" countryCapital="Vienna" lastUpdatedStamp="2012-07-01 22:07:08.0" lastUpdatedTxStamp="2012-07-01 22:07:07.0" createdStamp="2012-07-01 22:07:08.0" createdTxStamp="2012-07-01 22:07:07.0"/>
    <CountryCapital countryCode="AU" countryCapital="Canberra" lastUpdatedStamp="2012-07-01 22:07:08.0" lastUpdatedTxStamp="2012-07-01 22:07:07.0" createdStamp="2012-07-01 22:07:08.0" createdTxStamp="2012-07-01 22:07:07.0"/>
    <CountryCapital countryCode="AW" countryCapital="Oranjestad" lastUpdatedStamp="2012-07-01 22:07:08.0" lastUpdatedTxStamp="2012-07-01 22:07:07.0" createdStamp="2012-07-01 22:07:08.0" createdTxStamp="2012-07-01 22:07:07.0"/>
    <CountryCapital countryCode="AZ" countryCapital="Baku" lastUpdatedStamp="2012-07-01 22:07:08.0" lastUpdatedTxStamp="2012-07-01 22:07:07.0" createdStamp="2012-07-01 22:07:08.0" createdTxStamp="2012-07-01 22:07:07.0"/>
    <CountryCapital countryCode="BA" countryCapital="Sarajevo" lastUpdatedStamp="2012-07-01 22:07:08.0" lastUpdatedTxStamp="2012-07-01 22:07:07.0" createdStamp="2012-07-01 22:07:08.0" createdTxStamp="2012-07-01 22:07:07.0"/>
    <CountryCapital countryCode="BB" countryCapital="Bridgetown" lastUpdatedStamp="2012-07-01 22:07:08.0" lastUpdatedTxStamp="2012-07-01 22:07:07.0" createdStamp="2012-07-01 22:07:08.0" createdTxStamp="2012-07-01 22:07:07.0"/>
    <CountryCapital countryCode="BD" countryCapital="Dhaka" lastUpdatedStamp="2012-07-01 22:07:08.0" lastUpdatedTxStamp="2012-07-01 22:07:07.0" createdStamp="2012-07-01 22:07:08.0" createdTxStamp="2012-07-01 22:07:07.0"/>
    <CountryCapital countryCode="BE" countryCapital="Brussels" lastUpdatedStamp="2012-07-01 22:07:08.0" lastUpdatedTxStamp="2012-07-01 22:07:07.0" createdStamp="2012-07-01 22:07:08.0" createdTxStamp="2012-07-01 22:07:07.0"/>
    <CountryCapital countryCode="BF" countryCapital="Ouagadougou" lastUpdatedStamp="2012-07-01 22:07:08.0" lastUpdatedTxStamp="2012-07-01 22:07:07.0" createdStamp="2012-07-01 22:07:08.0" createdTxStamp="2012-07-01 22:07:07.0"/>
    <CountryCapital countryCode="BG" countryCapital="Sofia" lastUpdatedStamp="2012-07-01 22:07:08.0" lastUpdatedTxStamp="2012-07-01 22:07:07.0" createdStamp="2012-07-01 22:07:08.0" createdTxStamp="2012-07-01 22:07:07.0"/>
    <CountryCapital countryCode="BH" countryCapital="Al-Manamah" lastUpdatedStamp="2012-07-01 22:07:08.0" lastUpdatedTxStamp="2012-07-01 22:07:07.0" createdStamp="2012-07-01 22:07:08.0" createdTxStamp="2012-07-01 22:07:07.0"/>
    <CountryCapital countryCode="BI" countryCapital="Bujumbura" lastUpdatedStamp="2012-07-01 22:07:08.0" lastUpdatedTxStamp="2012-07-01 22:07:07.0" createdStamp="2012-07-01 22:07:08.0" createdTxStamp="2012-07-01 22:07:07.0"/>
    <CountryCapital countryCode="BJ" countryCapital="Porto-Novo" lastUpdatedStamp="2012-07-01 22:07:08.0" lastUpdatedTxStamp="2012-07-01 22:07:07.0" createdStamp="2012-07-01 22:07:08.0" createdTxStamp="2012-07-01 22:07:07.0"/>
    <CountryCapital countryCode="BM" countryCapital="Hamilton" lastUpdatedStamp="2012-07-01 22:07:08.0" lastUpdatedTxStamp="2012-07-01 22:07:07.0" createdStamp="2012-07-01 22:07:08.0" createdTxStamp="2012-07-01 22:07:07.0"/>
    <CountryCapital countryCode="BN" countryCapital="Bandar Seri Begawan" lastUpdatedStamp="2012-07-01 22:07:08.0" lastUpdatedTxStamp="2012-07-01 22:07:07.0" createdStamp="2012-07-01 22:07:08.0" createdTxStamp="2012-07-01 22:07:07.0"/>
    <CountryCapital countryCode="BO" countryCapital="La Paz" lastUpdatedStamp="2012-07-01 22:07:08.0" lastUpdatedTxStamp="2012-07-01 22:07:07.0" createdStamp="2012-07-01 22:07:08.0" createdTxStamp="2012-07-01 22:07:07.0"/>
    <CountryCapital countryCode="BR" countryCapital="Brasilia" lastUpdatedStamp="2012-07-01 22:07:08.0" lastUpdatedTxStamp="2012-07-01 22:07:07.0" createdStamp="2012-07-01 22:07:08.0" createdTxStamp="2012-07-01 22:07:07.0"/>
    <CountryCapital countryCode="BS" countryCapital="Nassau" lastUpdatedStamp="2012-07-01 22:07:08.0" lastUpdatedTxStamp="2012-07-01 22:07:07.0" createdStamp="2012-07-01 22:07:08.0" createdTxStamp="2012-07-01 22:07:07.0"/>
    <CountryCapital countryCode="BT" countryCapital="Thimphu" lastUpdatedStamp="2012-07-01 22:07:08.0" lastUpdatedTxStamp="2012-07-01 22:07:07.0" createdStamp="2012-07-01 22:07:08.0" createdTxStamp="2012-07-01 22:07:07.0"/>
    <CountryCapital countryCode="BV" countryCapital="None" lastUpdatedStamp="2012-07-01 22:07:08.0" lastUpdatedTxStamp="2012-07-01 22:07:07.0" createdStamp="2012-07-01 22:07:08.0" createdTxStamp="2012-07-01 22:07:07.0"/>
    <CountryCapital countryCode="BW" countryCapital="Gaborone" lastUpdatedStamp="2012-07-01 22:07:08.0" lastUpdatedTxStamp="2012-07-01 22:07:07.0" createdStamp="2012-07-01 22:07:08.0" createdTxStamp="2012-07-01 22:07:07.0"/>
    <CountryCapital countryCode="BY" countryCapital="Minsk" lastUpdatedStamp="2012-07-01 22:07:08.0" lastUpdatedTxStamp="2012-07-01 22:07:07.0" createdStamp="2012-07-01 22:07:08.0" createdTxStamp="2012-07-01 22:07:07.0"/>
    <CountryCapital countryCode="BZ" countryCapital="Belmopan" lastUpdatedStamp="2012-07-01 22:07:08.0" lastUpdatedTxStamp="2012-07-01 22:07:07.0" createdStamp="2012-07-01 22:07:08.0" createdTxStamp="2012-07-01 22:07:07.0"/>
    <CountryCapital countryCode="CA" countryCapital="Ottawa" lastUpdatedStamp="2012-07-01 22:07:08.0" lastUpdatedTxStamp="2012-07-01 22:07:07.0" createdStamp="2012-07-01 22:07:08.0" createdTxStamp="2012-07-01 22:07:07.0"/>
    <CountryCapital countryCode="CC" countryCapital="West Island" lastUpdatedStamp="2012-07-01 22:07:08.0" lastUpdatedTxStamp="2012-07-01 22:07:07.0" createdStamp="2012-07-01 22:07:08.0" createdTxStamp="2012-07-01 22:07:07.0"/>
    <CountryCapital countryCode="CD" countryCapital="Kinshasa" lastUpdatedStamp="2012-07-01 22:07:08.0" lastUpdatedTxStamp="2012-07-01 22:07:07.0" createdStamp="2012-07-01 22:07:08.0" createdTxStamp="2012-07-01 22:07:07.0"/>
    <CountryCapital countryCode="CF" countryCapital="Bangui" lastUpdatedStamp="2012-07-01 22:07:08.0" lastUpdatedTxStamp="2012-07-01 22:07:07.0" createdStamp="2012-07-01 22:07:08.0" createdTxStamp="2012-07-01 22:07:07.0"/>
    <CountryCapital countryCode="CG" countryCapital="Brazzaville" lastUpdatedStamp="2012-07-01 22:07:08.0" lastUpdatedTxStamp="2012-07-01 22:07:07.0" createdStamp="2012-07-01 22:07:08.0" createdTxStamp="2012-07-01 22:07:07.0"/>
    <CountryCapital countryCode="CH" countryCapital="Bern" lastUpdatedStamp="2012-07-01 22:07:08.0" lastUpdatedTxStamp="2012-07-01 22:07:07.0" createdStamp="2012-07-01 22:07:08.0" createdTxStamp="2012-07-01 22:07:07.0"/>
    <CountryCapital countryCode="CI" countryCapital="Abidjan" lastUpdatedStamp="2012-07-01 22:07:08.0" lastUpdatedTxStamp="2012-07-01 22:07:07.0" createdStamp="2012-07-01 22:07:08.0" createdTxStamp="2012-07-01 22:07:07.0"/>
    <CountryCapital countryCode="CK" countryCapital="Avarua" lastUpdatedStamp="2012-07-01 22:07:08.0" lastUpdatedTxStamp="2012-07-01 22:07:07.0" createdStamp="2012-07-01 22:07:08.0" createdTxStamp="2012-07-01 22:07:07.0"/>
    <CountryCapital countryCode="CL" countryCapital="Santiago" lastUpdatedStamp="2012-07-01 22:07:08.0" lastUpdatedTxStamp="2012-07-01 22:07:07.0" createdStamp="2012-07-01 22:07:08.0" createdTxStamp="2012-07-01 22:07:07.0"/>
    <CountryCapital countryCode="CM" countryCapital="Yaounde" lastUpdatedStamp="2012-07-01 22:07:08.0" lastUpdatedTxStamp="2012-07-01 22:07:07.0" createdStamp="2012-07-01 22:07:08.0" createdTxStamp="2012-07-01 22:07:07.0"/>
    <CountryCapital countryCode="CN" countryCapital="Beijing" lastUpdatedStamp="2012-07-01 22:07:08.0" lastUpdatedTxStamp="2012-07-01 22:07:07.0" createdStamp="2012-07-01 22:07:08.0" createdTxStamp="2012-07-01 22:07:07.0"/>
    <CountryCapital countryCode="CO" countryCapital="Bogota" lastUpdatedStamp="2012-07-01 22:07:08.0" lastUpdatedTxStamp="2012-07-01 22:07:07.0" createdStamp="2012-07-01 22:07:08.0" createdTxStamp="2012-07-01 22:07:07.0"/>
    <CountryCapital countryCode="CR" countryCapital="San Jose" lastUpdatedStamp="2012-07-01 22:07:08.0" lastUpdatedTxStamp="2012-07-01 22:07:07.0" createdStamp="2012-07-01 22:07:08.0" createdTxStamp="2012-07-01 22:07:07.0"/>
    <CountryCapital countryCode="CU" countryCapital="Havana" lastUpdatedStamp="2012-07-01 22:07:08.0" lastUpdatedTxStamp="2012-07-01 22:07:07.0" createdStamp="2012-07-01 22:07:08.0" createdTxStamp="2012-07-01 22:07:07.0"/>
    <CountryCapital countryCode="CV" countryCapital="Praia" lastUpdatedStamp="2012-07-01 22:07:08.0" lastUpdatedTxStamp="2012-07-01 22:07:07.0" createdStamp="2012-07-01 22:07:08.0" createdTxStamp="2012-07-01 22:07:07.0"/>
    <CountryCapital countryCode="CX" countryCapital="The Settlement" lastUpdatedStamp="2012-07-01 22:07:08.0" lastUpdatedTxStamp="2012-07-01 22:07:07.0" createdStamp="2012-07-01 22:07:08.0" createdTxStamp="2012-07-01 22:07:07.0"/>
    <CountryCapital countryCode="CY" countryCapital="Nicosia" lastUpdatedStamp="2012-07-01 22:07:08.0" lastUpdatedTxStamp="2012-07-01 22:07:07.0" createdStamp="2012-07-01 22:07:08.0" createdTxStamp="2012-07-01 22:07:07.0"/>
    <CountryCapital countryCode="CZ" countryCapital="Prague" lastUpdatedStamp="2012-07-01 22:07:08.0" lastUpdatedTxStamp="2012-07-01 22:07:07.0" createdStamp="2012-07-01 22:07:08.0" createdTxStamp="2012-07-01 22:07:07.0"/>
    <CountryCapital countryCode="DE" countryCapital="Berlin" lastUpdatedStamp="2012-07-01 22:07:08.0" lastUpdatedTxStamp="2012-07-01 22:07:07.0" createdStamp="2012-07-01 22:07:08.0" createdTxStamp="2012-07-01 22:07:07.0"/>
    <CountryCapital countryCode="DJ" countryCapital="Djibouti" lastUpdatedStamp="2012-07-01 22:07:08.0" lastUpdatedTxStamp="2012-07-01 22:07:07.0" createdStamp="2012-07-01 22:07:08.0" createdTxStamp="2012-07-01 22:07:07.0"/>
    <CountryCapital countryCode="DK" countryCapital="Copenhagen" lastUpdatedStamp="2012-07-01 22:07:08.0" lastUpdatedTxStamp="2012-07-01 22:07:07.0" createdStamp="2012-07-01 22:07:08.0" createdTxStamp="2012-07-01 22:07:07.0"/>
    <CountryCapital countryCode="DM" countryCapital="Roseau" lastUpdatedStamp="2012-07-01 22:07:08.0" lastUpdatedTxStamp="2012-07-01 22:07:07.0" createdStamp="2012-07-01 22:07:08.0" createdTxStamp="2012-07-01 22:07:07.0"/>
    <CountryCapital countryCode="DO" countryCapital="Santo Domingo" lastUpdatedStamp="2012-07-01 22:07:08.0" lastUpdatedTxStamp="2012-07-01 22:07:07.0" createdStamp="2012-07-01 22:07:08.0" createdTxStamp="2012-07-01 22:07:07.0"/>
    <CountryCapital countryCode="DZ" countryCapital="Algiers" lastUpdatedStamp="2012-07-01 22:07:08.0" lastUpdatedTxStamp="2012-07-01 22:07:07.0" createdStamp="2012-07-01 22:07:08.0" createdTxStamp="2012-07-01 22:07:07.0"/>
    <CountryCapital countryCode="EC" countryCapital="Quito" lastUpdatedStamp="2012-07-01 22:07:08.0" lastUpdatedTxStamp="2012-07-01 22:07:07.0" createdStamp="2012-07-01 22:07:08.0" createdTxStamp="2012-07-01 22:07:07.0"/>
    <CountryCapital countryCode="EE" countryCapital="Tallinn" lastUpdatedStamp="2012-07-01 22:07:08.0" lastUpdatedTxStamp="2012-07-01 22:07:07.0" createdStamp="2012-07-01 22:07:08.0" createdTxStamp="2012-07-01 22:07:07.0"/>
    <CountryCapital countryCode="EG" countryCapital="Cairo" lastUpdatedStamp="2012-07-01 22:07:08.0" lastUpdatedTxStamp="2012-07-01 22:07:07.0" createdStamp="2012-07-01 22:07:08.0" createdTxStamp="2012-07-01 22:07:07.0"/>
    <CountryCapital countryCode="EH" countryCapital="El Aaiun" lastUpdatedStamp="2012-07-01 22:07:08.0" lastUpdatedTxStamp="2012-07-01 22:07:07.0" createdStamp="2012-07-01 22:07:08.0" createdTxStamp="2012-07-01 22:07:07.0"/>
    <CountryCapital countryCode="ENG" countryCapital="London" lastUpdatedStamp="2012-07-01 22:07:08.0" lastUpdatedTxStamp="2012-07-01 22:07:07.0" createdStamp="2012-07-01 22:07:08.0" createdTxStamp="2012-07-01 22:07:07.0"/>
    <CountryCapital countryCode="ER" countryCapital="Asmara" lastUpdatedStamp="2012-07-01 22:07:08.0" lastUpdatedTxStamp="2012-07-01 22:07:07.0" createdStamp="2012-07-01 22:07:08.0" createdTxStamp="2012-07-01 22:07:07.0"/>
    <CountryCapital countryCode="ES" countryCapital="Madrid" lastUpdatedStamp="2012-07-01 22:07:08.0" lastUpdatedTxStamp="2012-07-01 22:07:07.0" createdStamp="2012-07-01 22:07:08.0" createdTxStamp="2012-07-01 22:07:07.0"/>
    <CountryCapital countryCode="ET" countryCapital="Addis Ababa" lastUpdatedStamp="2012-07-01 22:07:08.0" lastUpdatedTxStamp="2012-07-01 22:07:07.0" createdStamp="2012-07-01 22:07:08.0" createdTxStamp="2012-07-01 22:07:07.0"/>
    <CountryCapital countryCode="FI" countryCapital="Helsinki" lastUpdatedStamp="2012-07-01 22:07:08.0" lastUpdatedTxStamp="2012-07-01 22:07:07.0" createdStamp="2012-07-01 22:07:08.0" createdTxStamp="2012-07-01 22:07:07.0"/>
    <CountryCapital countryCode="FJ" countryCapital="Suva" lastUpdatedStamp="2012-07-01 22:07:08.0" lastUpdatedTxStamp="2012-07-01 22:07:07.0" createdStamp="2012-07-01 22:07:08.0" createdTxStamp="2012-07-01 22:07:07.0"/>
    <CountryCapital countryCode="FK" countryCapital="Stanley" lastUpdatedStamp="2012-07-01 22:07:08.0" lastUpdatedTxStamp="2012-07-01 22:07:07.0" createdStamp="2012-07-01 22:07:08.0" createdTxStamp="2012-07-01 22:07:07.0"/>
    <CountryCapital countryCode="FM" countryCapital="Palikir" lastUpdatedStamp="2012-07-01 22:07:08.0" lastUpdatedTxStamp="2012-07-01 22:07:07.0" createdStamp="2012-07-01 22:07:08.0" createdTxStamp="2012-07-01 22:07:07.0"/>
    <CountryCapital countryCode="FO" countryCapital="Torshavn" lastUpdatedStamp="2012-07-01 22:07:08.0" lastUpdatedTxStamp="2012-07-01 22:07:07.0" createdStamp="2012-07-01 22:07:08.0" createdTxStamp="2012-07-01 22:07:07.0"/>
    <CountryCapital countryCode="FR" countryCapital="Paris" lastUpdatedStamp="2012-07-01 22:07:08.0" lastUpdatedTxStamp="2012-07-01 22:07:07.0" createdStamp="2012-07-01 22:07:08.0" createdTxStamp="2012-07-01 22:07:07.0"/>
    <CountryCapital countryCode="GA" countryCapital="Libreville" lastUpdatedStamp="2012-07-01 22:07:08.0" lastUpdatedTxStamp="2012-07-01 22:07:07.0" createdStamp="2012-07-01 22:07:08.0" createdTxStamp="2012-07-01 22:07:07.0"/>
    <CountryCapital countryCode="GB" countryCapital="London" lastUpdatedStamp="2012-07-01 22:07:08.0" lastUpdatedTxStamp="2012-07-01 22:07:07.0" createdStamp="2012-07-01 22:07:08.0" createdTxStamp="2012-07-01 22:07:07.0"/>
    <CountryCapital countryCode="GD" countryCapital="St. George&apos;s" lastUpdatedStamp="2012-07-01 22:07:08.0" lastUpdatedTxStamp="2012-07-01 22:07:07.0" createdStamp="2012-07-01 22:07:08.0" createdTxStamp="2012-07-01 22:07:07.0"/>
    <CountryCapital countryCode="GE" countryCapital="Tbilisi" lastUpdatedStamp="2012-07-01 22:07:08.0" lastUpdatedTxStamp="2012-07-01 22:07:07.0" createdStamp="2012-07-01 22:07:08.0" createdTxStamp="2012-07-01 22:07:07.0"/>
    <CountryCapital countryCode="GF" countryCapital="Cayenne" lastUpdatedStamp="2012-07-01 22:07:08.0" lastUpdatedTxStamp="2012-07-01 22:07:07.0" createdStamp="2012-07-01 22:07:08.0" createdTxStamp="2012-07-01 22:07:07.0"/>
    <CountryCapital countryCode="GH" countryCapital="Accra" lastUpdatedStamp="2012-07-01 22:07:08.0" lastUpdatedTxStamp="2012-07-01 22:07:07.0" createdStamp="2012-07-01 22:07:08.0" createdTxStamp="2012-07-01 22:07:07.0"/>
    <CountryCapital countryCode="GI" countryCapital="Gibraltar" lastUpdatedStamp="2012-07-01 22:07:08.0" lastUpdatedTxStamp="2012-07-01 22:07:07.0" createdStamp="2012-07-01 22:07:08.0" createdTxStamp="2012-07-01 22:07:07.0"/>
    <CountryCapital countryCode="GL" countryCapital="Godthab" lastUpdatedStamp="2012-07-01 22:07:08.0" lastUpdatedTxStamp="2012-07-01 22:07:07.0" createdStamp="2012-07-01 22:07:08.0" createdTxStamp="2012-07-01 22:07:07.0"/>
    <CountryCapital countryCode="GM" countryCapital="Banjul" lastUpdatedStamp="2012-07-01 22:07:08.0" lastUpdatedTxStamp="2012-07-01 22:07:07.0" createdStamp="2012-07-01 22:07:08.0" createdTxStamp="2012-07-01 22:07:07.0"/>
    <CountryCapital countryCode="GN" countryCapital="Conakry" lastUpdatedStamp="2012-07-01 22:07:08.0" lastUpdatedTxStamp="2012-07-01 22:07:07.0" createdStamp="2012-07-01 22:07:08.0" createdTxStamp="2012-07-01 22:07:07.0"/>
    <CountryCapital countryCode="GP" countryCapital="Basse-Terre" lastUpdatedStamp="2012-07-01 22:07:08.0" lastUpdatedTxStamp="2012-07-01 22:07:07.0" createdStamp="2012-07-01 22:07:08.0" createdTxStamp="2012-07-01 22:07:07.0"/>
    <CountryCapital countryCode="GQ" countryCapital="Malabo" lastUpdatedStamp="2012-07-01 22:07:08.0" lastUpdatedTxStamp="2012-07-01 22:07:07.0" createdStamp="2012-07-01 22:07:08.0" createdTxStamp="2012-07-01 22:07:07.0"/>
    <CountryCapital countryCode="GR" countryCapital="Athens" lastUpdatedStamp="2012-07-01 22:07:08.0" lastUpdatedTxStamp="2012-07-01 22:07:07.0" createdStamp="2012-07-01 22:07:08.0" createdTxStamp="2012-07-01 22:07:07.0"/>
    <CountryCapital countryCode="GS" countryCapital="None" lastUpdatedStamp="2012-07-01 22:07:08.0" lastUpdatedTxStamp="2012-07-01 22:07:07.0" createdStamp="2012-07-01 22:07:08.0" createdTxStamp="2012-07-01 22:07:07.0"/>
    <CountryCapital countryCode="GT" countryCapital="Guatemala City" lastUpdatedStamp="2012-07-01 22:07:08.0" lastUpdatedTxStamp="2012-07-01 22:07:07.0" createdStamp="2012-07-01 22:07:08.0" createdTxStamp="2012-07-01 22:07:07.0"/>
    <CountryCapital countryCode="GU" countryCapital="Agana" lastUpdatedStamp="2012-07-01 22:07:08.0" lastUpdatedTxStamp="2012-07-01 22:07:07.0" createdStamp="2012-07-01 22:07:08.0" createdTxStamp="2012-07-01 22:07:07.0"/>
    <CountryCapital countryCode="GW" countryCapital="Bissau" lastUpdatedStamp="2012-07-01 22:07:08.0" lastUpdatedTxStamp="2012-07-01 22:07:07.0" createdStamp="2012-07-01 22:07:08.0" createdTxStamp="2012-07-01 22:07:07.0"/>
    <CountryCapital countryCode="GY" countryCapital="Georgetown" lastUpdatedStamp="2012-07-01 22:07:08.0" lastUpdatedTxStamp="2012-07-01 22:07:07.0" createdStamp="2012-07-01 22:07:08.0" createdTxStamp="2012-07-01 22:07:07.0"/>
    <CountryCapital countryCode="HK" countryCapital="Victoria" lastUpdatedStamp="2012-07-01 22:07:08.0" lastUpdatedTxStamp="2012-07-01 22:07:07.0" createdStamp="2012-07-01 22:07:08.0" createdTxStamp="2012-07-01 22:07:07.0"/>
    <CountryCapital countryCode="HM" countryCapital="None" lastUpdatedStamp="2012-07-01 22:07:08.0" lastUpdatedTxStamp="2012-07-01 22:07:07.0" createdStamp="2012-07-01 22:07:08.0" createdTxStamp="2012-07-01 22:07:07.0"/>
    <CountryCapital countryCode="HN" countryCapital="Tegucigalpa" lastUpdatedStamp="2012-07-01 22:07:08.0" lastUpdatedTxStamp="2012-07-01 22:07:07.0" createdStamp="2012-07-01 22:07:08.0" createdTxStamp="2012-07-01 22:07:07.0"/>
    <CountryCapital countryCode="HR" countryCapital="Zagreb" lastUpdatedStamp="2012-07-01 22:07:08.0" lastUpdatedTxStamp="2012-07-01 22:07:07.0" createdStamp="2012-07-01 22:07:08.0" createdTxStamp="2012-07-01 22:07:07.0"/>
    <CountryCapital countryCode="HT" countryCapital="Port-au-Prince" lastUpdatedStamp="2012-07-01 22:07:08.0" lastUpdatedTxStamp="2012-07-01 22:07:07.0" createdStamp="2012-07-01 22:07:08.0" createdTxStamp="2012-07-01 22:07:07.0"/>
    <CountryCapital countryCode="HU" countryCapital="Budapest" lastUpdatedStamp="2012-07-01 22:07:08.0" lastUpdatedTxStamp="2012-07-01 22:07:07.0" createdStamp="2012-07-01 22:07:08.0" createdTxStamp="2012-07-01 22:07:07.0"/>
    <CountryCapital countryCode="ID" countryCapital="Jakarta" lastUpdatedStamp="2012-07-01 22:07:08.0" lastUpdatedTxStamp="2012-07-01 22:07:07.0" createdStamp="2012-07-01 22:07:08.0" createdTxStamp="2012-07-01 22:07:07.0"/>
    <CountryCapital countryCode="IE" countryCapital="Dublin" lastUpdatedStamp="2012-07-01 22:07:08.0" lastUpdatedTxStamp="2012-07-01 22:07:07.0" createdStamp="2012-07-01 22:07:08.0" createdTxStamp="2012-07-01 22:07:07.0"/>
    <CountryCapital countryCode="IL" countryCapital="Jerusalem" lastUpdatedStamp="2012-07-01 22:07:08.0" lastUpdatedTxStamp="2012-07-01 22:07:07.0" createdStamp="2012-07-01 22:07:08.0" createdTxStamp="2012-07-01 22:07:07.0"/>
    <CountryCapital countryCode="IN" countryCapital="New Delhi" lastUpdatedStamp="2012-07-01 22:07:08.0" lastUpdatedTxStamp="2012-07-01 22:07:07.0" createdStamp="2012-07-01 22:07:08.0" createdTxStamp="2012-07-01 22:07:07.0"/>
    <CountryCapital countryCode="IO" countryCapital="None" lastUpdatedStamp="2012-07-01 22:07:08.0" lastUpdatedTxStamp="2012-07-01 22:07:07.0" createdStamp="2012-07-01 22:07:08.0" createdTxStamp="2012-07-01 22:07:07.0"/>
    <CountryCapital countryCode="IQ" countryCapital="Baghdad" lastUpdatedStamp="2012-07-01 22:07:08.0" lastUpdatedTxStamp="2012-07-01 22:07:07.0" createdStamp="2012-07-01 22:07:08.0" createdTxStamp="2012-07-01 22:07:07.0"/>
    <CountryCapital countryCode="IR" countryCapital="Tehran" lastUpdatedStamp="2012-07-01 22:07:08.0" lastUpdatedTxStamp="2012-07-01 22:07:07.0" createdStamp="2012-07-01 22:07:08.0" createdTxStamp="2012-07-01 22:07:07.0"/>
    <CountryCapital countryCode="IS" countryCapital="Reykjavik" lastUpdatedStamp="2012-07-01 22:07:08.0" lastUpdatedTxStamp="2012-07-01 22:07:07.0" createdStamp="2012-07-01 22:07:08.0" createdTxStamp="2012-07-01 22:07:07.0"/>
    <CountryCapital countryCode="IT" countryCapital="Rome" lastUpdatedStamp="2012-07-01 22:07:08.0" lastUpdatedTxStamp="2012-07-01 22:07:07.0" createdStamp="2012-07-01 22:07:08.0" createdTxStamp="2012-07-01 22:07:07.0"/>
    <CountryCapital countryCode="JM" countryCapital="Kingston" lastUpdatedStamp="2012-07-01 22:07:08.0" lastUpdatedTxStamp="2012-07-01 22:07:07.0" createdStamp="2012-07-01 22:07:08.0" createdTxStamp="2012-07-01 22:07:07.0"/>
    <CountryCapital countryCode="JO" countryCapital="Amman" lastUpdatedStamp="2012-07-01 22:07:08.0" lastUpdatedTxStamp="2012-07-01 22:07:07.0" createdStamp="2012-07-01 22:07:08.0" createdTxStamp="2012-07-01 22:07:07.0"/>
    <CountryCapital countryCode="JP" countryCapital="Tokyo" lastUpdatedStamp="2012-07-01 22:07:08.0" lastUpdatedTxStamp="2012-07-01 22:07:07.0" createdStamp="2012-07-01 22:07:08.0" createdTxStamp="2012-07-01 22:07:07.0"/>
    <CountryCapital countryCode="KE" countryCapital="Nairobi" lastUpdatedStamp="2012-07-01 22:07:08.0" lastUpdatedTxStamp="2012-07-01 22:07:07.0" createdStamp="2012-07-01 22:07:08.0" createdTxStamp="2012-07-01 22:07:07.0"/>
    <CountryCapital countryCode="KG" countryCapital="Bishkek" lastUpdatedStamp="2012-07-01 22:07:08.0" lastUpdatedTxStamp="2012-07-01 22:07:07.0" createdStamp="2012-07-01 22:07:08.0" createdTxStamp="2012-07-01 22:07:07.0"/>
    <CountryCapital countryCode="KH" countryCapital="Phnom Penh" lastUpdatedStamp="2012-07-01 22:07:08.0" lastUpdatedTxStamp="2012-07-01 22:07:07.0" createdStamp="2012-07-01 22:07:08.0" createdTxStamp="2012-07-01 22:07:07.0"/>
    <CountryCapital countryCode="KI" countryCapital="Tarawa" lastUpdatedStamp="2012-07-01 22:07:08.0" lastUpdatedTxStamp="2012-07-01 22:07:07.0" createdStamp="2012-07-01 22:07:08.0" createdTxStamp="2012-07-01 22:07:07.0"/>
    <CountryCapital countryCode="KM" countryCapital="Moroni" lastUpdatedStamp="2012-07-01 22:07:08.0" lastUpdatedTxStamp="2012-07-01 22:07:07.0" createdStamp="2012-07-01 22:07:08.0" createdTxStamp="2012-07-01 22:07:07.0"/>
    <CountryCapital countryCode="KN" countryCapital="Basseterre" lastUpdatedStamp="2012-07-01 22:07:08.0" lastUpdatedTxStamp="2012-07-01 22:07:07.0" createdStamp="2012-07-01 22:07:08.0" createdTxStamp="2012-07-01 22:07:07.0"/>
    <CountryCapital countryCode="KP" countryCapital="Pyongyang" lastUpdatedStamp="2012-07-01 22:07:08.0" lastUpdatedTxStamp="2012-07-01 22:07:07.0" createdStamp="2012-07-01 22:07:08.0" createdTxStamp="2012-07-01 22:07:07.0"/>
    <CountryCapital countryCode="KR" countryCapital="Seoul" lastUpdatedStamp="2012-07-01 22:07:08.0" lastUpdatedTxStamp="2012-07-01 22:07:07.0" createdStamp="2012-07-01 22:07:08.0" createdTxStamp="2012-07-01 22:07:07.0"/>
    <CountryCapital countryCode="KW" countryCapital="Kuwait City" lastUpdatedStamp="2012-07-01 22:07:08.0" lastUpdatedTxStamp="2012-07-01 22:07:07.0" createdStamp="2012-07-01 22:07:08.0" createdTxStamp="2012-07-01 22:07:07.0"/>
    <CountryCapital countryCode="KY" countryCapital="Georgetown" lastUpdatedStamp="2012-07-01 22:07:08.0" lastUpdatedTxStamp="2012-07-01 22:07:07.0" createdStamp="2012-07-01 22:07:08.0" createdTxStamp="2012-07-01 22:07:07.0"/>
    <CountryCapital countryCode="KZ" countryCapital="Astana" lastUpdatedStamp="2012-07-01 22:07:08.0" lastUpdatedTxStamp="2012-07-01 22:07:07.0" createdStamp="2012-07-01 22:07:08.0" createdTxStamp="2012-07-01 22:07:07.0"/>
    <CountryCapital countryCode="LA" countryCapital="Vientiane" lastUpdatedStamp="2012-07-01 22:07:08.0" lastUpdatedTxStamp="2012-07-01 22:07:07.0" createdStamp="2012-07-01 22:07:08.0" createdTxStamp="2012-07-01 22:07:07.0"/>
    <CountryCapital countryCode="LB" countryCapital="Beirut" lastUpdatedStamp="2012-07-01 22:07:08.0" lastUpdatedTxStamp="2012-07-01 22:07:07.0" createdStamp="2012-07-01 22:07:08.0" createdTxStamp="2012-07-01 22:07:07.0"/>
    <CountryCapital countryCode="LC" countryCapital="Castries" lastUpdatedStamp="2012-07-01 22:07:08.0" lastUpdatedTxStamp="2012-07-01 22:07:07.0" createdStamp="2012-07-01 22:07:08.0" createdTxStamp="2012-07-01 22:07:07.0"/>
    <CountryCapital countryCode="LI" countryCapital="Vaduz" lastUpdatedStamp="2012-07-01 22:07:08.0" lastUpdatedTxStamp="2012-07-01 22:07:07.0" createdStamp="2012-07-01 22:07:08.0" createdTxStamp="2012-07-01 22:07:07.0"/>
    <CountryCapital countryCode="LK" countryCapital="Colombo" lastUpdatedStamp="2012-07-01 22:07:08.0" lastUpdatedTxStamp="2012-07-01 22:07:07.0" createdStamp="2012-07-01 22:07:08.0" createdTxStamp="2012-07-01 22:07:07.0"/>
    <CountryCapital countryCode="LR" countryCapital="Monrovia" lastUpdatedStamp="2012-07-01 22:07:08.0" lastUpdatedTxStamp="2012-07-01 22:07:07.0" createdStamp="2012-07-01 22:07:08.0" createdTxStamp="2012-07-01 22:07:07.0"/>
    <CountryCapital countryCode="LS" countryCapital="Maseru" lastUpdatedStamp="2012-07-01 22:07:08.0" lastUpdatedTxStamp="2012-07-01 22:07:07.0" createdStamp="2012-07-01 22:07:08.0" createdTxStamp="2012-07-01 22:07:07.0"/>
    <CountryCapital countryCode="LT" countryCapital="Vilnius" lastUpdatedStamp="2012-07-01 22:07:08.0" lastUpdatedTxStamp="2012-07-01 22:07:07.0" createdStamp="2012-07-01 22:07:08.0" createdTxStamp="2012-07-01 22:07:07.0"/>
    <CountryCapital countryCode="LU" countryCapital="Luxembourg" lastUpdatedStamp="2012-07-01 22:07:08.0" lastUpdatedTxStamp="2012-07-01 22:07:07.0" createdStamp="2012-07-01 22:07:08.0" createdTxStamp="2012-07-01 22:07:07.0"/>
    <CountryCapital countryCode="LV" countryCapital="Riga" lastUpdatedStamp="2012-07-01 22:07:08.0" lastUpdatedTxStamp="2012-07-01 22:07:07.0" createdStamp="2012-07-01 22:07:08.0" createdTxStamp="2012-07-01 22:07:07.0"/>
    <CountryCapital countryCode="LY" countryCapital="Tripoli" lastUpdatedStamp="2012-07-01 22:07:08.0" lastUpdatedTxStamp="2012-07-01 22:07:07.0" createdStamp="2012-07-01 22:07:08.0" createdTxStamp="2012-07-01 22:07:07.0"/>
    <CountryCapital countryCode="MA" countryCapital="Rabat" lastUpdatedStamp="2012-07-01 22:07:08.0" lastUpdatedTxStamp="2012-07-01 22:07:07.0" createdStamp="2012-07-01 22:07:08.0" createdTxStamp="2012-07-01 22:07:07.0"/>
    <CountryCapital countryCode="MC" countryCapital="Monaco" lastUpdatedStamp="2012-07-01 22:07:08.0" lastUpdatedTxStamp="2012-07-01 22:07:07.0" createdStamp="2012-07-01 22:07:08.0" createdTxStamp="2012-07-01 22:07:07.0"/>
    <CountryCapital countryCode="MD" countryCapital="Kishinev" lastUpdatedStamp="2012-07-01 22:07:09.0" lastUpdatedTxStamp="2012-07-01 22:07:07.0" createdStamp="2012-07-01 22:07:09.0" createdTxStamp="2012-07-01 22:07:07.0"/>
    <CountryCapital countryCode="MG" countryCapital="Antananarivo" lastUpdatedStamp="2012-07-01 22:07:09.0" lastUpdatedTxStamp="2012-07-01 22:07:07.0" createdStamp="2012-07-01 22:07:09.0" createdTxStamp="2012-07-01 22:07:07.0"/>
    <CountryCapital countryCode="MH" countryCapital="Majuro" lastUpdatedStamp="2012-07-01 22:07:09.0" lastUpdatedTxStamp="2012-07-01 22:07:07.0" createdStamp="2012-07-01 22:07:09.0" createdTxStamp="2012-07-01 22:07:07.0"/>
    <CountryCapital countryCode="MK" countryCapital="Skopje" lastUpdatedStamp="2012-07-01 22:07:09.0" lastUpdatedTxStamp="2012-07-01 22:07:07.0" createdStamp="2012-07-01 22:07:09.0" createdTxStamp="2012-07-01 22:07:07.0"/>
    <CountryCapital countryCode="ML" countryCapital="Bamako" lastUpdatedStamp="2012-07-01 22:07:09.0" lastUpdatedTxStamp="2012-07-01 22:07:07.0" createdStamp="2012-07-01 22:07:09.0" createdTxStamp="2012-07-01 22:07:07.0"/>
    <CountryCapital countryCode="MM" countryCapital="Rangoon" lastUpdatedStamp="2012-07-01 22:07:09.0" lastUpdatedTxStamp="2012-07-01 22:07:07.0" createdStamp="2012-07-01 22:07:09.0" createdTxStamp="2012-07-01 22:07:07.0"/>
    <CountryCapital countryCode="MN" countryCapital="Ulan Bator" lastUpdatedStamp="2012-07-01 22:07:09.0" lastUpdatedTxStamp="2012-07-01 22:07:07.0" createdStamp="2012-07-01 22:07:09.0" createdTxStamp="2012-07-01 22:07:07.0"/>
    <CountryCapital countryCode="MO" countryCapital="Macau" lastUpdatedStamp="2012-07-01 22:07:09.0" lastUpdatedTxStamp="2012-07-01 22:07:07.0" createdStamp="2012-07-01 22:07:09.0" createdTxStamp="2012-07-01 22:07:07.0"/>
    <CountryCapital countryCode="MP" countryCapital="Saipan" lastUpdatedStamp="2012-07-01 22:07:09.0" lastUpdatedTxStamp="2012-07-01 22:07:07.0" createdStamp="2012-07-01 22:07:09.0" createdTxStamp="2012-07-01 22:07:07.0"/>
    <CountryCapital countryCode="MQ" countryCapital="Fort-de-France" lastUpdatedStamp="2012-07-01 22:07:09.0" lastUpdatedTxStamp="2012-07-01 22:07:07.0" createdStamp="2012-07-01 22:07:09.0" createdTxStamp="2012-07-01 22:07:07.0"/>
    <CountryCapital countryCode="MR" countryCapital="Nouakchott" lastUpdatedStamp="2012-07-01 22:07:09.0" lastUpdatedTxStamp="2012-07-01 22:07:07.0" createdStamp="2012-07-01 22:07:09.0" createdTxStamp="2012-07-01 22:07:07.0"/>
    <CountryCapital countryCode="MS" countryCapital="Plymouth" lastUpdatedStamp="2012-07-01 22:07:09.0" lastUpdatedTxStamp="2012-07-01 22:07:07.0" createdStamp="2012-07-01 22:07:09.0" createdTxStamp="2012-07-01 22:07:07.0"/>
    <CountryCapital countryCode="MT" countryCapital="Valletta" lastUpdatedStamp="2012-07-01 22:07:09.0" lastUpdatedTxStamp="2012-07-01 22:07:07.0" createdStamp="2012-07-01 22:07:09.0" createdTxStamp="2012-07-01 22:07:07.0"/>
    <CountryCapital countryCode="MU" countryCapital="Port Louis" lastUpdatedStamp="2012-07-01 22:07:09.0" lastUpdatedTxStamp="2012-07-01 22:07:07.0" createdStamp="2012-07-01 22:07:09.0" createdTxStamp="2012-07-01 22:07:07.0"/>
    <CountryCapital countryCode="MV" countryCapital="Male" lastUpdatedStamp="2012-07-01 22:07:09.0" lastUpdatedTxStamp="2012-07-01 22:07:07.0" createdStamp="2012-07-01 22:07:09.0" createdTxStamp="2012-07-01 22:07:07.0"/>
    <CountryCapital countryCode="MW" countryCapital="Lilongwe" lastUpdatedStamp="2012-07-01 22:07:09.0" lastUpdatedTxStamp="2012-07-01 22:07:07.0" createdStamp="2012-07-01 22:07:09.0" createdTxStamp="2012-07-01 22:07:07.0"/>
    <CountryCapital countryCode="MX" countryCapital="Mexico City" lastUpdatedStamp="2012-07-01 22:07:09.0" lastUpdatedTxStamp="2012-07-01 22:07:07.0" createdStamp="2012-07-01 22:07:09.0" createdTxStamp="2012-07-01 22:07:07.0"/>
    <CountryCapital countryCode="MY" countryCapital="Kuala Lumpur" lastUpdatedStamp="2012-07-01 22:07:09.0" lastUpdatedTxStamp="2012-07-01 22:07:07.0" createdStamp="2012-07-01 22:07:09.0" createdTxStamp="2012-07-01 22:07:07.0"/>
    <CountryCapital countryCode="MZ" countryCapital="Maputo" lastUpdatedStamp="2012-07-01 22:07:09.0" lastUpdatedTxStamp="2012-07-01 22:07:07.0" createdStamp="2012-07-01 22:07:09.0" createdTxStamp="2012-07-01 22:07:07.0"/>
    <CountryCapital countryCode="NA" countryCapital="Windhoek" lastUpdatedStamp="2012-07-01 22:07:09.0" lastUpdatedTxStamp="2012-07-01 22:07:07.0" createdStamp="2012-07-01 22:07:09.0" createdTxStamp="2012-07-01 22:07:07.0"/>
    <CountryCapital countryCode="NC" countryCapital="Noumea" lastUpdatedStamp="2012-07-01 22:07:09.0" lastUpdatedTxStamp="2012-07-01 22:07:07.0" createdStamp="2012-07-01 22:07:09.0" createdTxStamp="2012-07-01 22:07:07.0"/>
    <CountryCapital countryCode="NE" countryCapital="Niamey" lastUpdatedStamp="2012-07-01 22:07:09.0" lastUpdatedTxStamp="2012-07-01 22:07:07.0" createdStamp="2012-07-01 22:07:09.0" createdTxStamp="2012-07-01 22:07:07.0"/>
    <CountryCapital countryCode="NF" countryCapital="Kingston" lastUpdatedStamp="2012-07-01 22:07:09.0" lastUpdatedTxStamp="2012-07-01 22:07:07.0" createdStamp="2012-07-01 22:07:09.0" createdTxStamp="2012-07-01 22:07:07.0"/>
    <CountryCapital countryCode="NG" countryCapital="Lagos" lastUpdatedStamp="2012-07-01 22:07:09.0" lastUpdatedTxStamp="2012-07-01 22:07:07.0" createdStamp="2012-07-01 22:07:09.0" createdTxStamp="2012-07-01 22:07:07.0"/>
    <CountryCapital countryCode="NI" countryCapital="Managua" lastUpdatedStamp="2012-07-01 22:07:09.0" lastUpdatedTxStamp="2012-07-01 22:07:07.0" createdStamp="2012-07-01 22:07:09.0" createdTxStamp="2012-07-01 22:07:07.0"/>
    <CountryCapital countryCode="NIR" countryCapital="Belfast" lastUpdatedStamp="2012-07-01 22:07:08.0" lastUpdatedTxStamp="2012-07-01 22:07:07.0" createdStamp="2012-07-01 22:07:08.0" createdTxStamp="2012-07-01 22:07:07.0"/>
    <CountryCapital countryCode="NL" countryCapital="Amsterdam" lastUpdatedStamp="2012-07-01 22:07:09.0" lastUpdatedTxStamp="2012-07-01 22:07:07.0" createdStamp="2012-07-01 22:07:09.0" createdTxStamp="2012-07-01 22:07:07.0"/>
    <CountryCapital countryCode="NO" countryCapital="Oslo" lastUpdatedStamp="2012-07-01 22:07:09.0" lastUpdatedTxStamp="2012-07-01 22:07:07.0" createdStamp="2012-07-01 22:07:09.0" createdTxStamp="2012-07-01 22:07:07.0"/>
    <CountryCapital countryCode="NP" countryCapital="Kathmandu" lastUpdatedStamp="2012-07-01 22:07:09.0" lastUpdatedTxStamp="2012-07-01 22:07:07.0" createdStamp="2012-07-01 22:07:09.0" createdTxStamp="2012-07-01 22:07:07.0"/>
    <CountryCapital countryCode="NR" countryCapital="Yaren" lastUpdatedStamp="2012-07-01 22:07:09.0" lastUpdatedTxStamp="2012-07-01 22:07:07.0" createdStamp="2012-07-01 22:07:09.0" createdTxStamp="2012-07-01 22:07:07.0"/>
    <CountryCapital countryCode="NU" countryCapital="Alofi" lastUpdatedStamp="2012-07-01 22:07:09.0" lastUpdatedTxStamp="2012-07-01 22:07:07.0" createdStamp="2012-07-01 22:07:09.0" createdTxStamp="2012-07-01 22:07:07.0"/>
    <CountryCapital countryCode="NZ" countryCapital="Wellington" lastUpdatedStamp="2012-07-01 22:07:09.0" lastUpdatedTxStamp="2012-07-01 22:07:07.0" createdStamp="2012-07-01 22:07:09.0" createdTxStamp="2012-07-01 22:07:07.0"/>
    <CountryCapital countryCode="OM" countryCapital="Muscat" lastUpdatedStamp="2012-07-01 22:07:09.0" lastUpdatedTxStamp="2012-07-01 22:07:07.0" createdStamp="2012-07-01 22:07:09.0" createdTxStamp="2012-07-01 22:07:07.0"/>
    <CountryCapital countryCode="PA" countryCapital="Panama City" lastUpdatedStamp="2012-07-01 22:07:09.0" lastUpdatedTxStamp="2012-07-01 22:07:07.0" createdStamp="2012-07-01 22:07:09.0" createdTxStamp="2012-07-01 22:07:07.0"/>
    <CountryCapital countryCode="PE" countryCapital="Lima" lastUpdatedStamp="2012-07-01 22:07:09.0" lastUpdatedTxStamp="2012-07-01 22:07:07.0" createdStamp="2012-07-01 22:07:09.0" createdTxStamp="2012-07-01 22:07:07.0"/>
    <CountryCapital countryCode="PF" countryCapital="Papeete" lastUpdatedStamp="2012-07-01 22:07:09.0" lastUpdatedTxStamp="2012-07-01 22:07:07.0" createdStamp="2012-07-01 22:07:09.0" createdTxStamp="2012-07-01 22:07:07.0"/>
    <CountryCapital countryCode="PG" countryCapital="Port Moresby" lastUpdatedStamp="2012-07-01 22:07:09.0" lastUpdatedTxStamp="2012-07-01 22:07:07.0" createdStamp="2012-07-01 22:07:09.0" createdTxStamp="2012-07-01 22:07:07.0"/>
    <CountryCapital countryCode="PH" countryCapital="Manila" lastUpdatedStamp="2012-07-01 22:07:09.0" lastUpdatedTxStamp="2012-07-01 22:07:07.0" createdStamp="2012-07-01 22:07:09.0" createdTxStamp="2012-07-01 22:07:07.0"/>
    <CountryCapital countryCode="PK" countryCapital="Islamabad" lastUpdatedStamp="2012-07-01 22:07:09.0" lastUpdatedTxStamp="2012-07-01 22:07:07.0" createdStamp="2012-07-01 22:07:09.0" createdTxStamp="2012-07-01 22:07:07.0"/>
    <CountryCapital countryCode="PL" countryCapital="Warsaw" lastUpdatedStamp="2012-07-01 22:07:09.0" lastUpdatedTxStamp="2012-07-01 22:07:07.0" createdStamp="2012-07-01 22:07:09.0" createdTxStamp="2012-07-01 22:07:07.0"/>
    <CountryCapital countryCode="PM" countryCapital="St. Pierre" lastUpdatedStamp="2012-07-01 22:07:09.0" lastUpdatedTxStamp="2012-07-01 22:07:07.0" createdStamp="2012-07-01 22:07:09.0" createdTxStamp="2012-07-01 22:07:07.0"/>
    <CountryCapital countryCode="PN" countryCapital="Adamstown" lastUpdatedStamp="2012-07-01 22:07:09.0" lastUpdatedTxStamp="2012-07-01 22:07:07.0" createdStamp="2012-07-01 22:07:09.0" createdTxStamp="2012-07-01 22:07:07.0"/>
    <CountryCapital countryCode="PR" countryCapital="San Juan" lastUpdatedStamp="2012-07-01 22:07:09.0" lastUpdatedTxStamp="2012-07-01 22:07:07.0" createdStamp="2012-07-01 22:07:09.0" createdTxStamp="2012-07-01 22:07:07.0"/>
    <CountryCapital countryCode="PT" countryCapital="Lisbon" lastUpdatedStamp="2012-07-01 22:07:09.0" lastUpdatedTxStamp="2012-07-01 22:07:07.0" createdStamp="2012-07-01 22:07:09.0" createdTxStamp="2012-07-01 22:07:07.0"/>
    <CountryCapital countryCode="PW" countryCapital="Koror" lastUpdatedStamp="2012-07-01 22:07:09.0" lastUpdatedTxStamp="2012-07-01 22:07:07.0" createdStamp="2012-07-01 22:07:09.0" createdTxStamp="2012-07-01 22:07:07.0"/>
    <CountryCapital countryCode="PY" countryCapital="Asuncion" lastUpdatedStamp="2012-07-01 22:07:09.0" lastUpdatedTxStamp="2012-07-01 22:07:07.0" createdStamp="2012-07-01 22:07:09.0" createdTxStamp="2012-07-01 22:07:07.0"/>
    <CountryCapital countryCode="QA" countryCapital="Doha" lastUpdatedStamp="2012-07-01 22:07:09.0" lastUpdatedTxStamp="2012-07-01 22:07:07.0" createdStamp="2012-07-01 22:07:09.0" createdTxStamp="2012-07-01 22:07:07.0"/>
    <CountryCapital countryCode="RE" countryCapital="Saint-Denis" lastUpdatedStamp="2012-07-01 22:07:09.0" lastUpdatedTxStamp="2012-07-01 22:07:07.0" createdStamp="2012-07-01 22:07:09.0" createdTxStamp="2012-07-01 22:07:07.0"/>
    <CountryCapital countryCode="RO" countryCapital="Bucharest" lastUpdatedStamp="2012-07-01 22:07:09.0" lastUpdatedTxStamp="2012-07-01 22:07:07.0" createdStamp="2012-07-01 22:07:09.0" createdTxStamp="2012-07-01 22:07:07.0"/>
    <CountryCapital countryCode="RU" countryCapital="Moscow" lastUpdatedStamp="2012-07-01 22:07:09.0" lastUpdatedTxStamp="2012-07-01 22:07:07.0" createdStamp="2012-07-01 22:07:09.0" createdTxStamp="2012-07-01 22:07:07.0"/>
    <CountryCapital countryCode="RW" countryCapital="Kigali" lastUpdatedStamp="2012-07-01 22:07:09.0" lastUpdatedTxStamp="2012-07-01 22:07:07.0" createdStamp="2012-07-01 22:07:09.0" createdTxStamp="2012-07-01 22:07:07.0"/>
    <CountryCapital countryCode="SA" countryCapital="Riyadh" lastUpdatedStamp="2012-07-01 22:07:09.0" lastUpdatedTxStamp="2012-07-01 22:07:07.0" createdStamp="2012-07-01 22:07:09.0" createdTxStamp="2012-07-01 22:07:07.0"/>
    <CountryCapital countryCode="SB" countryCapital="Honiara" lastUpdatedStamp="2012-07-01 22:07:09.0" lastUpdatedTxStamp="2012-07-01 22:07:07.0" createdStamp="2012-07-01 22:07:09.0" createdTxStamp="2012-07-01 22:07:07.0"/>
    <CountryCapital countryCode="SC" countryCapital="Victoria" lastUpdatedStamp="2012-07-01 22:07:09.0" lastUpdatedTxStamp="2012-07-01 22:07:07.0" createdStamp="2012-07-01 22:07:09.0" createdTxStamp="2012-07-01 22:07:07.0"/>
    <CountryCapital countryCode="SCT" countryCapital="Edinburgh" lastUpdatedStamp="2012-07-01 22:07:08.0" lastUpdatedTxStamp="2012-07-01 22:07:07.0" createdStamp="2012-07-01 22:07:08.0" createdTxStamp="2012-07-01 22:07:07.0"/>
    <CountryCapital countryCode="SD" countryCapital="Khartoum" lastUpdatedStamp="2012-07-01 22:07:09.0" lastUpdatedTxStamp="2012-07-01 22:07:07.0" createdStamp="2012-07-01 22:07:09.0" createdTxStamp="2012-07-01 22:07:07.0"/>
    <CountryCapital countryCode="SE" countryCapital="Stockholm" lastUpdatedStamp="2012-07-01 22:07:09.0" lastUpdatedTxStamp="2012-07-01 22:07:07.0" createdStamp="2012-07-01 22:07:09.0" createdTxStamp="2012-07-01 22:07:07.0"/>
    <CountryCapital countryCode="SG" countryCapital="Singapore" lastUpdatedStamp="2012-07-01 22:07:09.0" lastUpdatedTxStamp="2012-07-01 22:07:07.0" createdStamp="2012-07-01 22:07:09.0" createdTxStamp="2012-07-01 22:07:07.0"/>
    <CountryCapital countryCode="SH" countryCapital="Jamestown" lastUpdatedStamp="2012-07-01 22:07:09.0" lastUpdatedTxStamp="2012-07-01 22:07:07.0" createdStamp="2012-07-01 22:07:09.0" createdTxStamp="2012-07-01 22:07:07.0"/>
    <CountryCapital countryCode="SI" countryCapital="Ljubljana" lastUpdatedStamp="2012-07-01 22:07:09.0" lastUpdatedTxStamp="2012-07-01 22:07:07.0" createdStamp="2012-07-01 22:07:09.0" createdTxStamp="2012-07-01 22:07:07.0"/>
    <CountryCapital countryCode="SJ" countryCapital="Longyearbyen" lastUpdatedStamp="2012-07-01 22:07:09.0" lastUpdatedTxStamp="2012-07-01 22:07:07.0" createdStamp="2012-07-01 22:07:09.0" createdTxStamp="2012-07-01 22:07:07.0"/>
    <CountryCapital countryCode="SK" countryCapital="Bratislava" lastUpdatedStamp="2012-07-01 22:07:09.0" lastUpdatedTxStamp="2012-07-01 22:07:07.0" createdStamp="2012-07-01 22:07:09.0" createdTxStamp="2012-07-01 22:07:07.0"/>
    <CountryCapital countryCode="SL" countryCapital="Freetown" lastUpdatedStamp="2012-07-01 22:07:09.0" lastUpdatedTxStamp="2012-07-01 22:07:07.0" createdStamp="2012-07-01 22:07:09.0" createdTxStamp="2012-07-01 22:07:07.0"/>
    <CountryCapital countryCode="SM" countryCapital="San Marino" lastUpdatedStamp="2012-07-01 22:07:09.0" lastUpdatedTxStamp="2012-07-01 22:07:07.0" createdStamp="2012-07-01 22:07:09.0" createdTxStamp="2012-07-01 22:07:07.0"/>
    <CountryCapital countryCode="SN" countryCapital="Dakar" lastUpdatedStamp="2012-07-01 22:07:09.0" lastUpdatedTxStamp="2012-07-01 22:07:07.0" createdStamp="2012-07-01 22:07:09.0" createdTxStamp="2012-07-01 22:07:07.0"/>
    <CountryCapital countryCode="SO" countryCapital="Mogadishu" lastUpdatedStamp="2012-07-01 22:07:09.0" lastUpdatedTxStamp="2012-07-01 22:07:07.0" createdStamp="2012-07-01 22:07:09.0" createdTxStamp="2012-07-01 22:07:07.0"/>
    <CountryCapital countryCode="SR" countryCapital="Paramaribo" lastUpdatedStamp="2012-07-01 22:07:09.0" lastUpdatedTxStamp="2012-07-01 22:07:07.0" createdStamp="2012-07-01 22:07:09.0" createdTxStamp="2012-07-01 22:07:07.0"/>
    <CountryCapital countryCode="ST" countryCapital="Sao Tome" lastUpdatedStamp="2012-07-01 22:07:09.0" lastUpdatedTxStamp="2012-07-01 22:07:07.0" createdStamp="2012-07-01 22:07:09.0" createdTxStamp="2012-07-01 22:07:07.0"/>
    <CountryCapital countryCode="SV" countryCapital="San Salvador" lastUpdatedStamp="2012-07-01 22:07:09.0" lastUpdatedTxStamp="2012-07-01 22:07:07.0" createdStamp="2012-07-01 22:07:09.0" createdTxStamp="2012-07-01 22:07:07.0"/>
    <CountryCapital countryCode="SY" countryCapital="Damascus" lastUpdatedStamp="2012-07-01 22:07:09.0" lastUpdatedTxStamp="2012-07-01 22:07:07.0" createdStamp="2012-07-01 22:07:09.0" createdTxStamp="2012-07-01 22:07:07.0"/>
    <CountryCapital countryCode="SZ" countryCapital="Mbabane" lastUpdatedStamp="2012-07-01 22:07:09.0" lastUpdatedTxStamp="2012-07-01 22:07:07.0" createdStamp="2012-07-01 22:07:09.0" createdTxStamp="2012-07-01 22:07:07.0"/>
    <CountryCapital countryCode="TC" countryCapital="Grand Turk" lastUpdatedStamp="2012-07-01 22:07:09.0" lastUpdatedTxStamp="2012-07-01 22:07:07.0" createdStamp="2012-07-01 22:07:09.0" createdTxStamp="2012-07-01 22:07:07.0"/>
    <CountryCapital countryCode="TD" countryCapital="N&apos;Djamena" lastUpdatedStamp="2012-07-01 22:07:09.0" lastUpdatedTxStamp="2012-07-01 22:07:07.0" createdStamp="2012-07-01 22:07:09.0" createdTxStamp="2012-07-01 22:07:07.0"/>
    <CountryCapital countryCode="TF" countryCapital="None" lastUpdatedStamp="2012-07-01 22:07:09.0" lastUpdatedTxStamp="2012-07-01 22:07:07.0" createdStamp="2012-07-01 22:07:09.0" createdTxStamp="2012-07-01 22:07:07.0"/>
    <CountryCapital countryCode="TG" countryCapital="Lome" lastUpdatedStamp="2012-07-01 22:07:09.0" lastUpdatedTxStamp="2012-07-01 22:07:07.0" createdStamp="2012-07-01 22:07:09.0" createdTxStamp="2012-07-01 22:07:07.0"/>
    <CountryCapital countryCode="TH" countryCapital="Bangkok" lastUpdatedStamp="2012-07-01 22:07:09.0" lastUpdatedTxStamp="2012-07-01 22:07:07.0" createdStamp="2012-07-01 22:07:09.0" createdTxStamp="2012-07-01 22:07:07.0"/>
    <CountryCapital countryCode="TJ" countryCapital="Dushanbe" lastUpdatedStamp="2012-07-01 22:07:09.0" lastUpdatedTxStamp="2012-07-01 22:07:07.0" createdStamp="2012-07-01 22:07:09.0" createdTxStamp="2012-07-01 22:07:07.0"/>
    <CountryCapital countryCode="TK" countryCapital="None" lastUpdatedStamp="2012-07-01 22:07:09.0" lastUpdatedTxStamp="2012-07-01 22:07:07.0" createdStamp="2012-07-01 22:07:09.0" createdTxStamp="2012-07-01 22:07:07.0"/>
    <CountryCapital countryCode="TM" countryCapital="Ashgabat" lastUpdatedStamp="2012-07-01 22:07:09.0" lastUpdatedTxStamp="2012-07-01 22:07:07.0" createdStamp="2012-07-01 22:07:09.0" createdTxStamp="2012-07-01 22:07:07.0"/>
    <CountryCapital countryCode="TN" countryCapital="Tunis" lastUpdatedStamp="2012-07-01 22:07:09.0" lastUpdatedTxStamp="2012-07-01 22:07:07.0" createdStamp="2012-07-01 22:07:09.0" createdTxStamp="2012-07-01 22:07:07.0"/>
    <CountryCapital countryCode="TO" countryCapital="Nuku&apos;alofa" lastUpdatedStamp="2012-07-01 22:07:09.0" lastUpdatedTxStamp="2012-07-01 22:07:07.0" createdStamp="2012-07-01 22:07:09.0" createdTxStamp="2012-07-01 22:07:07.0"/>
    <CountryCapital countryCode="TP" countryCapital="Dili" lastUpdatedStamp="2012-07-01 22:07:09.0" lastUpdatedTxStamp="2012-07-01 22:07:07.0" createdStamp="2012-07-01 22:07:09.0" createdTxStamp="2012-07-01 22:07:07.0"/>
    <CountryCapital countryCode="TR" countryCapital="Ankara" lastUpdatedStamp="2012-07-01 22:07:09.0" lastUpdatedTxStamp="2012-07-01 22:07:07.0" createdStamp="2012-07-01 22:07:09.0" createdTxStamp="2012-07-01 22:07:07.0"/>
    <CountryCapital countryCode="TT" countryCapital="Port of Spain" lastUpdatedStamp="2012-07-01 22:07:09.0" lastUpdatedTxStamp="2012-07-01 22:07:07.0" createdStamp="2012-07-01 22:07:09.0" createdTxStamp="2012-07-01 22:07:07.0"/>
    <CountryCapital countryCode="TV" countryCapital="Funafuti" lastUpdatedStamp="2012-07-01 22:07:09.0" lastUpdatedTxStamp="2012-07-01 22:07:07.0" createdStamp="2012-07-01 22:07:09.0" createdTxStamp="2012-07-01 22:07:07.0"/>
    <CountryCapital countryCode="TW" countryCapital="Taipei" lastUpdatedStamp="2012-07-01 22:07:09.0" lastUpdatedTxStamp="2012-07-01 22:07:07.0" createdStamp="2012-07-01 22:07:09.0" createdTxStamp="2012-07-01 22:07:07.0"/>
    <CountryCapital countryCode="TZ" countryCapital="Dodoma" lastUpdatedStamp="2012-07-01 22:07:09.0" lastUpdatedTxStamp="2012-07-01 22:07:07.0" createdStamp="2012-07-01 22:07:09.0" createdTxStamp="2012-07-01 22:07:07.0"/>
    <CountryCapital countryCode="UA" countryCapital="Kiev" lastUpdatedStamp="2012-07-01 22:07:09.0" lastUpdatedTxStamp="2012-07-01 22:07:07.0" createdStamp="2012-07-01 22:07:09.0" createdTxStamp="2012-07-01 22:07:07.0"/>
    <CountryCapital countryCode="UG" countryCapital="Kampala" lastUpdatedStamp="2012-07-01 22:07:09.0" lastUpdatedTxStamp="2012-07-01 22:07:07.0" createdStamp="2012-07-01 22:07:09.0" createdTxStamp="2012-07-01 22:07:07.0"/>
    <CountryCapital countryCode="UM" countryCapital="None" lastUpdatedStamp="2012-07-01 22:07:09.0" lastUpdatedTxStamp="2012-07-01 22:07:07.0" createdStamp="2012-07-01 22:07:09.0" createdTxStamp="2012-07-01 22:07:07.0"/>
    <CountryCapital countryCode="US" countryCapital="Washington" lastUpdatedStamp="2012-07-01 22:07:09.0" lastUpdatedTxStamp="2012-07-01 22:07:07.0" createdStamp="2012-07-01 22:07:09.0" createdTxStamp="2012-07-01 22:07:07.0"/>
    <CountryCapital countryCode="UY" countryCapital="Montevideo" lastUpdatedStamp="2012-07-01 22:07:09.0" lastUpdatedTxStamp="2012-07-01 22:07:07.0" createdStamp="2012-07-01 22:07:09.0" createdTxStamp="2012-07-01 22:07:07.0"/>
    <CountryCapital countryCode="UZ" countryCapital="Tashkent" lastUpdatedStamp="2012-07-01 22:07:09.0" lastUpdatedTxStamp="2012-07-01 22:07:07.0" createdStamp="2012-07-01 22:07:09.0" createdTxStamp="2012-07-01 22:07:07.0"/>
    <CountryCapital countryCode="VA" countryCapital="Vatican City" lastUpdatedStamp="2012-07-01 22:07:09.0" lastUpdatedTxStamp="2012-07-01 22:07:07.0" createdStamp="2012-07-01 22:07:09.0" createdTxStamp="2012-07-01 22:07:07.0"/>
    <CountryCapital countryCode="VC" countryCapital="Kingstown" lastUpdatedStamp="2012-07-01 22:07:09.0" lastUpdatedTxStamp="2012-07-01 22:07:07.0" createdStamp="2012-07-01 22:07:09.0" createdTxStamp="2012-07-01 22:07:07.0"/>
    <CountryCapital countryCode="VE" countryCapital="Caracas" lastUpdatedStamp="2012-07-01 22:07:09.0" lastUpdatedTxStamp="2012-07-01 22:07:07.0" createdStamp="2012-07-01 22:07:09.0" createdTxStamp="2012-07-01 22:07:07.0"/>
    <CountryCapital countryCode="VG" countryCapital="Road Town" lastUpdatedStamp="2012-07-01 22:07:09.0" lastUpdatedTxStamp="2012-07-01 22:07:07.0" createdStamp="2012-07-01 22:07:09.0" createdTxStamp="2012-07-01 22:07:07.0"/>
    <CountryCapital countryCode="VI" countryCapital="Charlotte Amalie" lastUpdatedStamp="2012-07-01 22:07:09.0" lastUpdatedTxStamp="2012-07-01 22:07:07.0" createdStamp="2012-07-01 22:07:09.0" createdTxStamp="2012-07-01 22:07:07.0"/>
    <CountryCapital countryCode="VN" countryCapital="Hanoi" lastUpdatedStamp="2012-07-01 22:07:09.0" lastUpdatedTxStamp="2012-07-01 22:07:07.0" createdStamp="2012-07-01 22:07:09.0" createdTxStamp="2012-07-01 22:07:07.0"/>
    <CountryCapital countryCode="VU" countryCapital="Port Vila" lastUpdatedStamp="2012-07-01 22:07:09.0" lastUpdatedTxStamp="2012-07-01 22:07:07.0" createdStamp="2012-07-01 22:07:09.0" createdTxStamp="2012-07-01 22:07:07.0"/>
    <CountryCapital countryCode="WF" countryCapital="Mata-Utu" lastUpdatedStamp="2012-07-01 22:07:09.0" lastUpdatedTxStamp="2012-07-01 22:07:07.0" createdStamp="2012-07-01 22:07:09.0" createdTxStamp="2012-07-01 22:07:07.0"/>
    <CountryCapital countryCode="WLS" countryCapital="Cardiff" lastUpdatedStamp="2012-07-01 22:07:08.0" lastUpdatedTxStamp="2012-07-01 22:07:07.0" createdStamp="2012-07-01 22:07:08.0" createdTxStamp="2012-07-01 22:07:07.0"/>
    <CountryCapital countryCode="WS" countryCapital="Apia" lastUpdatedStamp="2012-07-01 22:07:09.0" lastUpdatedTxStamp="2012-07-01 22:07:07.0" createdStamp="2012-07-01 22:07:09.0" createdTxStamp="2012-07-01 22:07:07.0"/>
    <CountryCapital countryCode="YE" countryCapital="San&apos;a" lastUpdatedStamp="2012-07-01 22:07:09.0" lastUpdatedTxStamp="2012-07-01 22:07:07.0" createdStamp="2012-07-01 22:07:09.0" createdTxStamp="2012-07-01 22:07:07.0"/>
    <CountryCapital countryCode="YT" countryCapital="Dzaoudzi" lastUpdatedStamp="2012-07-01 22:07:09.0" lastUpdatedTxStamp="2012-07-01 22:07:07.0" createdStamp="2012-07-01 22:07:09.0" createdTxStamp="2012-07-01 22:07:07.0"/>
    <CountryCapital countryCode="YU" countryCapital="Belgrade" lastUpdatedStamp="2012-07-01 22:07:09.0" lastUpdatedTxStamp="2012-07-01 22:07:07.0" createdStamp="2012-07-01 22:07:09.0" createdTxStamp="2012-07-01 22:07:07.0"/>
    <CountryCapital countryCode="ZA" countryCapital="Pretoria" lastUpdatedStamp="2012-07-01 22:07:09.0" lastUpdatedTxStamp="2012-07-01 22:07:07.0" createdStamp="2012-07-01 22:07:09.0" createdTxStamp="2012-07-01 22:07:07.0"/>
    <CountryCapital countryCode="ZM" countryCapital="Lusaka" lastUpdatedStamp="2012-07-01 22:07:09.0" lastUpdatedTxStamp="2012-07-01 22:07:07.0" createdStamp="2012-07-01 22:07:09.0" createdTxStamp="2012-07-01 22:07:07.0"/>
    <CountryCapital countryCode="ZW" countryCapital="Harare" lastUpdatedStamp="2012-07-01 22:07:09.0" lastUpdatedTxStamp="2012-07-01 22:07:07.0" createdStamp="2012-07-01 22:07:09.0" createdTxStamp="2012-07-01 22:07:07.0"/>
</entity-engine-xml>
