<?xml version="1.0" encoding="UTF-8"?>
<entity-engine-xml>
    <CountryCode countryCode="AD" countryAbbr="AND" countryNumber="020" countryName="ANDORRA" lastUpdatedStamp="2012-07-01 22:07:07.0" lastUpdatedTxStamp="2012-07-01 22:07:07.0" createdStamp="2012-07-01 22:07:07.0" createdTxStamp="2012-07-01 22:07:07.0"/>
    <CountryCode countryCode="AE" countryAbbr="ARE" countryNumber="784" countryName="UNITED ARAB EMIRATES" lastUpdatedStamp="2012-07-01 22:07:08.0" lastUpdatedTxStamp="2012-07-01 22:07:07.0" createdStamp="2012-07-01 22:07:08.0" createdTxStamp="2012-07-01 22:07:07.0"/>
    <CountryCode countryCode="AF" countryAbbr="AFG" countryNumber="004" countryName="AFGHANISTAN" lastUpdatedStamp="2012-07-01 22:07:07.0" lastUpdatedTxStamp="2012-07-01 22:07:07.0" createdStamp="2012-07-01 22:07:07.0" createdTxStamp="2012-07-01 22:07:07.0"/>
    <CountryCode countryCode="AG" countryAbbr="ATG" countryNumber="028" countryName="ANTIGUA AND BARBUDA" lastUpdatedStamp="2012-07-01 22:07:07.0" lastUpdatedTxStamp="2012-07-01 22:07:07.0" createdStamp="2012-07-01 22:07:07.0" createdTxStamp="2012-07-01 22:07:07.0"/>
    <CountryCode countryCode="AI" countryAbbr="AIA" countryNumber="660" countryName="ANGUILLA" lastUpdatedStamp="2012-07-01 22:07:08.0" lastUpdatedTxStamp="2012-07-01 22:07:07.0" createdStamp="2012-07-01 22:07:08.0" createdTxStamp="2012-07-01 22:07:07.0"/>
    <CountryCode countryCode="AL" countryAbbr="ALB" countryNumber="008" countryName="ALBANIA" lastUpdatedStamp="2012-07-01 22:07:07.0" lastUpdatedTxStamp="2012-07-01 22:07:07.0" createdStamp="2012-07-01 22:07:07.0" createdTxStamp="2012-07-01 22:07:07.0"/>
    <CountryCode countryCode="AM" countryAbbr="ARM" countryNumber="051" countryName="ARMENIA" lastUpdatedStamp="2012-07-01 22:07:07.0" lastUpdatedTxStamp="2012-07-01 22:07:07.0" createdStamp="2012-07-01 22:07:07.0" createdTxStamp="2012-07-01 22:07:07.0"/>
    <CountryCode countryCode="AN" countryAbbr="ANT" countryNumber="530" countryName="NETHERLANDS ANTILLES" lastUpdatedStamp="2012-07-01 22:07:08.0" lastUpdatedTxStamp="2012-07-01 22:07:07.0" createdStamp="2012-07-01 22:07:08.0" createdTxStamp="2012-07-01 22:07:07.0"/>
    <CountryCode countryCode="AO" countryAbbr="AGO" countryNumber="024" countryName="ANGOLA" lastUpdatedStamp="2012-07-01 22:07:07.0" lastUpdatedTxStamp="2012-07-01 22:07:07.0" createdStamp="2012-07-01 22:07:07.0" createdTxStamp="2012-07-01 22:07:07.0"/>
    <CountryCode countryCode="AQ" countryAbbr="ATA" countryNumber="010" countryName="ANTARCTICA" lastUpdatedStamp="2012-07-01 22:07:07.0" lastUpdatedTxStamp="2012-07-01 22:07:07.0" createdStamp="2012-07-01 22:07:07.0" createdTxStamp="2012-07-01 22:07:07.0"/>
    <CountryCode countryCode="AR" countryAbbr="ARG" countryNumber="032" countryName="ARGENTINA" lastUpdatedStamp="2012-07-01 22:07:07.0" lastUpdatedTxStamp="2012-07-01 22:07:07.0" createdStamp="2012-07-01 22:07:07.0" createdTxStamp="2012-07-01 22:07:07.0"/>
    <CountryCode countryCode="AS" countryAbbr="ASM" countryNumber="016" countryName="AMERICAN SAMOA" lastUpdatedStamp="2012-07-01 22:07:07.0" lastUpdatedTxStamp="2012-07-01 22:07:07.0" createdStamp="2012-07-01 22:07:07.0" createdTxStamp="2012-07-01 22:07:07.0"/>
    <CountryCode countryCode="AT" countryAbbr="AUT" countryNumber="040" countryName="AUSTRIA" lastUpdatedStamp="2012-07-01 22:07:07.0" lastUpdatedTxStamp="2012-07-01 22:07:07.0" createdStamp="2012-07-01 22:07:07.0" createdTxStamp="2012-07-01 22:07:07.0"/>
    <CountryCode countryCode="AU" countryAbbr="AUS" countryNumber="036" countryName="AUSTRALIA" lastUpdatedStamp="2012-07-01 22:07:07.0" lastUpdatedTxStamp="2012-07-01 22:07:07.0" createdStamp="2012-07-01 22:07:07.0" createdTxStamp="2012-07-01 22:07:07.0"/>
    <CountryCode countryCode="AW" countryAbbr="ABW" countryNumber="533" countryName="ARUBA" lastUpdatedStamp="2012-07-01 22:07:08.0" lastUpdatedTxStamp="2012-07-01 22:07:07.0" createdStamp="2012-07-01 22:07:08.0" createdTxStamp="2012-07-01 22:07:07.0"/>
    <CountryCode countryCode="AZ" countryAbbr="AZE" countryNumber="031" countryName="AZERBAIJAN" lastUpdatedStamp="2012-07-01 22:07:07.0" lastUpdatedTxStamp="2012-07-01 22:07:07.0" createdStamp="2012-07-01 22:07:07.0" createdTxStamp="2012-07-01 22:07:07.0"/>
    <CountryCode countryCode="BA" countryAbbr="BIH" countryNumber="070" countryName="BOSNIA AND HERZEGOWINA" lastUpdatedStamp="2012-07-01 22:07:07.0" lastUpdatedTxStamp="2012-07-01 22:07:07.0" createdStamp="2012-07-01 22:07:07.0" createdTxStamp="2012-07-01 22:07:07.0"/>
    <CountryCode countryCode="BB" countryAbbr="BRB" countryNumber="052" countryName="BARBADOS" lastUpdatedStamp="2012-07-01 22:07:07.0" lastUpdatedTxStamp="2012-07-01 22:07:07.0" createdStamp="2012-07-01 22:07:07.0" createdTxStamp="2012-07-01 22:07:07.0"/>
    <CountryCode countryCode="BD" countryAbbr="BGD" countryNumber="050" countryName="BANGLADESH" lastUpdatedStamp="2012-07-01 22:07:07.0" lastUpdatedTxStamp="2012-07-01 22:07:07.0" createdStamp="2012-07-01 22:07:07.0" createdTxStamp="2012-07-01 22:07:07.0"/>
    <CountryCode countryCode="BE" countryAbbr="BEL" countryNumber="056" countryName="BELGIUM" lastUpdatedStamp="2012-07-01 22:07:07.0" lastUpdatedTxStamp="2012-07-01 22:07:07.0" createdStamp="2012-07-01 22:07:07.0" createdTxStamp="2012-07-01 22:07:07.0"/>
    <CountryCode countryCode="BF" countryAbbr="BFA" countryNumber="854" countryName="BURKINA FASO" lastUpdatedStamp="2012-07-01 22:07:08.0" lastUpdatedTxStamp="2012-07-01 22:07:07.0" createdStamp="2012-07-01 22:07:08.0" createdTxStamp="2012-07-01 22:07:07.0"/>
    <CountryCode countryCode="BG" countryAbbr="BGR" countryNumber="100" countryName="BULGARIA" lastUpdatedStamp="2012-07-01 22:07:07.0" lastUpdatedTxStamp="2012-07-01 22:07:07.0" createdStamp="2012-07-01 22:07:07.0" createdTxStamp="2012-07-01 22:07:07.0"/>
    <CountryCode countryCode="BH" countryAbbr="BHR" countryNumber="048" countryName="BAHRAIN" lastUpdatedStamp="2012-07-01 22:07:07.0" lastUpdatedTxStamp="2012-07-01 22:07:07.0" createdStamp="2012-07-01 22:07:07.0" createdTxStamp="2012-07-01 22:07:07.0"/>
    <CountryCode countryCode="BI" countryAbbr="BDI" countryNumber="108" countryName="BURUNDI" lastUpdatedStamp="2012-07-01 22:07:07.0" lastUpdatedTxStamp="2012-07-01 22:07:07.0" createdStamp="2012-07-01 22:07:07.0" createdTxStamp="2012-07-01 22:07:07.0"/>
    <CountryCode countryCode="BJ" countryAbbr="BEN" countryNumber="204" countryName="BENIN" lastUpdatedStamp="2012-07-01 22:07:07.0" lastUpdatedTxStamp="2012-07-01 22:07:07.0" createdStamp="2012-07-01 22:07:07.0" createdTxStamp="2012-07-01 22:07:07.0"/>
    <CountryCode countryCode="BM" countryAbbr="BMU" countryNumber="060" countryName="BERMUDA" lastUpdatedStamp="2012-07-01 22:07:07.0" lastUpdatedTxStamp="2012-07-01 22:07:07.0" createdStamp="2012-07-01 22:07:07.0" createdTxStamp="2012-07-01 22:07:07.0"/>
    <CountryCode countryCode="BN" countryAbbr="BRN" countryNumber="096" countryName="BRUNEI DARUSSALAM" lastUpdatedStamp="2012-07-01 22:07:07.0" lastUpdatedTxStamp="2012-07-01 22:07:07.0" createdStamp="2012-07-01 22:07:07.0" createdTxStamp="2012-07-01 22:07:07.0"/>
    <CountryCode countryCode="BO" countryAbbr="BOL" countryNumber="068" countryName="BOLIVIA" lastUpdatedStamp="2012-07-01 22:07:07.0" lastUpdatedTxStamp="2012-07-01 22:07:07.0" createdStamp="2012-07-01 22:07:07.0" createdTxStamp="2012-07-01 22:07:07.0"/>
    <CountryCode countryCode="BR" countryAbbr="BRA" countryNumber="076" countryName="BRAZIL" lastUpdatedStamp="2012-07-01 22:07:07.0" lastUpdatedTxStamp="2012-07-01 22:07:07.0" createdStamp="2012-07-01 22:07:07.0" createdTxStamp="2012-07-01 22:07:07.0"/>
    <CountryCode countryCode="BS" countryAbbr="BHS" countryNumber="044" countryName="BAHAMAS" lastUpdatedStamp="2012-07-01 22:07:07.0" lastUpdatedTxStamp="2012-07-01 22:07:07.0" createdStamp="2012-07-01 22:07:07.0" createdTxStamp="2012-07-01 22:07:07.0"/>
    <CountryCode countryCode="BT" countryAbbr="BTN" countryNumber="064" countryName="BHUTAN" lastUpdatedStamp="2012-07-01 22:07:07.0" lastUpdatedTxStamp="2012-07-01 22:07:07.0" createdStamp="2012-07-01 22:07:07.0" createdTxStamp="2012-07-01 22:07:07.0"/>
    <CountryCode countryCode="BV" countryAbbr="BVT" countryNumber="074" countryName="BOUVET ISLAND" lastUpdatedStamp="2012-07-01 22:07:07.0" lastUpdatedTxStamp="2012-07-01 22:07:07.0" createdStamp="2012-07-01 22:07:07.0" createdTxStamp="2012-07-01 22:07:07.0"/>
    <CountryCode countryCode="BW" countryAbbr="BWA" countryNumber="072" countryName="BOTSWANA" lastUpdatedStamp="2012-07-01 22:07:07.0" lastUpdatedTxStamp="2012-07-01 22:07:07.0" createdStamp="2012-07-01 22:07:07.0" createdTxStamp="2012-07-01 22:07:07.0"/>
    <CountryCode countryCode="BY" countryAbbr="BLR" countryNumber="112" countryName="BELARUS" lastUpdatedStamp="2012-07-01 22:07:07.0" lastUpdatedTxStamp="2012-07-01 22:07:07.0" createdStamp="2012-07-01 22:07:07.0" createdTxStamp="2012-07-01 22:07:07.0"/>
    <CountryCode countryCode="BZ" countryAbbr="BLZ" countryNumber="084" countryName="BELIZE" lastUpdatedStamp="2012-07-01 22:07:07.0" lastUpdatedTxStamp="2012-07-01 22:07:07.0" createdStamp="2012-07-01 22:07:07.0" createdTxStamp="2012-07-01 22:07:07.0"/>
    <CountryCode countryCode="CA" countryAbbr="CAN" countryNumber="124" countryName="CANADA" lastUpdatedStamp="2012-07-01 22:07:07.0" lastUpdatedTxStamp="2012-07-01 22:07:07.0" createdStamp="2012-07-01 22:07:07.0" createdTxStamp="2012-07-01 22:07:07.0"/>
    <CountryCode countryCode="CC" countryAbbr="CCK" countryNumber="166" countryName="COCOS (KEELING) ISLANDS" lastUpdatedStamp="2012-07-01 22:07:07.0" lastUpdatedTxStamp="2012-07-01 22:07:07.0" createdStamp="2012-07-01 22:07:07.0" createdTxStamp="2012-07-01 22:07:07.0"/>
    <CountryCode countryCode="CD" countryAbbr="COD" countryNumber="180" countryName="CONGO, THE DEMOCRATIC REPUBLIC OF THE" lastUpdatedStamp="2012-07-01 22:07:07.0" lastUpdatedTxStamp="2012-07-01 22:07:07.0" createdStamp="2012-07-01 22:07:07.0" createdTxStamp="2012-07-01 22:07:07.0"/>
    <CountryCode countryCode="CF" countryAbbr="CAF" countryNumber="140" countryName="CENTRAL AFRICAN REPUBLIC" lastUpdatedStamp="2012-07-01 22:07:07.0" lastUpdatedTxStamp="2012-07-01 22:07:07.0" createdStamp="2012-07-01 22:07:07.0" createdTxStamp="2012-07-01 22:07:07.0"/>
    <CountryCode countryCode="CG" countryAbbr="COG" countryNumber="178" countryName="CONGO" lastUpdatedStamp="2012-07-01 22:07:07.0" lastUpdatedTxStamp="2012-07-01 22:07:07.0" createdStamp="2012-07-01 22:07:07.0" createdTxStamp="2012-07-01 22:07:07.0"/>
    <CountryCode countryCode="CH" countryAbbr="CHE" countryNumber="756" countryName="SWITZERLAND" lastUpdatedStamp="2012-07-01 22:07:08.0" lastUpdatedTxStamp="2012-07-01 22:07:07.0" createdStamp="2012-07-01 22:07:08.0" createdTxStamp="2012-07-01 22:07:07.0"/>
    <CountryCode countryCode="CI" countryAbbr="CIV" countryNumber="384" countryName="COTE D&apos;IVOIRE" lastUpdatedStamp="2012-07-01 22:07:08.0" lastUpdatedTxStamp="2012-07-01 22:07:07.0" createdStamp="2012-07-01 22:07:08.0" createdTxStamp="2012-07-01 22:07:07.0"/>
    <CountryCode countryCode="CK" countryAbbr="COK" countryNumber="184" countryName="COOK ISLANDS" lastUpdatedStamp="2012-07-01 22:07:07.0" lastUpdatedTxStamp="2012-07-01 22:07:07.0" createdStamp="2012-07-01 22:07:07.0" createdTxStamp="2012-07-01 22:07:07.0"/>
    <CountryCode countryCode="CL" countryAbbr="CHL" countryNumber="152" countryName="CHILE" lastUpdatedStamp="2012-07-01 22:07:07.0" lastUpdatedTxStamp="2012-07-01 22:07:07.0" createdStamp="2012-07-01 22:07:07.0" createdTxStamp="2012-07-01 22:07:07.0"/>
    <CountryCode countryCode="CM" countryAbbr="CMR" countryNumber="120" countryName="CAMEROON" lastUpdatedStamp="2012-07-01 22:07:07.0" lastUpdatedTxStamp="2012-07-01 22:07:07.0" createdStamp="2012-07-01 22:07:07.0" createdTxStamp="2012-07-01 22:07:07.0"/>
    <CountryCode countryCode="CN" countryAbbr="CHN" countryNumber="156" countryName="CHINA" lastUpdatedStamp="2012-07-01 22:07:07.0" lastUpdatedTxStamp="2012-07-01 22:07:07.0" createdStamp="2012-07-01 22:07:07.0" createdTxStamp="2012-07-01 22:07:07.0"/>
    <CountryCode countryCode="CO" countryAbbr="COL" countryNumber="170" countryName="COLOMBIA" lastUpdatedStamp="2012-07-01 22:07:07.0" lastUpdatedTxStamp="2012-07-01 22:07:07.0" createdStamp="2012-07-01 22:07:07.0" createdTxStamp="2012-07-01 22:07:07.0"/>
    <CountryCode countryCode="CR" countryAbbr="CRI" countryNumber="188" countryName="COSTA RICA" lastUpdatedStamp="2012-07-01 22:07:07.0" lastUpdatedTxStamp="2012-07-01 22:07:07.0" createdStamp="2012-07-01 22:07:07.0" createdTxStamp="2012-07-01 22:07:07.0"/>
    <CountryCode countryCode="CU" countryAbbr="CUB" countryNumber="192" countryName="CUBA" lastUpdatedStamp="2012-07-01 22:07:07.0" lastUpdatedTxStamp="2012-07-01 22:07:07.0" createdStamp="2012-07-01 22:07:07.0" createdTxStamp="2012-07-01 22:07:07.0"/>
    <CountryCode countryCode="CV" countryAbbr="CPV" countryNumber="132" countryName="CAPE VERDE" lastUpdatedStamp="2012-07-01 22:07:07.0" lastUpdatedTxStamp="2012-07-01 22:07:07.0" createdStamp="2012-07-01 22:07:07.0" createdTxStamp="2012-07-01 22:07:07.0"/>
    <CountryCode countryCode="CX" countryAbbr="CXR" countryNumber="162" countryName="CHRISTMAS ISLAND" lastUpdatedStamp="2012-07-01 22:07:07.0" lastUpdatedTxStamp="2012-07-01 22:07:07.0" createdStamp="2012-07-01 22:07:07.0" createdTxStamp="2012-07-01 22:07:07.0"/>
    <CountryCode countryCode="CY" countryAbbr="CYP" countryNumber="196" countryName="CYPRUS" lastUpdatedStamp="2012-07-01 22:07:07.0" lastUpdatedTxStamp="2012-07-01 22:07:07.0" createdStamp="2012-07-01 22:07:07.0" createdTxStamp="2012-07-01 22:07:07.0"/>
    <CountryCode countryCode="CZ" countryAbbr="CZE" countryNumber="203" countryName="CZECH REPUBLIC" lastUpdatedStamp="2012-07-01 22:07:07.0" lastUpdatedTxStamp="2012-07-01 22:07:07.0" createdStamp="2012-07-01 22:07:07.0" createdTxStamp="2012-07-01 22:07:07.0"/>
    <CountryCode countryCode="DE" countryAbbr="DEU" countryNumber="276" countryName="GERMANY" lastUpdatedStamp="2012-07-01 22:07:07.0" lastUpdatedTxStamp="2012-07-01 22:07:07.0" createdStamp="2012-07-01 22:07:07.0" createdTxStamp="2012-07-01 22:07:07.0"/>
    <CountryCode countryCode="DJ" countryAbbr="DJI" countryNumber="262" countryName="DJIBOUTI" lastUpdatedStamp="2012-07-01 22:07:07.0" lastUpdatedTxStamp="2012-07-01 22:07:07.0" createdStamp="2012-07-01 22:07:07.0" createdTxStamp="2012-07-01 22:07:07.0"/>
    <CountryCode countryCode="DK" countryAbbr="DNK" countryNumber="208" countryName="DENMARK" lastUpdatedStamp="2012-07-01 22:07:07.0" lastUpdatedTxStamp="2012-07-01 22:07:07.0" createdStamp="2012-07-01 22:07:07.0" createdTxStamp="2012-07-01 22:07:07.0"/>
    <CountryCode countryCode="DM" countryAbbr="DMA" countryNumber="212" countryName="DOMINICA" lastUpdatedStamp="2012-07-01 22:07:07.0" lastUpdatedTxStamp="2012-07-01 22:07:07.0" createdStamp="2012-07-01 22:07:07.0" createdTxStamp="2012-07-01 22:07:07.0"/>
    <CountryCode countryCode="DO" countryAbbr="DOM" countryNumber="214" countryName="DOMINICAN REPUBLIC" lastUpdatedStamp="2012-07-01 22:07:07.0" lastUpdatedTxStamp="2012-07-01 22:07:07.0" createdStamp="2012-07-01 22:07:07.0" createdTxStamp="2012-07-01 22:07:07.0"/>
    <CountryCode countryCode="DZ" countryAbbr="DZA" countryNumber="012" countryName="ALGERIA" lastUpdatedStamp="2012-07-01 22:07:07.0" lastUpdatedTxStamp="2012-07-01 22:07:07.0" createdStamp="2012-07-01 22:07:07.0" createdTxStamp="2012-07-01 22:07:07.0"/>
    <CountryCode countryCode="EC" countryAbbr="ECU" countryNumber="218" countryName="ECUADOR" lastUpdatedStamp="2012-07-01 22:07:07.0" lastUpdatedTxStamp="2012-07-01 22:07:07.0" createdStamp="2012-07-01 22:07:07.0" createdTxStamp="2012-07-01 22:07:07.0"/>
    <CountryCode countryCode="EE" countryAbbr="EST" countryNumber="233" countryName="ESTONIA" lastUpdatedStamp="2012-07-01 22:07:07.0" lastUpdatedTxStamp="2012-07-01 22:07:07.0" createdStamp="2012-07-01 22:07:07.0" createdTxStamp="2012-07-01 22:07:07.0"/>
    <CountryCode countryCode="EG" countryAbbr="EGY" countryNumber="818" countryName="EGYPT" lastUpdatedStamp="2012-07-01 22:07:08.0" lastUpdatedTxStamp="2012-07-01 22:07:07.0" createdStamp="2012-07-01 22:07:08.0" createdTxStamp="2012-07-01 22:07:07.0"/>
    <CountryCode countryCode="EH" countryAbbr="ESH" countryNumber="732" countryName="WESTERN SAHARA" lastUpdatedStamp="2012-07-01 22:07:08.0" lastUpdatedTxStamp="2012-07-01 22:07:07.0" createdStamp="2012-07-01 22:07:08.0" createdTxStamp="2012-07-01 22:07:07.0"/>
    <CountryCode countryCode="ENG" countryAbbr="ENGL" countryNumber="896" countryName="ENGLAND" lastUpdatedStamp="2012-07-01 22:07:08.0" lastUpdatedTxStamp="2012-07-01 22:07:07.0" createdStamp="2012-07-01 22:07:08.0" createdTxStamp="2012-07-01 22:07:07.0"/>
    <CountryCode countryCode="ER" countryAbbr="ERI" countryNumber="232" countryName="ERITREA" lastUpdatedStamp="2012-07-01 22:07:07.0" lastUpdatedTxStamp="2012-07-01 22:07:07.0" createdStamp="2012-07-01 22:07:07.0" createdTxStamp="2012-07-01 22:07:07.0"/>
    <CountryCode countryCode="ES" countryAbbr="ESP" countryNumber="724" countryName="SPAIN" lastUpdatedStamp="2012-07-01 22:07:08.0" lastUpdatedTxStamp="2012-07-01 22:07:07.0" createdStamp="2012-07-01 22:07:08.0" createdTxStamp="2012-07-01 22:07:07.0"/>
    <CountryCode countryCode="ET" countryAbbr="ETH" countryNumber="231" countryName="ETHIOPIA" lastUpdatedStamp="2012-07-01 22:07:07.0" lastUpdatedTxStamp="2012-07-01 22:07:07.0" createdStamp="2012-07-01 22:07:07.0" createdTxStamp="2012-07-01 22:07:07.0"/>
    <CountryCode countryCode="FI" countryAbbr="FIN" countryNumber="246" countryName="FINLAND" lastUpdatedStamp="2012-07-01 22:07:07.0" lastUpdatedTxStamp="2012-07-01 22:07:07.0" createdStamp="2012-07-01 22:07:07.0" createdTxStamp="2012-07-01 22:07:07.0"/>
    <CountryCode countryCode="FJ" countryAbbr="FJI" countryNumber="242" countryName="FIJI" lastUpdatedStamp="2012-07-01 22:07:07.0" lastUpdatedTxStamp="2012-07-01 22:07:07.0" createdStamp="2012-07-01 22:07:07.0" createdTxStamp="2012-07-01 22:07:07.0"/>
    <CountryCode countryCode="FK" countryAbbr="FLK" countryNumber="238" countryName="FALKLAND ISLANDS (MALVINAS)" lastUpdatedStamp="2012-07-01 22:07:07.0" lastUpdatedTxStamp="2012-07-01 22:07:07.0" createdStamp="2012-07-01 22:07:07.0" createdTxStamp="2012-07-01 22:07:07.0"/>
    <CountryCode countryCode="FM" countryAbbr="FSM" countryNumber="583" countryName="MICRONESIA, FEDERATED STATES OF" lastUpdatedStamp="2012-07-01 22:07:08.0" lastUpdatedTxStamp="2012-07-01 22:07:07.0" createdStamp="2012-07-01 22:07:08.0" createdTxStamp="2012-07-01 22:07:07.0"/>
    <CountryCode countryCode="FO" countryAbbr="FRO" countryNumber="234" countryName="FAROE ISLANDS" lastUpdatedStamp="2012-07-01 22:07:07.0" lastUpdatedTxStamp="2012-07-01 22:07:07.0" createdStamp="2012-07-01 22:07:07.0" createdTxStamp="2012-07-01 22:07:07.0"/>
    <CountryCode countryCode="FR" countryAbbr="FRA" countryNumber="250" countryName="FRANCE" lastUpdatedStamp="2012-07-01 22:07:07.0" lastUpdatedTxStamp="2012-07-01 22:07:07.0" createdStamp="2012-07-01 22:07:07.0" createdTxStamp="2012-07-01 22:07:07.0"/>
    <CountryCode countryCode="FX" countryAbbr="FXX" countryNumber="249" countryName="FRANCE, METROPOLITAN" lastUpdatedStamp="2012-07-01 22:07:07.0" lastUpdatedTxStamp="2012-07-01 22:07:07.0" createdStamp="2012-07-01 22:07:07.0" createdTxStamp="2012-07-01 22:07:07.0"/>
    <CountryCode countryCode="GA" countryAbbr="GAB" countryNumber="266" countryName="GABON" lastUpdatedStamp="2012-07-01 22:07:07.0" lastUpdatedTxStamp="2012-07-01 22:07:07.0" createdStamp="2012-07-01 22:07:07.0" createdTxStamp="2012-07-01 22:07:07.0"/>
    <CountryCode countryCode="GB" countryAbbr="GBR" countryNumber="826" countryName="UNITED KINGDOM" lastUpdatedStamp="2012-07-01 22:07:08.0" lastUpdatedTxStamp="2012-07-01 22:07:07.0" createdStamp="2012-07-01 22:07:08.0" createdTxStamp="2012-07-01 22:07:07.0"/>
    <CountryCode countryCode="GD" countryAbbr="GRD" countryNumber="308" countryName="GRENADA" lastUpdatedStamp="2012-07-01 22:07:07.0" lastUpdatedTxStamp="2012-07-01 22:07:07.0" createdStamp="2012-07-01 22:07:07.0" createdTxStamp="2012-07-01 22:07:07.0"/>
    <CountryCode countryCode="GE" countryAbbr="GEO" countryNumber="268" countryName="GEORGIA" lastUpdatedStamp="2012-07-01 22:07:07.0" lastUpdatedTxStamp="2012-07-01 22:07:07.0" createdStamp="2012-07-01 22:07:07.0" createdTxStamp="2012-07-01 22:07:07.0"/>
    <CountryCode countryCode="GF" countryAbbr="GUF" countryNumber="254" countryName="FRENCH GUIANA" lastUpdatedStamp="2012-07-01 22:07:07.0" lastUpdatedTxStamp="2012-07-01 22:07:07.0" createdStamp="2012-07-01 22:07:07.0" createdTxStamp="2012-07-01 22:07:07.0"/>
    <CountryCode countryCode="GH" countryAbbr="GHA" countryNumber="288" countryName="GHANA" lastUpdatedStamp="2012-07-01 22:07:07.0" lastUpdatedTxStamp="2012-07-01 22:07:07.0" createdStamp="2012-07-01 22:07:07.0" createdTxStamp="2012-07-01 22:07:07.0"/>
    <CountryCode countryCode="GI" countryAbbr="GIB" countryNumber="292" countryName="GIBRALTAR" lastUpdatedStamp="2012-07-01 22:07:07.0" lastUpdatedTxStamp="2012-07-01 22:07:07.0" createdStamp="2012-07-01 22:07:07.0" createdTxStamp="2012-07-01 22:07:07.0"/>
    <CountryCode countryCode="GL" countryAbbr="GRL" countryNumber="304" countryName="GREENLAND" lastUpdatedStamp="2012-07-01 22:07:07.0" lastUpdatedTxStamp="2012-07-01 22:07:07.0" createdStamp="2012-07-01 22:07:07.0" createdTxStamp="2012-07-01 22:07:07.0"/>
    <CountryCode countryCode="GM" countryAbbr="GMB" countryNumber="270" countryName="GAMBIA" lastUpdatedStamp="2012-07-01 22:07:07.0" lastUpdatedTxStamp="2012-07-01 22:07:07.0" createdStamp="2012-07-01 22:07:07.0" createdTxStamp="2012-07-01 22:07:07.0"/>
    <CountryCode countryCode="GN" countryAbbr="GIN" countryNumber="324" countryName="GUINEA" lastUpdatedStamp="2012-07-01 22:07:07.0" lastUpdatedTxStamp="2012-07-01 22:07:07.0" createdStamp="2012-07-01 22:07:07.0" createdTxStamp="2012-07-01 22:07:07.0"/>
    <CountryCode countryCode="GP" countryAbbr="GLP" countryNumber="312" countryName="GUADELOUPE" lastUpdatedStamp="2012-07-01 22:07:07.0" lastUpdatedTxStamp="2012-07-01 22:07:07.0" createdStamp="2012-07-01 22:07:07.0" createdTxStamp="2012-07-01 22:07:07.0"/>
    <CountryCode countryCode="GQ" countryAbbr="GNQ" countryNumber="226" countryName="EQUATORIAL GUINEA" lastUpdatedStamp="2012-07-01 22:07:07.0" lastUpdatedTxStamp="2012-07-01 22:07:07.0" createdStamp="2012-07-01 22:07:07.0" createdTxStamp="2012-07-01 22:07:07.0"/>
    <CountryCode countryCode="GR" countryAbbr="GRC" countryNumber="300" countryName="GREECE" lastUpdatedStamp="2012-07-01 22:07:07.0" lastUpdatedTxStamp="2012-07-01 22:07:07.0" createdStamp="2012-07-01 22:07:07.0" createdTxStamp="2012-07-01 22:07:07.0"/>
    <CountryCode countryCode="GS" countryAbbr="SGS" countryNumber="239" countryName="SOUTH GEORGIA AND THE SOUTH SANDWICH ISLANDS" lastUpdatedStamp="2012-07-01 22:07:07.0" lastUpdatedTxStamp="2012-07-01 22:07:07.0" createdStamp="2012-07-01 22:07:07.0" createdTxStamp="2012-07-01 22:07:07.0"/>
    <CountryCode countryCode="GT" countryAbbr="GTM" countryNumber="320" countryName="GUATEMALA" lastUpdatedStamp="2012-07-01 22:07:07.0" lastUpdatedTxStamp="2012-07-01 22:07:07.0" createdStamp="2012-07-01 22:07:07.0" createdTxStamp="2012-07-01 22:07:07.0"/>
    <CountryCode countryCode="GU" countryAbbr="GUM" countryNumber="316" countryName="GUAM" lastUpdatedStamp="2012-07-01 22:07:07.0" lastUpdatedTxStamp="2012-07-01 22:07:07.0" createdStamp="2012-07-01 22:07:07.0" createdTxStamp="2012-07-01 22:07:07.0"/>
    <CountryCode countryCode="GW" countryAbbr="GNB" countryNumber="624" countryName="GUINEA-BISSAU" lastUpdatedStamp="2012-07-01 22:07:08.0" lastUpdatedTxStamp="2012-07-01 22:07:07.0" createdStamp="2012-07-01 22:07:08.0" createdTxStamp="2012-07-01 22:07:07.0"/>
    <CountryCode countryCode="GY" countryAbbr="GUY" countryNumber="328" countryName="GUYANA" lastUpdatedStamp="2012-07-01 22:07:07.0" lastUpdatedTxStamp="2012-07-01 22:07:07.0" createdStamp="2012-07-01 22:07:07.0" createdTxStamp="2012-07-01 22:07:07.0"/>
    <CountryCode countryCode="HK" countryAbbr="HKG" countryNumber="344" countryName="HONG KONG" lastUpdatedStamp="2012-07-01 22:07:07.0" lastUpdatedTxStamp="2012-07-01 22:07:07.0" createdStamp="2012-07-01 22:07:07.0" createdTxStamp="2012-07-01 22:07:07.0"/>
    <CountryCode countryCode="HM" countryAbbr="HMD" countryNumber="334" countryName="HEARD AND MC DONALD ISLANDS" lastUpdatedStamp="2012-07-01 22:07:07.0" lastUpdatedTxStamp="2012-07-01 22:07:07.0" createdStamp="2012-07-01 22:07:07.0" createdTxStamp="2012-07-01 22:07:07.0"/>
    <CountryCode countryCode="HN" countryAbbr="HND" countryNumber="340" countryName="HONDURAS" lastUpdatedStamp="2012-07-01 22:07:07.0" lastUpdatedTxStamp="2012-07-01 22:07:07.0" createdStamp="2012-07-01 22:07:07.0" createdTxStamp="2012-07-01 22:07:07.0"/>
    <CountryCode countryCode="HR" countryAbbr="HRV" countryNumber="191" countryName="CROATIA (local name: Hrvatska)" lastUpdatedStamp="2012-07-01 22:07:07.0" lastUpdatedTxStamp="2012-07-01 22:07:07.0" createdStamp="2012-07-01 22:07:07.0" createdTxStamp="2012-07-01 22:07:07.0"/>
    <CountryCode countryCode="HT" countryAbbr="HTI" countryNumber="332" countryName="HAITI" lastUpdatedStamp="2012-07-01 22:07:07.0" lastUpdatedTxStamp="2012-07-01 22:07:07.0" createdStamp="2012-07-01 22:07:07.0" createdTxStamp="2012-07-01 22:07:07.0"/>
    <CountryCode countryCode="HU" countryAbbr="HUN" countryNumber="348" countryName="HUNGARY" lastUpdatedStamp="2012-07-01 22:07:07.0" lastUpdatedTxStamp="2012-07-01 22:07:07.0" createdStamp="2012-07-01 22:07:07.0" createdTxStamp="2012-07-01 22:07:07.0"/>
    <CountryCode countryCode="ID" countryAbbr="IDN" countryNumber="360" countryName="INDONESIA" lastUpdatedStamp="2012-07-01 22:07:07.0" lastUpdatedTxStamp="2012-07-01 22:07:07.0" createdStamp="2012-07-01 22:07:07.0" createdTxStamp="2012-07-01 22:07:07.0"/>
    <CountryCode countryCode="IE" countryAbbr="IRL" countryNumber="372" countryName="IRELAND" lastUpdatedStamp="2012-07-01 22:07:07.0" lastUpdatedTxStamp="2012-07-01 22:07:07.0" createdStamp="2012-07-01 22:07:07.0" createdTxStamp="2012-07-01 22:07:07.0"/>
    <CountryCode countryCode="IL" countryAbbr="ISR" countryNumber="376" countryName="ISRAEL" lastUpdatedStamp="2012-07-01 22:07:08.0" lastUpdatedTxStamp="2012-07-01 22:07:07.0" createdStamp="2012-07-01 22:07:08.0" createdTxStamp="2012-07-01 22:07:07.0"/>
    <CountryCode countryCode="IN" countryAbbr="IND" countryNumber="356" countryName="INDIA" lastUpdatedStamp="2012-07-01 22:07:07.0" lastUpdatedTxStamp="2012-07-01 22:07:07.0" createdStamp="2012-07-01 22:07:07.0" createdTxStamp="2012-07-01 22:07:07.0"/>
    <CountryCode countryCode="IO" countryAbbr="IOT" countryNumber="086" countryName="BRITISH INDIAN OCEAN TERRITORY" lastUpdatedStamp="2012-07-01 22:07:07.0" lastUpdatedTxStamp="2012-07-01 22:07:07.0" createdStamp="2012-07-01 22:07:07.0" createdTxStamp="2012-07-01 22:07:07.0"/>
    <CountryCode countryCode="IQ" countryAbbr="IRQ" countryNumber="368" countryName="IRAQ" lastUpdatedStamp="2012-07-01 22:07:07.0" lastUpdatedTxStamp="2012-07-01 22:07:07.0" createdStamp="2012-07-01 22:07:07.0" createdTxStamp="2012-07-01 22:07:07.0"/>
    <CountryCode countryCode="IR" countryAbbr="IRN" countryNumber="364" countryName="IRAN (ISLAMIC REPUBLIC OF)" lastUpdatedStamp="2012-07-01 22:07:07.0" lastUpdatedTxStamp="2012-07-01 22:07:07.0" createdStamp="2012-07-01 22:07:07.0" createdTxStamp="2012-07-01 22:07:07.0"/>
    <CountryCode countryCode="IS" countryAbbr="ISL" countryNumber="352" countryName="ICELAND" lastUpdatedStamp="2012-07-01 22:07:07.0" lastUpdatedTxStamp="2012-07-01 22:07:07.0" createdStamp="2012-07-01 22:07:07.0" createdTxStamp="2012-07-01 22:07:07.0"/>
    <CountryCode countryCode="IT" countryAbbr="ITA" countryNumber="380" countryName="ITALY" lastUpdatedStamp="2012-07-01 22:07:08.0" lastUpdatedTxStamp="2012-07-01 22:07:07.0" createdStamp="2012-07-01 22:07:08.0" createdTxStamp="2012-07-01 22:07:07.0"/>
    <CountryCode countryCode="JM" countryAbbr="JAM" countryNumber="388" countryName="JAMAICA" lastUpdatedStamp="2012-07-01 22:07:08.0" lastUpdatedTxStamp="2012-07-01 22:07:07.0" createdStamp="2012-07-01 22:07:08.0" createdTxStamp="2012-07-01 22:07:07.0"/>
    <CountryCode countryCode="JO" countryAbbr="JOR" countryNumber="400" countryName="JORDAN" lastUpdatedStamp="2012-07-01 22:07:08.0" lastUpdatedTxStamp="2012-07-01 22:07:07.0" createdStamp="2012-07-01 22:07:08.0" createdTxStamp="2012-07-01 22:07:07.0"/>
    <CountryCode countryCode="JP" countryAbbr="JPN" countryNumber="392" countryName="JAPAN" lastUpdatedStamp="2012-07-01 22:07:08.0" lastUpdatedTxStamp="2012-07-01 22:07:07.0" createdStamp="2012-07-01 22:07:08.0" createdTxStamp="2012-07-01 22:07:07.0"/>
    <CountryCode countryCode="KE" countryAbbr="KEN" countryNumber="404" countryName="KENYA" lastUpdatedStamp="2012-07-01 22:07:08.0" lastUpdatedTxStamp="2012-07-01 22:07:07.0" createdStamp="2012-07-01 22:07:08.0" createdTxStamp="2012-07-01 22:07:07.0"/>
    <CountryCode countryCode="KG" countryAbbr="KGZ" countryNumber="417" countryName="KYRGYZSTAN" lastUpdatedStamp="2012-07-01 22:07:08.0" lastUpdatedTxStamp="2012-07-01 22:07:07.0" createdStamp="2012-07-01 22:07:08.0" createdTxStamp="2012-07-01 22:07:07.0"/>
    <CountryCode countryCode="KH" countryAbbr="KHM" countryNumber="116" countryName="CAMBODIA" lastUpdatedStamp="2012-07-01 22:07:07.0" lastUpdatedTxStamp="2012-07-01 22:07:07.0" createdStamp="2012-07-01 22:07:07.0" createdTxStamp="2012-07-01 22:07:07.0"/>
    <CountryCode countryCode="KI" countryAbbr="KIR" countryNumber="296" countryName="KIRIBATI" lastUpdatedStamp="2012-07-01 22:07:07.0" lastUpdatedTxStamp="2012-07-01 22:07:07.0" createdStamp="2012-07-01 22:07:07.0" createdTxStamp="2012-07-01 22:07:07.0"/>
    <CountryCode countryCode="KM" countryAbbr="COM" countryNumber="174" countryName="COMOROS" lastUpdatedStamp="2012-07-01 22:07:07.0" lastUpdatedTxStamp="2012-07-01 22:07:07.0" createdStamp="2012-07-01 22:07:07.0" createdTxStamp="2012-07-01 22:07:07.0"/>
    <CountryCode countryCode="KN" countryAbbr="KNA" countryNumber="659" countryName="SAINT KITTS AND NEVIS" lastUpdatedStamp="2012-07-01 22:07:08.0" lastUpdatedTxStamp="2012-07-01 22:07:07.0" createdStamp="2012-07-01 22:07:08.0" createdTxStamp="2012-07-01 22:07:07.0"/>
    <CountryCode countryCode="KP" countryAbbr="PRK" countryNumber="408" countryName="KOREA, DEMOCRATIC PEOPLE&apos;S REPUBLIC OF" lastUpdatedStamp="2012-07-01 22:07:08.0" lastUpdatedTxStamp="2012-07-01 22:07:07.0" createdStamp="2012-07-01 22:07:08.0" createdTxStamp="2012-07-01 22:07:07.0"/>
    <CountryCode countryCode="KR" countryAbbr="KOR" countryNumber="410" countryName="KOREA, REPUBLIC OF" lastUpdatedStamp="2012-07-01 22:07:08.0" lastUpdatedTxStamp="2012-07-01 22:07:07.0" createdStamp="2012-07-01 22:07:08.0" createdTxStamp="2012-07-01 22:07:07.0"/>
    <CountryCode countryCode="KW" countryAbbr="KWT" countryNumber="414" countryName="KUWAIT" lastUpdatedStamp="2012-07-01 22:07:08.0" lastUpdatedTxStamp="2012-07-01 22:07:07.0" createdStamp="2012-07-01 22:07:08.0" createdTxStamp="2012-07-01 22:07:07.0"/>
    <CountryCode countryCode="KY" countryAbbr="CYM" countryNumber="136" countryName="CAYMAN ISLANDS" lastUpdatedStamp="2012-07-01 22:07:07.0" lastUpdatedTxStamp="2012-07-01 22:07:07.0" createdStamp="2012-07-01 22:07:07.0" createdTxStamp="2012-07-01 22:07:07.0"/>
    <CountryCode countryCode="KZ" countryAbbr="KAZ" countryNumber="398" countryName="KAZAKHSTAN" lastUpdatedStamp="2012-07-01 22:07:08.0" lastUpdatedTxStamp="2012-07-01 22:07:07.0" createdStamp="2012-07-01 22:07:08.0" createdTxStamp="2012-07-01 22:07:07.0"/>
    <CountryCode countryCode="LA" countryAbbr="LAO" countryNumber="418" countryName="LAO PEOPLE&apos;S DEMOCRATIC REPUBLIC" lastUpdatedStamp="2012-07-01 22:07:08.0" lastUpdatedTxStamp="2012-07-01 22:07:07.0" createdStamp="2012-07-01 22:07:08.0" createdTxStamp="2012-07-01 22:07:07.0"/>
    <CountryCode countryCode="LB" countryAbbr="LBN" countryNumber="422" countryName="LEBANON" lastUpdatedStamp="2012-07-01 22:07:08.0" lastUpdatedTxStamp="2012-07-01 22:07:07.0" createdStamp="2012-07-01 22:07:08.0" createdTxStamp="2012-07-01 22:07:07.0"/>
    <CountryCode countryCode="LC" countryAbbr="LCA" countryNumber="662" countryName="SAINT LUCIA" lastUpdatedStamp="2012-07-01 22:07:08.0" lastUpdatedTxStamp="2012-07-01 22:07:07.0" createdStamp="2012-07-01 22:07:08.0" createdTxStamp="2012-07-01 22:07:07.0"/>
    <CountryCode countryCode="LI" countryAbbr="LIE" countryNumber="438" countryName="LIECHTENSTEIN" lastUpdatedStamp="2012-07-01 22:07:08.0" lastUpdatedTxStamp="2012-07-01 22:07:07.0" createdStamp="2012-07-01 22:07:08.0" createdTxStamp="2012-07-01 22:07:07.0"/>
    <CountryCode countryCode="LK" countryAbbr="LKA" countryNumber="144" countryName="SRI LANKA" lastUpdatedStamp="2012-07-01 22:07:07.0" lastUpdatedTxStamp="2012-07-01 22:07:07.0" createdStamp="2012-07-01 22:07:07.0" createdTxStamp="2012-07-01 22:07:07.0"/>
    <CountryCode countryCode="LR" countryAbbr="LBR" countryNumber="430" countryName="LIBERIA" lastUpdatedStamp="2012-07-01 22:07:08.0" lastUpdatedTxStamp="2012-07-01 22:07:07.0" createdStamp="2012-07-01 22:07:08.0" createdTxStamp="2012-07-01 22:07:07.0"/>
    <CountryCode countryCode="LS" countryAbbr="LSO" countryNumber="426" countryName="LESOTHO" lastUpdatedStamp="2012-07-01 22:07:08.0" lastUpdatedTxStamp="2012-07-01 22:07:07.0" createdStamp="2012-07-01 22:07:08.0" createdTxStamp="2012-07-01 22:07:07.0"/>
    <CountryCode countryCode="LT" countryAbbr="LTU" countryNumber="440" countryName="LITHUANIA" lastUpdatedStamp="2012-07-01 22:07:08.0" lastUpdatedTxStamp="2012-07-01 22:07:07.0" createdStamp="2012-07-01 22:07:08.0" createdTxStamp="2012-07-01 22:07:07.0"/>
    <CountryCode countryCode="LU" countryAbbr="LUX" countryNumber="442" countryName="LUXEMBOURG" lastUpdatedStamp="2012-07-01 22:07:08.0" lastUpdatedTxStamp="2012-07-01 22:07:07.0" createdStamp="2012-07-01 22:07:08.0" createdTxStamp="2012-07-01 22:07:07.0"/>
    <CountryCode countryCode="LV" countryAbbr="LVA" countryNumber="428" countryName="LATVIA" lastUpdatedStamp="2012-07-01 22:07:08.0" lastUpdatedTxStamp="2012-07-01 22:07:07.0" createdStamp="2012-07-01 22:07:08.0" createdTxStamp="2012-07-01 22:07:07.0"/>
    <CountryCode countryCode="LY" countryAbbr="LBY" countryNumber="434" countryName="LIBYAN ARAB JAMAHIRIYA" lastUpdatedStamp="2012-07-01 22:07:08.0" lastUpdatedTxStamp="2012-07-01 22:07:07.0" createdStamp="2012-07-01 22:07:08.0" createdTxStamp="2012-07-01 22:07:07.0"/>
    <CountryCode countryCode="MA" countryAbbr="MAR" countryNumber="504" countryName="MOROCCO" lastUpdatedStamp="2012-07-01 22:07:08.0" lastUpdatedTxStamp="2012-07-01 22:07:07.0" createdStamp="2012-07-01 22:07:08.0" createdTxStamp="2012-07-01 22:07:07.0"/>
    <CountryCode countryCode="MC" countryAbbr="MCO" countryNumber="492" countryName="MONACO" lastUpdatedStamp="2012-07-01 22:07:08.0" lastUpdatedTxStamp="2012-07-01 22:07:07.0" createdStamp="2012-07-01 22:07:08.0" createdTxStamp="2012-07-01 22:07:07.0"/>
    <CountryCode countryCode="MD" countryAbbr="MDA" countryNumber="498" countryName="MOLDOVA, REPUBLIC OF" lastUpdatedStamp="2012-07-01 22:07:08.0" lastUpdatedTxStamp="2012-07-01 22:07:07.0" createdStamp="2012-07-01 22:07:08.0" createdTxStamp="2012-07-01 22:07:07.0"/>
    <CountryCode countryCode="MG" countryAbbr="MDG" countryNumber="450" countryName="MADAGASCAR" lastUpdatedStamp="2012-07-01 22:07:08.0" lastUpdatedTxStamp="2012-07-01 22:07:07.0" createdStamp="2012-07-01 22:07:08.0" createdTxStamp="2012-07-01 22:07:07.0"/>
    <CountryCode countryCode="MH" countryAbbr="MHL" countryNumber="584" countryName="MARSHALL ISLANDS" lastUpdatedStamp="2012-07-01 22:07:08.0" lastUpdatedTxStamp="2012-07-01 22:07:07.0" createdStamp="2012-07-01 22:07:08.0" createdTxStamp="2012-07-01 22:07:07.0"/>
    <CountryCode countryCode="MK" countryAbbr="MKD" countryNumber="807" countryName="MACEDONIA, THE FORMER YUGOSLAV REPUBLIC OF" lastUpdatedStamp="2012-07-01 22:07:08.0" lastUpdatedTxStamp="2012-07-01 22:07:07.0" createdStamp="2012-07-01 22:07:08.0" createdTxStamp="2012-07-01 22:07:07.0"/>
    <CountryCode countryCode="ML" countryAbbr="MLI" countryNumber="466" countryName="MALI" lastUpdatedStamp="2012-07-01 22:07:08.0" lastUpdatedTxStamp="2012-07-01 22:07:07.0" createdStamp="2012-07-01 22:07:08.0" createdTxStamp="2012-07-01 22:07:07.0"/>
    <CountryCode countryCode="MM" countryAbbr="MMR" countryNumber="104" countryName="MYANMAR" lastUpdatedStamp="2012-07-01 22:07:07.0" lastUpdatedTxStamp="2012-07-01 22:07:07.0" createdStamp="2012-07-01 22:07:07.0" createdTxStamp="2012-07-01 22:07:07.0"/>
    <CountryCode countryCode="MN" countryAbbr="MNG" countryNumber="496" countryName="MONGOLIA" lastUpdatedStamp="2012-07-01 22:07:08.0" lastUpdatedTxStamp="2012-07-01 22:07:07.0" createdStamp="2012-07-01 22:07:08.0" createdTxStamp="2012-07-01 22:07:07.0"/>
    <CountryCode countryCode="MO" countryAbbr="MAC" countryNumber="446" countryName="MACAU" lastUpdatedStamp="2012-07-01 22:07:08.0" lastUpdatedTxStamp="2012-07-01 22:07:07.0" createdStamp="2012-07-01 22:07:08.0" createdTxStamp="2012-07-01 22:07:07.0"/>
    <CountryCode countryCode="MP" countryAbbr="MNP" countryNumber="580" countryName="NORTHERN MARIANA ISLANDS" lastUpdatedStamp="2012-07-01 22:07:08.0" lastUpdatedTxStamp="2012-07-01 22:07:07.0" createdStamp="2012-07-01 22:07:08.0" createdTxStamp="2012-07-01 22:07:07.0"/>
    <CountryCode countryCode="MQ" countryAbbr="MTQ" countryNumber="474" countryName="MARTINIQUE" lastUpdatedStamp="2012-07-01 22:07:08.0" lastUpdatedTxStamp="2012-07-01 22:07:07.0" createdStamp="2012-07-01 22:07:08.0" createdTxStamp="2012-07-01 22:07:07.0"/>
    <CountryCode countryCode="MR" countryAbbr="MRT" countryNumber="478" countryName="MAURITANIA" lastUpdatedStamp="2012-07-01 22:07:08.0" lastUpdatedTxStamp="2012-07-01 22:07:07.0" createdStamp="2012-07-01 22:07:08.0" createdTxStamp="2012-07-01 22:07:07.0"/>
    <CountryCode countryCode="MS" countryAbbr="MSR" countryNumber="500" countryName="MONTSERRAT" lastUpdatedStamp="2012-07-01 22:07:08.0" lastUpdatedTxStamp="2012-07-01 22:07:07.0" createdStamp="2012-07-01 22:07:08.0" createdTxStamp="2012-07-01 22:07:07.0"/>
    <CountryCode countryCode="MT" countryAbbr="MLT" countryNumber="470" countryName="MALTA" lastUpdatedStamp="2012-07-01 22:07:08.0" lastUpdatedTxStamp="2012-07-01 22:07:07.0" createdStamp="2012-07-01 22:07:08.0" createdTxStamp="2012-07-01 22:07:07.0"/>
    <CountryCode countryCode="MU" countryAbbr="MUS" countryNumber="480" countryName="MAURITIUS" lastUpdatedStamp="2012-07-01 22:07:08.0" lastUpdatedTxStamp="2012-07-01 22:07:07.0" createdStamp="2012-07-01 22:07:08.0" createdTxStamp="2012-07-01 22:07:07.0"/>
    <CountryCode countryCode="MV" countryAbbr="MDV" countryNumber="462" countryName="MALDIVES" lastUpdatedStamp="2012-07-01 22:07:08.0" lastUpdatedTxStamp="2012-07-01 22:07:07.0" createdStamp="2012-07-01 22:07:08.0" createdTxStamp="2012-07-01 22:07:07.0"/>
    <CountryCode countryCode="MW" countryAbbr="MWI" countryNumber="454" countryName="MALAWI" lastUpdatedStamp="2012-07-01 22:07:08.0" lastUpdatedTxStamp="2012-07-01 22:07:07.0" createdStamp="2012-07-01 22:07:08.0" createdTxStamp="2012-07-01 22:07:07.0"/>
    <CountryCode countryCode="MX" countryAbbr="MEX" countryNumber="484" countryName="MEXICO" lastUpdatedStamp="2012-07-01 22:07:08.0" lastUpdatedTxStamp="2012-07-01 22:07:07.0" createdStamp="2012-07-01 22:07:08.0" createdTxStamp="2012-07-01 22:07:07.0"/>
    <CountryCode countryCode="MY" countryAbbr="MYS" countryNumber="458" countryName="MALAYSIA" lastUpdatedStamp="2012-07-01 22:07:08.0" lastUpdatedTxStamp="2012-07-01 22:07:07.0" createdStamp="2012-07-01 22:07:08.0" createdTxStamp="2012-07-01 22:07:07.0"/>
    <CountryCode countryCode="MZ" countryAbbr="MOZ" countryNumber="508" countryName="MOZAMBIQUE" lastUpdatedStamp="2012-07-01 22:07:08.0" lastUpdatedTxStamp="2012-07-01 22:07:07.0" createdStamp="2012-07-01 22:07:08.0" createdTxStamp="2012-07-01 22:07:07.0"/>
    <CountryCode countryCode="NA" countryAbbr="NAM" countryNumber="516" countryName="NAMIBIA" lastUpdatedStamp="2012-07-01 22:07:08.0" lastUpdatedTxStamp="2012-07-01 22:07:07.0" createdStamp="2012-07-01 22:07:08.0" createdTxStamp="2012-07-01 22:07:07.0"/>
    <CountryCode countryCode="NC" countryAbbr="NCL" countryNumber="540" countryName="NEW CALEDONIA" lastUpdatedStamp="2012-07-01 22:07:08.0" lastUpdatedTxStamp="2012-07-01 22:07:07.0" createdStamp="2012-07-01 22:07:08.0" createdTxStamp="2012-07-01 22:07:07.0"/>
    <CountryCode countryCode="NE" countryAbbr="NER" countryNumber="562" countryName="NIGER" lastUpdatedStamp="2012-07-01 22:07:08.0" lastUpdatedTxStamp="2012-07-01 22:07:07.0" createdStamp="2012-07-01 22:07:08.0" createdTxStamp="2012-07-01 22:07:07.0"/>
    <CountryCode countryCode="NF" countryAbbr="NFK" countryNumber="574" countryName="NORFOLK ISLAND" lastUpdatedStamp="2012-07-01 22:07:08.0" lastUpdatedTxStamp="2012-07-01 22:07:07.0" createdStamp="2012-07-01 22:07:08.0" createdTxStamp="2012-07-01 22:07:07.0"/>
    <CountryCode countryCode="NG" countryAbbr="NGA" countryNumber="566" countryName="NIGERIA" lastUpdatedStamp="2012-07-01 22:07:08.0" lastUpdatedTxStamp="2012-07-01 22:07:07.0" createdStamp="2012-07-01 22:07:08.0" createdTxStamp="2012-07-01 22:07:07.0"/>
    <CountryCode countryCode="NI" countryAbbr="NIC" countryNumber="558" countryName="NICARAGUA" lastUpdatedStamp="2012-07-01 22:07:08.0" lastUpdatedTxStamp="2012-07-01 22:07:07.0" createdStamp="2012-07-01 22:07:08.0" createdTxStamp="2012-07-01 22:07:07.0"/>
    <CountryCode countryCode="NIR" countryAbbr="NIRL" countryNumber="897" countryName="N.IRELAND" lastUpdatedStamp="2012-07-01 22:07:08.0" lastUpdatedTxStamp="2012-07-01 22:07:07.0" createdStamp="2012-07-01 22:07:08.0" createdTxStamp="2012-07-01 22:07:07.0"/>
    <CountryCode countryCode="NL" countryAbbr="NLD" countryNumber="528" countryName="NETHERLANDS" lastUpdatedStamp="2012-07-01 22:07:08.0" lastUpdatedTxStamp="2012-07-01 22:07:07.0" createdStamp="2012-07-01 22:07:08.0" createdTxStamp="2012-07-01 22:07:07.0"/>
    <CountryCode countryCode="NO" countryAbbr="NOR" countryNumber="578" countryName="NORWAY" lastUpdatedStamp="2012-07-01 22:07:08.0" lastUpdatedTxStamp="2012-07-01 22:07:07.0" createdStamp="2012-07-01 22:07:08.0" createdTxStamp="2012-07-01 22:07:07.0"/>
    <CountryCode countryCode="NP" countryAbbr="NPL" countryNumber="524" countryName="NEPAL" lastUpdatedStamp="2012-07-01 22:07:08.0" lastUpdatedTxStamp="2012-07-01 22:07:07.0" createdStamp="2012-07-01 22:07:08.0" createdTxStamp="2012-07-01 22:07:07.0"/>
    <CountryCode countryCode="NR" countryAbbr="NRU" countryNumber="520" countryName="NAURU" lastUpdatedStamp="2012-07-01 22:07:08.0" lastUpdatedTxStamp="2012-07-01 22:07:07.0" createdStamp="2012-07-01 22:07:08.0" createdTxStamp="2012-07-01 22:07:07.0"/>
    <CountryCode countryCode="NU" countryAbbr="NIU" countryNumber="570" countryName="NIUE" lastUpdatedStamp="2012-07-01 22:07:08.0" lastUpdatedTxStamp="2012-07-01 22:07:07.0" createdStamp="2012-07-01 22:07:08.0" createdTxStamp="2012-07-01 22:07:07.0"/>
    <CountryCode countryCode="NZ" countryAbbr="NZL" countryNumber="554" countryName="NEW ZEALAND" lastUpdatedStamp="2012-07-01 22:07:08.0" lastUpdatedTxStamp="2012-07-01 22:07:07.0" createdStamp="2012-07-01 22:07:08.0" createdTxStamp="2012-07-01 22:07:07.0"/>
    <CountryCode countryCode="OM" countryAbbr="OMN" countryNumber="512" countryName="OMAN" lastUpdatedStamp="2012-07-01 22:07:08.0" lastUpdatedTxStamp="2012-07-01 22:07:07.0" createdStamp="2012-07-01 22:07:08.0" createdTxStamp="2012-07-01 22:07:07.0"/>
    <CountryCode countryCode="PA" countryAbbr="PAN" countryNumber="591" countryName="PANAMA" lastUpdatedStamp="2012-07-01 22:07:08.0" lastUpdatedTxStamp="2012-07-01 22:07:07.0" createdStamp="2012-07-01 22:07:08.0" createdTxStamp="2012-07-01 22:07:07.0"/>
    <CountryCode countryCode="PE" countryAbbr="PER" countryNumber="604" countryName="PERU" lastUpdatedStamp="2012-07-01 22:07:08.0" lastUpdatedTxStamp="2012-07-01 22:07:07.0" createdStamp="2012-07-01 22:07:08.0" createdTxStamp="2012-07-01 22:07:07.0"/>
    <CountryCode countryCode="PF" countryAbbr="PYF" countryNumber="258" countryName="FRENCH POLYNESIA" lastUpdatedStamp="2012-07-01 22:07:07.0" lastUpdatedTxStamp="2012-07-01 22:07:07.0" createdStamp="2012-07-01 22:07:07.0" createdTxStamp="2012-07-01 22:07:07.0"/>
    <CountryCode countryCode="PG" countryAbbr="PNG" countryNumber="598" countryName="PAPUA NEW GUINEA" lastUpdatedStamp="2012-07-01 22:07:08.0" lastUpdatedTxStamp="2012-07-01 22:07:07.0" createdStamp="2012-07-01 22:07:08.0" createdTxStamp="2012-07-01 22:07:07.0"/>
    <CountryCode countryCode="PH" countryAbbr="PHL" countryNumber="608" countryName="PHILIPPINES" lastUpdatedStamp="2012-07-01 22:07:08.0" lastUpdatedTxStamp="2012-07-01 22:07:07.0" createdStamp="2012-07-01 22:07:08.0" createdTxStamp="2012-07-01 22:07:07.0"/>
    <CountryCode countryCode="PK" countryAbbr="PAK" countryNumber="586" countryName="PAKISTAN" lastUpdatedStamp="2012-07-01 22:07:08.0" lastUpdatedTxStamp="2012-07-01 22:07:07.0" createdStamp="2012-07-01 22:07:08.0" createdTxStamp="2012-07-01 22:07:07.0"/>
    <CountryCode countryCode="PL" countryAbbr="POL" countryNumber="616" countryName="POLAND" lastUpdatedStamp="2012-07-01 22:07:08.0" lastUpdatedTxStamp="2012-07-01 22:07:07.0" createdStamp="2012-07-01 22:07:08.0" createdTxStamp="2012-07-01 22:07:07.0"/>
    <CountryCode countryCode="PM" countryAbbr="SPM" countryNumber="666" countryName="ST. PIERRE AND MIQUELON" lastUpdatedStamp="2012-07-01 22:07:08.0" lastUpdatedTxStamp="2012-07-01 22:07:07.0" createdStamp="2012-07-01 22:07:08.0" createdTxStamp="2012-07-01 22:07:07.0"/>
    <CountryCode countryCode="PN" countryAbbr="PCN" countryNumber="612" countryName="PITCAIRN" lastUpdatedStamp="2012-07-01 22:07:08.0" lastUpdatedTxStamp="2012-07-01 22:07:07.0" createdStamp="2012-07-01 22:07:08.0" createdTxStamp="2012-07-01 22:07:07.0"/>
    <CountryCode countryCode="PR" countryAbbr="PRI" countryNumber="630" countryName="PUERTO RICO" lastUpdatedStamp="2012-07-01 22:07:08.0" lastUpdatedTxStamp="2012-07-01 22:07:07.0" createdStamp="2012-07-01 22:07:08.0" createdTxStamp="2012-07-01 22:07:07.0"/>
    <CountryCode countryCode="PS" countryAbbr="PSE" countryNumber="275" countryName="PALESTINIAN TERRITORY, OCCUPIED" lastUpdatedStamp="2012-07-01 22:07:07.0" lastUpdatedTxStamp="2012-07-01 22:07:07.0" createdStamp="2012-07-01 22:07:07.0" createdTxStamp="2012-07-01 22:07:07.0"/>
    <CountryCode countryCode="PT" countryAbbr="PRT" countryNumber="620" countryName="PORTUGAL" lastUpdatedStamp="2012-07-01 22:07:08.0" lastUpdatedTxStamp="2012-07-01 22:07:07.0" createdStamp="2012-07-01 22:07:08.0" createdTxStamp="2012-07-01 22:07:07.0"/>
    <CountryCode countryCode="PW" countryAbbr="PLW" countryNumber="585" countryName="PALAU" lastUpdatedStamp="2012-07-01 22:07:08.0" lastUpdatedTxStamp="2012-07-01 22:07:07.0" createdStamp="2012-07-01 22:07:08.0" createdTxStamp="2012-07-01 22:07:07.0"/>
    <CountryCode countryCode="PY" countryAbbr="PRY" countryNumber="600" countryName="PARAGUAY" lastUpdatedStamp="2012-07-01 22:07:08.0" lastUpdatedTxStamp="2012-07-01 22:07:07.0" createdStamp="2012-07-01 22:07:08.0" createdTxStamp="2012-07-01 22:07:07.0"/>
    <CountryCode countryCode="QA" countryAbbr="QAT" countryNumber="634" countryName="QATAR" lastUpdatedStamp="2012-07-01 22:07:08.0" lastUpdatedTxStamp="2012-07-01 22:07:07.0" createdStamp="2012-07-01 22:07:08.0" createdTxStamp="2012-07-01 22:07:07.0"/>
    <CountryCode countryCode="RE" countryAbbr="REU" countryNumber="638" countryName="REUNION" lastUpdatedStamp="2012-07-01 22:07:08.0" lastUpdatedTxStamp="2012-07-01 22:07:07.0" createdStamp="2012-07-01 22:07:08.0" createdTxStamp="2012-07-01 22:07:07.0"/>
    <CountryCode countryCode="RO" countryAbbr="ROM" countryNumber="642" countryName="ROMANIA" lastUpdatedStamp="2012-07-01 22:07:08.0" lastUpdatedTxStamp="2012-07-01 22:07:07.0" createdStamp="2012-07-01 22:07:08.0" createdTxStamp="2012-07-01 22:07:07.0"/>
    <CountryCode countryCode="RU" countryAbbr="RUS" countryNumber="643" countryName="RUSSIAN FEDERATION" lastUpdatedStamp="2012-07-01 22:07:08.0" lastUpdatedTxStamp="2012-07-01 22:07:07.0" createdStamp="2012-07-01 22:07:08.0" createdTxStamp="2012-07-01 22:07:07.0"/>
    <CountryCode countryCode="RW" countryAbbr="RWA" countryNumber="646" countryName="RWANDA" lastUpdatedStamp="2012-07-01 22:07:08.0" lastUpdatedTxStamp="2012-07-01 22:07:07.0" createdStamp="2012-07-01 22:07:08.0" createdTxStamp="2012-07-01 22:07:07.0"/>
    <CountryCode countryCode="SA" countryAbbr="SAU" countryNumber="682" countryName="SAUDI ARABIA" lastUpdatedStamp="2012-07-01 22:07:08.0" lastUpdatedTxStamp="2012-07-01 22:07:07.0" createdStamp="2012-07-01 22:07:08.0" createdTxStamp="2012-07-01 22:07:07.0"/>
    <CountryCode countryCode="SB" countryAbbr="SLB" countryNumber="090" countryName="SOLOMON ISLANDS" lastUpdatedStamp="2012-07-01 22:07:07.0" lastUpdatedTxStamp="2012-07-01 22:07:07.0" createdStamp="2012-07-01 22:07:07.0" createdTxStamp="2012-07-01 22:07:07.0"/>
    <CountryCode countryCode="SC" countryAbbr="SYC" countryNumber="690" countryName="SEYCHELLES" lastUpdatedStamp="2012-07-01 22:07:08.0" lastUpdatedTxStamp="2012-07-01 22:07:07.0" createdStamp="2012-07-01 22:07:08.0" createdTxStamp="2012-07-01 22:07:07.0"/>
    <CountryCode countryCode="SCT" countryAbbr="SCOT" countryNumber="895" countryName="SCOTLAND" lastUpdatedStamp="2012-07-01 22:07:08.0" lastUpdatedTxStamp="2012-07-01 22:07:07.0" createdStamp="2012-07-01 22:07:08.0" createdTxStamp="2012-07-01 22:07:07.0"/>
    <CountryCode countryCode="SD" countryAbbr="SDN" countryNumber="736" countryName="SUDAN" lastUpdatedStamp="2012-07-01 22:07:08.0" lastUpdatedTxStamp="2012-07-01 22:07:07.0" createdStamp="2012-07-01 22:07:08.0" createdTxStamp="2012-07-01 22:07:07.0"/>
    <CountryCode countryCode="SE" countryAbbr="SWE" countryNumber="752" countryName="SWEDEN" lastUpdatedStamp="2012-07-01 22:07:08.0" lastUpdatedTxStamp="2012-07-01 22:07:07.0" createdStamp="2012-07-01 22:07:08.0" createdTxStamp="2012-07-01 22:07:07.0"/>
    <CountryCode countryCode="SG" countryAbbr="SGP" countryNumber="702" countryName="SINGAPORE" lastUpdatedStamp="2012-07-01 22:07:08.0" lastUpdatedTxStamp="2012-07-01 22:07:07.0" createdStamp="2012-07-01 22:07:08.0" createdTxStamp="2012-07-01 22:07:07.0"/>
    <CountryCode countryCode="SH" countryAbbr="SHN" countryNumber="654" countryName="ST. HELENA" lastUpdatedStamp="2012-07-01 22:07:08.0" lastUpdatedTxStamp="2012-07-01 22:07:07.0" createdStamp="2012-07-01 22:07:08.0" createdTxStamp="2012-07-01 22:07:07.0"/>
    <CountryCode countryCode="SI" countryAbbr="SVN" countryNumber="705" countryName="SLOVENIA" lastUpdatedStamp="2012-07-01 22:07:08.0" lastUpdatedTxStamp="2012-07-01 22:07:07.0" createdStamp="2012-07-01 22:07:08.0" createdTxStamp="2012-07-01 22:07:07.0"/>
    <CountryCode countryCode="SJ" countryAbbr="SJM" countryNumber="744" countryName="SVALBARD AND JAN MAYEN ISLANDS" lastUpdatedStamp="2012-07-01 22:07:08.0" lastUpdatedTxStamp="2012-07-01 22:07:07.0" createdStamp="2012-07-01 22:07:08.0" createdTxStamp="2012-07-01 22:07:07.0"/>
    <CountryCode countryCode="SK" countryAbbr="SVK" countryNumber="703" countryName="SLOVAKIA (Slovak Republic)" lastUpdatedStamp="2012-07-01 22:07:08.0" lastUpdatedTxStamp="2012-07-01 22:07:07.0" createdStamp="2012-07-01 22:07:08.0" createdTxStamp="2012-07-01 22:07:07.0"/>
    <CountryCode countryCode="SL" countryAbbr="SLE" countryNumber="694" countryName="SIERRA LEONE" lastUpdatedStamp="2012-07-01 22:07:08.0" lastUpdatedTxStamp="2012-07-01 22:07:07.0" createdStamp="2012-07-01 22:07:08.0" createdTxStamp="2012-07-01 22:07:07.0"/>
    <CountryCode countryCode="SM" countryAbbr="SMR" countryNumber="674" countryName="SAN MARINO" lastUpdatedStamp="2012-07-01 22:07:08.0" lastUpdatedTxStamp="2012-07-01 22:07:07.0" createdStamp="2012-07-01 22:07:08.0" createdTxStamp="2012-07-01 22:07:07.0"/>
    <CountryCode countryCode="SN" countryAbbr="SEN" countryNumber="686" countryName="SENEGAL" lastUpdatedStamp="2012-07-01 22:07:08.0" lastUpdatedTxStamp="2012-07-01 22:07:07.0" createdStamp="2012-07-01 22:07:08.0" createdTxStamp="2012-07-01 22:07:07.0"/>
    <CountryCode countryCode="SO" countryAbbr="SOM" countryNumber="706" countryName="SOMALIA" lastUpdatedStamp="2012-07-01 22:07:08.0" lastUpdatedTxStamp="2012-07-01 22:07:07.0" createdStamp="2012-07-01 22:07:08.0" createdTxStamp="2012-07-01 22:07:07.0"/>
    <CountryCode countryCode="SR" countryAbbr="SUR" countryNumber="740" countryName="SURINAME" lastUpdatedStamp="2012-07-01 22:07:08.0" lastUpdatedTxStamp="2012-07-01 22:07:07.0" createdStamp="2012-07-01 22:07:08.0" createdTxStamp="2012-07-01 22:07:07.0"/>
    <CountryCode countryCode="ST" countryAbbr="STP" countryNumber="678" countryName="SAO TOME AND PRINCIPE" lastUpdatedStamp="2012-07-01 22:07:08.0" lastUpdatedTxStamp="2012-07-01 22:07:07.0" createdStamp="2012-07-01 22:07:08.0" createdTxStamp="2012-07-01 22:07:07.0"/>
    <CountryCode countryCode="SV" countryAbbr="SLV" countryNumber="222" countryName="EL SALVADOR" lastUpdatedStamp="2012-07-01 22:07:07.0" lastUpdatedTxStamp="2012-07-01 22:07:07.0" createdStamp="2012-07-01 22:07:07.0" createdTxStamp="2012-07-01 22:07:07.0"/>
    <CountryCode countryCode="SY" countryAbbr="SYR" countryNumber="760" countryName="SYRIAN ARAB REPUBLIC" lastUpdatedStamp="2012-07-01 22:07:08.0" lastUpdatedTxStamp="2012-07-01 22:07:07.0" createdStamp="2012-07-01 22:07:08.0" createdTxStamp="2012-07-01 22:07:07.0"/>
    <CountryCode countryCode="SZ" countryAbbr="SWZ" countryNumber="748" countryName="SWAZILAND" lastUpdatedStamp="2012-07-01 22:07:08.0" lastUpdatedTxStamp="2012-07-01 22:07:07.0" createdStamp="2012-07-01 22:07:08.0" createdTxStamp="2012-07-01 22:07:07.0"/>
    <CountryCode countryCode="TC" countryAbbr="TCA" countryNumber="796" countryName="TURKS AND CAICOS ISLANDS" lastUpdatedStamp="2012-07-01 22:07:08.0" lastUpdatedTxStamp="2012-07-01 22:07:07.0" createdStamp="2012-07-01 22:07:08.0" createdTxStamp="2012-07-01 22:07:07.0"/>
    <CountryCode countryCode="TD" countryAbbr="TCD" countryNumber="148" countryName="CHAD" lastUpdatedStamp="2012-07-01 22:07:07.0" lastUpdatedTxStamp="2012-07-01 22:07:07.0" createdStamp="2012-07-01 22:07:07.0" createdTxStamp="2012-07-01 22:07:07.0"/>
    <CountryCode countryCode="TF" countryAbbr="ATF" countryNumber="260" countryName="FRENCH SOUTHERN TERRITORIES" lastUpdatedStamp="2012-07-01 22:07:07.0" lastUpdatedTxStamp="2012-07-01 22:07:07.0" createdStamp="2012-07-01 22:07:07.0" createdTxStamp="2012-07-01 22:07:07.0"/>
    <CountryCode countryCode="TG" countryAbbr="TGO" countryNumber="768" countryName="TOGO" lastUpdatedStamp="2012-07-01 22:07:08.0" lastUpdatedTxStamp="2012-07-01 22:07:07.0" createdStamp="2012-07-01 22:07:08.0" createdTxStamp="2012-07-01 22:07:07.0"/>
    <CountryCode countryCode="TH" countryAbbr="THA" countryNumber="764" countryName="THAILAND" lastUpdatedStamp="2012-07-01 22:07:08.0" lastUpdatedTxStamp="2012-07-01 22:07:07.0" createdStamp="2012-07-01 22:07:08.0" createdTxStamp="2012-07-01 22:07:07.0"/>
    <CountryCode countryCode="TJ" countryAbbr="TJK" countryNumber="762" countryName="TAJIKISTAN" lastUpdatedStamp="2012-07-01 22:07:08.0" lastUpdatedTxStamp="2012-07-01 22:07:07.0" createdStamp="2012-07-01 22:07:08.0" createdTxStamp="2012-07-01 22:07:07.0"/>
    <CountryCode countryCode="TK" countryAbbr="TKL" countryNumber="772" countryName="TOKELAU" lastUpdatedStamp="2012-07-01 22:07:08.0" lastUpdatedTxStamp="2012-07-01 22:07:07.0" createdStamp="2012-07-01 22:07:08.0" createdTxStamp="2012-07-01 22:07:07.0"/>
    <CountryCode countryCode="TM" countryAbbr="TKM" countryNumber="795" countryName="TURKMENISTAN" lastUpdatedStamp="2012-07-01 22:07:08.0" lastUpdatedTxStamp="2012-07-01 22:07:07.0" createdStamp="2012-07-01 22:07:08.0" createdTxStamp="2012-07-01 22:07:07.0"/>
    <CountryCode countryCode="TN" countryAbbr="TUN" countryNumber="788" countryName="TUNISIA" lastUpdatedStamp="2012-07-01 22:07:08.0" lastUpdatedTxStamp="2012-07-01 22:07:07.0" createdStamp="2012-07-01 22:07:08.0" createdTxStamp="2012-07-01 22:07:07.0"/>
    <CountryCode countryCode="TO" countryAbbr="TON" countryNumber="776" countryName="TONGA" lastUpdatedStamp="2012-07-01 22:07:08.0" lastUpdatedTxStamp="2012-07-01 22:07:07.0" createdStamp="2012-07-01 22:07:08.0" createdTxStamp="2012-07-01 22:07:07.0"/>
    <CountryCode countryCode="TP" countryAbbr="TMP" countryNumber="626" countryName="EAST TIMOR" lastUpdatedStamp="2012-07-01 22:07:08.0" lastUpdatedTxStamp="2012-07-01 22:07:07.0" createdStamp="2012-07-01 22:07:08.0" createdTxStamp="2012-07-01 22:07:07.0"/>
    <CountryCode countryCode="TR" countryAbbr="TUR" countryNumber="792" countryName="TURKEY" lastUpdatedStamp="2012-07-01 22:07:08.0" lastUpdatedTxStamp="2012-07-01 22:07:07.0" createdStamp="2012-07-01 22:07:08.0" createdTxStamp="2012-07-01 22:07:07.0"/>
    <CountryCode countryCode="TT" countryAbbr="TTO" countryNumber="780" countryName="TRINIDAD AND TOBAGO" lastUpdatedStamp="2012-07-01 22:07:08.0" lastUpdatedTxStamp="2012-07-01 22:07:07.0" createdStamp="2012-07-01 22:07:08.0" createdTxStamp="2012-07-01 22:07:07.0"/>
    <CountryCode countryCode="TV" countryAbbr="TUV" countryNumber="798" countryName="TUVALU" lastUpdatedStamp="2012-07-01 22:07:08.0" lastUpdatedTxStamp="2012-07-01 22:07:07.0" createdStamp="2012-07-01 22:07:08.0" createdTxStamp="2012-07-01 22:07:07.0"/>
    <CountryCode countryCode="TW" countryAbbr="TWN" countryNumber="158" countryName="TAIWAN, PROVINCE OF CHINA" lastUpdatedStamp="2012-07-01 22:07:07.0" lastUpdatedTxStamp="2012-07-01 22:07:07.0" createdStamp="2012-07-01 22:07:07.0" createdTxStamp="2012-07-01 22:07:07.0"/>
    <CountryCode countryCode="TZ" countryAbbr="TZA" countryNumber="834" countryName="TANZANIA, UNITED REPUBLIC OF" lastUpdatedStamp="2012-07-01 22:07:08.0" lastUpdatedTxStamp="2012-07-01 22:07:07.0" createdStamp="2012-07-01 22:07:08.0" createdTxStamp="2012-07-01 22:07:07.0"/>
    <CountryCode countryCode="UA" countryAbbr="UKR" countryNumber="804" countryName="UKRAINE" lastUpdatedStamp="2012-07-01 22:07:08.0" lastUpdatedTxStamp="2012-07-01 22:07:07.0" createdStamp="2012-07-01 22:07:08.0" createdTxStamp="2012-07-01 22:07:07.0"/>
    <CountryCode countryCode="UG" countryAbbr="UGA" countryNumber="800" countryName="UGANDA" lastUpdatedStamp="2012-07-01 22:07:08.0" lastUpdatedTxStamp="2012-07-01 22:07:07.0" createdStamp="2012-07-01 22:07:08.0" createdTxStamp="2012-07-01 22:07:07.0"/>
    <CountryCode countryCode="UM" countryAbbr="UMI" countryNumber="581" countryName="UNITED STATES MINOR OUTLYING ISLANDS" lastUpdatedStamp="2012-07-01 22:07:08.0" lastUpdatedTxStamp="2012-07-01 22:07:07.0" createdStamp="2012-07-01 22:07:08.0" createdTxStamp="2012-07-01 22:07:07.0"/>
    <CountryCode countryCode="US" countryAbbr="USA" countryNumber="840" countryName="UNITED STATES" lastUpdatedStamp="2012-07-01 22:07:08.0" lastUpdatedTxStamp="2012-07-01 22:07:07.0" createdStamp="2012-07-01 22:07:08.0" createdTxStamp="2012-07-01 22:07:07.0"/>
    <CountryCode countryCode="UY" countryAbbr="URY" countryNumber="858" countryName="URUGUAY" lastUpdatedStamp="2012-07-01 22:07:08.0" lastUpdatedTxStamp="2012-07-01 22:07:07.0" createdStamp="2012-07-01 22:07:08.0" createdTxStamp="2012-07-01 22:07:07.0"/>
    <CountryCode countryCode="UZ" countryAbbr="UZB" countryNumber="860" countryName="UZBEKISTAN" lastUpdatedStamp="2012-07-01 22:07:08.0" lastUpdatedTxStamp="2012-07-01 22:07:07.0" createdStamp="2012-07-01 22:07:08.0" createdTxStamp="2012-07-01 22:07:07.0"/>
    <CountryCode countryCode="VA" countryAbbr="VAT" countryNumber="336" countryName="HOLY SEE (VATICAN CITY STATE)" lastUpdatedStamp="2012-07-01 22:07:07.0" lastUpdatedTxStamp="2012-07-01 22:07:07.0" createdStamp="2012-07-01 22:07:07.0" createdTxStamp="2012-07-01 22:07:07.0"/>
    <CountryCode countryCode="VC" countryAbbr="VCT" countryNumber="670" countryName="SAINT VINCENT AND THE GRENADINES" lastUpdatedStamp="2012-07-01 22:07:08.0" lastUpdatedTxStamp="2012-07-01 22:07:07.0" createdStamp="2012-07-01 22:07:08.0" createdTxStamp="2012-07-01 22:07:07.0"/>
    <CountryCode countryCode="VE" countryAbbr="VEN" countryNumber="862" countryName="VENEZUELA" lastUpdatedStamp="2012-07-01 22:07:08.0" lastUpdatedTxStamp="2012-07-01 22:07:07.0" createdStamp="2012-07-01 22:07:08.0" createdTxStamp="2012-07-01 22:07:07.0"/>
    <CountryCode countryCode="VG" countryAbbr="VGB" countryNumber="092" countryName="VIRGIN ISLANDS (BRITISH)" lastUpdatedStamp="2012-07-01 22:07:07.0" lastUpdatedTxStamp="2012-07-01 22:07:07.0" createdStamp="2012-07-01 22:07:07.0" createdTxStamp="2012-07-01 22:07:07.0"/>
    <CountryCode countryCode="VI" countryAbbr="VIR" countryNumber="850" countryName="VIRGIN ISLANDS (U.S.)" lastUpdatedStamp="2012-07-01 22:07:08.0" lastUpdatedTxStamp="2012-07-01 22:07:07.0" createdStamp="2012-07-01 22:07:08.0" createdTxStamp="2012-07-01 22:07:07.0"/>
    <CountryCode countryCode="VN" countryAbbr="VNM" countryNumber="704" countryName="VIET NAM" lastUpdatedStamp="2012-07-01 22:07:08.0" lastUpdatedTxStamp="2012-07-01 22:07:07.0" createdStamp="2012-07-01 22:07:08.0" createdTxStamp="2012-07-01 22:07:07.0"/>
    <CountryCode countryCode="VU" countryAbbr="VUT" countryNumber="548" countryName="VANUATU" lastUpdatedStamp="2012-07-01 22:07:08.0" lastUpdatedTxStamp="2012-07-01 22:07:07.0" createdStamp="2012-07-01 22:07:08.0" createdTxStamp="2012-07-01 22:07:07.0"/>
    <CountryCode countryCode="WF" countryAbbr="WLF" countryNumber="876" countryName="WALLIS AND FUTUNA ISLANDS" lastUpdatedStamp="2012-07-01 22:07:08.0" lastUpdatedTxStamp="2012-07-01 22:07:07.0" createdStamp="2012-07-01 22:07:08.0" createdTxStamp="2012-07-01 22:07:07.0"/>
    <CountryCode countryCode="WLS" countryAbbr="WALS" countryNumber="898" countryName="WALES" lastUpdatedStamp="2012-07-01 22:07:08.0" lastUpdatedTxStamp="2012-07-01 22:07:07.0" createdStamp="2012-07-01 22:07:08.0" createdTxStamp="2012-07-01 22:07:07.0"/>
    <CountryCode countryCode="WS" countryAbbr="WSM" countryNumber="882" countryName="SAMOA" lastUpdatedStamp="2012-07-01 22:07:08.0" lastUpdatedTxStamp="2012-07-01 22:07:07.0" createdStamp="2012-07-01 22:07:08.0" createdTxStamp="2012-07-01 22:07:07.0"/>
    <CountryCode countryCode="YE" countryAbbr="YEM" countryNumber="887" countryName="YEMEN" lastUpdatedStamp="2012-07-01 22:07:08.0" lastUpdatedTxStamp="2012-07-01 22:07:07.0" createdStamp="2012-07-01 22:07:08.0" createdTxStamp="2012-07-01 22:07:07.0"/>
    <CountryCode countryCode="YT" countryAbbr="MYT" countryNumber="175" countryName="MAYOTTE" lastUpdatedStamp="2012-07-01 22:07:07.0" lastUpdatedTxStamp="2012-07-01 22:07:07.0" createdStamp="2012-07-01 22:07:07.0" createdTxStamp="2012-07-01 22:07:07.0"/>
    <CountryCode countryCode="YU" countryAbbr="YUG" countryNumber="891" countryName="YUGOSLAVIA" lastUpdatedStamp="2012-07-01 22:07:08.0" lastUpdatedTxStamp="2012-07-01 22:07:07.0" createdStamp="2012-07-01 22:07:08.0" createdTxStamp="2012-07-01 22:07:07.0"/>
    <CountryCode countryCode="ZA" countryAbbr="ZAF" countryNumber="710" countryName="SOUTH AFRICA" lastUpdatedStamp="2012-07-01 22:07:08.0" lastUpdatedTxStamp="2012-07-01 22:07:07.0" createdStamp="2012-07-01 22:07:08.0" createdTxStamp="2012-07-01 22:07:07.0"/>
    <CountryCode countryCode="ZM" countryAbbr="ZMB" countryNumber="894" countryName="ZAMBIA" lastUpdatedStamp="2012-07-01 22:07:08.0" lastUpdatedTxStamp="2012-07-01 22:07:07.0" createdStamp="2012-07-01 22:07:08.0" createdTxStamp="2012-07-01 22:07:07.0"/>
    <CountryCode countryCode="ZW" countryAbbr="ZWE" countryNumber="716" countryName="ZIMBABWE" lastUpdatedStamp="2012-07-01 22:07:08.0" lastUpdatedTxStamp="2012-07-01 22:07:07.0" createdStamp="2012-07-01 22:07:08.0" createdTxStamp="2012-07-01 22:07:07.0"/>
</entity-engine-xml>
