<?xml version="1.0" encoding="UTF-8"?>
<entity-engine-xml>
    <DataSourceType dataSourceTypeId="ADMIN_ENTRY" description="Administrative Data Entry" lastUpdatedStamp="2012-07-01 22:07:07.0" lastUpdatedTxStamp="2012-07-01 22:07:07.0" createdStamp="2012-07-01 22:07:07.0" createdTxStamp="2012-07-01 22:07:07.0"/>
    <DataSourceType dataSourceTypeId="ADVERTISEMENT" description="Advertisement" lastUpdatedStamp="2012-07-01 22:07:07.0" lastUpdatedTxStamp="2012-07-01 22:07:07.0" createdStamp="2012-07-01 22:07:07.0" createdTxStamp="2012-07-01 22:07:07.0"/>
    <DataSourceType dataSourceTypeId="CONTENT_CREATION" description="Content and Data Resource Creation" lastUpdatedStamp="2012-07-01 22:07:07.0" lastUpdatedTxStamp="2012-07-01 22:07:07.0" createdStamp="2012-07-01 22:07:07.0" createdTxStamp="2012-07-01 22:07:07.0"/>
    <DataSourceType dataSourceTypeId="CONTEST_SIGNUP" description="Contest Signup" lastUpdatedStamp="2012-07-01 22:07:07.0" lastUpdatedTxStamp="2012-07-01 22:07:07.0" createdStamp="2012-07-01 22:07:07.0" createdTxStamp="2012-07-01 22:07:07.0"/>
    <DataSourceType dataSourceTypeId="GEOPOINT_SUPPLIER" description="Name of GeoPoints publisher" lastUpdatedStamp="2012-07-01 22:07:07.0" lastUpdatedTxStamp="2012-07-01 22:07:07.0" createdStamp="2012-07-01 22:07:07.0" createdTxStamp="2012-07-01 22:07:07.0"/>
    <DataSourceType dataSourceTypeId="MAILING_LIST_SIGNUP" description="Mailing List Signup" lastUpdatedStamp="2012-07-01 22:07:07.0" lastUpdatedTxStamp="2012-07-01 22:07:07.0" createdStamp="2012-07-01 22:07:07.0" createdTxStamp="2012-07-01 22:07:07.0"/>
    <DataSourceType dataSourceTypeId="MY_PORTAL" description="My Portal" lastUpdatedStamp="2012-07-01 22:07:07.0" lastUpdatedTxStamp="2012-07-01 22:07:07.0" createdStamp="2012-07-01 22:07:07.0" createdTxStamp="2012-07-01 22:07:07.0"/>
    <DataSourceType dataSourceTypeId="PARTNER" description="Partner" lastUpdatedStamp="2012-07-01 22:07:07.0" lastUpdatedTxStamp="2012-07-01 22:07:07.0" createdStamp="2012-07-01 22:07:07.0" createdTxStamp="2012-07-01 22:07:07.0"/>
    <DataSourceType dataSourceTypeId="PURCHASED_DATA" description="Purchased Data" lastUpdatedStamp="2012-07-01 22:07:07.0" lastUpdatedTxStamp="2012-07-01 22:07:07.0" createdStamp="2012-07-01 22:07:07.0" createdTxStamp="2012-07-01 22:07:07.0"/>
    <DataSourceType dataSourceTypeId="WEB" description="Web" lastUpdatedStamp="2012-07-01 22:07:07.0" lastUpdatedTxStamp="2012-07-01 22:07:07.0" createdStamp="2012-07-01 22:07:07.0" createdTxStamp="2012-07-01 22:07:07.0"/>
    <DataSourceType dataSourceTypeId="WEBSITE_ENTRY" description="Website Data Entry" lastUpdatedStamp="2012-07-01 22:07:07.0" lastUpdatedTxStamp="2012-07-01 22:07:07.0" createdStamp="2012-07-01 22:07:07.0" createdTxStamp="2012-07-01 22:07:07.0"/>
</entity-engine-xml>
