<?xml version="1.0" encoding="UTF-8"?>
<entity-engine-xml>
    <EntitySyncRemove entitySyncRemoveId="11130" lastUpdatedStamp="2012-09-07 10:51:35.0" lastUpdatedTxStamp="2012-09-07 10:51:32.0" createdStamp="2012-09-07 10:51:35.0" createdTxStamp="2012-09-07 10:51:32.0">
        <primaryKeyRemoved><![CDATA[<?xml version="1.0" encoding="UTF-8"?><ofbiz-ser>
    <eepk-JobSandbox jobId="10574"/>
</ofbiz-ser>
]]></primaryKeyRemoved>
    </EntitySyncRemove>
    <EntitySyncRemove entitySyncRemoveId="11131" lastUpdatedStamp="2012-09-07 10:51:35.0" lastUpdatedTxStamp="2012-09-07 10:51:35.0" createdStamp="2012-09-07 10:51:35.0" createdTxStamp="2012-09-07 10:51:35.0">
        <primaryKeyRemoved><![CDATA[<?xml version="1.0" encoding="UTF-8"?><ofbiz-ser>
    <eepk-JobSandbox jobId="10575"/>
</ofbiz-ser>
]]></primaryKeyRemoved>
    </EntitySyncRemove>
    <EntitySyncRemove entitySyncRemoveId="11132" lastUpdatedStamp="2012-09-07 10:51:35.0" lastUpdatedTxStamp="2012-09-07 10:51:35.0" createdStamp="2012-09-07 10:51:35.0" createdTxStamp="2012-09-07 10:51:35.0">
        <primaryKeyRemoved><![CDATA[<?xml version="1.0" encoding="UTF-8"?><ofbiz-ser>
    <eepk-JobSandbox jobId="10576"/>
</ofbiz-ser>
]]></primaryKeyRemoved>
    </EntitySyncRemove>
    <EntitySyncRemove entitySyncRemoveId="11133" lastUpdatedStamp="2012-09-07 10:51:35.0" lastUpdatedTxStamp="2012-09-07 10:51:35.0" createdStamp="2012-09-07 10:51:35.0" createdTxStamp="2012-09-07 10:51:35.0">
        <primaryKeyRemoved><![CDATA[<?xml version="1.0" encoding="UTF-8"?><ofbiz-ser>
    <eepk-JobSandbox jobId="10577"/>
</ofbiz-ser>
]]></primaryKeyRemoved>
    </EntitySyncRemove>
    <EntitySyncRemove entitySyncRemoveId="11134" lastUpdatedStamp="2012-09-07 10:51:36.0" lastUpdatedTxStamp="2012-09-07 10:51:36.0" createdStamp="2012-09-07 10:51:36.0" createdTxStamp="2012-09-07 10:51:36.0">
        <primaryKeyRemoved><![CDATA[<?xml version="1.0" encoding="UTF-8"?><ofbiz-ser>
    <eepk-JobSandbox jobId="10578"/>
</ofbiz-ser>
]]></primaryKeyRemoved>
    </EntitySyncRemove>
    <EntitySyncRemove entitySyncRemoveId="11135" lastUpdatedStamp="2012-09-07 10:51:36.0" lastUpdatedTxStamp="2012-09-07 10:51:36.0" createdStamp="2012-09-07 10:51:36.0" createdTxStamp="2012-09-07 10:51:36.0">
        <primaryKeyRemoved><![CDATA[<?xml version="1.0" encoding="UTF-8"?><ofbiz-ser>
    <eepk-JobSandbox jobId="10579"/>
</ofbiz-ser>
]]></primaryKeyRemoved>
    </EntitySyncRemove>
    <EntitySyncRemove entitySyncRemoveId="11136" lastUpdatedStamp="2012-09-07 10:51:36.0" lastUpdatedTxStamp="2012-09-07 10:51:36.0" createdStamp="2012-09-07 10:51:36.0" createdTxStamp="2012-09-07 10:51:36.0">
        <primaryKeyRemoved><![CDATA[<?xml version="1.0" encoding="UTF-8"?><ofbiz-ser>
    <eepk-JobSandbox jobId="10580"/>
</ofbiz-ser>
]]></primaryKeyRemoved>
    </EntitySyncRemove>
    <EntitySyncRemove entitySyncRemoveId="11137" lastUpdatedStamp="2012-09-07 10:51:36.0" lastUpdatedTxStamp="2012-09-07 10:51:36.0" createdStamp="2012-09-07 10:51:36.0" createdTxStamp="2012-09-07 10:51:36.0">
        <primaryKeyRemoved><![CDATA[<?xml version="1.0" encoding="UTF-8"?><ofbiz-ser>
    <eepk-JobSandbox jobId="10581"/>
</ofbiz-ser>
]]></primaryKeyRemoved>
    </EntitySyncRemove>
    <EntitySyncRemove entitySyncRemoveId="11138" lastUpdatedStamp="2012-09-07 10:51:36.0" lastUpdatedTxStamp="2012-09-07 10:51:36.0" createdStamp="2012-09-07 10:51:36.0" createdTxStamp="2012-09-07 10:51:36.0">
        <primaryKeyRemoved><![CDATA[<?xml version="1.0" encoding="UTF-8"?><ofbiz-ser>
    <eepk-JobSandbox jobId="10582"/>
</ofbiz-ser>
]]></primaryKeyRemoved>
    </EntitySyncRemove>
    <EntitySyncRemove entitySyncRemoveId="11139" lastUpdatedStamp="2012-09-07 10:51:36.0" lastUpdatedTxStamp="2012-09-07 10:51:36.0" createdStamp="2012-09-07 10:51:36.0" createdTxStamp="2012-09-07 10:51:36.0">
        <primaryKeyRemoved><![CDATA[<?xml version="1.0" encoding="UTF-8"?><ofbiz-ser>
    <eepk-JobSandbox jobId="10583"/>
</ofbiz-ser>
]]></primaryKeyRemoved>
    </EntitySyncRemove>
    <EntitySyncRemove entitySyncRemoveId="11140" lastUpdatedStamp="2012-09-07 10:51:36.0" lastUpdatedTxStamp="2012-09-07 10:51:36.0" createdStamp="2012-09-07 10:51:36.0" createdTxStamp="2012-09-07 10:51:36.0">
        <primaryKeyRemoved><![CDATA[<?xml version="1.0" encoding="UTF-8"?><ofbiz-ser>
    <eepk-JobSandbox jobId="10584"/>
</ofbiz-ser>
]]></primaryKeyRemoved>
    </EntitySyncRemove>
    <EntitySyncRemove entitySyncRemoveId="11141" lastUpdatedStamp="2012-09-07 10:51:36.0" lastUpdatedTxStamp="2012-09-07 10:51:36.0" createdStamp="2012-09-07 10:51:36.0" createdTxStamp="2012-09-07 10:51:36.0">
        <primaryKeyRemoved><![CDATA[<?xml version="1.0" encoding="UTF-8"?><ofbiz-ser>
    <eepk-JobSandbox jobId="10585"/>
</ofbiz-ser>
]]></primaryKeyRemoved>
    </EntitySyncRemove>
    <EntitySyncRemove entitySyncRemoveId="11142" lastUpdatedStamp="2012-09-07 10:51:37.0" lastUpdatedTxStamp="2012-09-07 10:51:36.0" createdStamp="2012-09-07 10:51:37.0" createdTxStamp="2012-09-07 10:51:36.0">
        <primaryKeyRemoved><![CDATA[<?xml version="1.0" encoding="UTF-8"?><ofbiz-ser>
    <eepk-JobSandbox jobId="10590"/>
</ofbiz-ser>
]]></primaryKeyRemoved>
    </EntitySyncRemove>
    <EntitySyncRemove entitySyncRemoveId="11143" lastUpdatedStamp="2012-09-07 10:51:37.0" lastUpdatedTxStamp="2012-09-07 10:51:37.0" createdStamp="2012-09-07 10:51:37.0" createdTxStamp="2012-09-07 10:51:37.0">
        <primaryKeyRemoved><![CDATA[<?xml version="1.0" encoding="UTF-8"?><ofbiz-ser>
    <eepk-JobSandbox jobId="10591"/>
</ofbiz-ser>
]]></primaryKeyRemoved>
    </EntitySyncRemove>
    <EntitySyncRemove entitySyncRemoveId="11144" lastUpdatedStamp="2012-09-07 10:51:37.0" lastUpdatedTxStamp="2012-09-07 10:51:37.0" createdStamp="2012-09-07 10:51:37.0" createdTxStamp="2012-09-07 10:51:37.0">
        <primaryKeyRemoved><![CDATA[<?xml version="1.0" encoding="UTF-8"?><ofbiz-ser>
    <eepk-JobSandbox jobId="10592"/>
</ofbiz-ser>
]]></primaryKeyRemoved>
    </EntitySyncRemove>
    <EntitySyncRemove entitySyncRemoveId="11145" lastUpdatedStamp="2012-09-07 10:51:37.0" lastUpdatedTxStamp="2012-09-07 10:51:37.0" createdStamp="2012-09-07 10:51:37.0" createdTxStamp="2012-09-07 10:51:37.0">
        <primaryKeyRemoved><![CDATA[<?xml version="1.0" encoding="UTF-8"?><ofbiz-ser>
    <eepk-JobSandbox jobId="10593"/>
</ofbiz-ser>
]]></primaryKeyRemoved>
    </EntitySyncRemove>
    <EntitySyncRemove entitySyncRemoveId="11146" lastUpdatedStamp="2012-09-07 10:51:37.0" lastUpdatedTxStamp="2012-09-07 10:51:37.0" createdStamp="2012-09-07 10:51:37.0" createdTxStamp="2012-09-07 10:51:37.0">
        <primaryKeyRemoved><![CDATA[<?xml version="1.0" encoding="UTF-8"?><ofbiz-ser>
    <eepk-JobSandbox jobId="10594"/>
</ofbiz-ser>
]]></primaryKeyRemoved>
    </EntitySyncRemove>
    <EntitySyncRemove entitySyncRemoveId="11147" lastUpdatedStamp="2012-09-07 10:51:37.0" lastUpdatedTxStamp="2012-09-07 10:51:37.0" createdStamp="2012-09-07 10:51:37.0" createdTxStamp="2012-09-07 10:51:37.0">
        <primaryKeyRemoved><![CDATA[<?xml version="1.0" encoding="UTF-8"?><ofbiz-ser>
    <eepk-JobSandbox jobId="10595"/>
</ofbiz-ser>
]]></primaryKeyRemoved>
    </EntitySyncRemove>
    <EntitySyncRemove entitySyncRemoveId="11148" lastUpdatedStamp="2012-09-07 10:51:37.0" lastUpdatedTxStamp="2012-09-07 10:51:37.0" createdStamp="2012-09-07 10:51:37.0" createdTxStamp="2012-09-07 10:51:37.0">
        <primaryKeyRemoved><![CDATA[<?xml version="1.0" encoding="UTF-8"?><ofbiz-ser>
    <eepk-JobSandbox jobId="10596"/>
</ofbiz-ser>
]]></primaryKeyRemoved>
    </EntitySyncRemove>
    <EntitySyncRemove entitySyncRemoveId="11149" lastUpdatedStamp="2012-09-07 10:51:37.0" lastUpdatedTxStamp="2012-09-07 10:51:37.0" createdStamp="2012-09-07 10:51:37.0" createdTxStamp="2012-09-07 10:51:37.0">
        <primaryKeyRemoved><![CDATA[<?xml version="1.0" encoding="UTF-8"?><ofbiz-ser>
    <eepk-JobSandbox jobId="10597"/>
</ofbiz-ser>
]]></primaryKeyRemoved>
    </EntitySyncRemove>
    <EntitySyncRemove entitySyncRemoveId="11150" lastUpdatedStamp="2012-09-07 10:51:37.0" lastUpdatedTxStamp="2012-09-07 10:51:37.0" createdStamp="2012-09-07 10:51:37.0" createdTxStamp="2012-09-07 10:51:37.0">
        <primaryKeyRemoved><![CDATA[<?xml version="1.0" encoding="UTF-8"?><ofbiz-ser>
    <eepk-JobSandbox jobId="10598"/>
</ofbiz-ser>
]]></primaryKeyRemoved>
    </EntitySyncRemove>
    <EntitySyncRemove entitySyncRemoveId="11151" lastUpdatedStamp="2012-09-07 10:51:37.0" lastUpdatedTxStamp="2012-09-07 10:51:37.0" createdStamp="2012-09-07 10:51:37.0" createdTxStamp="2012-09-07 10:51:37.0">
        <primaryKeyRemoved><![CDATA[<?xml version="1.0" encoding="UTF-8"?><ofbiz-ser>
    <eepk-JobSandbox jobId="10599"/>
</ofbiz-ser>
]]></primaryKeyRemoved>
    </EntitySyncRemove>
    <EntitySyncRemove entitySyncRemoveId="11152" lastUpdatedStamp="2012-09-07 10:51:37.0" lastUpdatedTxStamp="2012-09-07 10:51:37.0" createdStamp="2012-09-07 10:51:37.0" createdTxStamp="2012-09-07 10:51:37.0">
        <primaryKeyRemoved><![CDATA[<?xml version="1.0" encoding="UTF-8"?><ofbiz-ser>
    <eepk-JobSandbox jobId="10600"/>
</ofbiz-ser>
]]></primaryKeyRemoved>
    </EntitySyncRemove>
    <EntitySyncRemove entitySyncRemoveId="11153" lastUpdatedStamp="2012-09-07 10:51:37.0" lastUpdatedTxStamp="2012-09-07 10:51:37.0" createdStamp="2012-09-07 10:51:37.0" createdTxStamp="2012-09-07 10:51:37.0">
        <primaryKeyRemoved><![CDATA[<?xml version="1.0" encoding="UTF-8"?><ofbiz-ser>
    <eepk-JobSandbox jobId="10601"/>
</ofbiz-ser>
]]></primaryKeyRemoved>
    </EntitySyncRemove>
    <EntitySyncRemove entitySyncRemoveId="11154" lastUpdatedStamp="2012-09-07 10:51:38.0" lastUpdatedTxStamp="2012-09-07 10:51:37.0" createdStamp="2012-09-07 10:51:38.0" createdTxStamp="2012-09-07 10:51:37.0">
        <primaryKeyRemoved><![CDATA[<?xml version="1.0" encoding="UTF-8"?><ofbiz-ser>
    <eepk-JobSandbox jobId="10602"/>
</ofbiz-ser>
]]></primaryKeyRemoved>
    </EntitySyncRemove>
    <EntitySyncRemove entitySyncRemoveId="11155" lastUpdatedStamp="2012-09-07 10:51:38.0" lastUpdatedTxStamp="2012-09-07 10:51:38.0" createdStamp="2012-09-07 10:51:38.0" createdTxStamp="2012-09-07 10:51:38.0">
        <primaryKeyRemoved><![CDATA[<?xml version="1.0" encoding="UTF-8"?><ofbiz-ser>
    <eepk-JobSandbox jobId="10603"/>
</ofbiz-ser>
]]></primaryKeyRemoved>
    </EntitySyncRemove>
    <EntitySyncRemove entitySyncRemoveId="11156" lastUpdatedStamp="2012-09-07 10:51:38.0" lastUpdatedTxStamp="2012-09-07 10:51:38.0" createdStamp="2012-09-07 10:51:38.0" createdTxStamp="2012-09-07 10:51:38.0">
        <primaryKeyRemoved><![CDATA[<?xml version="1.0" encoding="UTF-8"?><ofbiz-ser>
    <eepk-JobSandbox jobId="10604"/>
</ofbiz-ser>
]]></primaryKeyRemoved>
    </EntitySyncRemove>
    <EntitySyncRemove entitySyncRemoveId="11157" lastUpdatedStamp="2012-09-07 10:51:38.0" lastUpdatedTxStamp="2012-09-07 10:51:38.0" createdStamp="2012-09-07 10:51:38.0" createdTxStamp="2012-09-07 10:51:38.0">
        <primaryKeyRemoved><![CDATA[<?xml version="1.0" encoding="UTF-8"?><ofbiz-ser>
    <eepk-JobSandbox jobId="10605"/>
</ofbiz-ser>
]]></primaryKeyRemoved>
    </EntitySyncRemove>
    <EntitySyncRemove entitySyncRemoveId="11158" lastUpdatedStamp="2012-09-07 10:51:38.0" lastUpdatedTxStamp="2012-09-07 10:51:38.0" createdStamp="2012-09-07 10:51:38.0" createdTxStamp="2012-09-07 10:51:38.0">
        <primaryKeyRemoved><![CDATA[<?xml version="1.0" encoding="UTF-8"?><ofbiz-ser>
    <eepk-JobSandbox jobId="10606"/>
</ofbiz-ser>
]]></primaryKeyRemoved>
    </EntitySyncRemove>
    <EntitySyncRemove entitySyncRemoveId="11159" lastUpdatedStamp="2012-09-07 10:51:38.0" lastUpdatedTxStamp="2012-09-07 10:51:38.0" createdStamp="2012-09-07 10:51:38.0" createdTxStamp="2012-09-07 10:51:38.0">
        <primaryKeyRemoved><![CDATA[<?xml version="1.0" encoding="UTF-8"?><ofbiz-ser>
    <eepk-JobSandbox jobId="10607"/>
</ofbiz-ser>
]]></primaryKeyRemoved>
    </EntitySyncRemove>
    <EntitySyncRemove entitySyncRemoveId="11160" lastUpdatedStamp="2012-09-07 10:51:38.0" lastUpdatedTxStamp="2012-09-07 10:51:38.0" createdStamp="2012-09-07 10:51:38.0" createdTxStamp="2012-09-07 10:51:38.0">
        <primaryKeyRemoved><![CDATA[<?xml version="1.0" encoding="UTF-8"?><ofbiz-ser>
    <eepk-JobSandbox jobId="10608"/>
</ofbiz-ser>
]]></primaryKeyRemoved>
    </EntitySyncRemove>
    <EntitySyncRemove entitySyncRemoveId="11161" lastUpdatedStamp="2012-09-07 10:51:38.0" lastUpdatedTxStamp="2012-09-07 10:51:38.0" createdStamp="2012-09-07 10:51:38.0" createdTxStamp="2012-09-07 10:51:38.0">
        <primaryKeyRemoved><![CDATA[<?xml version="1.0" encoding="UTF-8"?><ofbiz-ser>
    <eepk-JobSandbox jobId="10609"/>
</ofbiz-ser>
]]></primaryKeyRemoved>
    </EntitySyncRemove>
    <EntitySyncRemove entitySyncRemoveId="11162" lastUpdatedStamp="2012-09-07 10:51:38.0" lastUpdatedTxStamp="2012-09-07 10:51:38.0" createdStamp="2012-09-07 10:51:38.0" createdTxStamp="2012-09-07 10:51:38.0">
        <primaryKeyRemoved><![CDATA[<?xml version="1.0" encoding="UTF-8"?><ofbiz-ser>
    <eepk-JobSandbox jobId="10610"/>
</ofbiz-ser>
]]></primaryKeyRemoved>
    </EntitySyncRemove>
    <EntitySyncRemove entitySyncRemoveId="11163" lastUpdatedStamp="2012-09-07 10:51:38.0" lastUpdatedTxStamp="2012-09-07 10:51:38.0" createdStamp="2012-09-07 10:51:38.0" createdTxStamp="2012-09-07 10:51:38.0">
        <primaryKeyRemoved><![CDATA[<?xml version="1.0" encoding="UTF-8"?><ofbiz-ser>
    <eepk-JobSandbox jobId="10611"/>
</ofbiz-ser>
]]></primaryKeyRemoved>
    </EntitySyncRemove>
    <EntitySyncRemove entitySyncRemoveId="11164" lastUpdatedStamp="2012-09-07 10:51:38.0" lastUpdatedTxStamp="2012-09-07 10:51:38.0" createdStamp="2012-09-07 10:51:38.0" createdTxStamp="2012-09-07 10:51:38.0">
        <primaryKeyRemoved><![CDATA[<?xml version="1.0" encoding="UTF-8"?><ofbiz-ser>
    <eepk-JobSandbox jobId="10612"/>
</ofbiz-ser>
]]></primaryKeyRemoved>
    </EntitySyncRemove>
    <EntitySyncRemove entitySyncRemoveId="11165" lastUpdatedStamp="2012-09-07 10:51:38.0" lastUpdatedTxStamp="2012-09-07 10:51:38.0" createdStamp="2012-09-07 10:51:38.0" createdTxStamp="2012-09-07 10:51:38.0">
        <primaryKeyRemoved><![CDATA[<?xml version="1.0" encoding="UTF-8"?><ofbiz-ser>
    <eepk-JobSandbox jobId="10613"/>
</ofbiz-ser>
]]></primaryKeyRemoved>
    </EntitySyncRemove>
    <EntitySyncRemove entitySyncRemoveId="11166" lastUpdatedStamp="2012-09-07 10:51:39.0" lastUpdatedTxStamp="2012-09-07 10:51:39.0" createdStamp="2012-09-07 10:51:39.0" createdTxStamp="2012-09-07 10:51:39.0">
        <primaryKeyRemoved><![CDATA[<?xml version="1.0" encoding="UTF-8"?><ofbiz-ser>
    <eepk-ServiceSemaphore serviceName="purgeOldJobs"/>
</ofbiz-ser>
]]></primaryKeyRemoved>
    </EntitySyncRemove>
    <EntitySyncRemove entitySyncRemoveId="11167" lastUpdatedStamp="2012-09-07 10:51:39.0" lastUpdatedTxStamp="2012-09-07 10:51:39.0" createdStamp="2012-09-07 10:51:39.0" createdTxStamp="2012-09-07 10:51:39.0">
        <primaryKeyRemoved><![CDATA[<?xml version="1.0" encoding="UTF-8"?><ofbiz-ser>
    <eepk-ServiceSemaphore serviceName="purgeOldJobs"/>
</ofbiz-ser>
]]></primaryKeyRemoved>
    </EntitySyncRemove>
    <EntitySyncRemove entitySyncRemoveId="11168" lastUpdatedStamp="2012-09-07 10:51:39.0" lastUpdatedTxStamp="2012-09-07 10:51:39.0" createdStamp="2012-09-07 10:51:39.0" createdTxStamp="2012-09-07 10:51:39.0">
        <primaryKeyRemoved><![CDATA[<?xml version="1.0" encoding="UTF-8"?><ofbiz-ser>
    <eepk-ServiceSemaphore serviceName="purgeOldJobs"/>
</ofbiz-ser>
]]></primaryKeyRemoved>
    </EntitySyncRemove>
</entity-engine-xml>
