<?xml version="1.0" encoding="UTF-8"?>
<entity-engine-xml>
    <JobSandbox jobId="10614" jobName="Clear EntitySyncRemove Info" runTime="2012-09-04 00:00:00.0" poolId="pool" statusId="SERVICE_FINISHED" parentJobId="8200" previousJobId="10602" serviceName="cleanSyncRemoveInfo" runAsUser="system" tempExprId="MIDNIGHT_DAILY" maxRecurrenceCount="-1" runByInstanceId="ofbiz1" startDateTime="2012-09-04 00:00:00.0" finishDateTime="2012-09-04 00:00:00.0" lastUpdatedStamp="2012-09-04 00:00:00.0" lastUpdatedTxStamp="2012-09-04 00:00:00.0" createdStamp="2012-09-03 00:00:16.0" createdTxStamp="2012-09-03 00:00:16.0"/>
    <JobSandbox jobId="10615" jobName="Clear EntitySyncRemove Info" runTime="2012-09-04 00:00:00.0" poolId="pool" statusId="SERVICE_FINISHED" parentJobId="8200" previousJobId="10603" serviceName="cleanSyncRemoveInfo" runAsUser="system" tempExprId="MIDNIGHT_DAILY" maxRecurrenceCount="-1" runByInstanceId="ofbiz1" startDateTime="2012-09-04 00:00:00.0" finishDateTime="2012-09-04 00:00:00.0" lastUpdatedStamp="2012-09-04 00:00:00.0" lastUpdatedTxStamp="2012-09-04 00:00:00.0" createdStamp="2012-09-03 00:00:16.0" createdTxStamp="2012-09-03 00:00:16.0"/>
    <JobSandbox jobId="10616" jobName="Clear EntitySyncRemove Info" runTime="2012-09-04 00:00:00.0" poolId="pool" statusId="SERVICE_FINISHED" parentJobId="8200" previousJobId="10604" serviceName="cleanSyncRemoveInfo" runAsUser="system" tempExprId="MIDNIGHT_DAILY" maxRecurrenceCount="-1" runByInstanceId="ofbiz1" startDateTime="2012-09-04 00:00:00.0" finishDateTime="2012-09-04 00:00:00.0" lastUpdatedStamp="2012-09-04 00:00:00.0" lastUpdatedTxStamp="2012-09-04 00:00:00.0" createdStamp="2012-09-03 00:00:16.0" createdTxStamp="2012-09-03 00:00:16.0"/>
    <JobSandbox jobId="10617" jobName="Purge Old Jobs" runTime="2012-09-04 00:00:00.0" poolId="pool" statusId="SERVICE_FINISHED" parentJobId="PURGE_OLD_JOBS" previousJobId="10605" serviceName="purgeOldJobs" runAsUser="system" tempExprId="MIDNIGHT_DAILY" maxRecurrenceCount="-1" runByInstanceId="ofbiz1" startDateTime="2012-09-04 00:00:00.0" finishDateTime="2012-09-04 00:00:00.0" lastUpdatedStamp="2012-09-04 00:00:00.0" lastUpdatedTxStamp="2012-09-04 00:00:00.0" createdStamp="2012-09-03 00:00:17.0" createdTxStamp="2012-09-03 00:00:17.0"/>
    <JobSandbox jobId="10618" jobName="Purge Old Jobs" runTime="2012-09-04 00:00:00.0" poolId="pool" statusId="SERVICE_FINISHED" parentJobId="PURGE_OLD_JOBS" previousJobId="10606" serviceName="purgeOldJobs" runAsUser="system" tempExprId="MIDNIGHT_DAILY" maxRecurrenceCount="-1" runByInstanceId="ofbiz1" startDateTime="2012-09-04 00:00:00.0" finishDateTime="2012-09-04 00:00:01.0" lastUpdatedStamp="2012-09-04 00:00:01.0" lastUpdatedTxStamp="2012-09-04 00:00:01.0" createdStamp="2012-09-03 00:00:17.0" createdTxStamp="2012-09-03 00:00:17.0"/>
    <JobSandbox jobId="10619" jobName="Clear EntitySyncRemove Info" runTime="2012-09-04 00:00:00.0" poolId="pool" statusId="SERVICE_FINISHED" parentJobId="8200" previousJobId="10607" serviceName="cleanSyncRemoveInfo" runAsUser="system" tempExprId="MIDNIGHT_DAILY" maxRecurrenceCount="-1" runByInstanceId="ofbiz1" startDateTime="2012-09-04 00:00:00.0" finishDateTime="2012-09-04 00:00:00.0" lastUpdatedStamp="2012-09-04 00:00:00.0" lastUpdatedTxStamp="2012-09-04 00:00:00.0" createdStamp="2012-09-03 00:00:17.0" createdTxStamp="2012-09-03 00:00:17.0"/>
    <JobSandbox jobId="10620" jobName="Purge Old Jobs" runTime="2012-09-04 00:00:00.0" poolId="pool" statusId="SERVICE_FINISHED" parentJobId="PURGE_OLD_JOBS" previousJobId="10608" serviceName="purgeOldJobs" runAsUser="system" tempExprId="MIDNIGHT_DAILY" maxRecurrenceCount="-1" runByInstanceId="ofbiz1" startDateTime="2012-09-04 00:00:00.0" finishDateTime="2012-09-04 00:00:01.0" lastUpdatedStamp="2012-09-04 00:00:01.0" lastUpdatedTxStamp="2012-09-04 00:00:01.0" createdStamp="2012-09-03 00:00:17.0" createdTxStamp="2012-09-03 00:00:17.0"/>
    <JobSandbox jobId="10621" jobName="Purge Old Jobs" runTime="2012-09-04 00:00:00.0" poolId="pool" statusId="SERVICE_FINISHED" parentJobId="PURGE_OLD_JOBS" previousJobId="10609" serviceName="purgeOldJobs" runAsUser="system" tempExprId="MIDNIGHT_DAILY" maxRecurrenceCount="-1" runByInstanceId="ofbiz1" startDateTime="2012-09-04 00:00:00.0" finishDateTime="2012-09-04 00:00:01.0" lastUpdatedStamp="2012-09-04 00:00:01.0" lastUpdatedTxStamp="2012-09-04 00:00:01.0" createdStamp="2012-09-03 00:00:17.0" createdTxStamp="2012-09-03 00:00:17.0"/>
    <JobSandbox jobId="10622" jobName="logCleanJobService" runTime="2012-09-04 00:20:16.0" poolId="pool" statusId="SERVICE_FINISHED" parentJobId="LOG_CLEAN" previousJobId="10610" serviceName="logCleanJobService" runAsUser="system" tempExprId="HOUR_00" maxRecurrenceCount="-1" runByInstanceId="ofbiz1" startDateTime="2012-09-04 00:20:20.0" finishDateTime="2012-09-04 00:20:28.0" lastUpdatedStamp="2012-09-04 00:20:28.0" lastUpdatedTxStamp="2012-09-04 00:20:28.0" createdStamp="2012-09-03 00:20:16.0" createdTxStamp="2012-09-03 00:20:16.0"/>
    <JobSandbox jobId="10623" jobName="logCleanJobService" runTime="2012-09-04 00:20:17.0" poolId="pool" statusId="SERVICE_FINISHED" parentJobId="LOG_CLEAN" previousJobId="10611" serviceName="logCleanJobService" runAsUser="system" tempExprId="HOUR_00" maxRecurrenceCount="-1" runByInstanceId="ofbiz1" startDateTime="2012-09-04 00:20:20.0" finishDateTime="2012-09-04 00:20:45.0" lastUpdatedStamp="2012-09-04 00:20:45.0" lastUpdatedTxStamp="2012-09-04 00:20:45.0" createdStamp="2012-09-03 00:20:17.0" createdTxStamp="2012-09-03 00:20:17.0"/>
    <JobSandbox jobId="10624" jobName="logCleanJobService" runTime="2012-09-04 00:20:17.0" poolId="pool" statusId="SERVICE_FINISHED" parentJobId="LOG_CLEAN" previousJobId="10612" serviceName="logCleanJobService" runAsUser="system" tempExprId="HOUR_00" maxRecurrenceCount="-1" runByInstanceId="ofbiz1" startDateTime="2012-09-04 00:20:20.0" finishDateTime="2012-09-04 00:20:53.0" lastUpdatedStamp="2012-09-04 00:20:53.0" lastUpdatedTxStamp="2012-09-04 00:20:53.0" createdStamp="2012-09-03 00:20:17.0" createdTxStamp="2012-09-03 00:20:17.0"/>
    <JobSandbox jobId="10625" jobName="logCleanJobService" runTime="2012-09-04 00:20:17.0" poolId="pool" statusId="SERVICE_FINISHED" parentJobId="LOG_CLEAN" previousJobId="10613" serviceName="logCleanJobService" runAsUser="system" tempExprId="HOUR_00" maxRecurrenceCount="-1" runByInstanceId="ofbiz1" startDateTime="2012-09-04 00:20:20.0" finishDateTime="2012-09-04 00:20:36.0" lastUpdatedStamp="2012-09-04 00:20:36.0" lastUpdatedTxStamp="2012-09-04 00:20:36.0" createdStamp="2012-09-03 00:20:17.0" createdTxStamp="2012-09-03 00:20:17.0"/>
    <JobSandbox jobId="10626" jobName="Clear EntitySyncRemove Info" runTime="2012-09-05 00:00:00.0" poolId="pool" statusId="SERVICE_FINISHED" parentJobId="8200" previousJobId="10614" serviceName="cleanSyncRemoveInfo" runAsUser="system" tempExprId="MIDNIGHT_DAILY" maxRecurrenceCount="-1" runByInstanceId="ofbiz1" startDateTime="2012-09-05 00:00:04.0" finishDateTime="2012-09-05 00:00:04.0" lastUpdatedStamp="2012-09-05 00:00:04.0" lastUpdatedTxStamp="2012-09-05 00:00:04.0" createdStamp="2012-09-04 00:00:00.0" createdTxStamp="2012-09-04 00:00:00.0"/>
    <JobSandbox jobId="10627" jobName="Clear EntitySyncRemove Info" runTime="2012-09-05 00:00:00.0" poolId="pool" statusId="SERVICE_FINISHED" parentJobId="8200" previousJobId="10615" serviceName="cleanSyncRemoveInfo" runAsUser="system" tempExprId="MIDNIGHT_DAILY" maxRecurrenceCount="-1" runByInstanceId="ofbiz1" startDateTime="2012-09-05 00:00:04.0" finishDateTime="2012-09-05 00:00:04.0" lastUpdatedStamp="2012-09-05 00:00:04.0" lastUpdatedTxStamp="2012-09-05 00:00:04.0" createdStamp="2012-09-04 00:00:00.0" createdTxStamp="2012-09-04 00:00:00.0"/>
    <JobSandbox jobId="10628" jobName="Clear EntitySyncRemove Info" runTime="2012-09-05 00:00:00.0" poolId="pool" statusId="SERVICE_FINISHED" parentJobId="8200" previousJobId="10616" serviceName="cleanSyncRemoveInfo" runAsUser="system" tempExprId="MIDNIGHT_DAILY" maxRecurrenceCount="-1" runByInstanceId="ofbiz1" startDateTime="2012-09-05 00:00:04.0" finishDateTime="2012-09-05 00:00:04.0" lastUpdatedStamp="2012-09-05 00:00:04.0" lastUpdatedTxStamp="2012-09-05 00:00:04.0" createdStamp="2012-09-04 00:00:00.0" createdTxStamp="2012-09-04 00:00:00.0"/>
    <JobSandbox jobId="10629" jobName="Purge Old Jobs" runTime="2012-09-05 00:00:00.0" poolId="pool" statusId="SERVICE_FINISHED" parentJobId="PURGE_OLD_JOBS" previousJobId="10617" serviceName="purgeOldJobs" runAsUser="system" tempExprId="MIDNIGHT_DAILY" maxRecurrenceCount="-1" runByInstanceId="ofbiz1" startDateTime="2012-09-05 00:00:04.0" finishDateTime="2012-09-05 00:00:05.0" lastUpdatedStamp="2012-09-05 00:00:05.0" lastUpdatedTxStamp="2012-09-05 00:00:05.0" createdStamp="2012-09-04 00:00:00.0" createdTxStamp="2012-09-04 00:00:00.0"/>
    <JobSandbox jobId="10630" jobName="Purge Old Jobs" runTime="2012-09-05 00:00:00.0" poolId="pool" statusId="SERVICE_FINISHED" parentJobId="PURGE_OLD_JOBS" previousJobId="10618" serviceName="purgeOldJobs" runAsUser="system" tempExprId="MIDNIGHT_DAILY" maxRecurrenceCount="-1" runByInstanceId="ofbiz1" startDateTime="2012-09-05 00:00:04.0" finishDateTime="2012-09-05 00:00:05.0" lastUpdatedStamp="2012-09-05 00:00:05.0" lastUpdatedTxStamp="2012-09-05 00:00:05.0" createdStamp="2012-09-04 00:00:00.0" createdTxStamp="2012-09-04 00:00:00.0"/>
    <JobSandbox jobId="10631" jobName="Clear EntitySyncRemove Info" runTime="2012-09-05 00:00:00.0" poolId="pool" statusId="SERVICE_FINISHED" parentJobId="8200" previousJobId="10619" serviceName="cleanSyncRemoveInfo" runAsUser="system" tempExprId="MIDNIGHT_DAILY" maxRecurrenceCount="-1" runByInstanceId="ofbiz1" startDateTime="2012-09-05 00:00:04.0" finishDateTime="2012-09-05 00:00:04.0" lastUpdatedStamp="2012-09-05 00:00:04.0" lastUpdatedTxStamp="2012-09-05 00:00:04.0" createdStamp="2012-09-04 00:00:00.0" createdTxStamp="2012-09-04 00:00:00.0"/>
    <JobSandbox jobId="10632" jobName="Purge Old Jobs" runTime="2012-09-05 00:00:00.0" poolId="pool" statusId="SERVICE_FINISHED" parentJobId="PURGE_OLD_JOBS" previousJobId="10620" serviceName="purgeOldJobs" runAsUser="system" tempExprId="MIDNIGHT_DAILY" maxRecurrenceCount="-1" runByInstanceId="ofbiz1" startDateTime="2012-09-05 00:00:04.0" finishDateTime="2012-09-05 00:00:05.0" lastUpdatedStamp="2012-09-05 00:00:05.0" lastUpdatedTxStamp="2012-09-05 00:00:05.0" createdStamp="2012-09-04 00:00:00.0" createdTxStamp="2012-09-04 00:00:00.0"/>
    <JobSandbox jobId="10633" jobName="Purge Old Jobs" runTime="2012-09-05 00:00:00.0" poolId="pool" statusId="SERVICE_FINISHED" parentJobId="PURGE_OLD_JOBS" previousJobId="10621" serviceName="purgeOldJobs" runAsUser="system" tempExprId="MIDNIGHT_DAILY" maxRecurrenceCount="-1" runByInstanceId="ofbiz1" startDateTime="2012-09-05 00:00:04.0" finishDateTime="2012-09-05 00:00:05.0" lastUpdatedStamp="2012-09-05 00:00:05.0" lastUpdatedTxStamp="2012-09-05 00:00:05.0" createdStamp="2012-09-04 00:00:00.0" createdTxStamp="2012-09-04 00:00:00.0"/>
    <JobSandbox jobId="10634" jobName="logCleanJobService" runTime="2012-09-05 00:20:20.0" poolId="pool" statusId="SERVICE_FINISHED" parentJobId="LOG_CLEAN" previousJobId="10622" serviceName="logCleanJobService" runAsUser="system" tempExprId="HOUR_00" maxRecurrenceCount="-1" runByInstanceId="ofbiz1" startDateTime="2012-09-05 00:20:24.0" finishDateTime="2012-09-05 00:20:32.0" lastUpdatedStamp="2012-09-05 00:20:32.0" lastUpdatedTxStamp="2012-09-05 00:20:32.0" createdStamp="2012-09-04 00:20:20.0" createdTxStamp="2012-09-04 00:20:20.0"/>
    <JobSandbox jobId="10635" jobName="logCleanJobService" runTime="2012-09-05 00:20:20.0" poolId="pool" statusId="SERVICE_FINISHED" parentJobId="LOG_CLEAN" previousJobId="10623" serviceName="logCleanJobService" runAsUser="system" tempExprId="HOUR_00" maxRecurrenceCount="-1" runByInstanceId="ofbiz1" startDateTime="2012-09-05 00:20:24.0" finishDateTime="2012-09-05 00:20:48.0" lastUpdatedStamp="2012-09-05 00:20:48.0" lastUpdatedTxStamp="2012-09-05 00:20:48.0" createdStamp="2012-09-04 00:20:20.0" createdTxStamp="2012-09-04 00:20:20.0"/>
    <JobSandbox jobId="10636" jobName="logCleanJobService" runTime="2012-09-05 00:20:20.0" poolId="pool" statusId="SERVICE_FINISHED" parentJobId="LOG_CLEAN" previousJobId="10624" serviceName="logCleanJobService" runAsUser="system" tempExprId="HOUR_00" maxRecurrenceCount="-1" runByInstanceId="ofbiz1" startDateTime="2012-09-05 00:20:24.0" finishDateTime="2012-09-05 00:20:57.0" lastUpdatedStamp="2012-09-05 00:20:57.0" lastUpdatedTxStamp="2012-09-05 00:20:57.0" createdStamp="2012-09-04 00:20:20.0" createdTxStamp="2012-09-04 00:20:20.0"/>
    <JobSandbox jobId="10637" jobName="logCleanJobService" runTime="2012-09-05 00:20:20.0" poolId="pool" statusId="SERVICE_FINISHED" parentJobId="LOG_CLEAN" previousJobId="10625" serviceName="logCleanJobService" runAsUser="system" tempExprId="HOUR_00" maxRecurrenceCount="-1" runByInstanceId="ofbiz1" startDateTime="2012-09-05 00:20:24.0" finishDateTime="2012-09-05 00:20:40.0" lastUpdatedStamp="2012-09-05 00:20:40.0" lastUpdatedTxStamp="2012-09-05 00:20:40.0" createdStamp="2012-09-04 00:20:20.0" createdTxStamp="2012-09-04 00:20:20.0"/>
    <JobSandbox jobId="10638" jobName="Clear EntitySyncRemove Info" runTime="2012-09-06 00:00:00.0" poolId="pool" statusId="SERVICE_FINISHED" parentJobId="8200" previousJobId="10626" serviceName="cleanSyncRemoveInfo" runAsUser="system" tempExprId="MIDNIGHT_DAILY" maxRecurrenceCount="-1" runByInstanceId="ofbiz1" startDateTime="2012-09-07 10:51:30.0" finishDateTime="2012-09-07 10:51:32.0" lastUpdatedStamp="2012-09-07 10:51:32.0" lastUpdatedTxStamp="2012-09-07 10:51:32.0" createdStamp="2012-09-05 00:00:04.0" createdTxStamp="2012-09-05 00:00:04.0"/>
    <JobSandbox jobId="10639" jobName="Clear EntitySyncRemove Info" runTime="2012-09-06 00:00:00.0" poolId="pool" statusId="SERVICE_FINISHED" parentJobId="8200" previousJobId="10627" serviceName="cleanSyncRemoveInfo" runAsUser="system" tempExprId="MIDNIGHT_DAILY" maxRecurrenceCount="-1" runByInstanceId="ofbiz1" startDateTime="2012-09-07 10:51:30.0" finishDateTime="2012-09-07 10:51:32.0" lastUpdatedStamp="2012-09-07 10:51:32.0" lastUpdatedTxStamp="2012-09-07 10:51:32.0" createdStamp="2012-09-05 00:00:04.0" createdTxStamp="2012-09-05 00:00:04.0"/>
    <JobSandbox jobId="10640" jobName="Clear EntitySyncRemove Info" runTime="2012-09-06 00:00:00.0" poolId="pool" statusId="SERVICE_FINISHED" parentJobId="8200" previousJobId="10628" serviceName="cleanSyncRemoveInfo" runAsUser="system" tempExprId="MIDNIGHT_DAILY" maxRecurrenceCount="-1" runByInstanceId="ofbiz1" startDateTime="2012-09-07 10:51:30.0" finishDateTime="2012-09-07 10:51:32.0" lastUpdatedStamp="2012-09-07 10:51:32.0" lastUpdatedTxStamp="2012-09-07 10:51:32.0" createdStamp="2012-09-05 00:00:04.0" createdTxStamp="2012-09-05 00:00:04.0"/>
    <JobSandbox jobId="10641" jobName="Purge Old Jobs" runTime="2012-09-06 00:00:00.0" poolId="pool" statusId="SERVICE_FAILED" parentJobId="PURGE_OLD_JOBS" previousJobId="10629" serviceName="purgeOldJobs" runAsUser="system" tempExprId="MIDNIGHT_DAILY" maxRecurrenceCount="-1" runByInstanceId="ofbiz1" startDateTime="2012-09-07 10:51:30.0" finishDateTime="2012-09-07 10:51:32.0" lastUpdatedStamp="2012-09-07 10:51:32.0" lastUpdatedTxStamp="2012-09-07 10:51:32.0" createdStamp="2012-09-05 00:00:04.0" createdTxStamp="2012-09-05 00:00:04.0"/>
    <JobSandbox jobId="10642" jobName="Purge Old Jobs" runTime="2012-09-06 00:00:00.0" poolId="pool" statusId="SERVICE_FINISHED" parentJobId="PURGE_OLD_JOBS" previousJobId="10630" serviceName="purgeOldJobs" runAsUser="system" tempExprId="MIDNIGHT_DAILY" maxRecurrenceCount="-1" runByInstanceId="ofbiz1" startDateTime="2012-09-07 10:51:30.0" finishDateTime="2012-09-07 10:51:39.0" lastUpdatedStamp="2012-09-07 10:51:39.0" lastUpdatedTxStamp="2012-09-07 10:51:39.0" createdStamp="2012-09-05 00:00:04.0" createdTxStamp="2012-09-05 00:00:04.0"/>
    <JobSandbox jobId="10643" jobName="Clear EntitySyncRemove Info" runTime="2012-09-06 00:00:00.0" poolId="pool" statusId="SERVICE_FINISHED" parentJobId="8200" previousJobId="10631" serviceName="cleanSyncRemoveInfo" runAsUser="system" tempExprId="MIDNIGHT_DAILY" maxRecurrenceCount="-1" runByInstanceId="ofbiz1" startDateTime="2012-09-07 10:51:30.0" finishDateTime="2012-09-07 10:51:32.0" lastUpdatedStamp="2012-09-07 10:51:32.0" lastUpdatedTxStamp="2012-09-07 10:51:32.0" createdStamp="2012-09-05 00:00:04.0" createdTxStamp="2012-09-05 00:00:04.0"/>
    <JobSandbox jobId="10644" jobName="Purge Old Jobs" runTime="2012-09-06 00:00:00.0" poolId="pool" statusId="SERVICE_FINISHED" parentJobId="PURGE_OLD_JOBS" previousJobId="10632" serviceName="purgeOldJobs" runAsUser="system" tempExprId="MIDNIGHT_DAILY" maxRecurrenceCount="-1" runByInstanceId="ofbiz1" startDateTime="2012-09-07 10:51:30.0" finishDateTime="2012-09-07 10:51:39.0" lastUpdatedStamp="2012-09-07 10:51:39.0" lastUpdatedTxStamp="2012-09-07 10:51:39.0" createdStamp="2012-09-05 00:00:04.0" createdTxStamp="2012-09-05 00:00:04.0"/>
    <JobSandbox jobId="10645" jobName="Purge Old Jobs" runTime="2012-09-06 00:00:00.0" poolId="pool" statusId="SERVICE_FINISHED" parentJobId="PURGE_OLD_JOBS" previousJobId="10633" serviceName="purgeOldJobs" runAsUser="system" tempExprId="MIDNIGHT_DAILY" maxRecurrenceCount="-1" runByInstanceId="ofbiz1" startDateTime="2012-09-07 10:51:30.0" finishDateTime="2012-09-07 10:51:39.0" lastUpdatedStamp="2012-09-07 10:51:39.0" lastUpdatedTxStamp="2012-09-07 10:51:39.0" createdStamp="2012-09-05 00:00:04.0" createdTxStamp="2012-09-05 00:00:04.0"/>
    <JobSandbox jobId="10646" jobName="logCleanJobService" runTime="2012-09-06 00:20:24.0" poolId="pool" statusId="SERVICE_FAILED" parentJobId="LOG_CLEAN" previousJobId="10634" serviceName="logCleanJobService" runAsUser="system" tempExprId="HOUR_00" maxRecurrenceCount="-1" runByInstanceId="ofbiz1" startDateTime="2012-09-07 10:51:30.0" finishDateTime="2012-09-07 10:51:32.0" lastUpdatedStamp="2012-09-07 10:51:32.0" lastUpdatedTxStamp="2012-09-07 10:51:32.0" createdStamp="2012-09-05 00:20:24.0" createdTxStamp="2012-09-05 00:20:24.0"/>
    <JobSandbox jobId="10647" jobName="logCleanJobService" runTime="2012-09-06 00:20:24.0" poolId="pool" statusId="SERVICE_FAILED" parentJobId="LOG_CLEAN" previousJobId="10635" serviceName="logCleanJobService" runAsUser="system" tempExprId="HOUR_00" maxRecurrenceCount="-1" runByInstanceId="ofbiz1" startDateTime="2012-09-07 10:51:30.0" finishDateTime="2012-09-07 10:51:33.0" lastUpdatedStamp="2012-09-07 10:51:33.0" lastUpdatedTxStamp="2012-09-07 10:51:33.0" createdStamp="2012-09-05 00:20:24.0" createdTxStamp="2012-09-05 00:20:24.0"/>
    <JobSandbox jobId="10648" jobName="logCleanJobService" runTime="2012-09-06 00:20:24.0" poolId="pool" statusId="SERVICE_FAILED" parentJobId="LOG_CLEAN" previousJobId="10636" serviceName="logCleanJobService" runAsUser="system" tempExprId="HOUR_00" maxRecurrenceCount="-1" runByInstanceId="ofbiz1" startDateTime="2012-09-07 10:51:30.0" finishDateTime="2012-09-07 10:51:33.0" lastUpdatedStamp="2012-09-07 10:51:33.0" lastUpdatedTxStamp="2012-09-07 10:51:33.0" createdStamp="2012-09-05 00:20:24.0" createdTxStamp="2012-09-05 00:20:24.0"/>
    <JobSandbox jobId="10649" jobName="logCleanJobService" runTime="2012-09-06 00:20:24.0" poolId="pool" statusId="SERVICE_FAILED" parentJobId="LOG_CLEAN" previousJobId="10637" serviceName="logCleanJobService" runAsUser="system" tempExprId="HOUR_00" maxRecurrenceCount="-1" runByInstanceId="ofbiz1" startDateTime="2012-09-07 10:51:30.0" finishDateTime="2012-09-07 10:51:33.0" lastUpdatedStamp="2012-09-07 10:51:33.0" lastUpdatedTxStamp="2012-09-07 10:51:33.0" createdStamp="2012-09-05 00:20:24.0" createdTxStamp="2012-09-05 00:20:24.0"/>
    <JobSandbox jobId="10650" jobName="Clear EntitySyncRemove Info" runTime="2012-09-08 00:00:00.0" poolId="pool" statusId="SERVICE_PENDING" parentJobId="8200" previousJobId="10638" serviceName="cleanSyncRemoveInfo" runAsUser="system" tempExprId="MIDNIGHT_DAILY" maxRecurrenceCount="-1" lastUpdatedStamp="2012-09-07 10:51:32.0" lastUpdatedTxStamp="2012-09-07 10:51:32.0" createdStamp="2012-09-07 10:51:32.0" createdTxStamp="2012-09-07 10:51:32.0"/>
    <JobSandbox jobId="10651" jobName="Clear EntitySyncRemove Info" runTime="2012-09-08 00:00:00.0" poolId="pool" statusId="SERVICE_PENDING" parentJobId="8200" previousJobId="10639" serviceName="cleanSyncRemoveInfo" runAsUser="system" tempExprId="MIDNIGHT_DAILY" maxRecurrenceCount="-1" lastUpdatedStamp="2012-09-07 10:51:32.0" lastUpdatedTxStamp="2012-09-07 10:51:32.0" createdStamp="2012-09-07 10:51:32.0" createdTxStamp="2012-09-07 10:51:32.0"/>
    <JobSandbox jobId="10652" jobName="Clear EntitySyncRemove Info" runTime="2012-09-08 00:00:00.0" poolId="pool" statusId="SERVICE_PENDING" parentJobId="8200" previousJobId="10640" serviceName="cleanSyncRemoveInfo" runAsUser="system" tempExprId="MIDNIGHT_DAILY" maxRecurrenceCount="-1" lastUpdatedStamp="2012-09-07 10:51:32.0" lastUpdatedTxStamp="2012-09-07 10:51:32.0" createdStamp="2012-09-07 10:51:32.0" createdTxStamp="2012-09-07 10:51:32.0"/>
    <JobSandbox jobId="10653" jobName="Purge Old Jobs" runTime="2012-09-08 00:00:00.0" poolId="pool" statusId="SERVICE_PENDING" parentJobId="PURGE_OLD_JOBS" previousJobId="10642" serviceName="purgeOldJobs" runAsUser="system" tempExprId="MIDNIGHT_DAILY" maxRecurrenceCount="-1" lastUpdatedStamp="2012-09-07 10:51:32.0" lastUpdatedTxStamp="2012-09-07 10:51:32.0" createdStamp="2012-09-07 10:51:32.0" createdTxStamp="2012-09-07 10:51:32.0"/>
    <JobSandbox jobId="10654" jobName="Purge Old Jobs" runTime="2012-09-08 00:00:00.0" poolId="pool" statusId="SERVICE_PENDING" parentJobId="PURGE_OLD_JOBS" previousJobId="10641" serviceName="purgeOldJobs" runAsUser="system" tempExprId="MIDNIGHT_DAILY" maxRecurrenceCount="-1" lastUpdatedStamp="2012-09-07 10:51:32.0" lastUpdatedTxStamp="2012-09-07 10:51:32.0" createdStamp="2012-09-07 10:51:32.0" createdTxStamp="2012-09-07 10:51:32.0"/>
    <JobSandbox jobId="10655" jobName="Clear EntitySyncRemove Info" runTime="2012-09-08 00:00:00.0" poolId="pool" statusId="SERVICE_PENDING" parentJobId="8200" previousJobId="10643" serviceName="cleanSyncRemoveInfo" runAsUser="system" tempExprId="MIDNIGHT_DAILY" maxRecurrenceCount="-1" lastUpdatedStamp="2012-09-07 10:51:32.0" lastUpdatedTxStamp="2012-09-07 10:51:32.0" createdStamp="2012-09-07 10:51:32.0" createdTxStamp="2012-09-07 10:51:32.0"/>
    <JobSandbox jobId="10656" jobName="Purge Old Jobs" runTime="2012-09-08 00:00:00.0" poolId="pool" statusId="SERVICE_PENDING" parentJobId="PURGE_OLD_JOBS" previousJobId="10644" serviceName="purgeOldJobs" runAsUser="system" tempExprId="MIDNIGHT_DAILY" maxRecurrenceCount="-1" lastUpdatedStamp="2012-09-07 10:51:32.0" lastUpdatedTxStamp="2012-09-07 10:51:32.0" createdStamp="2012-09-07 10:51:32.0" createdTxStamp="2012-09-07 10:51:32.0"/>
    <JobSandbox jobId="10657" jobName="Purge Old Jobs" runTime="2012-09-08 00:00:00.0" poolId="pool" statusId="SERVICE_PENDING" parentJobId="PURGE_OLD_JOBS" previousJobId="10645" serviceName="purgeOldJobs" runAsUser="system" tempExprId="MIDNIGHT_DAILY" maxRecurrenceCount="-1" lastUpdatedStamp="2012-09-07 10:51:32.0" lastUpdatedTxStamp="2012-09-07 10:51:32.0" createdStamp="2012-09-07 10:51:32.0" createdTxStamp="2012-09-07 10:51:32.0"/>
    <JobSandbox jobId="10658" jobName="logCleanJobService" runTime="2012-09-08 00:51:32.0" poolId="pool" statusId="SERVICE_PENDING" parentJobId="LOG_CLEAN" previousJobId="10646" serviceName="logCleanJobService" runAsUser="system" tempExprId="HOUR_00" maxRecurrenceCount="-1" lastUpdatedStamp="2012-09-07 10:51:32.0" lastUpdatedTxStamp="2012-09-07 10:51:32.0" createdStamp="2012-09-07 10:51:32.0" createdTxStamp="2012-09-07 10:51:32.0"/>
    <JobSandbox jobId="10659" jobName="logCleanJobService" runTime="2012-09-08 00:51:32.0" poolId="pool" statusId="SERVICE_PENDING" parentJobId="LOG_CLEAN" previousJobId="10647" serviceName="logCleanJobService" runAsUser="system" tempExprId="HOUR_00" maxRecurrenceCount="-1" lastUpdatedStamp="2012-09-07 10:51:32.0" lastUpdatedTxStamp="2012-09-07 10:51:32.0" createdStamp="2012-09-07 10:51:32.0" createdTxStamp="2012-09-07 10:51:32.0"/>
    <JobSandbox jobId="10660" jobName="logCleanJobService" runTime="2012-09-08 00:51:33.0" poolId="pool" statusId="SERVICE_PENDING" parentJobId="LOG_CLEAN" previousJobId="10648" serviceName="logCleanJobService" runAsUser="system" tempExprId="HOUR_00" maxRecurrenceCount="-1" lastUpdatedStamp="2012-09-07 10:51:33.0" lastUpdatedTxStamp="2012-09-07 10:51:33.0" createdStamp="2012-09-07 10:51:33.0" createdTxStamp="2012-09-07 10:51:33.0"/>
    <JobSandbox jobId="10661" jobName="logCleanJobService" runTime="2012-09-08 00:51:33.0" poolId="pool" statusId="SERVICE_PENDING" parentJobId="LOG_CLEAN" previousJobId="10649" serviceName="logCleanJobService" runAsUser="system" tempExprId="HOUR_00" maxRecurrenceCount="-1" lastUpdatedStamp="2012-09-07 10:51:33.0" lastUpdatedTxStamp="2012-09-07 10:51:33.0" createdStamp="2012-09-07 10:51:33.0" createdTxStamp="2012-09-07 10:51:33.0"/>
    <JobSandbox jobId="10670" jobName="1346986427906" runTime="2012-09-07 10:53:47.0" poolId="pool" statusId="SERVICE_FINISHED" serviceName="SCMEntityExportAll" loaderName="partner" maxRetry="-1" runtimeDataId="10040" runByInstanceId="ofbiz1" startDateTime="2012-09-07 10:53:58.0" finishDateTime="2012-09-07 10:54:02.0" lastUpdatedStamp="2012-09-07 10:54:02.0" lastUpdatedTxStamp="2012-09-07 10:54:02.0" createdStamp="2012-09-07 10:53:47.0" createdTxStamp="2012-09-07 10:53:47.0"/>
    <JobSandbox jobId="10680" jobName="1346986739640" runTime="2012-09-07 10:58:59.0" poolId="pool" statusId="SERVICE_RUNNING" serviceName="SCMEntityExportAll" loaderName="partner" maxRetry="-1" runtimeDataId="10050" runByInstanceId="ofbiz1" startDateTime="2012-09-07 10:59:14.0" lastUpdatedStamp="2012-09-07 10:59:14.0" lastUpdatedTxStamp="2012-09-07 10:59:14.0" createdStamp="2012-09-07 10:58:59.0" createdTxStamp="2012-09-07 10:58:59.0"/>
</entity-engine-xml>
