<?xml version="1.0" encoding="UTF-8"?>
<entity-engine-xml>
    <PortletPortletCategory portalPortletId="EXAMPLE_1" portletCategoryId="EXAMPLE" lastUpdatedStamp="2012-07-01 22:07:21.0" lastUpdatedTxStamp="2012-07-01 22:07:21.0" createdStamp="2012-07-01 22:07:21.0" createdTxStamp="2012-07-01 22:07:21.0"/>
    <PortletPortletCategory portalPortletId="EXAMPLE_2" portletCategoryId="EXAMPLE" lastUpdatedStamp="2012-07-01 22:07:21.0" lastUpdatedTxStamp="2012-07-01 22:07:21.0" createdStamp="2012-07-01 22:07:21.0" createdTxStamp="2012-07-01 22:07:21.0"/>
    <PortletPortletCategory portalPortletId="EXAMPLE_3" portletCategoryId="EXAMPLE" lastUpdatedStamp="2012-07-01 22:07:21.0" lastUpdatedTxStamp="2012-07-01 22:07:21.0" createdStamp="2012-07-01 22:07:21.0" createdTxStamp="2012-07-01 22:07:21.0"/>
    <PortletPortletCategory portalPortletId="FindGenericEntity" portletCategoryId="GENERIC_PORTLET" lastUpdatedStamp="2012-07-01 22:07:21.0" lastUpdatedTxStamp="2012-07-01 22:07:21.0" createdStamp="2012-07-01 22:07:21.0" createdTxStamp="2012-07-01 22:07:21.0"/>
    <PortletPortletCategory portalPortletId="GenericPortalPage" portletCategoryId="GENERIC_PORTLET" lastUpdatedStamp="2012-07-01 22:07:21.0" lastUpdatedTxStamp="2012-07-01 22:07:21.0" createdStamp="2012-07-01 22:07:21.0" createdTxStamp="2012-07-01 22:07:21.0"/>
    <PortletPortletCategory portalPortletId="GenericScreenlet" portletCategoryId="GENERIC_PORTLET" lastUpdatedStamp="2012-07-01 22:07:21.0" lastUpdatedTxStamp="2012-07-01 22:07:21.0" createdStamp="2012-07-01 22:07:21.0" createdTxStamp="2012-07-01 22:07:21.0"/>
    <PortletPortletCategory portalPortletId="GenericScreenletAjax" portletCategoryId="GENERIC_PORTLET" lastUpdatedStamp="2012-07-01 22:07:21.0" lastUpdatedTxStamp="2012-07-01 22:07:21.0" createdStamp="2012-07-01 22:07:21.0" createdTxStamp="2012-07-01 22:07:21.0"/>
    <PortletPortletCategory portalPortletId="GricScltAjaxWithMenu" portletCategoryId="GENERIC_PORTLET" lastUpdatedStamp="2012-07-01 22:07:21.0" lastUpdatedTxStamp="2012-07-01 22:07:21.0" createdStamp="2012-07-01 22:07:21.0" createdTxStamp="2012-07-01 22:07:21.0"/>
</entity-engine-xml>
