<?xml version="1.0" encoding="UTF-8"?>
<entity-engine-xml>
    <PurchaseReturnEntry id="01c7534e-d482-4de2-9ff0-42c17a49189c" parentId="c340a624-b3eb-4427-a1f5-694c21e1089d" warehouseWarehouseId="ec28df2b-7e42-4f2a-bbf4-b0f4ee5f9731" materialMaterialId="3f85602d-cdce-4c0e-b64a-0762a2b7a9b7" materialMaterialModel="" volume="5031.000000" stockVolume="341930.000000" unitUnitId="" price="1.850000" refPrice="0.000000" entrysum="9307.350000" lastUpdatedStamp="2012-07-21 10:00:10.0" lastUpdatedTxStamp="2012-07-21 10:00:10.0" createdStamp="2012-07-21 10:00:10.0" createdTxStamp="2012-07-21 10:00:10.0"/>
    <PurchaseReturnEntry id="01e13a6a-5a7d-41ca-bb86-a7a6cdacf794" parentId="e32a2ccf-dec4-4f21-9167-679edd242b2a" warehouseWarehouseId="ec28df2b-7e42-4f2a-bbf4-b0f4ee5f9731" materialMaterialId="c17b7c94-d944-4e39-8b0a-af1d009db843" materialMaterialModel="" volume="80.000000" stockVolume="90022.000000" unitUnitId="" price="0.150000" refPrice="0.000000" entrysum="12.000000" lastUpdatedStamp="2012-07-18 11:34:06.0" lastUpdatedTxStamp="2012-07-18 11:34:06.0" createdStamp="2012-07-18 11:34:06.0" createdTxStamp="2012-07-18 11:34:06.0"/>
    <PurchaseReturnEntry id="01eecea1-a649-4fea-8ce1-94b5dd5aad0a" parentId="cde3fd4f-c66b-4cd4-b0ed-0147eb373054" warehouseWarehouseId="ec28df2b-7e42-4f2a-bbf4-b0f4ee5f9731" materialMaterialId="f33c979c-dba1-473c-8adf-57eecd675662" materialMaterialModel="" volume="115.000000" stockVolume="25029.000000" unitUnitId="" price="0.206000" refPrice="0.000000" entrysum="23.690000" lastUpdatedStamp="2012-07-16 09:37:11.0" lastUpdatedTxStamp="2012-07-16 09:37:11.0" createdStamp="2012-07-16 09:37:11.0" createdTxStamp="2012-07-16 09:37:11.0"/>
    <PurchaseReturnEntry id="029f15a0-0f95-450e-a7a2-7884b3cd1708" parentId="84a7e8d1-fde2-4586-b1f0-de452f4ebd62" warehouseWarehouseId="ec28df2b-7e42-4f2a-bbf4-b0f4ee5f9731" materialMaterialId="b3acdb57-69b8-4f74-9879-9ddd15d4462d" materialMaterialModel="" volume="100.000000" stockVolume="1800.000000" unitUnitId="" price="0.100000" refPrice="0.000000" entrysum="10.000000" sort="2" lastUpdatedStamp="2012-08-23 19:14:26.0" lastUpdatedTxStamp="2012-08-23 19:14:26.0" createdStamp="2012-08-23 19:14:26.0" createdTxStamp="2012-08-23 19:14:26.0"/>
    <PurchaseReturnEntry id="05fd85c0-b5b1-4f12-81db-79917c91d475" parentId="9c3851d0-4646-4963-8e5e-b751144bc0b2" warehouseWarehouseId="ec28df2b-7e42-4f2a-bbf4-b0f4ee5f9731" materialMaterialId="e9570d8b-1a15-44bb-a3d1-777dc8bc4967" materialMaterialModel="" volume="2.000000" stockVolume="1336.000000" unitUnitId="" price="39.500000" refPrice="0.000000" entrysum="79.000000" sort="1" lastUpdatedStamp="2012-08-18 17:21:26.0" lastUpdatedTxStamp="2012-08-18 17:21:26.0" createdStamp="2012-08-18 17:21:26.0" createdTxStamp="2012-08-18 17:21:26.0"/>
    <PurchaseReturnEntry id="072798e5-6d69-4142-a45d-a4e3806bccd1" parentId="b4d542e1-7ae0-4b06-b1e2-8d792761dd50" warehouseWarehouseId="ec28df2b-7e42-4f2a-bbf4-b0f4ee5f9731" materialMaterialId="5bfc150e-9c65-4e7e-8169-63f2a520dce2" materialMaterialModel="" volume="11.000000" stockVolume="1731.000000" unitUnitId="" price="1.340000" refPrice="0.000000" entrysum="14.740000" lastUpdatedStamp="2012-07-23 10:39:07.0" lastUpdatedTxStamp="2012-07-23 10:39:07.0" createdStamp="2012-07-23 10:39:07.0" createdTxStamp="2012-07-23 10:39:07.0"/>
    <PurchaseReturnEntry id="0941d43b-3ab1-42a7-bdc1-2e3c0f13efb7" parentId="56a695d4-a2ef-4756-aee8-ab2f49a23fd1" warehouseWarehouseId="ec28df2b-7e42-4f2a-bbf4-b0f4ee5f9731" materialMaterialId="248ec386-bb4c-4073-a589-437173fb14b0" materialMaterialModel="" volume="183.000000" stockVolume="18377.000000" unitUnitId="" price="2.280000" refPrice="0.000000" entrysum="417.240000" sort="1" lastUpdatedStamp="2012-08-23 08:17:13.0" lastUpdatedTxStamp="2012-08-23 08:17:13.0" createdStamp="2012-08-23 08:17:13.0" createdTxStamp="2012-08-23 08:17:13.0"/>
    <PurchaseReturnEntry id="0a09ff8a-aba6-48d3-84b4-12564637c24d" parentId="74d122da-49d2-48ee-a5f5-7f2f630409dd" warehouseWarehouseId="ec28df2b-7e42-4f2a-bbf4-b0f4ee5f9731" materialMaterialId="ed7535cf-a7da-4661-90c8-44193f138cee" materialMaterialModel="" volume="2.000000" stockVolume="340.000000" unitUnitId="c374d34a-0590-42f1-a683-afcd04b3689e" price="28.580000" refPrice="0.000000" entrysum="57.160000" lastUpdatedStamp="2012-07-17 17:25:37.0" lastUpdatedTxStamp="2012-07-17 17:25:37.0" createdStamp="2012-07-17 17:25:37.0" createdTxStamp="2012-07-17 17:25:37.0"/>
    <PurchaseReturnEntry id="0d6308cc-7ca3-4751-87d9-7de9911fe9f6" parentId="a178f8c3-33bf-4a77-b169-649898e4f094" warehouseWarehouseId="ec28df2b-7e42-4f2a-bbf4-b0f4ee5f9731" materialMaterialId="6e12550b-bc79-4936-bbc1-5ebbb9007a76" materialMaterialModel="" volume="47.000000" stockVolume="25456.000000" unitUnitId="" price="1.610000" refPrice="0.000000" entrysum="75.670000" lastUpdatedStamp="2012-07-14 17:30:02.0" lastUpdatedTxStamp="2012-07-14 17:30:02.0" createdStamp="2012-07-14 17:30:02.0" createdTxStamp="2012-07-14 17:30:02.0"/>
    <PurchaseReturnEntry id="0f826a8c-8c85-4f70-a852-df724f29f245" parentId="db32fd79-7221-4497-abd4-29dbd75b1d13" warehouseWarehouseId="ec28df2b-7e42-4f2a-bbf4-b0f4ee5f9731" materialMaterialId="5e14eb60-1cd7-4078-bdb1-4ea87437f00d" materialMaterialModel="" volume="351.000000" stockVolume="0.000000" unitUnitId="" price="2.970000" refPrice="0.000000" entrysum="1042.470000" sort="2" lastUpdatedStamp="2012-08-15 10:29:54.0" lastUpdatedTxStamp="2012-08-15 10:29:54.0" createdStamp="2012-08-15 10:29:54.0" createdTxStamp="2012-08-15 10:29:54.0"/>
    <PurchaseReturnEntry id="11306b4b-57d3-4c30-8fb9-0603d8bc35bd" parentId="b4d542e1-7ae0-4b06-b1e2-8d792761dd50" warehouseWarehouseId="ec28df2b-7e42-4f2a-bbf4-b0f4ee5f9731" materialMaterialId="a674437b-9a2b-46e6-bd34-22af67684bc1" materialMaterialModel="" volume="2.000000" stockVolume="1189.000000" unitUnitId="" price="1.560000" refPrice="0.000000" entrysum="3.120000" lastUpdatedStamp="2012-07-23 10:39:07.0" lastUpdatedTxStamp="2012-07-23 10:39:07.0" createdStamp="2012-07-23 10:39:07.0" createdTxStamp="2012-07-23 10:39:07.0"/>
    <PurchaseReturnEntry id="1190bd6a-6cd3-400f-b511-a3e501a36862" parentId="e32a2ccf-dec4-4f21-9167-679edd242b2a" warehouseWarehouseId="ec28df2b-7e42-4f2a-bbf4-b0f4ee5f9731" materialMaterialId="a6d76ce7-2418-437d-98f4-4ae1b4e0388c" materialMaterialModel="" volume="2.000000" stockVolume="3538.000000" unitUnitId="" price="0.580000" refPrice="0.000000" entrysum="1.160000" lastUpdatedStamp="2012-07-18 11:34:06.0" lastUpdatedTxStamp="2012-07-18 11:34:06.0" createdStamp="2012-07-18 11:34:06.0" createdTxStamp="2012-07-18 11:34:06.0"/>
    <PurchaseReturnEntry id="139efd70-b5e9-45e3-83fb-294d02290cdd" parentId="db32fd79-7221-4497-abd4-29dbd75b1d13" warehouseWarehouseId="ec28df2b-7e42-4f2a-bbf4-b0f4ee5f9731" materialMaterialId="e2134a55-388c-45a3-b2be-07a4f83d1f37" materialMaterialModel="" volume="500.000000" stockVolume="4617.000000" unitUnitId="" price="1.850000" refPrice="0.000000" entrysum="925.000000" sort="1" lastUpdatedStamp="2012-08-15 10:29:54.0" lastUpdatedTxStamp="2012-08-15 10:29:54.0" createdStamp="2012-08-15 10:29:54.0" createdTxStamp="2012-08-15 10:29:54.0"/>
    <PurchaseReturnEntry id="13cf26f7-9f3f-46de-9efb-0165d7200e7f" parentId="e32a2ccf-dec4-4f21-9167-679edd242b2a" warehouseWarehouseId="ec28df2b-7e42-4f2a-bbf4-b0f4ee5f9731" materialMaterialId="9a8b70a8-588e-4e76-bd3f-f96c9dc83a1d" materialMaterialModel="" volume="2.000000" stockVolume="2458.000000" unitUnitId="" price="4.330000" refPrice="0.000000" entrysum="8.660000" lastUpdatedStamp="2012-07-18 11:34:06.0" lastUpdatedTxStamp="2012-07-18 11:34:06.0" createdStamp="2012-07-18 11:34:06.0" createdTxStamp="2012-07-18 11:34:06.0"/>
    <PurchaseReturnEntry id="13f14e5e-7872-45b4-ae30-9bf4959b985c" parentId="e6f445e6-e30c-4a53-908c-2e57af0a9b5d" warehouseWarehouseId="ec28df2b-7e42-4f2a-bbf4-b0f4ee5f9731" materialMaterialId="6c9db356-f388-47fc-a873-efc14ad5ca60" materialMaterialModel="" volume="82.000000" stockVolume="3094.000000" unitUnitId="" price="1.650000" refPrice="0.000000" entrysum="135.300000" sort="1" lastUpdatedStamp="2012-08-03 10:16:15.0" lastUpdatedTxStamp="2012-08-03 10:16:15.0" createdStamp="2012-08-03 10:16:15.0" createdTxStamp="2012-08-03 10:16:15.0"/>
    <PurchaseReturnEntry id="1423e2bc-2c08-447e-ae5f-cc7216aa4953" parentId="c927bf73-06fc-4ec3-8560-33e61ab5fa48" warehouseWarehouseId="ec28df2b-7e42-4f2a-bbf4-b0f4ee5f9731" materialMaterialId="c1a0dc36-7766-4aeb-9230-24f8a20fa0e5" materialMaterialModel="" volume="117688.000000" stockVolume="411449.000000" unitUnitId="" price="0.038000" refPrice="0.000000" entrysum="4472.144000" sort="2" lastUpdatedStamp="2012-08-15 15:38:35.0" lastUpdatedTxStamp="2012-08-15 15:38:35.0" createdStamp="2012-08-15 15:38:35.0" createdTxStamp="2012-08-15 15:38:35.0"/>
    <PurchaseReturnEntry id="15149b5d-0898-4e40-9231-f1c0af379dc4" parentId="3fbdc740-dc6a-44cf-91a8-49df48d7bf63" warehouseWarehouseId="ec28df2b-7e42-4f2a-bbf4-b0f4ee5f9731" materialMaterialId="ad81d347-9334-46cd-bece-1eb29a16b5d1" materialMaterialModel="" volume="1.000000" stockVolume="2455.000000" unitUnitId="" price="1.470000" refPrice="0.000000" entrysum="1.470000" sort="3" lastUpdatedStamp="2012-08-17 15:35:27.0" lastUpdatedTxStamp="2012-08-17 15:35:27.0" createdStamp="2012-08-17 15:35:27.0" createdTxStamp="2012-08-17 15:35:27.0"/>
    <PurchaseReturnEntry id="151a31ac-b5ee-4859-8156-8b76cc228012" parentId="835e6a27-b381-4d05-8c89-174841a469ea" warehouseWarehouseId="ec28df2b-7e42-4f2a-bbf4-b0f4ee5f9731" materialMaterialId="45e1dd1e-7e9e-47e1-8718-41dba56972b1" materialMaterialModel="" volume="297419.000000" stockVolume="1117241.000000" unitUnitId="" price="0.055000" refPrice="0.000000" entrysum="16358.045000" lastUpdatedStamp="2012-07-25 09:22:19.0" lastUpdatedTxStamp="2012-07-25 09:22:19.0" createdStamp="2012-07-14 17:22:41.0" createdTxStamp="2012-07-14 17:22:41.0"/>
    <PurchaseReturnEntry id="1ec27ff5-8d59-4eff-8548-e10b220e5c84" parentId="e32a2ccf-dec4-4f21-9167-679edd242b2a" warehouseWarehouseId="ec28df2b-7e42-4f2a-bbf4-b0f4ee5f9731" materialMaterialId="7729cc66-fa8f-4651-a5cf-714231e59fec" materialMaterialModel="1560*440*30" volume="5.000000" stockVolume="4743.000000" unitUnitId="c374d34a-0590-42f1-a683-afcd04b3689e" price="5.270000" refPrice="5.540000" entrysum="26.350000" lastUpdatedStamp="2012-07-18 11:34:06.0" lastUpdatedTxStamp="2012-07-18 11:34:06.0" createdStamp="2012-07-18 11:34:06.0" createdTxStamp="2012-07-18 11:34:06.0"/>
    <PurchaseReturnEntry id="229933f6-6175-4891-8f94-f934e37ee75c" parentId="2ccc9e76-15fa-4196-9c1c-e0413c72ca76" warehouseWarehouseId="ec28df2b-7e42-4f2a-bbf4-b0f4ee5f9731" materialMaterialId="e2134a55-388c-45a3-b2be-07a4f83d1f37" materialMaterialModel="" volume="3268.000000" stockVolume="19800.000000" unitUnitId="" price="1.850000" refPrice="0.000000" entrysum="6045.800000" sort="2" lastUpdatedStamp="2012-08-10 16:31:39.0" lastUpdatedTxStamp="2012-08-10 16:31:39.0" createdStamp="2012-08-10 16:31:39.0" createdTxStamp="2012-08-10 16:31:39.0"/>
    <PurchaseReturnEntry id="25edd7d5-18d7-4bd0-b885-33329452e5f7" parentId="5f4d8fbd-ed03-4fdc-b352-723dea4727d2" warehouseWarehouseId="ec28df2b-7e42-4f2a-bbf4-b0f4ee5f9731" materialMaterialId="263be216-220b-4ada-80d6-6329cc61259c" materialMaterialModel="892*365*35" volume="3.000000" stockVolume="6858.000000" unitUnitId="" price="2.620000" refPrice="2.620000" entrysum="7.860000" lastUpdatedStamp="2012-07-21 10:34:08.0" lastUpdatedTxStamp="2012-07-21 10:34:08.0" createdStamp="2012-07-21 10:34:08.0" createdTxStamp="2012-07-21 10:34:08.0"/>
    <PurchaseReturnEntry id="2c21322e-59f1-4e32-8a87-0d0bceb3568a" parentId="56a695d4-a2ef-4756-aee8-ab2f49a23fd1" warehouseWarehouseId="ec28df2b-7e42-4f2a-bbf4-b0f4ee5f9731" materialMaterialId="6e12550b-bc79-4936-bbc1-5ebbb9007a76" materialMaterialModel="" volume="265.000000" stockVolume="21056.000000" unitUnitId="" price="1.610000" refPrice="0.000000" entrysum="426.650000" sort="2" lastUpdatedStamp="2012-08-23 08:17:13.0" lastUpdatedTxStamp="2012-08-23 08:17:13.0" createdStamp="2012-08-23 08:17:13.0" createdTxStamp="2012-08-23 08:17:13.0"/>
    <PurchaseReturnEntry id="2ce5ec2a-f882-4c56-bf73-ce2c92f1e09f" parentId="e32a2ccf-dec4-4f21-9167-679edd242b2a" warehouseWarehouseId="ec28df2b-7e42-4f2a-bbf4-b0f4ee5f9731" materialMaterialId="e21a6c0c-5fd9-438b-a135-51f94d7911af" materialMaterialModel="895*381*35" volume="20.000000" stockVolume="6480.000000" unitUnitId="c374d34a-0590-42f1-a683-afcd04b3689e" price="2.820000" refPrice="2.970000" entrysum="56.400000" lastUpdatedStamp="2012-07-18 11:34:06.0" lastUpdatedTxStamp="2012-07-18 11:34:06.0" createdStamp="2012-07-18 11:34:06.0" createdTxStamp="2012-07-18 11:34:06.0"/>
    <PurchaseReturnEntry id="2d52341a-16f5-49a6-9048-622cc1afe85b" parentId="ebb05afe-e134-4c69-899c-622ad647ecb3" warehouseWarehouseId="ec28df2b-7e42-4f2a-bbf4-b0f4ee5f9731" materialMaterialId="b3acdb57-69b8-4f74-9879-9ddd15d4462d" materialMaterialModel="" volume="200.000000" stockVolume="11700.000000" unitUnitId="" price="0.100000" refPrice="0.000000" entrysum="20.000000" lastUpdatedStamp="2012-07-17 17:08:18.0" lastUpdatedTxStamp="2012-07-17 17:08:18.0" createdStamp="2012-07-17 17:08:18.0" createdTxStamp="2012-07-17 17:08:18.0"/>
    <PurchaseReturnEntry id="2db67173-898e-4c44-8abd-e4745c4feb18" parentId="b4d542e1-7ae0-4b06-b1e2-8d792761dd50" warehouseWarehouseId="ec28df2b-7e42-4f2a-bbf4-b0f4ee5f9731" materialMaterialId="58ac2a9e-5aeb-4075-9fe0-6b0f899da756" materialMaterialModel="802*328*55" volume="2.000000" stockVolume="1478.000000" unitUnitId="" price="2.390000" refPrice="2.390000" entrysum="4.780000" lastUpdatedStamp="2012-07-23 10:39:07.0" lastUpdatedTxStamp="2012-07-23 10:39:07.0" createdStamp="2012-07-23 10:39:07.0" createdTxStamp="2012-07-23 10:39:07.0"/>
    <PurchaseReturnEntry id="2db99cc8-1db1-4492-8ff4-40e2d6f0f6fb" parentId="fc6a6f86-1f58-4c84-982e-6e15ed7481c8" warehouseWarehouseId="ec28df2b-7e42-4f2a-bbf4-b0f4ee5f9731" materialMaterialId="e9570d8b-1a15-44bb-a3d1-777dc8bc4967" materialMaterialModel="" volume="4.000000" stockVolume="1250.000000" unitUnitId="" price="39.500000" refPrice="0.000000" entrysum="158.000000" lastUpdatedStamp="2012-07-20 10:02:37.0" lastUpdatedTxStamp="2012-07-20 10:02:37.0" createdStamp="2012-07-20 10:02:37.0" createdTxStamp="2012-07-20 10:02:37.0"/>
    <PurchaseReturnEntry id="2f260bf0-5591-4aa3-82fc-596ee5830ff0" parentId="1ecb649a-6e54-41dd-8b3c-71d7d6e863f6" warehouseWarehouseId="ec28df2b-7e42-4f2a-bbf4-b0f4ee5f9731" materialMaterialId="57fef074-545d-474c-9032-f68a1dc9c49d" materialMaterialModel="" volume="1040.000000" stockVolume="77000.000000" unitUnitId="" price="0.085000" refPrice="0.000000" entrysum="88.400000" lastUpdatedStamp="2012-08-01 18:21:18.0" lastUpdatedTxStamp="2012-08-01 18:21:18.0" createdStamp="2012-08-01 18:21:18.0" createdTxStamp="2012-08-01 18:21:18.0"/>
    <PurchaseReturnEntry id="301fc9d8-d5b7-412b-b469-c82e1992de87" parentId="e32a2ccf-dec4-4f21-9167-679edd242b2a" warehouseWarehouseId="ec28df2b-7e42-4f2a-bbf4-b0f4ee5f9731" materialMaterialId="9aea75c9-262e-41ca-93e7-4e38dfffacda" materialMaterialModel="" volume="5.000000" stockVolume="8403.000000" unitUnitId="" price="0.580000" refPrice="0.000000" entrysum="2.900000" lastUpdatedStamp="2012-07-18 11:34:06.0" lastUpdatedTxStamp="2012-07-18 11:34:06.0" createdStamp="2012-07-18 11:34:06.0" createdTxStamp="2012-07-18 11:34:06.0"/>
    <PurchaseReturnEntry id="3347a94c-44ba-420d-bffe-46ea9c1e570f" parentId="1ecb649a-6e54-41dd-8b3c-71d7d6e863f6" warehouseWarehouseId="ec28df2b-7e42-4f2a-bbf4-b0f4ee5f9731" materialMaterialId="ba3fd401-e10f-4c0c-b3bc-ab41475ddbbe" materialMaterialModel="" volume="335.000000" stockVolume="0.000000" unitUnitId="" price="0.150000" refPrice="0.000000" entrysum="50.250000" lastUpdatedStamp="2012-08-01 18:21:18.0" lastUpdatedTxStamp="2012-08-01 18:21:18.0" createdStamp="2012-08-01 18:21:18.0" createdTxStamp="2012-08-01 18:21:18.0"/>
    <PurchaseReturnEntry id="337297c8-5d2a-4436-8bbe-367415d21d08" parentId="3fbdc740-dc6a-44cf-91a8-49df48d7bf63" warehouseWarehouseId="ec28df2b-7e42-4f2a-bbf4-b0f4ee5f9731" materialMaterialId="a674437b-9a2b-46e6-bd34-22af67684bc1" materialMaterialModel="" volume="2.000000" stockVolume="378.000000" unitUnitId="" price="1.560000" refPrice="0.000000" entrysum="3.120000" sort="2" lastUpdatedStamp="2012-08-17 15:35:27.0" lastUpdatedTxStamp="2012-08-17 15:35:27.0" createdStamp="2012-08-17 15:35:27.0" createdTxStamp="2012-08-17 15:35:27.0"/>
    <PurchaseReturnEntry id="34c70997-e2c2-4fa6-840d-be6c91a8f450" parentId="cd0794a6-c54f-4c6f-bbbf-a3ed4e48dde0" warehouseWarehouseId="ec28df2b-7e42-4f2a-bbf4-b0f4ee5f9731" materialMaterialId="530aad92-3941-4032-af2f-96c4a113bf96" materialMaterialModel="" volume="7000.000000" stockVolume="137900.000000" unitUnitId="" price="0.130000" refPrice="0.000000" entrysum="910.000000" lastUpdatedStamp="2012-07-30 20:58:45.0" lastUpdatedTxStamp="2012-07-30 20:58:45.0" createdStamp="2012-07-30 20:58:45.0" createdTxStamp="2012-07-30 20:58:45.0"/>
    <PurchaseReturnEntry id="35715b13-1632-4aee-9fc9-c02106e95435" parentId="834bf019-91e9-4945-b969-11561503628a" warehouseWarehouseId="ec28df2b-7e42-4f2a-bbf4-b0f4ee5f9731" materialMaterialId="19614fde-8eeb-4cfa-b07d-76778e7e0b09" materialMaterialModel="71.5*52.8*3.5" volume="1.000000" stockVolume="1736.000000" unitUnitId="" price="1.490000" refPrice="1.490000" entrysum="1.490000" lastUpdatedStamp="2012-07-26 10:09:22.0" lastUpdatedTxStamp="2012-07-26 10:09:22.0" createdStamp="2012-07-26 10:09:22.0" createdTxStamp="2012-07-26 10:09:22.0"/>
    <PurchaseReturnEntry id="35b73954-10be-43e9-9eb6-283111027a03" parentId="b4d542e1-7ae0-4b06-b1e2-8d792761dd50" warehouseWarehouseId="ec28df2b-7e42-4f2a-bbf4-b0f4ee5f9731" materialMaterialId="9725a91a-1abd-48cc-8a7b-05e531decfa7" materialMaterialModel="" volume="2.000000" stockVolume="7048.000000" unitUnitId="" price="1.770000" refPrice="0.000000" entrysum="3.540000" lastUpdatedStamp="2012-07-23 10:39:07.0" lastUpdatedTxStamp="2012-07-23 10:39:07.0" createdStamp="2012-07-23 10:39:07.0" createdTxStamp="2012-07-23 10:39:07.0"/>
    <PurchaseReturnEntry id="361c5240-6edf-4712-a4cc-49966b6bc45c" parentId="7a2d9078-c4a0-4aaa-822a-ed3167601485" warehouseWarehouseId="ec28df2b-7e42-4f2a-bbf4-b0f4ee5f9731" materialMaterialId="7729cc66-fa8f-4651-a5cf-714231e59fec" materialMaterialModel="1560*440*30" volume="5.000000" stockVolume="5722.000000" unitUnitId="" price="5.270000" refPrice="5.270000" entrysum="26.350000" lastUpdatedStamp="2012-07-31 17:17:28.0" lastUpdatedTxStamp="2012-07-31 17:17:28.0" createdStamp="2012-07-31 17:17:28.0" createdTxStamp="2012-07-31 17:17:28.0"/>
    <PurchaseReturnEntry id="370f8452-ac12-4b7a-9ff9-6829e99174db" parentId="8e29971d-c404-46ef-9100-29dc5930e3e5" warehouseWarehouseId="ec28df2b-7e42-4f2a-bbf4-b0f4ee5f9731" materialMaterialId="cd3c814f-5636-4ccf-b09a-8580b1c1e2cc" materialMaterialModel="" volume="55.000000" stockVolume="5000.000000" unitUnitId="" price="1.073000" refPrice="0.000000" entrysum="59.015000" lastUpdatedStamp="2012-07-18 10:27:58.0" lastUpdatedTxStamp="2012-07-18 10:27:58.0" createdStamp="2012-07-18 10:27:58.0" createdTxStamp="2012-07-18 10:27:58.0"/>
    <PurchaseReturnEntry id="371ab7ca-5634-47be-b142-94347ef004ef" parentId="834bf019-91e9-4945-b969-11561503628a" warehouseWarehouseId="ec28df2b-7e42-4f2a-bbf4-b0f4ee5f9731" materialMaterialId="916742ca-ae3f-4335-8d9a-4edfce8660f9" materialMaterialModel="" volume="1.000000" stockVolume="3523.000000" unitUnitId="" price="1.470000" refPrice="0.000000" entrysum="1.470000" lastUpdatedStamp="2012-07-26 10:09:22.0" lastUpdatedTxStamp="2012-07-26 10:09:22.0" createdStamp="2012-07-26 10:09:22.0" createdTxStamp="2012-07-26 10:09:22.0"/>
    <PurchaseReturnEntry id="3826aafd-0792-4e02-8e57-386802aa0129" parentId="0aefe355-9584-4648-8913-9f9c8878b32d" warehouseWarehouseId="ec28df2b-7e42-4f2a-bbf4-b0f4ee5f9731" materialMaterialId="248ec386-bb4c-4073-a589-437173fb14b0" materialMaterialModel="" volume="96.000000" stockVolume="9673.000000" unitUnitId="" price="2.280000" refPrice="0.000000" entrysum="218.880000" lastUpdatedStamp="2012-07-28 08:24:02.0" lastUpdatedTxStamp="2012-07-28 08:24:02.0" createdStamp="2012-07-28 08:24:02.0" createdTxStamp="2012-07-28 08:24:02.0"/>
    <PurchaseReturnEntry id="38e5b858-150d-4100-a395-f9a04bbd6539" parentId="e443e147-e92d-4351-88e5-d70ace9d3680" warehouseWarehouseId="ec28df2b-7e42-4f2a-bbf4-b0f4ee5f9731" materialMaterialId="a8f71119-00a4-477a-897e-ff388a5030a2" materialMaterialModel="" volume="120.000000" stockVolume="4593.000000" unitUnitId="" price="1.650000" refPrice="0.000000" entrysum="198.000000" sort="1" lastUpdatedStamp="2012-08-20 16:18:36.0" lastUpdatedTxStamp="2012-08-20 16:18:36.0" createdStamp="2012-08-20 16:18:36.0" createdTxStamp="2012-08-20 16:18:36.0"/>
    <PurchaseReturnEntry id="3d4a216a-d7f7-4fde-ba17-0b6903b15eb3" parentId="9dedda7c-8fc9-43d7-8167-c671a9b95182" warehouseWarehouseId="ec28df2b-7e42-4f2a-bbf4-b0f4ee5f9731" materialMaterialId="c0ca5bb7-39db-4246-ad42-1a74aa23032f" materialMaterialModel="" volume="20080.000000" stockVolume="213881.000000" unitUnitId="" price="0.065000" refPrice="0.000000" entrysum="1305.200000" lastUpdatedStamp="2012-07-14 17:24:03.0" lastUpdatedTxStamp="2012-07-14 17:24:03.0" createdStamp="2012-07-14 17:24:03.0" createdTxStamp="2012-07-14 17:24:03.0"/>
    <PurchaseReturnEntry id="3eadbe59-d7c0-43d4-b972-becdcafd75be" parentId="c927bf73-06fc-4ec3-8560-33e61ab5fa48" warehouseWarehouseId="ec28df2b-7e42-4f2a-bbf4-b0f4ee5f9731" materialMaterialId="45e1dd1e-7e9e-47e1-8718-41dba56972b1" materialMaterialModel="" volume="473650.000000" stockVolume="1274427.000000" unitUnitId="" price="0.055000" refPrice="0.000000" entrysum="26050.750000" sort="3" lastUpdatedStamp="2012-08-15 15:38:35.0" lastUpdatedTxStamp="2012-08-15 15:38:35.0" createdStamp="2012-08-15 15:38:35.0" createdTxStamp="2012-08-15 15:38:35.0"/>
    <PurchaseReturnEntry id="445e5da9-1fc5-4d58-9a18-63fdd2e3912c" parentId="6e5414dc-0cba-4be1-baea-dc6d34794134" warehouseWarehouseId="ec28df2b-7e42-4f2a-bbf4-b0f4ee5f9731" materialMaterialId="75927c0b-8ccb-48d4-81ac-a514c27225e8" materialMaterialModel="1560*440*30&#20122;&#20013;" volume="6.000000" stockVolume="220.000000" unitUnitId="" price="5.270000" refPrice="5.270000" entrysum="31.620000" sort="3" lastUpdatedStamp="2012-08-03 10:19:32.0" lastUpdatedTxStamp="2012-08-03 10:19:32.0" createdStamp="2012-08-03 10:19:32.0" createdTxStamp="2012-08-03 10:19:32.0"/>
    <PurchaseReturnEntry id="44ae26ed-ed6f-4a73-8d9c-2537f080e2b5" parentId="3329ca7d-8c22-425c-8b6a-915f61e4265c" warehouseWarehouseId="ec28df2b-7e42-4f2a-bbf4-b0f4ee5f9731" materialMaterialId="5e14eb60-1cd7-4078-bdb1-4ea87437f00d" materialMaterialModel="" volume="3689.000000" stockVolume="0.000000" unitUnitId="" price="297.000000" refPrice="0.000000" entrysum="1095633.000000" sort="1" lastUpdatedStamp="2012-08-21 14:36:26.0" lastUpdatedTxStamp="2012-08-21 14:36:26.0" createdStamp="2012-08-21 14:36:26.0" createdTxStamp="2012-08-21 14:36:26.0"/>
    <PurchaseReturnEntry id="44b93d49-aa8b-4275-89a8-1cf2289e0e11" parentId="fc6a6f86-1f58-4c84-982e-6e15ed7481c8" warehouseWarehouseId="ec28df2b-7e42-4f2a-bbf4-b0f4ee5f9731" materialMaterialId="a5f3585d-134d-4010-8508-3d35e12319f1" materialMaterialModel="" volume="4.000000" stockVolume="3393.000000" unitUnitId="" price="56.600000" refPrice="0.000000" entrysum="226.400000" lastUpdatedStamp="2012-07-20 10:02:37.0" lastUpdatedTxStamp="2012-07-20 10:02:37.0" createdStamp="2012-07-20 10:02:37.0" createdTxStamp="2012-07-20 10:02:37.0"/>
    <PurchaseReturnEntry id="4866472a-c623-48e7-b493-38286e57ca94" parentId="707fb302-b22e-423f-b035-5bdfdcac4171" warehouseWarehouseId="ec28df2b-7e42-4f2a-bbf4-b0f4ee5f9731" materialMaterialId="e2134a55-388c-45a3-b2be-07a4f83d1f37" materialMaterialModel="" volume="3531.000000" stockVolume="31989.000000" unitUnitId="36927a08-ba89-438b-bb0d-3013c64a0341" price="1.850000" refPrice="0.000000" entrysum="6532.350000" lastUpdatedStamp="2012-07-16 09:46:52.0" lastUpdatedTxStamp="2012-07-16 09:46:52.0" createdStamp="2012-07-16 09:46:52.0" createdTxStamp="2012-07-16 09:46:52.0"/>
    <PurchaseReturnEntry id="4bf7a680-ba9d-4ded-af84-e6b6cbe26c97" parentId="3638350e-424c-4efe-b3c1-01440b4485a1" warehouseWarehouseId="ec28df2b-7e42-4f2a-bbf4-b0f4ee5f9731" materialMaterialId="b6bba598-f43e-45c4-aa7f-a341177bb854" materialMaterialModel="" volume="4966.000000" stockVolume="0.000000" unitUnitId="" price="1.802400" refPrice="0.000000" entrysum="8950.718400" lastUpdatedStamp="2012-07-20 10:08:49.0" lastUpdatedTxStamp="2012-07-20 10:08:49.0" createdStamp="2012-07-20 10:08:49.0" createdTxStamp="2012-07-20 10:08:49.0"/>
    <PurchaseReturnEntry id="4fe67b91-cd16-475d-9eab-bc309c247ed3" parentId="63e910b0-1503-469f-9c02-54c47f2ff38e" warehouseWarehouseId="ec28df2b-7e42-4f2a-bbf4-b0f4ee5f9731" materialMaterialId="6c9db356-f388-47fc-a873-efc14ad5ca60" materialMaterialModel="" volume="167.000000" stockVolume="4866.000000" unitUnitId="" price="1.650000" refPrice="0.000000" entrysum="275.550000" lastUpdatedStamp="2012-07-17 16:41:02.0" lastUpdatedTxStamp="2012-07-17 16:41:02.0" createdStamp="2012-07-17 16:41:02.0" createdTxStamp="2012-07-17 16:41:02.0"/>
    <PurchaseReturnEntry id="50e9faae-9239-4081-ab66-82eac9a9aefb" parentId="ebb05afe-e134-4c69-899c-622ad647ecb3" warehouseWarehouseId="ec28df2b-7e42-4f2a-bbf4-b0f4ee5f9731" materialMaterialId="4716455a-5cb6-476f-abba-188972450d76" materialMaterialModel="" volume="6000.000000" stockVolume="91200.000000" unitUnitId="" price="0.020000" refPrice="0.000000" entrysum="120.000000" lastUpdatedStamp="2012-07-17 17:08:18.0" lastUpdatedTxStamp="2012-07-17 17:08:18.0" createdStamp="2012-07-17 17:08:18.0" createdTxStamp="2012-07-17 17:08:18.0"/>
    <PurchaseReturnEntry id="51058b7f-f089-430e-b851-305fb61839fd" parentId="3fbdc740-dc6a-44cf-91a8-49df48d7bf63" warehouseWarehouseId="ec28df2b-7e42-4f2a-bbf4-b0f4ee5f9731" materialMaterialId="193d9ffa-8cd7-4f18-8ccf-d28c48e1e160" materialMaterialModel="" volume="18.000000" stockVolume="550.000000" unitUnitId="" price="1.560000" refPrice="0.000000" entrysum="28.080000" sort="1" lastUpdatedStamp="2012-08-17 15:35:27.0" lastUpdatedTxStamp="2012-08-17 15:35:27.0" createdStamp="2012-08-17 15:35:27.0" createdTxStamp="2012-08-17 15:35:27.0"/>
    <PurchaseReturnEntry id="535e29ae-2c84-4491-875b-4ee13013be37" parentId="5f4d8fbd-ed03-4fdc-b352-723dea4727d2" warehouseWarehouseId="ec28df2b-7e42-4f2a-bbf4-b0f4ee5f9731" materialMaterialId="5bbccc29-124e-4586-82e4-28c87b5f3a68" materialMaterialModel="" volume="1.000000" stockVolume="400.000000" unitUnitId="" price="21.260000" refPrice="0.000000" entrysum="21.260000" lastUpdatedStamp="2012-07-21 10:34:08.0" lastUpdatedTxStamp="2012-07-21 10:34:08.0" createdStamp="2012-07-21 10:34:08.0" createdTxStamp="2012-07-21 10:34:08.0"/>
    <PurchaseReturnEntry id="5419e89e-ad0d-4643-8ea9-2fa581c1cdcf" parentId="f21ff64b-f2c5-4e16-9d4c-35b76c22c7a2" warehouseWarehouseId="ec28df2b-7e42-4f2a-bbf4-b0f4ee5f9731" materialMaterialId="654fc19a-6765-4fa5-81fc-40d99be59dd6" materialMaterialModel="" volume="34557.000000" stockVolume="23745.000000" unitUnitId="" price="0.390000" refPrice="0.000000" entrysum="13477.230000" sort="1" lastUpdatedStamp="2012-08-17 08:56:10.0" lastUpdatedTxStamp="2012-08-17 08:56:10.0" createdStamp="2012-08-17 08:56:10.0" createdTxStamp="2012-08-17 08:56:10.0"/>
    <PurchaseReturnEntry id="54e6cdbc-fc23-41aa-ac2e-15fb0fbc48d2" parentId="aa8daa84-dd1d-4378-84cf-75ada911a272" warehouseWarehouseId="ec28df2b-7e42-4f2a-bbf4-b0f4ee5f9731" materialMaterialId="7fdc626d-b4a7-4eb3-80c6-3291dc54ed27" materialMaterialModel="" volume="37.000000" stockVolume="11844.000000" unitUnitId="c374d34a-0590-42f1-a683-afcd04b3689e" price="6.208000" refPrice="0.000000" entrysum="229.696000" lastUpdatedStamp="2012-07-17 17:27:45.0" lastUpdatedTxStamp="2012-07-17 17:27:45.0" createdStamp="2012-07-17 17:27:45.0" createdTxStamp="2012-07-17 17:27:45.0"/>
    <PurchaseReturnEntry id="57dff1be-0661-4aad-b373-f11b8e18636b" parentId="ef84cd26-e8a7-499b-9a0f-f43b77bd171f" warehouseWarehouseId="ec28df2b-7e42-4f2a-bbf4-b0f4ee5f9731" materialMaterialId="9a8b70a8-588e-4e76-bd3f-f96c9dc83a1d" materialMaterialModel="" volume="1.000000" stockVolume="18.000000" unitUnitId="" price="14.230000" refPrice="0.000000" entrysum="14.230000" lastUpdatedStamp="2012-08-01 18:22:47.0" lastUpdatedTxStamp="2012-08-01 18:22:47.0" createdStamp="2012-08-01 18:22:47.0" createdTxStamp="2012-08-01 18:22:47.0"/>
    <PurchaseReturnEntry id="5813bf3b-d40b-4466-bbc9-552c6d09b222" parentId="6e5414dc-0cba-4be1-baea-dc6d34794134" warehouseWarehouseId="ec28df2b-7e42-4f2a-bbf4-b0f4ee5f9731" materialMaterialId="1b2f766e-5937-4400-ba8a-f1d4b3dc2601" materialMaterialModel="" volume="1.000000" stockVolume="1502.000000" unitUnitId="" price="3.240000" refPrice="0.000000" entrysum="3.240000" sort="1" lastUpdatedStamp="2012-08-03 10:19:32.0" lastUpdatedTxStamp="2012-08-03 10:19:32.0" createdStamp="2012-08-03 10:19:32.0" createdTxStamp="2012-08-03 10:19:32.0"/>
    <PurchaseReturnEntry id="58bf021b-1b17-4ee4-a051-ffcc4c9a7d48" parentId="5f4d8fbd-ed03-4fdc-b352-723dea4727d2" warehouseWarehouseId="ec28df2b-7e42-4f2a-bbf4-b0f4ee5f9731" materialMaterialId="58ac2a9e-5aeb-4075-9fe0-6b0f899da756" materialMaterialModel="802*328*55" volume="2.000000" stockVolume="1480.000000" unitUnitId="" price="2.390000" refPrice="2.390000" entrysum="4.780000" lastUpdatedStamp="2012-07-21 10:34:08.0" lastUpdatedTxStamp="2012-07-21 10:34:08.0" createdStamp="2012-07-21 10:34:08.0" createdTxStamp="2012-07-21 10:34:08.0"/>
    <PurchaseReturnEntry id="59762169-03a3-495a-a623-6b393ff66852" parentId="834bf019-91e9-4945-b969-11561503628a" warehouseWarehouseId="ec28df2b-7e42-4f2a-bbf4-b0f4ee5f9731" materialMaterialId="99c4137b-bda8-4c51-85b5-fca4299cbd70" materialMaterialModel="" volume="1.000000" stockVolume="2180.000000" unitUnitId="" price="0.150000" refPrice="0.000000" entrysum="0.150000" lastUpdatedStamp="2012-07-26 10:09:22.0" lastUpdatedTxStamp="2012-07-26 10:09:22.0" createdStamp="2012-07-26 10:09:22.0" createdTxStamp="2012-07-26 10:09:22.0"/>
    <PurchaseReturnEntry id="5e546377-a635-447e-be7c-ae14367c0a20" parentId="1ecb649a-6e54-41dd-8b3c-71d7d6e863f6" warehouseWarehouseId="ec28df2b-7e42-4f2a-bbf4-b0f4ee5f9731" materialMaterialId="26905ca9-c7fe-49ad-a19e-5d1e8627fea1" materialMaterialModel="" volume="252.000000" stockVolume="1000.000000" unitUnitId="" price="0.135000" refPrice="0.000000" entrysum="34.020000" lastUpdatedStamp="2012-08-01 18:21:18.0" lastUpdatedTxStamp="2012-08-01 18:21:18.0" createdStamp="2012-08-01 18:21:18.0" createdTxStamp="2012-08-01 18:21:18.0"/>
    <PurchaseReturnEntry id="60a5b9a0-b8a2-4466-a76a-ee32060de09c" parentId="20f95cbd-8e7d-4312-837f-f55d947dafe0" warehouseWarehouseId="ec28df2b-7e42-4f2a-bbf4-b0f4ee5f9731" materialMaterialId="9bb7b448-4141-4a5a-b4a9-5194a5013f77" materialMaterialModel="" volume="5.000000" stockVolume="29557.000000" unitUnitId="" price="0.760000" refPrice="0.000000" entrysum="3.800000" lastUpdatedStamp="2012-07-19 10:58:15.0" lastUpdatedTxStamp="2012-07-19 10:58:15.0" createdStamp="2012-07-19 10:58:15.0" createdTxStamp="2012-07-19 10:58:15.0"/>
    <PurchaseReturnEntry id="61ffefcb-706b-4403-864d-fbc584c62252" parentId="e443e147-e92d-4351-88e5-d70ace9d3680" warehouseWarehouseId="ec28df2b-7e42-4f2a-bbf4-b0f4ee5f9731" materialMaterialId="6c9db356-f388-47fc-a873-efc14ad5ca60" materialMaterialModel="" volume="4.000000" stockVolume="0.000000" unitUnitId="" price="1.650000" refPrice="0.000000" entrysum="6.600000" sort="2" lastUpdatedStamp="2012-08-20 16:18:36.0" lastUpdatedTxStamp="2012-08-20 16:18:36.0" createdStamp="2012-08-20 16:18:36.0" createdTxStamp="2012-08-20 16:18:36.0"/>
    <PurchaseReturnEntry id="626950d0-fc1d-4196-a006-48f48fcc4dfd" parentId="6e10b79f-f7c1-4c4b-9131-cfaf14169550" warehouseWarehouseId="ec28df2b-7e42-4f2a-bbf4-b0f4ee5f9731" materialMaterialId="5bfc150e-9c65-4e7e-8169-63f2a520dce2" materialMaterialModel="" volume="1.000000" stockVolume="13136.000000" unitUnitId="" price="0.000000" refPrice="0.000000" entrysum="0.000000" sort="2" lastUpdatedStamp="2012-08-14 17:26:48.0" lastUpdatedTxStamp="2012-08-14 17:26:48.0" createdStamp="2012-08-14 17:26:48.0" createdTxStamp="2012-08-14 17:26:48.0"/>
    <PurchaseReturnEntry id="6379011d-5647-4f3a-8e2c-543407f61268" parentId="b580f9ea-9b46-4a6c-8d51-11d6d0155f81" warehouseWarehouseId="ec28df2b-7e42-4f2a-bbf4-b0f4ee5f9731" materialMaterialId="e2134a55-388c-45a3-b2be-07a4f83d1f37" materialMaterialModel="" volume="1013.000000" stockVolume="19130.000000" unitUnitId="" price="3.950000" refPrice="0.000000" entrysum="4001.350000" lastUpdatedStamp="2012-07-31 22:22:25.0" lastUpdatedTxStamp="2012-07-31 22:22:25.0" createdStamp="2012-07-31 22:22:25.0" createdTxStamp="2012-07-31 22:22:25.0"/>
    <PurchaseReturnEntry id="69981c16-f7dd-437f-bb20-ff6f494e1321" parentId="6e10b79f-f7c1-4c4b-9131-cfaf14169550" warehouseWarehouseId="ec28df2b-7e42-4f2a-bbf4-b0f4ee5f9731" materialMaterialId="bd162a5d-16c5-42d5-bf50-bf59efedcff4" materialMaterialModel="" volume="5.000000" stockVolume="2280.000000" unitUnitId="" price="0.000000" refPrice="0.000000" entrysum="0.000000" sort="6" lastUpdatedStamp="2012-08-14 17:26:48.0" lastUpdatedTxStamp="2012-08-14 17:26:48.0" createdStamp="2012-08-14 17:26:48.0" createdTxStamp="2012-08-14 17:26:48.0"/>
    <PurchaseReturnEntry id="6da0b574-d5ae-419a-9585-7bb7d5e607a7" parentId="cde3fd4f-c66b-4cd4-b0ed-0147eb373054" warehouseWarehouseId="ec28df2b-7e42-4f2a-bbf4-b0f4ee5f9731" materialMaterialId="13060ff0-bc4c-4e3a-9c93-f9a283dd23f2" materialMaterialModel="" volume="292.000000" stockVolume="64145.000000" unitUnitId="" price="0.206000" refPrice="0.000000" entrysum="60.152000" lastUpdatedStamp="2012-07-16 09:37:11.0" lastUpdatedTxStamp="2012-07-16 09:37:11.0" createdStamp="2012-07-16 09:37:11.0" createdTxStamp="2012-07-16 09:37:11.0"/>
    <PurchaseReturnEntry id="71cbc389-5f7f-4c27-a211-c95b8916d869" parentId="b580f9ea-9b46-4a6c-8d51-11d6d0155f81" warehouseWarehouseId="ec28df2b-7e42-4f2a-bbf4-b0f4ee5f9731" materialMaterialId="5e14eb60-1cd7-4078-bdb1-4ea87437f00d" materialMaterialModel="" volume="3541.000000" stockVolume="6880.000000" unitUnitId="" price="1.850000" refPrice="0.000000" entrysum="6550.850000" lastUpdatedStamp="2012-07-31 22:22:25.0" lastUpdatedTxStamp="2012-07-31 22:22:25.0" createdStamp="2012-07-31 22:22:25.0" createdTxStamp="2012-07-31 22:22:25.0"/>
    <PurchaseReturnEntry id="76eaddd0-186d-4d25-95dd-2a5576ad7b05" parentId="1ecb649a-6e54-41dd-8b3c-71d7d6e863f6" warehouseWarehouseId="ec28df2b-7e42-4f2a-bbf4-b0f4ee5f9731" materialMaterialId="b813166e-eb18-4195-b443-80cf42496464" materialMaterialModel="" volume="406.000000" stockVolume="131000.000000" unitUnitId="" price="0.045000" refPrice="0.000000" entrysum="18.270000" lastUpdatedStamp="2012-08-01 18:21:18.0" lastUpdatedTxStamp="2012-08-01 18:21:18.0" createdStamp="2012-08-01 18:21:18.0" createdTxStamp="2012-08-01 18:21:18.0"/>
    <PurchaseReturnEntry id="781d3188-d8be-4728-99ea-ecf3e78d932f" parentId="e32a2ccf-dec4-4f21-9167-679edd242b2a" warehouseWarehouseId="ec28df2b-7e42-4f2a-bbf4-b0f4ee5f9731" materialMaterialId="d3e34936-2735-4ae1-b246-963a4f997679" materialMaterialModel="" volume="1.000000" stockVolume="3817.000000" unitUnitId="" price="2.970000" refPrice="0.000000" entrysum="2.970000" lastUpdatedStamp="2012-07-18 11:34:06.0" lastUpdatedTxStamp="2012-07-18 11:34:06.0" createdStamp="2012-07-18 11:34:06.0" createdTxStamp="2012-07-18 11:34:06.0"/>
    <PurchaseReturnEntry id="7a8fdbee-8bbe-4a01-8db0-33439c6eeb4b" parentId="ad2c5f1e-0660-4df6-9f1c-261197cf6bbf" warehouseWarehouseId="ec28df2b-7e42-4f2a-bbf4-b0f4ee5f9731" materialMaterialId="155d23b5-d81f-4c1f-a01b-48c18578cbf5" materialMaterialModel="" volume="12000.000000" stockVolume="42646.000000" unitUnitId="" price="0.000000" refPrice="0.000000" entrysum="0.000000" sort="1" lastUpdatedStamp="2012-08-21 08:09:57.0" lastUpdatedTxStamp="2012-08-21 08:09:57.0" createdStamp="2012-08-21 08:09:57.0" createdTxStamp="2012-08-21 08:09:57.0"/>
    <PurchaseReturnEntry id="7f825c79-fba8-497d-9c32-de027829f3d1" parentId="dc37632b-fcda-45ab-84f1-2212d9f1f6a9" warehouseWarehouseId="ec28df2b-7e42-4f2a-bbf4-b0f4ee5f9731" materialMaterialId="654fc19a-6765-4fa5-81fc-40d99be59dd6" materialMaterialModel="" volume="13546.000000" stockVolume="23745.000000" unitUnitId="" price="0.390000" refPrice="0.000000" entrysum="5282.940000" sort="1" lastUpdatedStamp="2012-08-14 17:27:36.0" lastUpdatedTxStamp="2012-08-14 17:27:36.0" createdStamp="2012-08-14 17:27:36.0" createdTxStamp="2012-08-14 17:27:36.0"/>
    <PurchaseReturnEntry id="81ca3ed4-adc1-46dc-8b68-45d80cb7cdac" parentId="74d122da-49d2-48ee-a5f5-7f2f630409dd" warehouseWarehouseId="ec28df2b-7e42-4f2a-bbf4-b0f4ee5f9731" materialMaterialId="a9481446-441f-48a3-847b-7f2a490b4e0e" materialMaterialModel="" volume="3.000000" stockVolume="632.000000" unitUnitId="c374d34a-0590-42f1-a683-afcd04b3689e" price="29.853000" refPrice="0.000000" entrysum="89.559000" lastUpdatedStamp="2012-07-17 17:25:37.0" lastUpdatedTxStamp="2012-07-17 17:25:37.0" createdStamp="2012-07-17 17:25:37.0" createdTxStamp="2012-07-17 17:25:37.0"/>
    <PurchaseReturnEntry id="82f96c2e-1f14-440e-890a-7eded88820ed" parentId="3fbdc740-dc6a-44cf-91a8-49df48d7bf63" warehouseWarehouseId="ec28df2b-7e42-4f2a-bbf4-b0f4ee5f9731" materialMaterialId="b6d89160-c87e-47da-a616-4c06afce3b83" materialMaterialModel="71.5*52.8*3.5" volume="2.000000" stockVolume="6096.000000" unitUnitId="c374d34a-0590-42f1-a683-afcd04b3689e" price="1.490000" refPrice="1.490000" entrysum="2.980000" sort="5" lastUpdatedStamp="2012-08-17 15:35:27.0" lastUpdatedTxStamp="2012-08-17 15:35:27.0" createdStamp="2012-08-17 15:35:27.0" createdTxStamp="2012-08-17 15:35:27.0"/>
    <PurchaseReturnEntry id="8338ea2b-324f-4974-86b4-ed16d6b4a4b3" parentId="6e10b79f-f7c1-4c4b-9131-cfaf14169550" warehouseWarehouseId="ec28df2b-7e42-4f2a-bbf4-b0f4ee5f9731" materialMaterialId="e21a6c0c-5fd9-438b-a135-51f94d7911af" materialMaterialModel="895*381*35" volume="5.000000" stockVolume="5580.000000" unitUnitId="c374d34a-0590-42f1-a683-afcd04b3689e" price="2.820000" refPrice="2.820000" entrysum="14.100000" sort="4" lastUpdatedStamp="2012-08-14 17:26:48.0" lastUpdatedTxStamp="2012-08-14 17:26:48.0" createdStamp="2012-08-14 17:26:48.0" createdTxStamp="2012-08-14 17:26:48.0"/>
    <PurchaseReturnEntry id="83b3e062-e382-4d36-a1a4-f5b449ffd38e" parentId="3fbdc740-dc6a-44cf-91a8-49df48d7bf63" warehouseWarehouseId="ec28df2b-7e42-4f2a-bbf4-b0f4ee5f9731" materialMaterialId="263be216-220b-4ada-80d6-6329cc61259c" materialMaterialModel="892*365*35" volume="4.000000" stockVolume="4133.000000" unitUnitId="c374d34a-0590-42f1-a683-afcd04b3689e" price="2.620000" refPrice="2.620000" entrysum="10.480000" sort="6" lastUpdatedStamp="2012-08-17 15:35:27.0" lastUpdatedTxStamp="2012-08-17 15:35:27.0" createdStamp="2012-08-17 15:35:27.0" createdTxStamp="2012-08-17 15:35:27.0"/>
    <PurchaseReturnEntry id="8485a971-6bb5-4df5-86f2-e4acf5e88a19" parentId="0aefe355-9584-4648-8913-9f9c8878b32d" warehouseWarehouseId="ec28df2b-7e42-4f2a-bbf4-b0f4ee5f9731" materialMaterialId="6e12550b-bc79-4936-bbc1-5ebbb9007a76" materialMaterialModel="" volume="177.000000" stockVolume="12433.000000" unitUnitId="" price="1.610000" refPrice="0.000000" entrysum="284.970000" lastUpdatedStamp="2012-07-28 08:24:02.0" lastUpdatedTxStamp="2012-07-28 08:24:02.0" createdStamp="2012-07-28 08:24:02.0" createdTxStamp="2012-07-28 08:24:02.0"/>
    <PurchaseReturnEntry id="848d782b-743b-408b-952f-2561c9223de7" parentId="9dedda7c-8fc9-43d7-8167-c671a9b95182" warehouseWarehouseId="ec28df2b-7e42-4f2a-bbf4-b0f4ee5f9731" materialMaterialId="45e1dd1e-7e9e-47e1-8718-41dba56972b1" materialMaterialModel="" volume="296162.000000" stockVolume="296834.000000" unitUnitId="" price="0.055000" refPrice="0.000000" entrysum="16288.910000" lastUpdatedStamp="2012-07-14 17:24:03.0" lastUpdatedTxStamp="2012-07-14 17:24:03.0" createdStamp="2012-07-14 17:24:03.0" createdTxStamp="2012-07-14 17:24:03.0"/>
    <PurchaseReturnEntry id="88e1cc94-1b58-4fab-b242-8341a5d27a3d" parentId="6e5414dc-0cba-4be1-baea-dc6d34794134" warehouseWarehouseId="ec28df2b-7e42-4f2a-bbf4-b0f4ee5f9731" materialMaterialId="19614fde-8eeb-4cfa-b07d-76778e7e0b09" materialMaterialModel="71.5*52.8*3.5" volume="1.000000" stockVolume="1735.000000" unitUnitId="" price="1.490000" refPrice="1.490000" entrysum="1.490000" sort="2" lastUpdatedStamp="2012-08-03 10:19:32.0" lastUpdatedTxStamp="2012-08-03 10:19:32.0" createdStamp="2012-08-03 10:19:32.0" createdTxStamp="2012-08-03 10:19:32.0"/>
    <PurchaseReturnEntry id="8990ab0a-28bb-489f-afe8-abd4fac83d76" parentId="704edbfd-857f-431e-b34b-6df52fb61a16" warehouseWarehouseId="ec28df2b-7e42-4f2a-bbf4-b0f4ee5f9731" materialMaterialId="52e0cf59-ac98-41d9-a504-ebfb14114ccd" materialMaterialModel="" volume="47000.000000" stockVolume="46536.000000" unitUnitId="" price="0.075000" refPrice="0.000000" entrysum="3525.000000" lastUpdatedStamp="2012-07-27 08:48:59.0" lastUpdatedTxStamp="2012-07-27 08:48:59.0" createdStamp="2012-07-19 11:02:19.0" createdTxStamp="2012-07-19 11:02:19.0"/>
    <PurchaseReturnEntry id="8a1f771c-f43b-47cf-931d-1cf361861c4a" parentId="c927bf73-06fc-4ec3-8560-33e61ab5fa48" warehouseWarehouseId="ec28df2b-7e42-4f2a-bbf4-b0f4ee5f9731" materialMaterialId="c0ca5bb7-39db-4246-ad42-1a74aa23032f" materialMaterialModel="" volume="75300.000000" stockVolume="169688.000000" unitUnitId="" price="0.065000" refPrice="0.000000" entrysum="4894.500000" sort="1" lastUpdatedStamp="2012-08-15 15:38:35.0" lastUpdatedTxStamp="2012-08-15 15:38:35.0" createdStamp="2012-08-15 15:38:35.0" createdTxStamp="2012-08-15 15:38:35.0"/>
    <PurchaseReturnEntry id="8a7fc244-cdda-4530-a36f-3286401035c1" parentId="a22eee92-4876-4ed0-9552-b13b1fdc1c5f" warehouseWarehouseId="ec28df2b-7e42-4f2a-bbf4-b0f4ee5f9731" materialMaterialId="e2134a55-388c-45a3-b2be-07a4f83d1f37" materialMaterialModel="" volume="2503.000000" stockVolume="4617.000000" unitUnitId="" price="3.950000" refPrice="0.000000" entrysum="9886.850000" sort="2" lastUpdatedStamp="2012-08-21 17:28:20.0" lastUpdatedTxStamp="2012-08-21 17:28:20.0" createdStamp="2012-08-21 17:28:20.0" createdTxStamp="2012-08-21 17:28:20.0"/>
    <PurchaseReturnEntry id="8a82d9c1-d818-4d06-b940-74299ec0a1cc" parentId="cde3fd4f-c66b-4cd4-b0ed-0147eb373054" warehouseWarehouseId="ec28df2b-7e42-4f2a-bbf4-b0f4ee5f9731" materialMaterialId="2ae00273-abb6-47a2-bd0b-4baffc7efc70" materialMaterialModel="" volume="66.000000" stockVolume="52030.000000" unitUnitId="" price="0.356000" refPrice="0.000000" entrysum="23.496000" lastUpdatedStamp="2012-07-16 09:37:11.0" lastUpdatedTxStamp="2012-07-16 09:37:11.0" createdStamp="2012-07-16 09:37:11.0" createdTxStamp="2012-07-16 09:37:11.0"/>
    <PurchaseReturnEntry id="8d8434cb-b6b5-49a5-9ca4-0adf83e7fc4b" parentId="ef84cd26-e8a7-499b-9a0f-f43b77bd171f" warehouseWarehouseId="ec28df2b-7e42-4f2a-bbf4-b0f4ee5f9731" materialMaterialId="9f77ec77-fd7a-42ae-a6c2-ddccdeab68e5" materialMaterialModel="" volume="1.000000" stockVolume="1031.000000" unitUnitId="" price="4.330000" refPrice="0.000000" entrysum="4.330000" lastUpdatedStamp="2012-08-01 18:22:47.0" lastUpdatedTxStamp="2012-08-01 18:22:47.0" createdStamp="2012-08-01 18:22:47.0" createdTxStamp="2012-08-01 18:22:47.0"/>
    <PurchaseReturnEntry id="969dd9e7-1131-40c7-adfc-8673cf883358" parentId="7d17d245-0a93-470c-b2a5-b13b5ade3643" warehouseWarehouseId="ec28df2b-7e42-4f2a-bbf4-b0f4ee5f9731" materialMaterialId="654fc19a-6765-4fa5-81fc-40d99be59dd6" materialMaterialModel="" volume="13668.000000" stockVolume="32028.000000" unitUnitId="" price="0.390000" refPrice="0.000000" entrysum="5330.520000" lastUpdatedStamp="2012-07-14 17:25:03.0" lastUpdatedTxStamp="2012-07-14 17:25:03.0" createdStamp="2012-07-14 17:25:03.0" createdTxStamp="2012-07-14 17:25:03.0"/>
    <PurchaseReturnEntry id="96b127b9-504a-44ba-93f4-97d46683b283" parentId="abfb0a19-8d96-4d66-93b6-abd1c9eb4659" warehouseWarehouseId="ec28df2b-7e42-4f2a-bbf4-b0f4ee5f9731" materialMaterialId="7dbe8c38-4a95-44b8-8f43-a63d37668c76" materialMaterialModel="" volume="3.000000" stockVolume="10327.000000" unitUnitId="" price="6.455000" refPrice="0.000000" entrysum="19.365000" lastUpdatedStamp="2012-07-31 14:14:34.0" lastUpdatedTxStamp="2012-07-31 14:14:34.0" createdStamp="2012-07-28 08:24:56.0" createdTxStamp="2012-07-28 08:24:56.0"/>
    <PurchaseReturnEntry id="979e65a1-ceb4-4a20-b3ea-432053640f00" parentId="ebb05afe-e134-4c69-899c-622ad647ecb3" warehouseWarehouseId="ec28df2b-7e42-4f2a-bbf4-b0f4ee5f9731" materialMaterialId="155d23b5-d81f-4c1f-a01b-48c18578cbf5" materialMaterialModel="" volume="3300.000000" stockVolume="161850.000000" unitUnitId="" price="0.033000" refPrice="0.000000" entrysum="108.900000" lastUpdatedStamp="2012-07-17 17:08:18.0" lastUpdatedTxStamp="2012-07-17 17:08:18.0" createdStamp="2012-07-17 17:08:18.0" createdTxStamp="2012-07-17 17:08:18.0"/>
    <PurchaseReturnEntry id="9806ff5b-1c7d-48ec-8859-000c0d82a63b" parentId="e6c0c0e5-9ee6-4e3e-8d71-d91e3ac4fb26" warehouseWarehouseId="ec28df2b-7e42-4f2a-bbf4-b0f4ee5f9731" materialMaterialId="a5f3585d-134d-4010-8508-3d35e12319f1" materialMaterialModel="" volume="3.000000" stockVolume="2386.000000" unitUnitId="" price="56.600000" refPrice="0.000000" entrysum="169.800000" lastUpdatedStamp="2012-07-14 17:21:27.0" lastUpdatedTxStamp="2012-07-14 17:21:27.0" createdStamp="2012-07-14 17:21:27.0" createdTxStamp="2012-07-14 17:21:27.0"/>
    <PurchaseReturnEntry id="99b90ed4-d352-4931-96ee-06edcb827668" parentId="2ccc9e76-15fa-4196-9c1c-e0413c72ca76" warehouseWarehouseId="ec28df2b-7e42-4f2a-bbf4-b0f4ee5f9731" materialMaterialId="5e14eb60-1cd7-4078-bdb1-4ea87437f00d" materialMaterialModel="" volume="733.000000" stockVolume="5098.000000" unitUnitId="" price="3.950000" refPrice="0.000000" entrysum="2895.350000" sort="1" lastUpdatedStamp="2012-08-10 16:31:39.0" lastUpdatedTxStamp="2012-08-10 16:31:39.0" createdStamp="2012-08-10 16:31:39.0" createdTxStamp="2012-08-10 16:31:39.0"/>
    <PurchaseReturnEntry id="9b339f32-e258-4b37-b017-cff45aa2e1cc" parentId="6e10b79f-f7c1-4c4b-9131-cfaf14169550" warehouseWarehouseId="ec28df2b-7e42-4f2a-bbf4-b0f4ee5f9731" materialMaterialId="f722eb5f-7eb1-4947-8195-6ec45789624c" materialMaterialModel="" volume="2.000000" stockVolume="5493.000000" unitUnitId="" price="0.000000" refPrice="0.000000" entrysum="0.000000" sort="1" lastUpdatedStamp="2012-08-14 17:26:48.0" lastUpdatedTxStamp="2012-08-14 17:26:48.0" createdStamp="2012-08-14 17:26:48.0" createdTxStamp="2012-08-14 17:26:48.0"/>
    <PurchaseReturnEntry id="9d974c07-cdfa-4c7c-b7d6-632a7875ebff" parentId="81934f21-c979-4ac8-a84a-849cef662515" warehouseWarehouseId="ec28df2b-7e42-4f2a-bbf4-b0f4ee5f9731" materialMaterialId="70ca4153-d456-4075-89fe-4632394db069" materialMaterialModel="" volume="3.000000" stockVolume="452.000000" unitUnitId="" price="0.000000" refPrice="0.000000" entrysum="0.000000" sort="1" lastUpdatedStamp="2012-08-21 14:36:54.0" lastUpdatedTxStamp="2012-08-21 14:36:54.0" createdStamp="2012-08-21 14:36:54.0" createdTxStamp="2012-08-21 14:36:54.0"/>
    <PurchaseReturnEntry id="a02afa2d-3bc3-4332-8ff4-f82be91f1932" parentId="1664ab88-8fff-4a03-80b8-e00789cb2488" warehouseWarehouseId="ec28df2b-7e42-4f2a-bbf4-b0f4ee5f9731" materialMaterialId="6c9db356-f388-47fc-a873-efc14ad5ca60" materialMaterialModel="" volume="106.000000" stockVolume="4500.000000" unitUnitId="" price="1.650000" refPrice="0.000000" entrysum="174.900000" lastUpdatedStamp="2012-07-20 17:20:41.0" lastUpdatedTxStamp="2012-07-20 17:20:41.0" createdStamp="2012-07-20 17:20:41.0" createdTxStamp="2012-07-20 17:20:41.0"/>
    <PurchaseReturnEntry id="a2c54a4a-6d37-4c6d-8649-6063eadaa2a4" parentId="ac990e58-0346-4ded-90e8-d834f4c7fa3f" warehouseWarehouseId="ec28df2b-7e42-4f2a-bbf4-b0f4ee5f9731" materialMaterialId="52e0cf59-ac98-41d9-a504-ebfb14114ccd" materialMaterialModel="" volume="1000.000000" stockVolume="79570.000000" unitUnitId="" price="0.075000" refPrice="0.000000" entrysum="75.000000" sort="2" lastUpdatedStamp="2012-08-04 10:01:53.0" lastUpdatedTxStamp="2012-08-04 10:01:53.0" createdStamp="2012-08-04 10:01:53.0" createdTxStamp="2012-08-04 10:01:53.0"/>
    <PurchaseReturnEntry id="a359e67e-9561-4005-aa01-fa81e65b6cfa" parentId="7a2d9078-c4a0-4aaa-822a-ed3167601485" warehouseWarehouseId="ec28df2b-7e42-4f2a-bbf4-b0f4ee5f9731" materialMaterialId="9725a91a-1abd-48cc-8a7b-05e531decfa7" materialMaterialModel="" volume="10.000000" stockVolume="12920.000000" unitUnitId="" price="1.770000" refPrice="0.000000" entrysum="17.700000" lastUpdatedStamp="2012-07-31 17:17:28.0" lastUpdatedTxStamp="2012-07-31 17:17:28.0" createdStamp="2012-07-31 17:17:28.0" createdTxStamp="2012-07-31 17:17:28.0"/>
    <PurchaseReturnEntry id="a5405746-8d5e-41f9-b229-57ccee6d49c0" parentId="ac990e58-0346-4ded-90e8-d834f4c7fa3f" warehouseWarehouseId="ec28df2b-7e42-4f2a-bbf4-b0f4ee5f9731" materialMaterialId="e96dad66-c9d0-463d-b016-531426d39de4" materialMaterialModel="" volume="54000.000000" stockVolume="4453.000000" unitUnitId="" price="0.230000" refPrice="0.000000" entrysum="12420.000000" sort="1" lastUpdatedStamp="2012-08-04 10:01:53.0" lastUpdatedTxStamp="2012-08-04 10:01:53.0" createdStamp="2012-08-04 10:01:53.0" createdTxStamp="2012-08-04 10:01:53.0"/>
    <PurchaseReturnEntry id="a61ade41-6576-4d70-afb3-30534eb7e991" parentId="c62452fc-8176-4448-ad5c-d82061b15ba7" warehouseWarehouseId="ec28df2b-7e42-4f2a-bbf4-b0f4ee5f9731" materialMaterialId="abf47af0-35a1-4c18-b1f5-7497051a5fde" materialMaterialModel="" volume="4000.000000" stockVolume="264200.000000" unitUnitId="" price="0.550000" refPrice="0.000000" entrysum="2200.000000" sort="1" lastUpdatedStamp="2012-08-15 10:28:45.0" lastUpdatedTxStamp="2012-08-15 10:28:45.0" createdStamp="2012-08-15 10:28:45.0" createdTxStamp="2012-08-15 10:28:45.0"/>
    <PurchaseReturnEntry id="a742386c-8858-4fb2-b16c-c99a814200e1" parentId="6e10b79f-f7c1-4c4b-9131-cfaf14169550" warehouseWarehouseId="ec28df2b-7e42-4f2a-bbf4-b0f4ee5f9731" materialMaterialId="6b5ee0e9-9929-4acf-9d7e-9f0e2ca34ef2" materialMaterialModel="&#20122;&#20013;" volume="1.000000" stockVolume="882.000000" unitUnitId="c374d34a-0590-42f1-a683-afcd04b3689e" price="2.820000" refPrice="2.820000" entrysum="2.820000" sort="5" lastUpdatedStamp="2012-08-14 17:26:48.0" lastUpdatedTxStamp="2012-08-14 17:26:48.0" createdStamp="2012-08-14 17:26:48.0" createdTxStamp="2012-08-14 17:26:48.0"/>
    <PurchaseReturnEntry id="a751273a-1452-4b02-89b7-95184459e99a" parentId="63e910b0-1503-469f-9c02-54c47f2ff38e" warehouseWarehouseId="ec28df2b-7e42-4f2a-bbf4-b0f4ee5f9731" materialMaterialId="c0068269-986a-47f5-aaad-ded950188030" materialMaterialModel="" volume="38.000000" stockVolume="44000.000000" unitUnitId="" price="0.200000" refPrice="0.000000" entrysum="7.600000" lastUpdatedStamp="2012-07-17 16:41:02.0" lastUpdatedTxStamp="2012-07-17 16:41:02.0" createdStamp="2012-07-17 16:41:02.0" createdTxStamp="2012-07-17 16:41:02.0"/>
    <PurchaseReturnEntry id="ab8fb451-d70a-4532-96f3-12fc841c93f3" parentId="c340a624-b3eb-4427-a1f5-694c21e1089d" warehouseWarehouseId="ec28df2b-7e42-4f2a-bbf4-b0f4ee5f9731" materialMaterialId="5e14eb60-1cd7-4078-bdb1-4ea87437f00d" materialMaterialModel="" volume="1794.000000" stockVolume="13732.000000" unitUnitId="" price="3.950000" refPrice="0.000000" entrysum="7086.300000" lastUpdatedStamp="2012-07-21 10:00:10.0" lastUpdatedTxStamp="2012-07-21 10:00:10.0" createdStamp="2012-07-21 10:00:10.0" createdTxStamp="2012-07-21 10:00:10.0"/>
    <PurchaseReturnEntry id="ab9ee8e7-4493-4304-bc46-ae57f068e09d" parentId="7a2d9078-c4a0-4aaa-822a-ed3167601485" warehouseWarehouseId="ec28df2b-7e42-4f2a-bbf4-b0f4ee5f9731" materialMaterialId="5bfc150e-9c65-4e7e-8169-63f2a520dce2" materialMaterialModel="" volume="2.000000" stockVolume="35458.000000" unitUnitId="" price="1.340000" refPrice="0.000000" entrysum="2.680000" lastUpdatedStamp="2012-07-31 17:17:28.0" lastUpdatedTxStamp="2012-07-31 17:17:28.0" createdStamp="2012-07-31 17:17:28.0" createdTxStamp="2012-07-31 17:17:28.0"/>
    <PurchaseReturnEntry id="ac03401a-6de8-4fef-8848-698b86f72f56" parentId="e32a2ccf-dec4-4f21-9167-679edd242b2a" warehouseWarehouseId="ec28df2b-7e42-4f2a-bbf4-b0f4ee5f9731" materialMaterialId="b6d89160-c87e-47da-a616-4c06afce3b83" materialMaterialModel="71.5*52.8*3.5" volume="1.000000" stockVolume="18518.000000" unitUnitId="c374d34a-0590-42f1-a683-afcd04b3689e" price="1.490000" refPrice="1.570000" entrysum="1.490000" lastUpdatedStamp="2012-07-18 11:34:06.0" lastUpdatedTxStamp="2012-07-18 11:34:06.0" createdStamp="2012-07-18 11:34:06.0" createdTxStamp="2012-07-18 11:34:06.0"/>
    <PurchaseReturnEntry id="ae4c9407-0506-4d1d-9271-20d44292be20" parentId="6e10b79f-f7c1-4c4b-9131-cfaf14169550" warehouseWarehouseId="ec28df2b-7e42-4f2a-bbf4-b0f4ee5f9731" materialMaterialId="5bbccc29-124e-4586-82e4-28c87b5f3a68" materialMaterialModel="" volume="1.000000" stockVolume="298.000000" unitUnitId="" price="0.000000" refPrice="0.000000" entrysum="0.000000" sort="7" lastUpdatedStamp="2012-08-14 17:26:48.0" lastUpdatedTxStamp="2012-08-14 17:26:48.0" createdStamp="2012-08-14 17:26:48.0" createdTxStamp="2012-08-14 17:26:48.0"/>
    <PurchaseReturnEntry id="ae95333e-2e38-4914-abda-ca4d6ea6022d" parentId="cde3fd4f-c66b-4cd4-b0ed-0147eb373054" warehouseWarehouseId="ec28df2b-7e42-4f2a-bbf4-b0f4ee5f9731" materialMaterialId="6afc5176-0459-4cfa-9c14-6f61af2143ce" materialMaterialModel="" volume="1540.000000" stockVolume="23100.000000" unitUnitId="" price="0.216000" refPrice="0.000000" entrysum="332.640000" lastUpdatedStamp="2012-07-16 09:37:11.0" lastUpdatedTxStamp="2012-07-16 09:37:11.0" createdStamp="2012-07-16 09:37:11.0" createdTxStamp="2012-07-16 09:37:11.0"/>
    <PurchaseReturnEntry id="af48a27e-74af-45b8-9810-1cb1c21c088c" parentId="5f4d8fbd-ed03-4fdc-b352-723dea4727d2" warehouseWarehouseId="ec28df2b-7e42-4f2a-bbf4-b0f4ee5f9731" materialMaterialId="7729cc66-fa8f-4651-a5cf-714231e59fec" materialMaterialModel="1560*440*30" volume="3.000000" stockVolume="4743.000000" unitUnitId="" price="5.270000" refPrice="5.270000" entrysum="15.810000" lastUpdatedStamp="2012-07-21 10:34:08.0" lastUpdatedTxStamp="2012-07-21 10:34:08.0" createdStamp="2012-07-21 10:34:08.0" createdTxStamp="2012-07-21 10:34:08.0"/>
    <PurchaseReturnEntry id="b1e900c5-d1f8-4476-aad8-1758c12985c4" parentId="a178f8c3-33bf-4a77-b169-649898e4f094" warehouseWarehouseId="ec28df2b-7e42-4f2a-bbf4-b0f4ee5f9731" materialMaterialId="248ec386-bb4c-4073-a589-437173fb14b0" materialMaterialModel="" volume="97.000000" stockVolume="25181.000000" unitUnitId="" price="2.280000" refPrice="0.000000" entrysum="221.160000" lastUpdatedStamp="2012-07-14 17:30:02.0" lastUpdatedTxStamp="2012-07-14 17:30:02.0" createdStamp="2012-07-14 17:30:02.0" createdTxStamp="2012-07-14 17:30:02.0"/>
    <PurchaseReturnEntry id="b3d6cb29-8274-43bd-92b3-875b17929939" parentId="b4d542e1-7ae0-4b06-b1e2-8d792761dd50" warehouseWarehouseId="ec28df2b-7e42-4f2a-bbf4-b0f4ee5f9731" materialMaterialId="263be216-220b-4ada-80d6-6329cc61259c" materialMaterialModel="892*365*35" volume="3.000000" stockVolume="6855.000000" unitUnitId="" price="2.620000" refPrice="2.620000" entrysum="7.860000" lastUpdatedStamp="2012-07-23 10:39:07.0" lastUpdatedTxStamp="2012-07-23 10:39:07.0" createdStamp="2012-07-23 10:39:07.0" createdTxStamp="2012-07-23 10:39:07.0"/>
    <PurchaseReturnEntry id="b4f8f6e5-dc5d-4288-ac67-83ae72525c9c" parentId="1664ab88-8fff-4a03-80b8-e00789cb2488" warehouseWarehouseId="ec28df2b-7e42-4f2a-bbf4-b0f4ee5f9731" materialMaterialId="a8f71119-00a4-477a-897e-ff388a5030a2" materialMaterialModel="" volume="92.000000" stockVolume="5085.000000" unitUnitId="" price="1.650000" refPrice="0.000000" entrysum="151.800000" lastUpdatedStamp="2012-07-20 17:20:41.0" lastUpdatedTxStamp="2012-07-20 17:20:41.0" createdStamp="2012-07-20 17:20:41.0" createdTxStamp="2012-07-20 17:20:41.0"/>
    <PurchaseReturnEntry id="b7155409-c555-4abd-a7f4-2a1eba8706de" parentId="ed997200-4e85-4343-ae90-ae90e9297b11" warehouseWarehouseId="ec28df2b-7e42-4f2a-bbf4-b0f4ee5f9731" materialMaterialId="6375a767-40ca-4832-bccf-aa94294b042d" materialMaterialModel="" volume="2.000000" stockVolume="5180.000000" unitUnitId="" price="13.600000" refPrice="0.000000" entrysum="27.200000" sort="1" lastUpdatedStamp="2012-08-13 17:13:34.0" lastUpdatedTxStamp="2012-08-13 17:13:34.0" createdStamp="2012-08-13 17:13:34.0" createdTxStamp="2012-08-13 17:13:34.0"/>
    <PurchaseReturnEntry id="b9da201c-1f84-452d-a435-caf211a0b5b9" parentId="5f4d8fbd-ed03-4fdc-b352-723dea4727d2" warehouseWarehouseId="ec28df2b-7e42-4f2a-bbf4-b0f4ee5f9731" materialMaterialId="f722eb5f-7eb1-4947-8195-6ec45789624c" materialMaterialModel="" volume="7.000000" stockVolume="4836.000000" unitUnitId="" price="1.250000" refPrice="0.000000" entrysum="8.750000" lastUpdatedStamp="2012-07-21 10:34:08.0" lastUpdatedTxStamp="2012-07-21 10:34:08.0" createdStamp="2012-07-21 10:34:08.0" createdTxStamp="2012-07-21 10:34:08.0"/>
    <PurchaseReturnEntry id="ba3022e2-4128-4238-bede-b4bd15992974" parentId="abb2d37a-23cb-4ae3-9191-a0b371ff100e" warehouseWarehouseId="ec28df2b-7e42-4f2a-bbf4-b0f4ee5f9731" materialMaterialId="697fa0a4-af2a-418f-857b-3537bb24710f" materialMaterialModel="" volume="3.000000" stockVolume="530.000000" unitUnitId="" price="1.340000" refPrice="0.000000" entrysum="4.020000" sort="2" lastUpdatedStamp="2012-08-22 15:26:15.0" lastUpdatedTxStamp="2012-08-22 15:26:15.0" createdStamp="2012-08-22 15:26:15.0" createdTxStamp="2012-08-22 15:26:15.0"/>
    <PurchaseReturnEntry id="ba756346-0e5c-4cf7-afef-abeb2ef787bb" parentId="5f4d8fbd-ed03-4fdc-b352-723dea4727d2" warehouseWarehouseId="ec28df2b-7e42-4f2a-bbf4-b0f4ee5f9731" materialMaterialId="9725a91a-1abd-48cc-8a7b-05e531decfa7" materialMaterialModel="" volume="2.000000" stockVolume="7050.000000" unitUnitId="" price="1.770000" refPrice="0.000000" entrysum="3.540000" lastUpdatedStamp="2012-07-21 10:34:08.0" lastUpdatedTxStamp="2012-07-21 10:34:08.0" createdStamp="2012-07-21 10:34:08.0" createdTxStamp="2012-07-21 10:34:08.0"/>
    <PurchaseReturnEntry id="bb5dcc31-8569-4e58-9a00-da6011d1692f" parentId="b4d542e1-7ae0-4b06-b1e2-8d792761dd50" warehouseWarehouseId="ec28df2b-7e42-4f2a-bbf4-b0f4ee5f9731" materialMaterialId="7729cc66-fa8f-4651-a5cf-714231e59fec" materialMaterialModel="1560*440*30" volume="3.000000" stockVolume="4740.000000" unitUnitId="" price="5.270000" refPrice="5.270000" entrysum="15.810000" lastUpdatedStamp="2012-07-23 10:39:07.0" lastUpdatedTxStamp="2012-07-23 10:39:07.0" createdStamp="2012-07-23 10:39:07.0" createdTxStamp="2012-07-23 10:39:07.0"/>
    <PurchaseReturnEntry id="bbf88e3d-6b0c-4796-b8e1-a4d4da398459" parentId="cde3fd4f-c66b-4cd4-b0ed-0147eb373054" warehouseWarehouseId="ec28df2b-7e42-4f2a-bbf4-b0f4ee5f9731" materialMaterialId="97ce38f3-a998-4f2c-8ae9-84857a49f49e" materialMaterialModel="" volume="636.000000" stockVolume="84207.000000" unitUnitId="" price="0.137000" refPrice="0.000000" entrysum="87.132000" lastUpdatedStamp="2012-07-16 09:37:11.0" lastUpdatedTxStamp="2012-07-16 09:37:11.0" createdStamp="2012-07-16 09:37:11.0" createdTxStamp="2012-07-16 09:37:11.0"/>
    <PurchaseReturnEntry id="be1b8477-9d9a-4d3e-9d9f-cf16bb066f69" parentId="ef53a83a-381d-4286-85b0-67b323b73e6b" warehouseWarehouseId="ec28df2b-7e42-4f2a-bbf4-b0f4ee5f9731" materialMaterialId="a7c717ee-74f9-42e5-a0da-b4786edee719" materialMaterialModel="" volume="416.000000" stockVolume="2500.000000" unitUnitId="" price="1.650000" refPrice="0.000000" entrysum="686.400000" sort="1" lastUpdatedStamp="2012-08-24 08:49:41.0" lastUpdatedTxStamp="2012-08-24 08:49:41.0" createdStamp="2012-08-24 08:49:41.0" createdTxStamp="2012-08-24 08:49:41.0"/>
    <PurchaseReturnEntry id="bf82083e-5e64-4166-bf91-8da86d7dabc4" parentId="834bf019-91e9-4945-b969-11561503628a" warehouseWarehouseId="ec28df2b-7e42-4f2a-bbf4-b0f4ee5f9731" materialMaterialId="263be216-220b-4ada-80d6-6329cc61259c" materialMaterialModel="892*365*35" volume="3.000000" stockVolume="8102.000000" unitUnitId="" price="2.620000" refPrice="2.620000" entrysum="7.860000" lastUpdatedStamp="2012-07-26 10:09:22.0" lastUpdatedTxStamp="2012-07-26 10:09:22.0" createdStamp="2012-07-26 10:09:22.0" createdTxStamp="2012-07-26 10:09:22.0"/>
    <PurchaseReturnEntry id="c0031bbc-3e2f-41c2-ae92-bf64bccd1c60" parentId="d8a1a012-b93d-45f5-9c45-8e2b64ba8e38" warehouseWarehouseId="ec28df2b-7e42-4f2a-bbf4-b0f4ee5f9731" materialMaterialId="3a2df6e2-7c93-4b73-b40a-5a3178c11b03" materialMaterialModel="" volume="3.000000" stockVolume="10498.000000" unitUnitId="" price="6.655000" refPrice="0.000000" entrysum="19.965000" lastUpdatedStamp="2012-07-20 16:18:11.0" lastUpdatedTxStamp="2012-07-20 16:18:11.0" createdStamp="2012-07-20 16:18:11.0" createdTxStamp="2012-07-20 16:18:11.0"/>
    <PurchaseReturnEntry id="c0b8c8e3-5316-45c5-9642-346383791a1b" parentId="6e10b79f-f7c1-4c4b-9131-cfaf14169550" warehouseWarehouseId="ec28df2b-7e42-4f2a-bbf4-b0f4ee5f9731" materialMaterialId="41d91373-c6fd-4fea-a4d7-cfda7f2d3bcc" materialMaterialModel="" volume="1.000000" stockVolume="320.000000" unitUnitId="" price="0.000000" refPrice="0.000000" entrysum="0.000000" sort="8" lastUpdatedStamp="2012-08-14 17:26:48.0" lastUpdatedTxStamp="2012-08-14 17:26:48.0" createdStamp="2012-08-14 17:26:48.0" createdTxStamp="2012-08-14 17:26:48.0"/>
    <PurchaseReturnEntry id="c5af24ae-efb6-4367-907a-cb1443534491" parentId="6be7eb2a-97ee-41ea-98b0-2a144097673b" warehouseWarehouseId="ec28df2b-7e42-4f2a-bbf4-b0f4ee5f9731" materialMaterialId="8b111bd8-6a17-4a31-aa27-0742aa600728" materialMaterialModel="" volume="68.000000" stockVolume="7690.000000" unitUnitId="" price="15.639000" refPrice="0.000000" entrysum="1063.452000" sort="1" lastUpdatedStamp="2012-08-16 08:18:59.0" lastUpdatedTxStamp="2012-08-16 08:18:59.0" createdStamp="2012-08-16 08:18:59.0" createdTxStamp="2012-08-16 08:18:59.0"/>
    <PurchaseReturnEntry id="c9f74d57-1ee3-4112-8f50-fcafd8ebc26a" parentId="ef84cd26-e8a7-499b-9a0f-f43b77bd171f" warehouseWarehouseId="ec28df2b-7e42-4f2a-bbf4-b0f4ee5f9731" materialMaterialId="e316580d-8532-4d9f-ba8d-4c1f2973eac6" materialMaterialModel="" volume="1.000000" stockVolume="64.000000" unitUnitId="" price="17.850000" refPrice="0.000000" entrysum="17.850000" lastUpdatedStamp="2012-08-01 18:22:47.0" lastUpdatedTxStamp="2012-08-01 18:22:47.0" createdStamp="2012-08-01 18:22:47.0" createdTxStamp="2012-08-01 18:22:47.0"/>
    <PurchaseReturnEntry id="cd1630f7-b44d-47a4-99a1-e972229646e6" parentId="185649cb-5f51-4017-a33d-828b7f0f7304" warehouseWarehouseId="ec28df2b-7e42-4f2a-bbf4-b0f4ee5f9731" materialMaterialId="a91fdbd8-c9bd-4027-bde0-e4d56cc251af" materialMaterialModel="" volume="4.000000" stockVolume="5398.000000" unitUnitId="" price="26.400000" refPrice="0.000000" entrysum="105.600000" lastUpdatedStamp="2012-07-16 09:33:43.0" lastUpdatedTxStamp="2012-07-16 09:33:43.0" createdStamp="2012-07-16 09:33:43.0" createdTxStamp="2012-07-16 09:33:43.0"/>
    <PurchaseReturnEntry id="cfc28018-e3bd-4027-b907-8100f70ee389" parentId="9f5dd89f-dd5d-444d-85ee-09a6fd8346d8" warehouseWarehouseId="ec28df2b-7e42-4f2a-bbf4-b0f4ee5f9731" materialMaterialId="c0ca5bb7-39db-4246-ad42-1a74aa23032f" materialMaterialModel="" volume="10040.000000" stockVolume="881466.000000" unitUnitId="" price="0.065000" refPrice="0.000000" entrysum="652.600000" lastUpdatedStamp="2012-07-19 11:00:06.0" lastUpdatedTxStamp="2012-07-19 11:00:06.0" createdStamp="2012-07-19 11:00:06.0" createdTxStamp="2012-07-19 11:00:06.0"/>
    <PurchaseReturnEntry id="d14509e1-0c00-4345-9902-cb0cc09750be" parentId="5f4d8fbd-ed03-4fdc-b352-723dea4727d2" warehouseWarehouseId="ec28df2b-7e42-4f2a-bbf4-b0f4ee5f9731" materialMaterialId="a674437b-9a2b-46e6-bd34-22af67684bc1" materialMaterialModel="" volume="2.000000" stockVolume="1191.000000" unitUnitId="" price="1.560000" refPrice="0.000000" entrysum="3.120000" lastUpdatedStamp="2012-07-21 10:34:08.0" lastUpdatedTxStamp="2012-07-21 10:34:08.0" createdStamp="2012-07-21 10:34:08.0" createdTxStamp="2012-07-21 10:34:08.0"/>
    <PurchaseReturnEntry id="d2b69e9c-6fe6-4aa8-a86d-5ba7daabf0c7" parentId="b4d542e1-7ae0-4b06-b1e2-8d792761dd50" warehouseWarehouseId="ec28df2b-7e42-4f2a-bbf4-b0f4ee5f9731" materialMaterialId="5bbccc29-124e-4586-82e4-28c87b5f3a68" materialMaterialModel="" volume="1.000000" stockVolume="399.000000" unitUnitId="" price="21.260000" refPrice="0.000000" entrysum="21.260000" lastUpdatedStamp="2012-07-23 10:39:07.0" lastUpdatedTxStamp="2012-07-23 10:39:07.0" createdStamp="2012-07-23 10:39:07.0" createdTxStamp="2012-07-23 10:39:07.0"/>
    <PurchaseReturnEntry id="d86a479f-0ba0-4f86-be37-50ad5f711f6d" parentId="b4d542e1-7ae0-4b06-b1e2-8d792761dd50" warehouseWarehouseId="ec28df2b-7e42-4f2a-bbf4-b0f4ee5f9731" materialMaterialId="f722eb5f-7eb1-4947-8195-6ec45789624c" materialMaterialModel="" volume="7.000000" stockVolume="4829.000000" unitUnitId="" price="0.250000" refPrice="0.000000" entrysum="1.750000" lastUpdatedStamp="2012-07-23 10:39:07.0" lastUpdatedTxStamp="2012-07-23 10:39:07.0" createdStamp="2012-07-23 10:39:07.0" createdTxStamp="2012-07-23 10:39:07.0"/>
    <PurchaseReturnEntry id="d972f4bd-b777-4786-9d6a-026eac62299b" parentId="6e10b79f-f7c1-4c4b-9131-cfaf14169550" warehouseWarehouseId="ec28df2b-7e42-4f2a-bbf4-b0f4ee5f9731" materialMaterialId="bd267a29-9228-444f-a576-2cc1530970c1" materialMaterialModel="" volume="3.000000" stockVolume="1160.000000" unitUnitId="" price="0.000000" refPrice="0.000000" entrysum="0.000000" sort="3" lastUpdatedStamp="2012-08-14 17:26:48.0" lastUpdatedTxStamp="2012-08-14 17:26:48.0" createdStamp="2012-08-14 17:26:48.0" createdTxStamp="2012-08-14 17:26:48.0"/>
    <PurchaseReturnEntry id="db05b1ca-ab96-4e19-9c53-1587160dc118" parentId="abb2d37a-23cb-4ae3-9191-a0b371ff100e" warehouseWarehouseId="ec28df2b-7e42-4f2a-bbf4-b0f4ee5f9731" materialMaterialId="7729cc66-fa8f-4651-a5cf-714231e59fec" materialMaterialModel="1560*440*30" volume="1.000000" stockVolume="2695.000000" unitUnitId="c374d34a-0590-42f1-a683-afcd04b3689e" price="5.270000" refPrice="5.270000" entrysum="5.270000" sort="1" lastUpdatedStamp="2012-08-22 15:26:15.0" lastUpdatedTxStamp="2012-08-22 15:26:15.0" createdStamp="2012-08-22 15:26:15.0" createdTxStamp="2012-08-22 15:26:15.0"/>
    <PurchaseReturnEntry id="dcddc424-ad71-4764-97bc-3f71e6b89828" parentId="63e910b0-1503-469f-9c02-54c47f2ff38e" warehouseWarehouseId="ec28df2b-7e42-4f2a-bbf4-b0f4ee5f9731" materialMaterialId="95f291fc-26e4-4d5e-8c5d-5bf351b1a341" materialMaterialModel="" volume="35.000000" stockVolume="25950.000000" unitUnitId="" price="0.420000" refPrice="0.000000" entrysum="14.700000" lastUpdatedStamp="2012-07-17 16:41:02.0" lastUpdatedTxStamp="2012-07-17 16:41:02.0" createdStamp="2012-07-17 16:41:02.0" createdTxStamp="2012-07-17 16:41:02.0"/>
    <PurchaseReturnEntry id="e0cc6ee6-aacd-4603-a4a9-be4a9d27b478" parentId="5f4d8fbd-ed03-4fdc-b352-723dea4727d2" warehouseWarehouseId="ec28df2b-7e42-4f2a-bbf4-b0f4ee5f9731" materialMaterialId="5bfc150e-9c65-4e7e-8169-63f2a520dce2" materialMaterialModel="" volume="11.000000" stockVolume="1742.000000" unitUnitId="" price="1.340000" refPrice="0.000000" entrysum="14.740000" lastUpdatedStamp="2012-07-21 10:34:08.0" lastUpdatedTxStamp="2012-07-21 10:34:08.0" createdStamp="2012-07-21 10:34:08.0" createdTxStamp="2012-07-21 10:34:08.0"/>
    <PurchaseReturnEntry id="e46b1ce5-1c78-49d5-8a89-ea2273396096" parentId="14494308-f0dd-4498-bfdb-2fdeff2703b7" warehouseWarehouseId="ec28df2b-7e42-4f2a-bbf4-b0f4ee5f9731" materialMaterialId="c1a0dc36-7766-4aeb-9230-24f8a20fa0e5" materialMaterialModel="" volume="7533.000000" stockVolume="1310032.000000" unitUnitId="" price="0.000000" refPrice="0.000000" entrysum="0.000000" lastUpdatedStamp="2012-07-27 08:49:53.0" lastUpdatedTxStamp="2012-07-27 08:49:53.0" createdStamp="2012-07-27 08:49:53.0" createdTxStamp="2012-07-27 08:49:53.0"/>
    <PurchaseReturnEntry id="e5c6024a-2be7-421b-8eea-e8b9bbbdbb7a" parentId="6e5414dc-0cba-4be1-baea-dc6d34794134" warehouseWarehouseId="ec28df2b-7e42-4f2a-bbf4-b0f4ee5f9731" materialMaterialId="7729cc66-fa8f-4651-a5cf-714231e59fec" materialMaterialModel="1560*440*30" volume="3.000000" stockVolume="5717.000000" unitUnitId="" price="5.270000" refPrice="5.270000" entrysum="15.810000" sort="4" lastUpdatedStamp="2012-08-03 10:19:32.0" lastUpdatedTxStamp="2012-08-03 10:19:32.0" createdStamp="2012-08-03 10:19:32.0" createdTxStamp="2012-08-03 10:19:32.0"/>
    <PurchaseReturnEntry id="e905a98e-0559-491a-830a-751210f65e88" parentId="cde3fd4f-c66b-4cd4-b0ed-0147eb373054" warehouseWarehouseId="ec28df2b-7e42-4f2a-bbf4-b0f4ee5f9731" materialMaterialId="03ed5c3e-939a-4e42-bc7c-93fde521d9d1" materialMaterialModel="" volume="152.000000" stockVolume="39217.000000" unitUnitId="" price="0.324000" refPrice="0.000000" entrysum="49.248000" lastUpdatedStamp="2012-07-16 09:37:11.0" lastUpdatedTxStamp="2012-07-16 09:37:11.0" createdStamp="2012-07-16 09:37:11.0" createdTxStamp="2012-07-16 09:37:11.0"/>
    <PurchaseReturnEntry id="ea62218e-38d2-431c-9af0-d73cda92f051" parentId="84a7e8d1-fde2-4586-b1f0-de452f4ebd62" warehouseWarehouseId="ec28df2b-7e42-4f2a-bbf4-b0f4ee5f9731" materialMaterialId="4716455a-5cb6-476f-abba-188972450d76" materialMaterialModel="" volume="1200.000000" stockVolume="60910.000000" unitUnitId="" price="0.020000" refPrice="0.000000" entrysum="24.000000" sort="1" lastUpdatedStamp="2012-08-23 19:14:26.0" lastUpdatedTxStamp="2012-08-23 19:14:26.0" createdStamp="2012-08-23 19:14:26.0" createdTxStamp="2012-08-23 19:14:26.0"/>
    <PurchaseReturnEntry id="ed3e58b5-c68a-434a-a003-c6ad288249b5" parentId="5f814af5-61c8-4ee7-b420-b135c4718559" warehouseWarehouseId="ec28df2b-7e42-4f2a-bbf4-b0f4ee5f9731" materialMaterialId="e794758d-18ea-41be-81cf-2620c1d6b344" materialMaterialModel="" volume="1.000000" stockVolume="1523.000000" unitUnitId="" price="56.600000" refPrice="0.000000" entrysum="56.600000" sort="2" lastUpdatedStamp="2012-08-03 10:17:57.0" lastUpdatedTxStamp="2012-08-03 10:17:57.0" createdStamp="2012-08-03 10:17:57.0" createdTxStamp="2012-08-03 10:17:57.0"/>
    <PurchaseReturnEntry id="f2ca437c-95dd-4642-838f-9b3b5f43843a" parentId="63e910b0-1503-469f-9c02-54c47f2ff38e" warehouseWarehouseId="ec28df2b-7e42-4f2a-bbf4-b0f4ee5f9731" materialMaterialId="02966e52-58d8-4c57-b122-58332928aa2c" materialMaterialModel="" volume="68.000000" stockVolume="36000.000000" unitUnitId="" price="0.120000" refPrice="0.000000" entrysum="8.160000" lastUpdatedStamp="2012-07-17 16:41:02.0" lastUpdatedTxStamp="2012-07-17 16:41:02.0" createdStamp="2012-07-17 16:41:02.0" createdTxStamp="2012-07-17 16:41:02.0"/>
    <PurchaseReturnEntry id="f3149d36-f16c-4e52-a968-3afeb524467b" parentId="d8a1a012-b93d-45f5-9c45-8e2b64ba8e38" warehouseWarehouseId="ec28df2b-7e42-4f2a-bbf4-b0f4ee5f9731" materialMaterialId="7dbe8c38-4a95-44b8-8f43-a63d37668c76" materialMaterialModel="" volume="13.000000" stockVolume="10499.000000" unitUnitId="" price="6.455000" refPrice="0.000000" entrysum="83.915000" lastUpdatedStamp="2012-07-20 16:18:11.0" lastUpdatedTxStamp="2012-07-20 16:18:11.0" createdStamp="2012-07-20 16:18:11.0" createdTxStamp="2012-07-20 16:18:11.0"/>
    <PurchaseReturnEntry id="f4a0910f-6387-4705-95ef-9b91f94337db" parentId="a22eee92-4876-4ed0-9552-b13b1fdc1c5f" warehouseWarehouseId="ec28df2b-7e42-4f2a-bbf4-b0f4ee5f9731" materialMaterialId="5e14eb60-1cd7-4078-bdb1-4ea87437f00d" materialMaterialModel="" volume="735.000000" stockVolume="0.000000" unitUnitId="" price="1.850000" refPrice="0.000000" entrysum="1359.750000" sort="1" lastUpdatedStamp="2012-08-21 17:28:20.0" lastUpdatedTxStamp="2012-08-21 17:28:20.0" createdStamp="2012-08-21 17:28:20.0" createdTxStamp="2012-08-21 17:28:20.0"/>
    <PurchaseReturnEntry id="f64141fc-0a87-46c5-921b-6bcb7e2ba28c" parentId="63e910b0-1503-469f-9c02-54c47f2ff38e" warehouseWarehouseId="ec28df2b-7e42-4f2a-bbf4-b0f4ee5f9731" materialMaterialId="a8f71119-00a4-477a-897e-ff388a5030a2" materialMaterialModel="" volume="171.000000" stockVolume="9256.000000" unitUnitId="" price="1.650000" refPrice="0.000000" entrysum="282.150000" lastUpdatedStamp="2012-07-17 16:41:02.0" lastUpdatedTxStamp="2012-07-17 16:41:02.0" createdStamp="2012-07-17 16:41:02.0" createdTxStamp="2012-07-17 16:41:02.0"/>
    <PurchaseReturnEntry id="f7dfa234-df57-4358-ad98-afe65bb8bfb1" parentId="aa8daa84-dd1d-4378-84cf-75ada911a272" warehouseWarehouseId="ec28df2b-7e42-4f2a-bbf4-b0f4ee5f9731" materialMaterialId="9cd77ed2-fc48-49d7-a8aa-75e55a2ad7cb" materialMaterialModel="" volume="116.000000" stockVolume="11204.000000" unitUnitId="c374d34a-0590-42f1-a683-afcd04b3689e" price="6.408000" refPrice="0.000000" entrysum="743.328000" lastUpdatedStamp="2012-07-17 17:27:45.0" lastUpdatedTxStamp="2012-07-17 17:27:45.0" createdStamp="2012-07-17 17:27:45.0" createdTxStamp="2012-07-17 17:27:45.0"/>
    <PurchaseReturnEntry id="fb2b0c46-02d8-453b-89fd-595023cca4b0" parentId="5f814af5-61c8-4ee7-b420-b135c4718559" warehouseWarehouseId="ec28df2b-7e42-4f2a-bbf4-b0f4ee5f9731" materialMaterialId="a5f3585d-134d-4010-8508-3d35e12319f1" materialMaterialModel="" volume="1.000000" stockVolume="2809.000000" unitUnitId="" price="17.300000" refPrice="0.000000" entrysum="17.300000" sort="1" lastUpdatedStamp="2012-08-03 10:17:57.0" lastUpdatedTxStamp="2012-08-03 10:17:57.0" createdStamp="2012-08-03 10:17:57.0" createdTxStamp="2012-08-03 10:17:57.0"/>
    <PurchaseReturnEntry id="fcf7fe72-156c-4eff-b364-9bfd2f73a812" parentId="3fbdc740-dc6a-44cf-91a8-49df48d7bf63" warehouseWarehouseId="ec28df2b-7e42-4f2a-bbf4-b0f4ee5f9731" materialMaterialId="19614fde-8eeb-4cfa-b07d-76778e7e0b09" materialMaterialModel="71.5*52.8*3.5" volume="2.000000" stockVolume="1735.000000" unitUnitId="c374d34a-0590-42f1-a683-afcd04b3689e" price="1.490000" refPrice="1.490000" entrysum="2.980000" sort="4" lastUpdatedStamp="2012-08-17 15:35:27.0" lastUpdatedTxStamp="2012-08-17 15:35:27.0" createdStamp="2012-08-17 15:35:27.0" createdTxStamp="2012-08-17 15:35:27.0"/>
    <PurchaseReturnEntry id="fd34f955-1510-401b-8a3c-9402f948412d" parentId="707fb302-b22e-423f-b035-5bdfdcac4171" warehouseWarehouseId="ec28df2b-7e42-4f2a-bbf4-b0f4ee5f9731" materialMaterialId="5e14eb60-1cd7-4078-bdb1-4ea87437f00d" materialMaterialModel="" volume="1033.000000" stockVolume="4680.000000" unitUnitId="36927a08-ba89-438b-bb0d-3013c64a0341" price="3.950000" refPrice="0.000000" entrysum="4080.350000" lastUpdatedStamp="2012-07-16 09:46:52.0" lastUpdatedTxStamp="2012-07-16 09:46:52.0" createdStamp="2012-07-16 09:46:52.0" createdTxStamp="2012-07-16 09:46:52.0"/>
    <PurchaseReturnEntry id="ff487ed7-8e02-4297-9709-afcc4518a43c" parentId="834bf019-91e9-4945-b969-11561503628a" warehouseWarehouseId="ec28df2b-7e42-4f2a-bbf4-b0f4ee5f9731" materialMaterialId="5bfc150e-9c65-4e7e-8169-63f2a520dce2" materialMaterialModel="" volume="22.000000" stockVolume="8560.000000" unitUnitId="" price="1.340000" refPrice="0.000000" entrysum="29.480000" lastUpdatedStamp="2012-07-26 10:09:22.0" lastUpdatedTxStamp="2012-07-26 10:09:22.0" createdStamp="2012-07-26 10:09:22.0" createdTxStamp="2012-07-26 10:09:22.0"/>
</entity-engine-xml>
