<?xml version="1.0" encoding="UTF-8"?>
<entity-engine-xml>
    <StatusValidChange statusId="EXST_APPROVED" statusIdTo="EXST_CANCELLED" transitionName="Cancel Example" lastUpdatedStamp="2012-07-01 22:07:21.0" lastUpdatedTxStamp="2012-07-01 22:07:21.0" createdStamp="2012-07-01 22:07:21.0" createdTxStamp="2012-07-01 22:07:21.0"/>
    <StatusValidChange statusId="EXST_APPROVED" statusIdTo="EXST_IMPLEMENTED" transitionName="Implementation Complete" lastUpdatedStamp="2012-07-01 22:07:21.0" lastUpdatedTxStamp="2012-07-01 22:07:21.0" createdStamp="2012-07-01 22:07:21.0" createdTxStamp="2012-07-01 22:07:21.0"/>
    <StatusValidChange statusId="EXST_DEFINED" statusIdTo="EXST_APPROVED" transitionName="Approve" lastUpdatedStamp="2012-07-01 22:07:21.0" lastUpdatedTxStamp="2012-07-01 22:07:21.0" createdStamp="2012-07-01 22:07:21.0" createdTxStamp="2012-07-01 22:07:21.0"/>
    <StatusValidChange statusId="EXST_DEFINED" statusIdTo="EXST_CANCELLED" transitionName="Cancel Example" lastUpdatedStamp="2012-07-01 22:07:21.0" lastUpdatedTxStamp="2012-07-01 22:07:21.0" createdStamp="2012-07-01 22:07:21.0" createdTxStamp="2012-07-01 22:07:21.0"/>
    <StatusValidChange statusId="EXST_IMPLEMENTED" statusIdTo="EXST_CANCELLED" transitionName="Cancel Example" lastUpdatedStamp="2012-07-01 22:07:21.0" lastUpdatedTxStamp="2012-07-01 22:07:21.0" createdStamp="2012-07-01 22:07:21.0" createdTxStamp="2012-07-01 22:07:21.0"/>
    <StatusValidChange statusId="EXST_IMPLEMENTED" statusIdTo="EXST_TESTED" transitionName="Testing Complete" lastUpdatedStamp="2012-07-01 22:07:21.0" lastUpdatedTxStamp="2012-07-01 22:07:21.0" createdStamp="2012-07-01 22:07:21.0" createdTxStamp="2012-07-01 22:07:21.0"/>
    <StatusValidChange statusId="EXST_IN_DESIGN" statusIdTo="EXST_CANCELLED" transitionName="Cancel Example" lastUpdatedStamp="2012-07-01 22:07:21.0" lastUpdatedTxStamp="2012-07-01 22:07:21.0" createdStamp="2012-07-01 22:07:21.0" createdTxStamp="2012-07-01 22:07:21.0"/>
    <StatusValidChange statusId="EXST_IN_DESIGN" statusIdTo="EXST_DEFINED" transitionName="Definition Complete" lastUpdatedStamp="2012-07-01 22:07:21.0" lastUpdatedTxStamp="2012-07-01 22:07:21.0" createdStamp="2012-07-01 22:07:21.0" createdTxStamp="2012-07-01 22:07:21.0"/>
    <StatusValidChange statusId="EXST_TESTED" statusIdTo="EXST_CANCELLED" transitionName="Cancel Example" lastUpdatedStamp="2012-07-01 22:07:21.0" lastUpdatedTxStamp="2012-07-01 22:07:21.0" createdStamp="2012-07-01 22:07:21.0" createdTxStamp="2012-07-01 22:07:21.0"/>
    <StatusValidChange statusId="EXST_TESTED" statusIdTo="EXST_COMPLETE" transitionName="Example Completed" lastUpdatedStamp="2012-07-01 22:07:21.0" lastUpdatedTxStamp="2012-07-01 22:07:21.0" createdStamp="2012-07-01 22:07:21.0" createdTxStamp="2012-07-01 22:07:21.0"/>
</entity-engine-xml>
