<?xml version="1.0" encoding="UTF-8"?>
<entity-engine-xml>
    <TemporalExpressionAssoc fromTempExprId="1ST_AND_15TH_MONTH" toTempExprId="DAYOFMONTH_01" lastUpdatedStamp="2012-07-01 22:07:43.0" lastUpdatedTxStamp="2012-07-01 22:07:42.0" createdStamp="2012-07-01 22:07:43.0" createdTxStamp="2012-07-01 22:07:42.0"/>
    <TemporalExpressionAssoc fromTempExprId="1ST_AND_15TH_MONTH" toTempExprId="DAYOFMONTH_15" lastUpdatedStamp="2012-07-01 22:07:43.0" lastUpdatedTxStamp="2012-07-01 22:07:42.0" createdStamp="2012-07-01 22:07:43.0" createdTxStamp="2012-07-01 22:07:42.0"/>
    <TemporalExpressionAssoc fromTempExprId="CHRISTMAS_DAY" toTempExprId="DAYOFMONTH_25" lastUpdatedStamp="2012-07-01 22:07:43.0" lastUpdatedTxStamp="2012-07-01 22:07:42.0" createdStamp="2012-07-01 22:07:43.0" createdTxStamp="2012-07-01 22:07:42.0"/>
    <TemporalExpressionAssoc fromTempExprId="CHRISTMAS_DAY" toTempExprId="MONTH_RANGE_12" lastUpdatedStamp="2012-07-01 22:07:43.0" lastUpdatedTxStamp="2012-07-01 22:07:42.0" createdStamp="2012-07-01 22:07:43.0" createdTxStamp="2012-07-01 22:07:42.0"/>
    <TemporalExpressionAssoc fromTempExprId="COLUMBUS_DAY" toTempExprId="2ND_MONDAY_IN_MONTH" lastUpdatedStamp="2012-07-01 22:07:43.0" lastUpdatedTxStamp="2012-07-01 22:07:42.0" createdStamp="2012-07-01 22:07:43.0" createdTxStamp="2012-07-01 22:07:42.0"/>
    <TemporalExpressionAssoc fromTempExprId="COLUMBUS_DAY" toTempExprId="MONTH_RANGE_10" lastUpdatedStamp="2012-07-01 22:07:43.0" lastUpdatedTxStamp="2012-07-01 22:07:42.0" createdStamp="2012-07-01 22:07:43.0" createdTxStamp="2012-07-01 22:07:42.0"/>
    <TemporalExpressionAssoc fromTempExprId="DAILY_GRIND" toTempExprId="GOVT_WORK_SCHED" lastUpdatedStamp="2012-07-01 22:07:43.0" lastUpdatedTxStamp="2012-07-01 22:07:42.0" createdStamp="2012-07-01 22:07:43.0" createdTxStamp="2012-07-01 22:07:42.0"/>
    <TemporalExpressionAssoc fromTempExprId="DAILY_GRIND" toTempExprId="HOUR_08" lastUpdatedStamp="2012-07-01 22:07:43.0" lastUpdatedTxStamp="2012-07-01 22:07:42.0" createdStamp="2012-07-01 22:07:43.0" createdTxStamp="2012-07-01 22:07:42.0"/>
    <TemporalExpressionAssoc fromTempExprId="GOVT_WORK_SCHED" toTempExprId="MON_TO_FRI" exprAssocType="INCLUDE" lastUpdatedStamp="2012-07-01 22:07:43.0" lastUpdatedTxStamp="2012-07-01 22:07:42.0" createdStamp="2012-07-01 22:07:43.0" createdTxStamp="2012-07-01 22:07:42.0"/>
    <TemporalExpressionAssoc fromTempExprId="GOVT_WORK_SCHED" toTempExprId="US_FED_HOLIDAYS" exprAssocType="EXCLUDE" lastUpdatedStamp="2012-07-01 22:07:43.0" lastUpdatedTxStamp="2012-07-01 22:07:42.0" createdStamp="2012-07-01 22:07:43.0" createdTxStamp="2012-07-01 22:07:42.0"/>
    <TemporalExpressionAssoc fromTempExprId="INDEPENDENCE_DAY" toTempExprId="DAYOFMONTH_04" lastUpdatedStamp="2012-07-01 22:07:43.0" lastUpdatedTxStamp="2012-07-01 22:07:42.0" createdStamp="2012-07-01 22:07:43.0" createdTxStamp="2012-07-01 22:07:42.0"/>
    <TemporalExpressionAssoc fromTempExprId="INDEPENDENCE_DAY" toTempExprId="MONTH_RANGE_07" lastUpdatedStamp="2012-07-01 22:07:43.0" lastUpdatedTxStamp="2012-07-01 22:07:42.0" createdStamp="2012-07-01 22:07:43.0" createdTxStamp="2012-07-01 22:07:42.0"/>
    <TemporalExpressionAssoc fromTempExprId="JANUARY_FIRST" toTempExprId="DAYOFMONTH_01" lastUpdatedStamp="2012-07-01 22:07:43.0" lastUpdatedTxStamp="2012-07-01 22:07:42.0" createdStamp="2012-07-01 22:07:43.0" createdTxStamp="2012-07-01 22:07:42.0"/>
    <TemporalExpressionAssoc fromTempExprId="JANUARY_FIRST" toTempExprId="MONTH_RANGE_01" lastUpdatedStamp="2012-07-01 22:07:43.0" lastUpdatedTxStamp="2012-07-01 22:07:42.0" createdStamp="2012-07-01 22:07:43.0" createdTxStamp="2012-07-01 22:07:42.0"/>
    <TemporalExpressionAssoc fromTempExprId="LABOR_DAY" toTempExprId="1ST_MONDAY_IN_MONTH" lastUpdatedStamp="2012-07-01 22:07:43.0" lastUpdatedTxStamp="2012-07-01 22:07:42.0" createdStamp="2012-07-01 22:07:43.0" createdTxStamp="2012-07-01 22:07:42.0"/>
    <TemporalExpressionAssoc fromTempExprId="LABOR_DAY" toTempExprId="MONTH_RANGE_09" lastUpdatedStamp="2012-07-01 22:07:43.0" lastUpdatedTxStamp="2012-07-01 22:07:42.0" createdStamp="2012-07-01 22:07:43.0" createdTxStamp="2012-07-01 22:07:42.0"/>
    <TemporalExpressionAssoc fromTempExprId="MEMORIAL_DAY" toTempExprId="LAST_MONDAY_IN_MONTH" lastUpdatedStamp="2012-07-01 22:07:43.0" lastUpdatedTxStamp="2012-07-01 22:07:42.0" createdStamp="2012-07-01 22:07:43.0" createdTxStamp="2012-07-01 22:07:42.0"/>
    <TemporalExpressionAssoc fromTempExprId="MEMORIAL_DAY" toTempExprId="MONTH_RANGE_05" lastUpdatedStamp="2012-07-01 22:07:43.0" lastUpdatedTxStamp="2012-07-01 22:07:42.0" createdStamp="2012-07-01 22:07:43.0" createdTxStamp="2012-07-01 22:07:42.0"/>
    <TemporalExpressionAssoc fromTempExprId="MLK_DAY" toTempExprId="3RD_MONDAY_IN_MONTH" lastUpdatedStamp="2012-07-01 22:07:43.0" lastUpdatedTxStamp="2012-07-01 22:07:42.0" createdStamp="2012-07-01 22:07:43.0" createdTxStamp="2012-07-01 22:07:42.0"/>
    <TemporalExpressionAssoc fromTempExprId="MLK_DAY" toTempExprId="MONTH_RANGE_01" lastUpdatedStamp="2012-07-01 22:07:43.0" lastUpdatedTxStamp="2012-07-01 22:07:42.0" createdStamp="2012-07-01 22:07:43.0" createdTxStamp="2012-07-01 22:07:42.0"/>
    <TemporalExpressionAssoc fromTempExprId="PRESIDENTS_DAY" toTempExprId="3RD_MONDAY_IN_MONTH" lastUpdatedStamp="2012-07-01 22:07:43.0" lastUpdatedTxStamp="2012-07-01 22:07:42.0" createdStamp="2012-07-01 22:07:43.0" createdTxStamp="2012-07-01 22:07:42.0"/>
    <TemporalExpressionAssoc fromTempExprId="PRESIDENTS_DAY" toTempExprId="MONTH_RANGE_02" lastUpdatedStamp="2012-07-01 22:07:43.0" lastUpdatedTxStamp="2012-07-01 22:07:42.0" createdStamp="2012-07-01 22:07:43.0" createdTxStamp="2012-07-01 22:07:42.0"/>
    <TemporalExpressionAssoc fromTempExprId="THANKSGIVING_DAY" toTempExprId="4TH_THURS_IN_MONTH" lastUpdatedStamp="2012-07-01 22:07:43.0" lastUpdatedTxStamp="2012-07-01 22:07:42.0" createdStamp="2012-07-01 22:07:43.0" createdTxStamp="2012-07-01 22:07:42.0"/>
    <TemporalExpressionAssoc fromTempExprId="THANKSGIVING_DAY" toTempExprId="MONTH_RANGE_11" lastUpdatedStamp="2012-07-01 22:07:43.0" lastUpdatedTxStamp="2012-07-01 22:07:42.0" createdStamp="2012-07-01 22:07:43.0" createdTxStamp="2012-07-01 22:07:42.0"/>
    <TemporalExpressionAssoc fromTempExprId="US_FED_HOLIDAYS" toTempExprId="CHRISTMAS_DAY" lastUpdatedStamp="2012-07-01 22:07:43.0" lastUpdatedTxStamp="2012-07-01 22:07:42.0" createdStamp="2012-07-01 22:07:43.0" createdTxStamp="2012-07-01 22:07:42.0"/>
    <TemporalExpressionAssoc fromTempExprId="US_FED_HOLIDAYS" toTempExprId="COLUMBUS_DAY" lastUpdatedStamp="2012-07-01 22:07:43.0" lastUpdatedTxStamp="2012-07-01 22:07:42.0" createdStamp="2012-07-01 22:07:43.0" createdTxStamp="2012-07-01 22:07:42.0"/>
    <TemporalExpressionAssoc fromTempExprId="US_FED_HOLIDAYS" toTempExprId="INDEPENDENCE_DAY" lastUpdatedStamp="2012-07-01 22:07:43.0" lastUpdatedTxStamp="2012-07-01 22:07:42.0" createdStamp="2012-07-01 22:07:43.0" createdTxStamp="2012-07-01 22:07:42.0"/>
    <TemporalExpressionAssoc fromTempExprId="US_FED_HOLIDAYS" toTempExprId="JANUARY_FIRST" lastUpdatedStamp="2012-07-01 22:07:43.0" lastUpdatedTxStamp="2012-07-01 22:07:42.0" createdStamp="2012-07-01 22:07:43.0" createdTxStamp="2012-07-01 22:07:42.0"/>
    <TemporalExpressionAssoc fromTempExprId="US_FED_HOLIDAYS" toTempExprId="LABOR_DAY" lastUpdatedStamp="2012-07-01 22:07:43.0" lastUpdatedTxStamp="2012-07-01 22:07:42.0" createdStamp="2012-07-01 22:07:43.0" createdTxStamp="2012-07-01 22:07:42.0"/>
    <TemporalExpressionAssoc fromTempExprId="US_FED_HOLIDAYS" toTempExprId="MEMORIAL_DAY" lastUpdatedStamp="2012-07-01 22:07:43.0" lastUpdatedTxStamp="2012-07-01 22:07:42.0" createdStamp="2012-07-01 22:07:43.0" createdTxStamp="2012-07-01 22:07:42.0"/>
    <TemporalExpressionAssoc fromTempExprId="US_FED_HOLIDAYS" toTempExprId="MLK_DAY" lastUpdatedStamp="2012-07-01 22:07:43.0" lastUpdatedTxStamp="2012-07-01 22:07:42.0" createdStamp="2012-07-01 22:07:43.0" createdTxStamp="2012-07-01 22:07:42.0"/>
    <TemporalExpressionAssoc fromTempExprId="US_FED_HOLIDAYS" toTempExprId="PRESIDENTS_DAY" lastUpdatedStamp="2012-07-01 22:07:43.0" lastUpdatedTxStamp="2012-07-01 22:07:42.0" createdStamp="2012-07-01 22:07:43.0" createdTxStamp="2012-07-01 22:07:42.0"/>
    <TemporalExpressionAssoc fromTempExprId="US_FED_HOLIDAYS" toTempExprId="THANKSGIVING_DAY" lastUpdatedStamp="2012-07-01 22:07:43.0" lastUpdatedTxStamp="2012-07-01 22:07:42.0" createdStamp="2012-07-01 22:07:43.0" createdTxStamp="2012-07-01 22:07:42.0"/>
    <TemporalExpressionAssoc fromTempExprId="US_FED_HOLIDAYS" toTempExprId="VETERANS_DAY" lastUpdatedStamp="2012-07-01 22:07:43.0" lastUpdatedTxStamp="2012-07-01 22:07:42.0" createdStamp="2012-07-01 22:07:43.0" createdTxStamp="2012-07-01 22:07:42.0"/>
    <TemporalExpressionAssoc fromTempExprId="VETERANS_DAY" toTempExprId="DAYOFMONTH_11" lastUpdatedStamp="2012-07-01 22:07:43.0" lastUpdatedTxStamp="2012-07-01 22:07:42.0" createdStamp="2012-07-01 22:07:43.0" createdTxStamp="2012-07-01 22:07:42.0"/>
    <TemporalExpressionAssoc fromTempExprId="VETERANS_DAY" toTempExprId="MONTH_RANGE_11" lastUpdatedStamp="2012-07-01 22:07:43.0" lastUpdatedTxStamp="2012-07-01 22:07:42.0" createdStamp="2012-07-01 22:07:43.0" createdTxStamp="2012-07-01 22:07:42.0"/>
</entity-engine-xml>
