<?xml version="1.0" encoding="UTF-8"?>
<entity-engine-xml>
    <TemporalExpression tempExprId="1ST_AND_15TH_MONTH" tempExprTypeId="UNION" description="First and Fifteenth of the month" lastUpdatedStamp="2012-07-01 22:07:43.0" lastUpdatedTxStamp="2012-07-01 22:07:42.0" createdStamp="2012-07-01 22:07:43.0" createdTxStamp="2012-07-01 22:07:42.0"/>
    <TemporalExpression tempExprId="1ST_MONDAY_IN_MONTH" tempExprTypeId="DAY_IN_MONTH" description="First Monday in Month" integer1="2" integer2="1" lastUpdatedStamp="2012-07-01 22:07:43.0" lastUpdatedTxStamp="2012-07-01 22:07:42.0" createdStamp="2012-07-01 22:07:43.0" createdTxStamp="2012-07-01 22:07:42.0"/>
    <TemporalExpression tempExprId="2ND_MONDAY_IN_MONTH" tempExprTypeId="DAY_IN_MONTH" description="Second Monday in Month" integer1="2" integer2="2" lastUpdatedStamp="2012-07-01 22:07:43.0" lastUpdatedTxStamp="2012-07-01 22:07:42.0" createdStamp="2012-07-01 22:07:43.0" createdTxStamp="2012-07-01 22:07:42.0"/>
    <TemporalExpression tempExprId="3RD_MONDAY_IN_MONTH" tempExprTypeId="DAY_IN_MONTH" description="Third Monday in Month" integer1="2" integer2="3" lastUpdatedStamp="2012-07-01 22:07:43.0" lastUpdatedTxStamp="2012-07-01 22:07:42.0" createdStamp="2012-07-01 22:07:43.0" createdTxStamp="2012-07-01 22:07:42.0"/>
    <TemporalExpression tempExprId="4TH_MONDAY_IN_MONTH" tempExprTypeId="DAY_IN_MONTH" description="Fourth Monday in Month" integer1="2" integer2="4" lastUpdatedStamp="2012-07-01 22:07:43.0" lastUpdatedTxStamp="2012-07-01 22:07:42.0" createdStamp="2012-07-01 22:07:43.0" createdTxStamp="2012-07-01 22:07:42.0"/>
    <TemporalExpression tempExprId="4TH_THURS_IN_MONTH" tempExprTypeId="DAY_IN_MONTH" description="Fourth Thursday in Month" integer1="5" integer2="4" lastUpdatedStamp="2012-07-01 22:07:43.0" lastUpdatedTxStamp="2012-07-01 22:07:42.0" createdStamp="2012-07-01 22:07:43.0" createdTxStamp="2012-07-01 22:07:42.0"/>
    <TemporalExpression tempExprId="5PM_BIMONDAY" tempExprTypeId="FREQUENCY" description="Every Other Monday at 5pm" date1="2000-01-03 17:00:00.0" integer1="5" integer2="14" lastUpdatedStamp="2012-07-01 22:07:43.0" lastUpdatedTxStamp="2012-07-01 22:07:42.0" createdStamp="2012-07-01 22:07:43.0" createdTxStamp="2012-07-01 22:07:42.0"/>
    <TemporalExpression tempExprId="CHRISTMAS_DAY" tempExprTypeId="INTERSECTION" description="Christmas Day" lastUpdatedStamp="2012-07-01 22:07:43.0" lastUpdatedTxStamp="2012-07-01 22:07:42.0" createdStamp="2012-07-01 22:07:43.0" createdTxStamp="2012-07-01 22:07:42.0"/>
    <TemporalExpression tempExprId="COLUMBUS_DAY" tempExprTypeId="INTERSECTION" description="Columbus Day" lastUpdatedStamp="2012-07-01 22:07:43.0" lastUpdatedTxStamp="2012-07-01 22:07:42.0" createdStamp="2012-07-01 22:07:43.0" createdTxStamp="2012-07-01 22:07:42.0"/>
    <TemporalExpression tempExprId="DAILY_GRIND" tempExprTypeId="INTERSECTION" description="Monday to Friday at 8am without US Federal Holidays" lastUpdatedStamp="2012-07-01 22:07:43.0" lastUpdatedTxStamp="2012-07-01 22:07:42.0" createdStamp="2012-07-01 22:07:43.0" createdTxStamp="2012-07-01 22:07:42.0"/>
    <TemporalExpression tempExprId="DAYOFMONTH_01" tempExprTypeId="DAY_OF_MONTH_RANGE" description="Day 1 of Month" integer1="1" integer2="1" lastUpdatedStamp="2012-07-01 22:07:43.0" lastUpdatedTxStamp="2012-07-01 22:07:42.0" createdStamp="2012-07-01 22:07:43.0" createdTxStamp="2012-07-01 22:07:42.0"/>
    <TemporalExpression tempExprId="DAYOFMONTH_02" tempExprTypeId="DAY_OF_MONTH_RANGE" description="Day 2 of Month" integer1="2" integer2="2" lastUpdatedStamp="2012-07-01 22:07:43.0" lastUpdatedTxStamp="2012-07-01 22:07:42.0" createdStamp="2012-07-01 22:07:43.0" createdTxStamp="2012-07-01 22:07:42.0"/>
    <TemporalExpression tempExprId="DAYOFMONTH_03" tempExprTypeId="DAY_OF_MONTH_RANGE" description="Day 3 of Month" integer1="3" integer2="3" lastUpdatedStamp="2012-07-01 22:07:43.0" lastUpdatedTxStamp="2012-07-01 22:07:42.0" createdStamp="2012-07-01 22:07:43.0" createdTxStamp="2012-07-01 22:07:42.0"/>
    <TemporalExpression tempExprId="DAYOFMONTH_04" tempExprTypeId="DAY_OF_MONTH_RANGE" description="Day 4 of Month" integer1="4" integer2="4" lastUpdatedStamp="2012-07-01 22:07:43.0" lastUpdatedTxStamp="2012-07-01 22:07:42.0" createdStamp="2012-07-01 22:07:43.0" createdTxStamp="2012-07-01 22:07:42.0"/>
    <TemporalExpression tempExprId="DAYOFMONTH_05" tempExprTypeId="DAY_OF_MONTH_RANGE" description="Day 5 of Month" integer1="5" integer2="5" lastUpdatedStamp="2012-07-01 22:07:43.0" lastUpdatedTxStamp="2012-07-01 22:07:42.0" createdStamp="2012-07-01 22:07:43.0" createdTxStamp="2012-07-01 22:07:42.0"/>
    <TemporalExpression tempExprId="DAYOFMONTH_06" tempExprTypeId="DAY_OF_MONTH_RANGE" description="Day 6 of Month" integer1="6" integer2="6" lastUpdatedStamp="2012-07-01 22:07:43.0" lastUpdatedTxStamp="2012-07-01 22:07:42.0" createdStamp="2012-07-01 22:07:43.0" createdTxStamp="2012-07-01 22:07:42.0"/>
    <TemporalExpression tempExprId="DAYOFMONTH_07" tempExprTypeId="DAY_OF_MONTH_RANGE" description="Day 7 of Month" integer1="7" integer2="7" lastUpdatedStamp="2012-07-01 22:07:43.0" lastUpdatedTxStamp="2012-07-01 22:07:42.0" createdStamp="2012-07-01 22:07:43.0" createdTxStamp="2012-07-01 22:07:42.0"/>
    <TemporalExpression tempExprId="DAYOFMONTH_08" tempExprTypeId="DAY_OF_MONTH_RANGE" description="Day 8 of Month" integer1="8" integer2="8" lastUpdatedStamp="2012-07-01 22:07:43.0" lastUpdatedTxStamp="2012-07-01 22:07:42.0" createdStamp="2012-07-01 22:07:43.0" createdTxStamp="2012-07-01 22:07:42.0"/>
    <TemporalExpression tempExprId="DAYOFMONTH_09" tempExprTypeId="DAY_OF_MONTH_RANGE" description="Day 9 of Month" integer1="9" integer2="9" lastUpdatedStamp="2012-07-01 22:07:43.0" lastUpdatedTxStamp="2012-07-01 22:07:42.0" createdStamp="2012-07-01 22:07:43.0" createdTxStamp="2012-07-01 22:07:42.0"/>
    <TemporalExpression tempExprId="DAYOFMONTH_10" tempExprTypeId="DAY_OF_MONTH_RANGE" description="Day 10 of Month" integer1="10" integer2="10" lastUpdatedStamp="2012-07-01 22:07:43.0" lastUpdatedTxStamp="2012-07-01 22:07:42.0" createdStamp="2012-07-01 22:07:43.0" createdTxStamp="2012-07-01 22:07:42.0"/>
    <TemporalExpression tempExprId="DAYOFMONTH_11" tempExprTypeId="DAY_OF_MONTH_RANGE" description="Day 11 of Month" integer1="11" integer2="11" lastUpdatedStamp="2012-07-01 22:07:43.0" lastUpdatedTxStamp="2012-07-01 22:07:42.0" createdStamp="2012-07-01 22:07:43.0" createdTxStamp="2012-07-01 22:07:42.0"/>
    <TemporalExpression tempExprId="DAYOFMONTH_12" tempExprTypeId="DAY_OF_MONTH_RANGE" description="Day 12 of Month" integer1="12" integer2="12" lastUpdatedStamp="2012-07-01 22:07:43.0" lastUpdatedTxStamp="2012-07-01 22:07:42.0" createdStamp="2012-07-01 22:07:43.0" createdTxStamp="2012-07-01 22:07:42.0"/>
    <TemporalExpression tempExprId="DAYOFMONTH_13" tempExprTypeId="DAY_OF_MONTH_RANGE" description="Day 13 of Month" integer1="13" integer2="13" lastUpdatedStamp="2012-07-01 22:07:43.0" lastUpdatedTxStamp="2012-07-01 22:07:42.0" createdStamp="2012-07-01 22:07:43.0" createdTxStamp="2012-07-01 22:07:42.0"/>
    <TemporalExpression tempExprId="DAYOFMONTH_14" tempExprTypeId="DAY_OF_MONTH_RANGE" description="Day 14 of Month" integer1="14" integer2="14" lastUpdatedStamp="2012-07-01 22:07:43.0" lastUpdatedTxStamp="2012-07-01 22:07:42.0" createdStamp="2012-07-01 22:07:43.0" createdTxStamp="2012-07-01 22:07:42.0"/>
    <TemporalExpression tempExprId="DAYOFMONTH_15" tempExprTypeId="DAY_OF_MONTH_RANGE" description="Day 15 of Month" integer1="15" integer2="15" lastUpdatedStamp="2012-07-01 22:07:43.0" lastUpdatedTxStamp="2012-07-01 22:07:42.0" createdStamp="2012-07-01 22:07:43.0" createdTxStamp="2012-07-01 22:07:42.0"/>
    <TemporalExpression tempExprId="DAYOFMONTH_16" tempExprTypeId="DAY_OF_MONTH_RANGE" description="Day 16 of Month" integer1="16" integer2="16" lastUpdatedStamp="2012-07-01 22:07:43.0" lastUpdatedTxStamp="2012-07-01 22:07:42.0" createdStamp="2012-07-01 22:07:43.0" createdTxStamp="2012-07-01 22:07:42.0"/>
    <TemporalExpression tempExprId="DAYOFMONTH_17" tempExprTypeId="DAY_OF_MONTH_RANGE" description="Day 17 of Month" integer1="17" integer2="17" lastUpdatedStamp="2012-07-01 22:07:43.0" lastUpdatedTxStamp="2012-07-01 22:07:42.0" createdStamp="2012-07-01 22:07:43.0" createdTxStamp="2012-07-01 22:07:42.0"/>
    <TemporalExpression tempExprId="DAYOFMONTH_18" tempExprTypeId="DAY_OF_MONTH_RANGE" description="Day 18 of Month" integer1="18" integer2="18" lastUpdatedStamp="2012-07-01 22:07:43.0" lastUpdatedTxStamp="2012-07-01 22:07:42.0" createdStamp="2012-07-01 22:07:43.0" createdTxStamp="2012-07-01 22:07:42.0"/>
    <TemporalExpression tempExprId="DAYOFMONTH_19" tempExprTypeId="DAY_OF_MONTH_RANGE" description="Day 19 of Month" integer1="19" integer2="19" lastUpdatedStamp="2012-07-01 22:07:43.0" lastUpdatedTxStamp="2012-07-01 22:07:42.0" createdStamp="2012-07-01 22:07:43.0" createdTxStamp="2012-07-01 22:07:42.0"/>
    <TemporalExpression tempExprId="DAYOFMONTH_20" tempExprTypeId="DAY_OF_MONTH_RANGE" description="Day 20 of Month" integer1="20" integer2="20" lastUpdatedStamp="2012-07-01 22:07:43.0" lastUpdatedTxStamp="2012-07-01 22:07:42.0" createdStamp="2012-07-01 22:07:43.0" createdTxStamp="2012-07-01 22:07:42.0"/>
    <TemporalExpression tempExprId="DAYOFMONTH_21" tempExprTypeId="DAY_OF_MONTH_RANGE" description="Day 21 of Month" integer1="21" integer2="21" lastUpdatedStamp="2012-07-01 22:07:43.0" lastUpdatedTxStamp="2012-07-01 22:07:42.0" createdStamp="2012-07-01 22:07:43.0" createdTxStamp="2012-07-01 22:07:42.0"/>
    <TemporalExpression tempExprId="DAYOFMONTH_22" tempExprTypeId="DAY_OF_MONTH_RANGE" description="Day 22 of Month" integer1="22" integer2="22" lastUpdatedStamp="2012-07-01 22:07:43.0" lastUpdatedTxStamp="2012-07-01 22:07:42.0" createdStamp="2012-07-01 22:07:43.0" createdTxStamp="2012-07-01 22:07:42.0"/>
    <TemporalExpression tempExprId="DAYOFMONTH_23" tempExprTypeId="DAY_OF_MONTH_RANGE" description="Day 23 of Month" integer1="23" integer2="23" lastUpdatedStamp="2012-07-01 22:07:43.0" lastUpdatedTxStamp="2012-07-01 22:07:42.0" createdStamp="2012-07-01 22:07:43.0" createdTxStamp="2012-07-01 22:07:42.0"/>
    <TemporalExpression tempExprId="DAYOFMONTH_24" tempExprTypeId="DAY_OF_MONTH_RANGE" description="Day 24 of Month" integer1="24" integer2="24" lastUpdatedStamp="2012-07-01 22:07:43.0" lastUpdatedTxStamp="2012-07-01 22:07:42.0" createdStamp="2012-07-01 22:07:43.0" createdTxStamp="2012-07-01 22:07:42.0"/>
    <TemporalExpression tempExprId="DAYOFMONTH_25" tempExprTypeId="DAY_OF_MONTH_RANGE" description="Day 25 of Month" integer1="25" integer2="25" lastUpdatedStamp="2012-07-01 22:07:43.0" lastUpdatedTxStamp="2012-07-01 22:07:42.0" createdStamp="2012-07-01 22:07:43.0" createdTxStamp="2012-07-01 22:07:42.0"/>
    <TemporalExpression tempExprId="DAYOFMONTH_26" tempExprTypeId="DAY_OF_MONTH_RANGE" description="Day 26 of Month" integer1="26" integer2="26" lastUpdatedStamp="2012-07-01 22:07:43.0" lastUpdatedTxStamp="2012-07-01 22:07:42.0" createdStamp="2012-07-01 22:07:43.0" createdTxStamp="2012-07-01 22:07:42.0"/>
    <TemporalExpression tempExprId="DAYOFMONTH_27" tempExprTypeId="DAY_OF_MONTH_RANGE" description="Day 27 of Month" integer1="27" integer2="27" lastUpdatedStamp="2012-07-01 22:07:43.0" lastUpdatedTxStamp="2012-07-01 22:07:42.0" createdStamp="2012-07-01 22:07:43.0" createdTxStamp="2012-07-01 22:07:42.0"/>
    <TemporalExpression tempExprId="DAYOFMONTH_28" tempExprTypeId="DAY_OF_MONTH_RANGE" description="Day 28 of Month" integer1="28" integer2="28" lastUpdatedStamp="2012-07-01 22:07:43.0" lastUpdatedTxStamp="2012-07-01 22:07:42.0" createdStamp="2012-07-01 22:07:43.0" createdTxStamp="2012-07-01 22:07:42.0"/>
    <TemporalExpression tempExprId="DAYOFMONTH_29" tempExprTypeId="DAY_OF_MONTH_RANGE" description="Day 29 of Month" integer1="29" integer2="29" lastUpdatedStamp="2012-07-01 22:07:43.0" lastUpdatedTxStamp="2012-07-01 22:07:42.0" createdStamp="2012-07-01 22:07:43.0" createdTxStamp="2012-07-01 22:07:42.0"/>
    <TemporalExpression tempExprId="DAYOFMONTH_30" tempExprTypeId="DAY_OF_MONTH_RANGE" description="Day 30 of Month" integer1="30" integer2="30" lastUpdatedStamp="2012-07-01 22:07:43.0" lastUpdatedTxStamp="2012-07-01 22:07:42.0" createdStamp="2012-07-01 22:07:43.0" createdTxStamp="2012-07-01 22:07:42.0"/>
    <TemporalExpression tempExprId="DAYOFMONTH_31" tempExprTypeId="DAY_OF_MONTH_RANGE" description="Day 31 of Month" integer1="31" integer2="31" lastUpdatedStamp="2012-07-01 22:07:43.0" lastUpdatedTxStamp="2012-07-01 22:07:42.0" createdStamp="2012-07-01 22:07:43.0" createdTxStamp="2012-07-01 22:07:42.0"/>
    <TemporalExpression tempExprId="DAYOFWEEK_01" tempExprTypeId="DAY_OF_WEEK_RANGE" description="Sunday" integer1="1" integer2="1" lastUpdatedStamp="2012-07-01 22:07:43.0" lastUpdatedTxStamp="2012-07-01 22:07:42.0" createdStamp="2012-07-01 22:07:43.0" createdTxStamp="2012-07-01 22:07:42.0"/>
    <TemporalExpression tempExprId="DAYOFWEEK_02" tempExprTypeId="DAY_OF_WEEK_RANGE" description="Monday" integer1="2" integer2="2" lastUpdatedStamp="2012-07-01 22:07:43.0" lastUpdatedTxStamp="2012-07-01 22:07:42.0" createdStamp="2012-07-01 22:07:43.0" createdTxStamp="2012-07-01 22:07:42.0"/>
    <TemporalExpression tempExprId="DAYOFWEEK_03" tempExprTypeId="DAY_OF_WEEK_RANGE" description="Tuesday" integer1="3" integer2="3" lastUpdatedStamp="2012-07-01 22:07:43.0" lastUpdatedTxStamp="2012-07-01 22:07:42.0" createdStamp="2012-07-01 22:07:43.0" createdTxStamp="2012-07-01 22:07:42.0"/>
    <TemporalExpression tempExprId="DAYOFWEEK_04" tempExprTypeId="DAY_OF_WEEK_RANGE" description="Wednesday" integer1="4" integer2="4" lastUpdatedStamp="2012-07-01 22:07:43.0" lastUpdatedTxStamp="2012-07-01 22:07:42.0" createdStamp="2012-07-01 22:07:43.0" createdTxStamp="2012-07-01 22:07:42.0"/>
    <TemporalExpression tempExprId="DAYOFWEEK_05" tempExprTypeId="DAY_OF_WEEK_RANGE" description="Thursday" integer1="5" integer2="5" lastUpdatedStamp="2012-07-01 22:07:43.0" lastUpdatedTxStamp="2012-07-01 22:07:42.0" createdStamp="2012-07-01 22:07:43.0" createdTxStamp="2012-07-01 22:07:42.0"/>
    <TemporalExpression tempExprId="DAYOFWEEK_06" tempExprTypeId="DAY_OF_WEEK_RANGE" description="Friday" integer1="6" integer2="6" lastUpdatedStamp="2012-07-01 22:07:43.0" lastUpdatedTxStamp="2012-07-01 22:07:42.0" createdStamp="2012-07-01 22:07:43.0" createdTxStamp="2012-07-01 22:07:42.0"/>
    <TemporalExpression tempExprId="DAYOFWEEK_07" tempExprTypeId="DAY_OF_WEEK_RANGE" description="Saturday" integer1="7" integer2="7" lastUpdatedStamp="2012-07-01 22:07:43.0" lastUpdatedTxStamp="2012-07-01 22:07:42.0" createdStamp="2012-07-01 22:07:43.0" createdTxStamp="2012-07-01 22:07:42.0"/>
    <TemporalExpression tempExprId="GOVT_WORK_SCHED" tempExprTypeId="DIFFERENCE" description="Monday to Friday without US Federal Holidays" lastUpdatedStamp="2012-07-01 22:07:43.0" lastUpdatedTxStamp="2012-07-01 22:07:42.0" createdStamp="2012-07-01 22:07:43.0" createdTxStamp="2012-07-01 22:07:42.0"/>
    <TemporalExpression tempExprId="HOUR_00" tempExprTypeId="HOUR_RANGE" description="Hour 0" integer1="0" integer2="0" lastUpdatedStamp="2012-07-01 22:07:43.0" lastUpdatedTxStamp="2012-07-01 22:07:42.0" createdStamp="2012-07-01 22:07:43.0" createdTxStamp="2012-07-01 22:07:42.0"/>
    <TemporalExpression tempExprId="HOUR_01" tempExprTypeId="HOUR_RANGE" description="Hour 1" integer1="1" integer2="1" lastUpdatedStamp="2012-07-01 22:07:43.0" lastUpdatedTxStamp="2012-07-01 22:07:42.0" createdStamp="2012-07-01 22:07:43.0" createdTxStamp="2012-07-01 22:07:42.0"/>
    <TemporalExpression tempExprId="HOUR_02" tempExprTypeId="HOUR_RANGE" description="Hour 2" integer1="2" integer2="2" lastUpdatedStamp="2012-07-01 22:07:43.0" lastUpdatedTxStamp="2012-07-01 22:07:42.0" createdStamp="2012-07-01 22:07:43.0" createdTxStamp="2012-07-01 22:07:42.0"/>
    <TemporalExpression tempExprId="HOUR_03" tempExprTypeId="HOUR_RANGE" description="Hour 3" integer1="3" integer2="3" lastUpdatedStamp="2012-07-01 22:07:43.0" lastUpdatedTxStamp="2012-07-01 22:07:42.0" createdStamp="2012-07-01 22:07:43.0" createdTxStamp="2012-07-01 22:07:42.0"/>
    <TemporalExpression tempExprId="HOUR_04" tempExprTypeId="HOUR_RANGE" description="Hour 4" integer1="4" integer2="4" lastUpdatedStamp="2012-07-01 22:07:43.0" lastUpdatedTxStamp="2012-07-01 22:07:42.0" createdStamp="2012-07-01 22:07:43.0" createdTxStamp="2012-07-01 22:07:42.0"/>
    <TemporalExpression tempExprId="HOUR_05" tempExprTypeId="HOUR_RANGE" description="Hour 5" integer1="5" integer2="5" lastUpdatedStamp="2012-07-01 22:07:43.0" lastUpdatedTxStamp="2012-07-01 22:07:42.0" createdStamp="2012-07-01 22:07:43.0" createdTxStamp="2012-07-01 22:07:42.0"/>
    <TemporalExpression tempExprId="HOUR_06" tempExprTypeId="HOUR_RANGE" description="Hour 6" integer1="6" integer2="6" lastUpdatedStamp="2012-07-01 22:07:43.0" lastUpdatedTxStamp="2012-07-01 22:07:42.0" createdStamp="2012-07-01 22:07:43.0" createdTxStamp="2012-07-01 22:07:42.0"/>
    <TemporalExpression tempExprId="HOUR_07" tempExprTypeId="HOUR_RANGE" description="Hour 7" integer1="7" integer2="7" lastUpdatedStamp="2012-07-01 22:07:43.0" lastUpdatedTxStamp="2012-07-01 22:07:42.0" createdStamp="2012-07-01 22:07:43.0" createdTxStamp="2012-07-01 22:07:42.0"/>
    <TemporalExpression tempExprId="HOUR_08" tempExprTypeId="HOUR_RANGE" description="Hour 8" integer1="8" integer2="8" lastUpdatedStamp="2012-07-01 22:07:43.0" lastUpdatedTxStamp="2012-07-01 22:07:42.0" createdStamp="2012-07-01 22:07:43.0" createdTxStamp="2012-07-01 22:07:42.0"/>
    <TemporalExpression tempExprId="HOUR_09" tempExprTypeId="HOUR_RANGE" description="Hour 9" integer1="9" integer2="9" lastUpdatedStamp="2012-07-01 22:07:43.0" lastUpdatedTxStamp="2012-07-01 22:07:42.0" createdStamp="2012-07-01 22:07:43.0" createdTxStamp="2012-07-01 22:07:42.0"/>
    <TemporalExpression tempExprId="HOUR_10" tempExprTypeId="HOUR_RANGE" description="Hour 10" integer1="10" integer2="10" lastUpdatedStamp="2012-07-01 22:07:43.0" lastUpdatedTxStamp="2012-07-01 22:07:42.0" createdStamp="2012-07-01 22:07:43.0" createdTxStamp="2012-07-01 22:07:42.0"/>
    <TemporalExpression tempExprId="HOUR_11" tempExprTypeId="HOUR_RANGE" description="Hour 11" integer1="11" integer2="11" lastUpdatedStamp="2012-07-01 22:07:43.0" lastUpdatedTxStamp="2012-07-01 22:07:42.0" createdStamp="2012-07-01 22:07:43.0" createdTxStamp="2012-07-01 22:07:42.0"/>
    <TemporalExpression tempExprId="HOUR_12" tempExprTypeId="HOUR_RANGE" description="Hour 12" integer1="12" integer2="12" lastUpdatedStamp="2012-07-01 22:07:43.0" lastUpdatedTxStamp="2012-07-01 22:07:42.0" createdStamp="2012-07-01 22:07:43.0" createdTxStamp="2012-07-01 22:07:42.0"/>
    <TemporalExpression tempExprId="HOUR_13" tempExprTypeId="HOUR_RANGE" description="Hour 13" integer1="13" integer2="13" lastUpdatedStamp="2012-07-01 22:07:43.0" lastUpdatedTxStamp="2012-07-01 22:07:42.0" createdStamp="2012-07-01 22:07:43.0" createdTxStamp="2012-07-01 22:07:42.0"/>
    <TemporalExpression tempExprId="HOUR_14" tempExprTypeId="HOUR_RANGE" description="Hour 14" integer1="14" integer2="14" lastUpdatedStamp="2012-07-01 22:07:43.0" lastUpdatedTxStamp="2012-07-01 22:07:42.0" createdStamp="2012-07-01 22:07:43.0" createdTxStamp="2012-07-01 22:07:42.0"/>
    <TemporalExpression tempExprId="HOUR_15" tempExprTypeId="HOUR_RANGE" description="Hour 15" integer1="15" integer2="15" lastUpdatedStamp="2012-07-01 22:07:43.0" lastUpdatedTxStamp="2012-07-01 22:07:42.0" createdStamp="2012-07-01 22:07:43.0" createdTxStamp="2012-07-01 22:07:42.0"/>
    <TemporalExpression tempExprId="HOUR_16" tempExprTypeId="HOUR_RANGE" description="Hour 16" integer1="16" integer2="16" lastUpdatedStamp="2012-07-01 22:07:43.0" lastUpdatedTxStamp="2012-07-01 22:07:42.0" createdStamp="2012-07-01 22:07:43.0" createdTxStamp="2012-07-01 22:07:42.0"/>
    <TemporalExpression tempExprId="HOUR_17" tempExprTypeId="HOUR_RANGE" description="Hour 17" integer1="17" integer2="17" lastUpdatedStamp="2012-07-01 22:07:43.0" lastUpdatedTxStamp="2012-07-01 22:07:42.0" createdStamp="2012-07-01 22:07:43.0" createdTxStamp="2012-07-01 22:07:42.0"/>
    <TemporalExpression tempExprId="HOUR_18" tempExprTypeId="HOUR_RANGE" description="Hour 18" integer1="18" integer2="18" lastUpdatedStamp="2012-07-01 22:07:43.0" lastUpdatedTxStamp="2012-07-01 22:07:42.0" createdStamp="2012-07-01 22:07:43.0" createdTxStamp="2012-07-01 22:07:42.0"/>
    <TemporalExpression tempExprId="HOUR_19" tempExprTypeId="HOUR_RANGE" description="Hour 19" integer1="19" integer2="19" lastUpdatedStamp="2012-07-01 22:07:43.0" lastUpdatedTxStamp="2012-07-01 22:07:42.0" createdStamp="2012-07-01 22:07:43.0" createdTxStamp="2012-07-01 22:07:42.0"/>
    <TemporalExpression tempExprId="HOUR_20" tempExprTypeId="HOUR_RANGE" description="Hour 20" integer1="20" integer2="20" lastUpdatedStamp="2012-07-01 22:07:43.0" lastUpdatedTxStamp="2012-07-01 22:07:42.0" createdStamp="2012-07-01 22:07:43.0" createdTxStamp="2012-07-01 22:07:42.0"/>
    <TemporalExpression tempExprId="HOUR_21" tempExprTypeId="HOUR_RANGE" description="Hour 21" integer1="21" integer2="21" lastUpdatedStamp="2012-07-01 22:07:43.0" lastUpdatedTxStamp="2012-07-01 22:07:42.0" createdStamp="2012-07-01 22:07:43.0" createdTxStamp="2012-07-01 22:07:42.0"/>
    <TemporalExpression tempExprId="HOUR_22" tempExprTypeId="HOUR_RANGE" description="Hour 22" integer1="22" integer2="22" lastUpdatedStamp="2012-07-01 22:07:43.0" lastUpdatedTxStamp="2012-07-01 22:07:42.0" createdStamp="2012-07-01 22:07:43.0" createdTxStamp="2012-07-01 22:07:42.0"/>
    <TemporalExpression tempExprId="HOUR_23" tempExprTypeId="HOUR_RANGE" description="Hour 23" integer1="23" integer2="23" lastUpdatedStamp="2012-07-01 22:07:43.0" lastUpdatedTxStamp="2012-07-01 22:07:42.0" createdStamp="2012-07-01 22:07:43.0" createdTxStamp="2012-07-01 22:07:42.0"/>
    <TemporalExpression tempExprId="INDEPENDENCE_DAY" tempExprTypeId="INTERSECTION" description="Independence Day" lastUpdatedStamp="2012-07-01 22:07:43.0" lastUpdatedTxStamp="2012-07-01 22:07:42.0" createdStamp="2012-07-01 22:07:43.0" createdTxStamp="2012-07-01 22:07:42.0"/>
    <TemporalExpression tempExprId="JANUARY_FIRST" tempExprTypeId="INTERSECTION" description="January First" lastUpdatedStamp="2012-07-01 22:07:43.0" lastUpdatedTxStamp="2012-07-01 22:07:42.0" createdStamp="2012-07-01 22:07:43.0" createdTxStamp="2012-07-01 22:07:42.0"/>
    <TemporalExpression tempExprId="LABOR_DAY" tempExprTypeId="INTERSECTION" description="Labor Day" lastUpdatedStamp="2012-07-01 22:07:43.0" lastUpdatedTxStamp="2012-07-01 22:07:42.0" createdStamp="2012-07-01 22:07:43.0" createdTxStamp="2012-07-01 22:07:42.0"/>
    <TemporalExpression tempExprId="LAST_MONDAY_IN_MONTH" tempExprTypeId="DAY_IN_MONTH" description="Last Monday in Month" integer1="2" integer2="-1" lastUpdatedStamp="2012-07-01 22:07:43.0" lastUpdatedTxStamp="2012-07-01 22:07:42.0" createdStamp="2012-07-01 22:07:43.0" createdTxStamp="2012-07-01 22:07:42.0"/>
    <TemporalExpression tempExprId="MEMORIAL_DAY" tempExprTypeId="INTERSECTION" description="Memorial Day" lastUpdatedStamp="2012-07-01 22:07:43.0" lastUpdatedTxStamp="2012-07-01 22:07:42.0" createdStamp="2012-07-01 22:07:43.0" createdTxStamp="2012-07-01 22:07:42.0"/>
    <TemporalExpression tempExprId="MIDNIGHT_DAILY" tempExprTypeId="FREQUENCY" description="Daily Midnight" date1="2000-01-01 00:00:00.0" integer1="5" integer2="1" lastUpdatedStamp="2012-07-01 22:07:42.0" lastUpdatedTxStamp="2012-07-01 22:07:42.0" createdStamp="2012-07-01 22:07:42.0" createdTxStamp="2012-07-01 22:07:42.0"/>
    <TemporalExpression tempExprId="MINUTE_00" tempExprTypeId="MINUTE_RANGE" description="Minute 0" integer1="0" integer2="0" lastUpdatedStamp="2012-07-01 22:07:42.0" lastUpdatedTxStamp="2012-07-01 22:07:42.0" createdStamp="2012-07-01 22:07:42.0" createdTxStamp="2012-07-01 22:07:42.0"/>
    <TemporalExpression tempExprId="MINUTE_01" tempExprTypeId="MINUTE_RANGE" description="Minute 1" integer1="1" integer2="1" lastUpdatedStamp="2012-07-01 22:07:42.0" lastUpdatedTxStamp="2012-07-01 22:07:42.0" createdStamp="2012-07-01 22:07:42.0" createdTxStamp="2012-07-01 22:07:42.0"/>
    <TemporalExpression tempExprId="MINUTE_02" tempExprTypeId="MINUTE_RANGE" description="Minute 2" integer1="2" integer2="2" lastUpdatedStamp="2012-07-01 22:07:42.0" lastUpdatedTxStamp="2012-07-01 22:07:42.0" createdStamp="2012-07-01 22:07:42.0" createdTxStamp="2012-07-01 22:07:42.0"/>
    <TemporalExpression tempExprId="MINUTE_03" tempExprTypeId="MINUTE_RANGE" description="Minute 3" integer1="3" integer2="3" lastUpdatedStamp="2012-07-01 22:07:42.0" lastUpdatedTxStamp="2012-07-01 22:07:42.0" createdStamp="2012-07-01 22:07:42.0" createdTxStamp="2012-07-01 22:07:42.0"/>
    <TemporalExpression tempExprId="MINUTE_04" tempExprTypeId="MINUTE_RANGE" description="Minute 4" integer1="4" integer2="4" lastUpdatedStamp="2012-07-01 22:07:42.0" lastUpdatedTxStamp="2012-07-01 22:07:42.0" createdStamp="2012-07-01 22:07:42.0" createdTxStamp="2012-07-01 22:07:42.0"/>
    <TemporalExpression tempExprId="MINUTE_05" tempExprTypeId="MINUTE_RANGE" description="Minute 5" integer1="5" integer2="5" lastUpdatedStamp="2012-07-01 22:07:42.0" lastUpdatedTxStamp="2012-07-01 22:07:42.0" createdStamp="2012-07-01 22:07:42.0" createdTxStamp="2012-07-01 22:07:42.0"/>
    <TemporalExpression tempExprId="MINUTE_06" tempExprTypeId="MINUTE_RANGE" description="Minute 6" integer1="6" integer2="6" lastUpdatedStamp="2012-07-01 22:07:42.0" lastUpdatedTxStamp="2012-07-01 22:07:42.0" createdStamp="2012-07-01 22:07:42.0" createdTxStamp="2012-07-01 22:07:42.0"/>
    <TemporalExpression tempExprId="MINUTE_07" tempExprTypeId="MINUTE_RANGE" description="Minute 7" integer1="7" integer2="7" lastUpdatedStamp="2012-07-01 22:07:42.0" lastUpdatedTxStamp="2012-07-01 22:07:42.0" createdStamp="2012-07-01 22:07:42.0" createdTxStamp="2012-07-01 22:07:42.0"/>
    <TemporalExpression tempExprId="MINUTE_08" tempExprTypeId="MINUTE_RANGE" description="Minute 8" integer1="8" integer2="8" lastUpdatedStamp="2012-07-01 22:07:42.0" lastUpdatedTxStamp="2012-07-01 22:07:42.0" createdStamp="2012-07-01 22:07:42.0" createdTxStamp="2012-07-01 22:07:42.0"/>
    <TemporalExpression tempExprId="MINUTE_09" tempExprTypeId="MINUTE_RANGE" description="Minute 9" integer1="9" integer2="9" lastUpdatedStamp="2012-07-01 22:07:42.0" lastUpdatedTxStamp="2012-07-01 22:07:42.0" createdStamp="2012-07-01 22:07:42.0" createdTxStamp="2012-07-01 22:07:42.0"/>
    <TemporalExpression tempExprId="MINUTE_10" tempExprTypeId="MINUTE_RANGE" description="Minute 10" integer1="10" integer2="10" lastUpdatedStamp="2012-07-01 22:07:42.0" lastUpdatedTxStamp="2012-07-01 22:07:42.0" createdStamp="2012-07-01 22:07:42.0" createdTxStamp="2012-07-01 22:07:42.0"/>
    <TemporalExpression tempExprId="MINUTE_11" tempExprTypeId="MINUTE_RANGE" description="Minute 11" integer1="11" integer2="11" lastUpdatedStamp="2012-07-01 22:07:42.0" lastUpdatedTxStamp="2012-07-01 22:07:42.0" createdStamp="2012-07-01 22:07:42.0" createdTxStamp="2012-07-01 22:07:42.0"/>
    <TemporalExpression tempExprId="MINUTE_12" tempExprTypeId="MINUTE_RANGE" description="Minute 12" integer1="12" integer2="12" lastUpdatedStamp="2012-07-01 22:07:42.0" lastUpdatedTxStamp="2012-07-01 22:07:42.0" createdStamp="2012-07-01 22:07:42.0" createdTxStamp="2012-07-01 22:07:42.0"/>
    <TemporalExpression tempExprId="MINUTE_13" tempExprTypeId="MINUTE_RANGE" description="Minute 13" integer1="13" integer2="13" lastUpdatedStamp="2012-07-01 22:07:42.0" lastUpdatedTxStamp="2012-07-01 22:07:42.0" createdStamp="2012-07-01 22:07:42.0" createdTxStamp="2012-07-01 22:07:42.0"/>
    <TemporalExpression tempExprId="MINUTE_14" tempExprTypeId="MINUTE_RANGE" description="Minute 14" integer1="14" integer2="14" lastUpdatedStamp="2012-07-01 22:07:42.0" lastUpdatedTxStamp="2012-07-01 22:07:42.0" createdStamp="2012-07-01 22:07:42.0" createdTxStamp="2012-07-01 22:07:42.0"/>
    <TemporalExpression tempExprId="MINUTE_15" tempExprTypeId="MINUTE_RANGE" description="Minute 15" integer1="15" integer2="15" lastUpdatedStamp="2012-07-01 22:07:42.0" lastUpdatedTxStamp="2012-07-01 22:07:42.0" createdStamp="2012-07-01 22:07:42.0" createdTxStamp="2012-07-01 22:07:42.0"/>
    <TemporalExpression tempExprId="MINUTE_16" tempExprTypeId="MINUTE_RANGE" description="Minute 16" integer1="16" integer2="16" lastUpdatedStamp="2012-07-01 22:07:42.0" lastUpdatedTxStamp="2012-07-01 22:07:42.0" createdStamp="2012-07-01 22:07:42.0" createdTxStamp="2012-07-01 22:07:42.0"/>
    <TemporalExpression tempExprId="MINUTE_17" tempExprTypeId="MINUTE_RANGE" description="Minute 17" integer1="17" integer2="17" lastUpdatedStamp="2012-07-01 22:07:42.0" lastUpdatedTxStamp="2012-07-01 22:07:42.0" createdStamp="2012-07-01 22:07:42.0" createdTxStamp="2012-07-01 22:07:42.0"/>
    <TemporalExpression tempExprId="MINUTE_18" tempExprTypeId="MINUTE_RANGE" description="Minute 18" integer1="18" integer2="18" lastUpdatedStamp="2012-07-01 22:07:42.0" lastUpdatedTxStamp="2012-07-01 22:07:42.0" createdStamp="2012-07-01 22:07:42.0" createdTxStamp="2012-07-01 22:07:42.0"/>
    <TemporalExpression tempExprId="MINUTE_19" tempExprTypeId="MINUTE_RANGE" description="Minute 19" integer1="19" integer2="19" lastUpdatedStamp="2012-07-01 22:07:42.0" lastUpdatedTxStamp="2012-07-01 22:07:42.0" createdStamp="2012-07-01 22:07:42.0" createdTxStamp="2012-07-01 22:07:42.0"/>
    <TemporalExpression tempExprId="MINUTE_20" tempExprTypeId="MINUTE_RANGE" description="Minute 20" integer1="20" integer2="20" lastUpdatedStamp="2012-07-01 22:07:42.0" lastUpdatedTxStamp="2012-07-01 22:07:42.0" createdStamp="2012-07-01 22:07:42.0" createdTxStamp="2012-07-01 22:07:42.0"/>
    <TemporalExpression tempExprId="MINUTE_21" tempExprTypeId="MINUTE_RANGE" description="Minute 21" integer1="21" integer2="21" lastUpdatedStamp="2012-07-01 22:07:42.0" lastUpdatedTxStamp="2012-07-01 22:07:42.0" createdStamp="2012-07-01 22:07:42.0" createdTxStamp="2012-07-01 22:07:42.0"/>
    <TemporalExpression tempExprId="MINUTE_22" tempExprTypeId="MINUTE_RANGE" description="Minute 22" integer1="22" integer2="22" lastUpdatedStamp="2012-07-01 22:07:42.0" lastUpdatedTxStamp="2012-07-01 22:07:42.0" createdStamp="2012-07-01 22:07:42.0" createdTxStamp="2012-07-01 22:07:42.0"/>
    <TemporalExpression tempExprId="MINUTE_23" tempExprTypeId="MINUTE_RANGE" description="Minute 23" integer1="23" integer2="23" lastUpdatedStamp="2012-07-01 22:07:42.0" lastUpdatedTxStamp="2012-07-01 22:07:42.0" createdStamp="2012-07-01 22:07:42.0" createdTxStamp="2012-07-01 22:07:42.0"/>
    <TemporalExpression tempExprId="MINUTE_24" tempExprTypeId="MINUTE_RANGE" description="Minute 24" integer1="24" integer2="24" lastUpdatedStamp="2012-07-01 22:07:42.0" lastUpdatedTxStamp="2012-07-01 22:07:42.0" createdStamp="2012-07-01 22:07:42.0" createdTxStamp="2012-07-01 22:07:42.0"/>
    <TemporalExpression tempExprId="MINUTE_25" tempExprTypeId="MINUTE_RANGE" description="Minute 25" integer1="25" integer2="25" lastUpdatedStamp="2012-07-01 22:07:42.0" lastUpdatedTxStamp="2012-07-01 22:07:42.0" createdStamp="2012-07-01 22:07:42.0" createdTxStamp="2012-07-01 22:07:42.0"/>
    <TemporalExpression tempExprId="MINUTE_26" tempExprTypeId="MINUTE_RANGE" description="Minute 26" integer1="26" integer2="26" lastUpdatedStamp="2012-07-01 22:07:42.0" lastUpdatedTxStamp="2012-07-01 22:07:42.0" createdStamp="2012-07-01 22:07:42.0" createdTxStamp="2012-07-01 22:07:42.0"/>
    <TemporalExpression tempExprId="MINUTE_27" tempExprTypeId="MINUTE_RANGE" description="Minute 27" integer1="27" integer2="27" lastUpdatedStamp="2012-07-01 22:07:42.0" lastUpdatedTxStamp="2012-07-01 22:07:42.0" createdStamp="2012-07-01 22:07:42.0" createdTxStamp="2012-07-01 22:07:42.0"/>
    <TemporalExpression tempExprId="MINUTE_28" tempExprTypeId="MINUTE_RANGE" description="Minute 28" integer1="28" integer2="28" lastUpdatedStamp="2012-07-01 22:07:42.0" lastUpdatedTxStamp="2012-07-01 22:07:42.0" createdStamp="2012-07-01 22:07:42.0" createdTxStamp="2012-07-01 22:07:42.0"/>
    <TemporalExpression tempExprId="MINUTE_29" tempExprTypeId="MINUTE_RANGE" description="Minute 29" integer1="29" integer2="29" lastUpdatedStamp="2012-07-01 22:07:42.0" lastUpdatedTxStamp="2012-07-01 22:07:42.0" createdStamp="2012-07-01 22:07:42.0" createdTxStamp="2012-07-01 22:07:42.0"/>
    <TemporalExpression tempExprId="MINUTE_30" tempExprTypeId="MINUTE_RANGE" description="Minute 30" integer1="30" integer2="30" lastUpdatedStamp="2012-07-01 22:07:42.0" lastUpdatedTxStamp="2012-07-01 22:07:42.0" createdStamp="2012-07-01 22:07:42.0" createdTxStamp="2012-07-01 22:07:42.0"/>
    <TemporalExpression tempExprId="MINUTE_31" tempExprTypeId="MINUTE_RANGE" description="Minute 31" integer1="31" integer2="31" lastUpdatedStamp="2012-07-01 22:07:43.0" lastUpdatedTxStamp="2012-07-01 22:07:42.0" createdStamp="2012-07-01 22:07:43.0" createdTxStamp="2012-07-01 22:07:42.0"/>
    <TemporalExpression tempExprId="MINUTE_32" tempExprTypeId="MINUTE_RANGE" description="Minute 32" integer1="32" integer2="32" lastUpdatedStamp="2012-07-01 22:07:43.0" lastUpdatedTxStamp="2012-07-01 22:07:42.0" createdStamp="2012-07-01 22:07:43.0" createdTxStamp="2012-07-01 22:07:42.0"/>
    <TemporalExpression tempExprId="MINUTE_33" tempExprTypeId="MINUTE_RANGE" description="Minute 33" integer1="33" integer2="33" lastUpdatedStamp="2012-07-01 22:07:43.0" lastUpdatedTxStamp="2012-07-01 22:07:42.0" createdStamp="2012-07-01 22:07:43.0" createdTxStamp="2012-07-01 22:07:42.0"/>
    <TemporalExpression tempExprId="MINUTE_34" tempExprTypeId="MINUTE_RANGE" description="Minute 34" integer1="34" integer2="34" lastUpdatedStamp="2012-07-01 22:07:43.0" lastUpdatedTxStamp="2012-07-01 22:07:42.0" createdStamp="2012-07-01 22:07:43.0" createdTxStamp="2012-07-01 22:07:42.0"/>
    <TemporalExpression tempExprId="MINUTE_35" tempExprTypeId="MINUTE_RANGE" description="Minute 35" integer1="35" integer2="35" lastUpdatedStamp="2012-07-01 22:07:43.0" lastUpdatedTxStamp="2012-07-01 22:07:42.0" createdStamp="2012-07-01 22:07:43.0" createdTxStamp="2012-07-01 22:07:42.0"/>
    <TemporalExpression tempExprId="MINUTE_36" tempExprTypeId="MINUTE_RANGE" description="Minute 36" integer1="36" integer2="36" lastUpdatedStamp="2012-07-01 22:07:43.0" lastUpdatedTxStamp="2012-07-01 22:07:42.0" createdStamp="2012-07-01 22:07:43.0" createdTxStamp="2012-07-01 22:07:42.0"/>
    <TemporalExpression tempExprId="MINUTE_37" tempExprTypeId="MINUTE_RANGE" description="Minute 37" integer1="37" integer2="37" lastUpdatedStamp="2012-07-01 22:07:43.0" lastUpdatedTxStamp="2012-07-01 22:07:42.0" createdStamp="2012-07-01 22:07:43.0" createdTxStamp="2012-07-01 22:07:42.0"/>
    <TemporalExpression tempExprId="MINUTE_38" tempExprTypeId="MINUTE_RANGE" description="Minute 38" integer1="38" integer2="38" lastUpdatedStamp="2012-07-01 22:07:43.0" lastUpdatedTxStamp="2012-07-01 22:07:42.0" createdStamp="2012-07-01 22:07:43.0" createdTxStamp="2012-07-01 22:07:42.0"/>
    <TemporalExpression tempExprId="MINUTE_39" tempExprTypeId="MINUTE_RANGE" description="Minute 39" integer1="39" integer2="39" lastUpdatedStamp="2012-07-01 22:07:43.0" lastUpdatedTxStamp="2012-07-01 22:07:42.0" createdStamp="2012-07-01 22:07:43.0" createdTxStamp="2012-07-01 22:07:42.0"/>
    <TemporalExpression tempExprId="MINUTE_40" tempExprTypeId="MINUTE_RANGE" description="Minute 40" integer1="40" integer2="40" lastUpdatedStamp="2012-07-01 22:07:43.0" lastUpdatedTxStamp="2012-07-01 22:07:42.0" createdStamp="2012-07-01 22:07:43.0" createdTxStamp="2012-07-01 22:07:42.0"/>
    <TemporalExpression tempExprId="MINUTE_41" tempExprTypeId="MINUTE_RANGE" description="Minute 41" integer1="41" integer2="41" lastUpdatedStamp="2012-07-01 22:07:43.0" lastUpdatedTxStamp="2012-07-01 22:07:42.0" createdStamp="2012-07-01 22:07:43.0" createdTxStamp="2012-07-01 22:07:42.0"/>
    <TemporalExpression tempExprId="MINUTE_42" tempExprTypeId="MINUTE_RANGE" description="Minute 42" integer1="42" integer2="42" lastUpdatedStamp="2012-07-01 22:07:43.0" lastUpdatedTxStamp="2012-07-01 22:07:42.0" createdStamp="2012-07-01 22:07:43.0" createdTxStamp="2012-07-01 22:07:42.0"/>
    <TemporalExpression tempExprId="MINUTE_43" tempExprTypeId="MINUTE_RANGE" description="Minute 43" integer1="43" integer2="43" lastUpdatedStamp="2012-07-01 22:07:43.0" lastUpdatedTxStamp="2012-07-01 22:07:42.0" createdStamp="2012-07-01 22:07:43.0" createdTxStamp="2012-07-01 22:07:42.0"/>
    <TemporalExpression tempExprId="MINUTE_44" tempExprTypeId="MINUTE_RANGE" description="Minute 44" integer1="44" integer2="44" lastUpdatedStamp="2012-07-01 22:07:43.0" lastUpdatedTxStamp="2012-07-01 22:07:42.0" createdStamp="2012-07-01 22:07:43.0" createdTxStamp="2012-07-01 22:07:42.0"/>
    <TemporalExpression tempExprId="MINUTE_45" tempExprTypeId="MINUTE_RANGE" description="Minute 45" integer1="45" integer2="45" lastUpdatedStamp="2012-07-01 22:07:43.0" lastUpdatedTxStamp="2012-07-01 22:07:42.0" createdStamp="2012-07-01 22:07:43.0" createdTxStamp="2012-07-01 22:07:42.0"/>
    <TemporalExpression tempExprId="MINUTE_46" tempExprTypeId="MINUTE_RANGE" description="Minute 46" integer1="46" integer2="46" lastUpdatedStamp="2012-07-01 22:07:43.0" lastUpdatedTxStamp="2012-07-01 22:07:42.0" createdStamp="2012-07-01 22:07:43.0" createdTxStamp="2012-07-01 22:07:42.0"/>
    <TemporalExpression tempExprId="MINUTE_47" tempExprTypeId="MINUTE_RANGE" description="Minute 47" integer1="47" integer2="47" lastUpdatedStamp="2012-07-01 22:07:43.0" lastUpdatedTxStamp="2012-07-01 22:07:42.0" createdStamp="2012-07-01 22:07:43.0" createdTxStamp="2012-07-01 22:07:42.0"/>
    <TemporalExpression tempExprId="MINUTE_48" tempExprTypeId="MINUTE_RANGE" description="Minute 48" integer1="48" integer2="48" lastUpdatedStamp="2012-07-01 22:07:43.0" lastUpdatedTxStamp="2012-07-01 22:07:42.0" createdStamp="2012-07-01 22:07:43.0" createdTxStamp="2012-07-01 22:07:42.0"/>
    <TemporalExpression tempExprId="MINUTE_49" tempExprTypeId="MINUTE_RANGE" description="Minute 49" integer1="49" integer2="49" lastUpdatedStamp="2012-07-01 22:07:43.0" lastUpdatedTxStamp="2012-07-01 22:07:42.0" createdStamp="2012-07-01 22:07:43.0" createdTxStamp="2012-07-01 22:07:42.0"/>
    <TemporalExpression tempExprId="MINUTE_50" tempExprTypeId="MINUTE_RANGE" description="Minute 50" integer1="50" integer2="50" lastUpdatedStamp="2012-07-01 22:07:43.0" lastUpdatedTxStamp="2012-07-01 22:07:42.0" createdStamp="2012-07-01 22:07:43.0" createdTxStamp="2012-07-01 22:07:42.0"/>
    <TemporalExpression tempExprId="MINUTE_51" tempExprTypeId="MINUTE_RANGE" description="Minute 51" integer1="51" integer2="51" lastUpdatedStamp="2012-07-01 22:07:43.0" lastUpdatedTxStamp="2012-07-01 22:07:42.0" createdStamp="2012-07-01 22:07:43.0" createdTxStamp="2012-07-01 22:07:42.0"/>
    <TemporalExpression tempExprId="MINUTE_52" tempExprTypeId="MINUTE_RANGE" description="Minute 52" integer1="52" integer2="52" lastUpdatedStamp="2012-07-01 22:07:43.0" lastUpdatedTxStamp="2012-07-01 22:07:42.0" createdStamp="2012-07-01 22:07:43.0" createdTxStamp="2012-07-01 22:07:42.0"/>
    <TemporalExpression tempExprId="MINUTE_53" tempExprTypeId="MINUTE_RANGE" description="Minute 53" integer1="53" integer2="53" lastUpdatedStamp="2012-07-01 22:07:43.0" lastUpdatedTxStamp="2012-07-01 22:07:42.0" createdStamp="2012-07-01 22:07:43.0" createdTxStamp="2012-07-01 22:07:42.0"/>
    <TemporalExpression tempExprId="MINUTE_54" tempExprTypeId="MINUTE_RANGE" description="Minute 54" integer1="54" integer2="54" lastUpdatedStamp="2012-07-01 22:07:43.0" lastUpdatedTxStamp="2012-07-01 22:07:42.0" createdStamp="2012-07-01 22:07:43.0" createdTxStamp="2012-07-01 22:07:42.0"/>
    <TemporalExpression tempExprId="MINUTE_55" tempExprTypeId="MINUTE_RANGE" description="Minute 55" integer1="55" integer2="55" lastUpdatedStamp="2012-07-01 22:07:43.0" lastUpdatedTxStamp="2012-07-01 22:07:42.0" createdStamp="2012-07-01 22:07:43.0" createdTxStamp="2012-07-01 22:07:42.0"/>
    <TemporalExpression tempExprId="MINUTE_56" tempExprTypeId="MINUTE_RANGE" description="Minute 56" integer1="56" integer2="56" lastUpdatedStamp="2012-07-01 22:07:43.0" lastUpdatedTxStamp="2012-07-01 22:07:42.0" createdStamp="2012-07-01 22:07:43.0" createdTxStamp="2012-07-01 22:07:42.0"/>
    <TemporalExpression tempExprId="MINUTE_57" tempExprTypeId="MINUTE_RANGE" description="Minute 57" integer1="57" integer2="57" lastUpdatedStamp="2012-07-01 22:07:43.0" lastUpdatedTxStamp="2012-07-01 22:07:42.0" createdStamp="2012-07-01 22:07:43.0" createdTxStamp="2012-07-01 22:07:42.0"/>
    <TemporalExpression tempExprId="MINUTE_58" tempExprTypeId="MINUTE_RANGE" description="Minute 58" integer1="58" integer2="58" lastUpdatedStamp="2012-07-01 22:07:43.0" lastUpdatedTxStamp="2012-07-01 22:07:42.0" createdStamp="2012-07-01 22:07:43.0" createdTxStamp="2012-07-01 22:07:42.0"/>
    <TemporalExpression tempExprId="MINUTE_59" tempExprTypeId="MINUTE_RANGE" description="Minute 59" integer1="59" integer2="59" lastUpdatedStamp="2012-07-01 22:07:43.0" lastUpdatedTxStamp="2012-07-01 22:07:42.0" createdStamp="2012-07-01 22:07:43.0" createdTxStamp="2012-07-01 22:07:42.0"/>
    <TemporalExpression tempExprId="MLK_DAY" tempExprTypeId="INTERSECTION" description="Martin Luther King Day" lastUpdatedStamp="2012-07-01 22:07:43.0" lastUpdatedTxStamp="2012-07-01 22:07:42.0" createdStamp="2012-07-01 22:07:43.0" createdTxStamp="2012-07-01 22:07:42.0"/>
    <TemporalExpression tempExprId="MONTH_RANGE_01" tempExprTypeId="MONTH_RANGE" description="January" integer1="0" integer2="0" lastUpdatedStamp="2012-07-01 22:07:43.0" lastUpdatedTxStamp="2012-07-01 22:07:42.0" createdStamp="2012-07-01 22:07:43.0" createdTxStamp="2012-07-01 22:07:42.0"/>
    <TemporalExpression tempExprId="MONTH_RANGE_02" tempExprTypeId="MONTH_RANGE" description="February" integer1="1" integer2="1" lastUpdatedStamp="2012-07-01 22:07:43.0" lastUpdatedTxStamp="2012-07-01 22:07:42.0" createdStamp="2012-07-01 22:07:43.0" createdTxStamp="2012-07-01 22:07:42.0"/>
    <TemporalExpression tempExprId="MONTH_RANGE_03" tempExprTypeId="MONTH_RANGE" description="March" integer1="2" integer2="2" lastUpdatedStamp="2012-07-01 22:07:43.0" lastUpdatedTxStamp="2012-07-01 22:07:42.0" createdStamp="2012-07-01 22:07:43.0" createdTxStamp="2012-07-01 22:07:42.0"/>
    <TemporalExpression tempExprId="MONTH_RANGE_04" tempExprTypeId="MONTH_RANGE" description="April" integer1="3" integer2="3" lastUpdatedStamp="2012-07-01 22:07:43.0" lastUpdatedTxStamp="2012-07-01 22:07:42.0" createdStamp="2012-07-01 22:07:43.0" createdTxStamp="2012-07-01 22:07:42.0"/>
    <TemporalExpression tempExprId="MONTH_RANGE_05" tempExprTypeId="MONTH_RANGE" description="May" integer1="4" integer2="4" lastUpdatedStamp="2012-07-01 22:07:43.0" lastUpdatedTxStamp="2012-07-01 22:07:42.0" createdStamp="2012-07-01 22:07:43.0" createdTxStamp="2012-07-01 22:07:42.0"/>
    <TemporalExpression tempExprId="MONTH_RANGE_06" tempExprTypeId="MONTH_RANGE" description="June" integer1="5" integer2="5" lastUpdatedStamp="2012-07-01 22:07:43.0" lastUpdatedTxStamp="2012-07-01 22:07:42.0" createdStamp="2012-07-01 22:07:43.0" createdTxStamp="2012-07-01 22:07:42.0"/>
    <TemporalExpression tempExprId="MONTH_RANGE_07" tempExprTypeId="MONTH_RANGE" description="July" integer1="6" integer2="6" lastUpdatedStamp="2012-07-01 22:07:43.0" lastUpdatedTxStamp="2012-07-01 22:07:42.0" createdStamp="2012-07-01 22:07:43.0" createdTxStamp="2012-07-01 22:07:42.0"/>
    <TemporalExpression tempExprId="MONTH_RANGE_08" tempExprTypeId="MONTH_RANGE" description="August" integer1="7" integer2="7" lastUpdatedStamp="2012-07-01 22:07:43.0" lastUpdatedTxStamp="2012-07-01 22:07:42.0" createdStamp="2012-07-01 22:07:43.0" createdTxStamp="2012-07-01 22:07:42.0"/>
    <TemporalExpression tempExprId="MONTH_RANGE_09" tempExprTypeId="MONTH_RANGE" description="September" integer1="8" integer2="8" lastUpdatedStamp="2012-07-01 22:07:43.0" lastUpdatedTxStamp="2012-07-01 22:07:42.0" createdStamp="2012-07-01 22:07:43.0" createdTxStamp="2012-07-01 22:07:42.0"/>
    <TemporalExpression tempExprId="MONTH_RANGE_10" tempExprTypeId="MONTH_RANGE" description="October" integer1="9" integer2="9" lastUpdatedStamp="2012-07-01 22:07:43.0" lastUpdatedTxStamp="2012-07-01 22:07:42.0" createdStamp="2012-07-01 22:07:43.0" createdTxStamp="2012-07-01 22:07:42.0"/>
    <TemporalExpression tempExprId="MONTH_RANGE_11" tempExprTypeId="MONTH_RANGE" description="November" integer1="10" integer2="10" lastUpdatedStamp="2012-07-01 22:07:43.0" lastUpdatedTxStamp="2012-07-01 22:07:42.0" createdStamp="2012-07-01 22:07:43.0" createdTxStamp="2012-07-01 22:07:42.0"/>
    <TemporalExpression tempExprId="MONTH_RANGE_12" tempExprTypeId="MONTH_RANGE" description="December" integer1="11" integer2="11" lastUpdatedStamp="2012-07-01 22:07:43.0" lastUpdatedTxStamp="2012-07-01 22:07:42.0" createdStamp="2012-07-01 22:07:43.0" createdTxStamp="2012-07-01 22:07:42.0"/>
    <TemporalExpression tempExprId="MONTH_RANGE_13" tempExprTypeId="MONTH_RANGE" description="Undecimber" integer1="12" integer2="12" lastUpdatedStamp="2012-07-01 22:07:43.0" lastUpdatedTxStamp="2012-07-01 22:07:42.0" createdStamp="2012-07-01 22:07:43.0" createdTxStamp="2012-07-01 22:07:42.0"/>
    <TemporalExpression tempExprId="MON_TO_FRI" tempExprTypeId="DAY_OF_WEEK_RANGE" description="Monday to Friday" integer1="2" integer2="6" lastUpdatedStamp="2012-07-01 22:07:43.0" lastUpdatedTxStamp="2012-07-01 22:07:42.0" createdStamp="2012-07-01 22:07:43.0" createdTxStamp="2012-07-01 22:07:42.0"/>
    <TemporalExpression tempExprId="PRESIDENTS_DAY" tempExprTypeId="INTERSECTION" description="Presidents Day" lastUpdatedStamp="2012-07-01 22:07:43.0" lastUpdatedTxStamp="2012-07-01 22:07:42.0" createdStamp="2012-07-01 22:07:43.0" createdTxStamp="2012-07-01 22:07:42.0"/>
    <TemporalExpression tempExprId="SAT_TO_SUN" tempExprTypeId="DAY_OF_WEEK_RANGE" description="Saturday to Sunday" integer1="7" integer2="1" lastUpdatedStamp="2012-07-01 22:07:43.0" lastUpdatedTxStamp="2012-07-01 22:07:42.0" createdStamp="2012-07-01 22:07:43.0" createdTxStamp="2012-07-01 22:07:42.0"/>
    <TemporalExpression tempExprId="THANKSGIVING_DAY" tempExprTypeId="INTERSECTION" description="Thanksgiving Day" lastUpdatedStamp="2012-07-01 22:07:43.0" lastUpdatedTxStamp="2012-07-01 22:07:42.0" createdStamp="2012-07-01 22:07:43.0" createdTxStamp="2012-07-01 22:07:42.0"/>
    <TemporalExpression tempExprId="US_FED_HOLIDAYS" tempExprTypeId="UNION" description="US Federal Holidays" lastUpdatedStamp="2012-07-01 22:07:43.0" lastUpdatedTxStamp="2012-07-01 22:07:42.0" createdStamp="2012-07-01 22:07:43.0" createdTxStamp="2012-07-01 22:07:42.0"/>
    <TemporalExpression tempExprId="VETERANS_DAY" tempExprTypeId="INTERSECTION" description="Veterans Day" lastUpdatedStamp="2012-07-01 22:07:43.0" lastUpdatedTxStamp="2012-07-01 22:07:42.0" createdStamp="2012-07-01 22:07:43.0" createdTxStamp="2012-07-01 22:07:42.0"/>
</entity-engine-xml>
