<?xml version="1.0" encoding="UTF-8"?>
<entity-engine-xml>
    <TSystemMenu menuId="analyticStatistics" menuName="&#20998;&#26512;&#32479;&#35745;" menuType="0" parentId="warehouseManagement" sort="15" styleName="analytic-statistics" display="1" description="&#20998;&#26512;&#32479;&#35745;" lastUpdatedStamp="2012-07-09 23:19:56.0" lastUpdatedTxStamp="2012-07-09 23:19:56.0" createdStamp="2012-07-09 23:19:56.0" createdTxStamp="2012-07-09 23:19:56.0"/>
    <TSystemMenu menuId="basicCodingMaintaince" menuName="&#22522;&#30784;&#20195;&#30721;&#32500;&#25252;" menuType="1" parentId="basicSetting" sort="31" hyperlink="basiccodingmaintaince" styleName="basic-coding-maintaince" display="0" description="&#22522;&#30784;&#20195;&#30721;&#32500;&#25252;&#27169;&#22359;" lastUpdatedStamp="2012-07-09 23:19:56.0" lastUpdatedTxStamp="2012-07-09 23:19:56.0" createdStamp="2012-07-09 23:19:56.0" createdTxStamp="2012-07-09 23:19:56.0"/>
    <TSystemMenu menuId="basicSetting" menuName="&#22522;&#30784;&#35774;&#32622;" menuType="0" parentId="-1" sort="3" styleName="basic-setting" display="1" description="&#22522;&#30784;&#35774;&#32622;&#27169;&#22359;" lastUpdatedStamp="2012-07-09 23:19:56.0" lastUpdatedTxStamp="2012-07-09 23:19:56.0" createdStamp="2012-07-09 23:19:56.0" createdTxStamp="2012-07-09 23:19:56.0"/>
    <TSystemMenu menuId="BOMBillInfoMaintaince" menuName="BOM&#21333;&#36164;&#26009;&#32500;&#25252;" menuType="1" parentId="basicSetting" sort="37" hyperlink="bombillinfomaintaince" styleName="BOM-bill-info-maintaince" display="1" description="BOM&#21333;&#36164;&#26009;&#32500;&#25252;" lastUpdatedStamp="2012-07-09 23:19:56.0" lastUpdatedTxStamp="2012-07-09 23:19:56.0" createdStamp="2012-07-09 23:19:56.0" createdTxStamp="2012-07-09 23:19:56.0"/>
    <TSystemMenu menuId="consignDrawMaterial" menuName="&#22996;&#22806;&#39046;&#26009;" menuType="1" parentId="consignProcess" sort="121" hyperlink="ConsignDrawMateriallist" styleName="consign-draw-material" display="1" description="&#22996;&#22806;&#39046;&#26009;" lastUpdatedStamp="2012-07-09 23:19:56.0" lastUpdatedTxStamp="2012-07-09 23:19:56.0" createdStamp="2012-07-09 23:19:56.0" createdTxStamp="2012-07-09 23:19:56.0"/>
    <TSystemMenu menuId="consignProcess" menuName="&#22996;&#22806;&#21152;&#24037;" menuType="0" parentId="warehouseManagement" sort="12" styleName="consign-process" display="1" description="&#22996;&#22806;&#21152;&#24037;" lastUpdatedStamp="2012-07-09 23:19:56.0" lastUpdatedTxStamp="2012-07-09 23:19:56.0" createdStamp="2012-07-09 23:19:56.0" createdTxStamp="2012-07-09 23:19:56.0"/>
    <TSystemMenu menuId="consignProcessMatchingReport" menuName="&#21457;&#22806;&#21152;&#24037;&#23545;&#25968;&#34920;" menuType="1" parentId="analyticStatistics" sort="154" hyperlink="consignprocessmatchingreport" styleName="consign-process-matching-report" display="1" description="&#21457;&#22806;&#21152;&#24037;&#23545;&#25968;&#34920;" lastUpdatedStamp="2012-07-09 23:19:56.0" lastUpdatedTxStamp="2012-07-09 23:19:56.0" createdStamp="2012-07-09 23:19:56.0" createdTxStamp="2012-07-09 23:19:56.0"/>
    <TSystemMenu menuId="consignReturnMaterial" menuName="&#22996;&#22806;&#36864;&#26009;" menuType="1" parentId="consignProcess" sort="122" hyperlink="ConsignReturnMateriallist" styleName="consign-return-material" display="1" description="&#22996;&#22806;&#36864;&#26009;" lastUpdatedStamp="2012-07-09 23:19:56.0" lastUpdatedTxStamp="2012-07-09 23:19:56.0" createdStamp="2012-07-09 23:19:56.0" createdTxStamp="2012-07-09 23:19:56.0"/>
    <TSystemMenu menuId="consignReturnProduct" menuName="&#22996;&#22806;&#36864;&#36135;" menuType="1" parentId="consignProcess" sort="124" hyperlink="ConsignReturnProductlist" styleName="consign-return-product" display="1" description="&#22996;&#22806;&#36864;&#36135;" lastUpdatedStamp="2012-07-09 23:19:56.0" lastUpdatedTxStamp="2012-07-09 23:19:56.0" createdStamp="2012-07-09 23:19:56.0" createdTxStamp="2012-07-09 23:19:56.0"/>
    <TSystemMenu menuId="consignWarehousing" menuName="&#22996;&#22806;&#20837;&#24211;" menuType="1" parentId="consignProcess" sort="123" hyperlink="ConsignWarehousinglist" styleName="consign-warehousing" display="1" description="&#22996;&#22806;&#20837;&#24211;" lastUpdatedStamp="2012-07-09 23:19:56.0" lastUpdatedTxStamp="2012-07-09 23:19:56.0" createdStamp="2012-07-09 23:19:56.0" createdTxStamp="2012-07-09 23:19:56.0"/>
    <TSystemMenu menuId="custInfoMaintaince" menuName="&#23458;&#25143;&#36164;&#26009;&#32500;&#25252;" menuType="1" parentId="basicSetting" sort="32" hyperlink="custinfomaintaince" styleName="cust-info-maintaince" display="1" description="&#23458;&#25143;&#36164;&#26009;&#32500;&#25252;&#39029;&#38754;" lastUpdatedStamp="2012-07-09 23:19:56.0" lastUpdatedTxStamp="2012-07-09 23:19:56.0" createdStamp="2012-07-09 23:19:56.0" createdTxStamp="2012-07-09 23:19:56.0"/>
    <TSystemMenu menuId="departmentInfoMaintaince" menuName="&#37096;&#38376;&#36164;&#26009;&#32500;&#25252;" menuType="1" parentId="basicSetting" sort="35" hyperlink="departmentinfomaintaince" styleName="department-info-maintaince" display="1" description="&#37096;&#38376;&#36164;&#26009;&#32500;&#25252;&#39029;&#38754;" lastUpdatedStamp="2012-07-09 23:19:56.0" lastUpdatedTxStamp="2012-07-09 23:19:56.0" createdStamp="2012-07-09 23:19:56.0" createdTxStamp="2012-07-09 23:19:56.0"/>
    <TSystemMenu menuId="logManagement" menuName="&#26085;&#24535;&#31649;&#29702;" menuType="1" parentId="systemManagement" sort="22" hyperlink="logmanagement" styleName="log-management" display="1" description="&#26085;&#24535;&#31649;&#29702;&#39029;&#38754;" lastUpdatedStamp="2012-07-09 23:19:56.0" lastUpdatedTxStamp="2012-07-09 23:19:56.0" createdStamp="2012-07-09 23:19:56.0" createdTxStamp="2012-07-09 23:19:56.0"/>
    <TSystemMenu menuId="materialInfoMaintaince" menuName="&#26009;&#21697;&#36164;&#26009;&#32500;&#25252;" menuType="1" parentId="basicSetting" sort="34" hyperlink="materialinfomaintaince" styleName="material-info-maintaince" display="1" description="&#26009;&#21697;&#36164;&#26009;&#32500;&#25252;&#39029;&#38754;" lastUpdatedStamp="2012-07-09 23:19:56.0" lastUpdatedTxStamp="2012-07-09 23:19:56.0" createdStamp="2012-07-09 23:19:56.0" createdTxStamp="2012-07-09 23:19:56.0"/>
    <TSystemMenu menuId="packingMaterialReport" menuName="&#23433;&#35013;&#21253;&#35013;&#26448;&#26009;&#34920;" menuType="1" parentId="analyticStatistics" sort="156" hyperlink="packingmaterialreport" styleName="packing-material-report" display="1" description="&#23433;&#35013;&#21253;&#35013;&#26448;&#26009;&#34920;" lastUpdatedStamp="2012-07-09 23:19:56.0" lastUpdatedTxStamp="2012-07-09 23:19:56.0" createdStamp="2012-07-09 23:19:56.0" createdTxStamp="2012-07-09 23:19:56.0"/>
    <TSystemMenu menuId="productionPlan" menuName="&#29983;&#20135;&#35745;&#21010;" menuType="1" parentId="workshopManufacture" sort="136" hyperlink="productionplan" styleName="production-plan" display="1" description="&#29983;&#20135;&#35745;&#21010;" lastUpdatedStamp="2012-07-09 23:19:56.0" lastUpdatedTxStamp="2012-07-09 23:19:56.0" createdStamp="2012-07-09 23:19:56.0" createdTxStamp="2012-07-09 23:19:56.0"/>
    <TSystemMenu menuId="productReport" menuName="&#25104;&#21697;&#25253;&#34920;" menuType="1" parentId="analyticStatistics" sort="157" hyperlink="productreport" styleName="product-report" display="1" description="&#25104;&#21697;&#25253;&#34920;" lastUpdatedStamp="2012-07-09 23:19:56.0" lastUpdatedTxStamp="2012-07-09 23:19:56.0" createdStamp="2012-07-09 23:19:56.0" createdTxStamp="2012-07-09 23:19:56.0"/>
    <TSystemMenu menuId="purchaseBillManagement" menuName="&#37319;&#36141;&#21333;&#31649;&#29702;" menuType="1" parentId="purchaseManagement" sort="111" hyperlink="PurchaseBilllist" styleName="purchase-bill-management" display="1" description="&#37319;&#36141;&#21333;&#31649;&#29702;" lastUpdatedStamp="2012-07-09 23:19:56.0" lastUpdatedTxStamp="2012-07-09 23:19:56.0" createdStamp="2012-07-09 23:19:56.0" createdTxStamp="2012-07-09 23:19:56.0"/>
    <TSystemMenu menuId="purchaseManagement" menuName="&#37319;&#36141;&#31649;&#29702;" menuType="0" parentId="warehouseManagement" sort="11" styleName="purchase-management" display="1" description="&#37319;&#36141;&#31649;&#29702;" lastUpdatedStamp="2012-07-09 23:19:56.0" lastUpdatedTxStamp="2012-07-09 23:19:56.0" createdStamp="2012-07-09 23:19:56.0" createdTxStamp="2012-07-09 23:19:56.0"/>
    <TSystemMenu menuId="purchaseMatchingReport" menuName="&#37319;&#36141;&#23545;&#25968;&#34920;" menuType="1" parentId="analyticStatistics" sort="155" hyperlink="purchasematchingreport" styleName="purchase-matching-report" display="1" description="&#37319;&#36141;&#23545;&#25968;&#34920;" lastUpdatedStamp="2012-07-09 23:19:56.0" lastUpdatedTxStamp="2012-07-09 23:19:56.0" createdStamp="2012-07-09 23:19:56.0" createdTxStamp="2012-07-09 23:19:56.0"/>
    <TSystemMenu menuId="purchaseReturn" menuName="&#37319;&#36141;&#36864;&#36135;" menuType="1" parentId="purchaseManagement" sort="113" hyperlink="PurchaseReturnlist" styleName="purchase-return" display="1" description="&#37319;&#36141;&#36864;&#36135;" lastUpdatedStamp="2012-07-09 23:19:56.0" lastUpdatedTxStamp="2012-07-09 23:19:56.0" createdStamp="2012-07-09 23:19:56.0" createdTxStamp="2012-07-09 23:19:56.0"/>
    <TSystemMenu menuId="purchaseWarehousing" menuName="&#37319;&#36141;&#20837;&#24211;" menuType="1" parentId="purchaseManagement" sort="112" hyperlink="PurchaseWarehousinglist" styleName="purchase-warehousing" display="1" description="&#37319;&#36141;&#20837;&#24211;" lastUpdatedStamp="2012-07-09 23:19:56.0" lastUpdatedTxStamp="2012-07-09 23:19:56.0" createdStamp="2012-07-09 23:19:56.0" createdTxStamp="2012-07-09 23:19:56.0"/>
    <TSystemMenu menuId="RegionMaintaince" menuName="&#22320;&#21306;&#34920;&#32500;&#25252;" menuType="1" parentId="basicSetting" sort="42" hyperlink="regionlist" styleName="region-maintaince" display="1" description="&#22320;&#21306;&#34920;&#32500;&#25252;" lastUpdatedStamp="2012-07-09 23:19:56.0" lastUpdatedTxStamp="2012-07-09 23:19:56.0" createdStamp="2012-07-09 23:19:56.0" createdTxStamp="2012-07-09 23:19:56.0"/>
    <TSystemMenu menuId="semiProductCostReport" menuName="&#40657;&#22383;&#26448;&#26009;&#32791;&#29992;&#34920;" menuType="1" parentId="analyticStatistics" sort="153" hyperlink="semiproductcostreport" styleName="semi-product-cost-report" display="1" description="&#40657;&#32986;&#26448;&#26009;&#32791;&#29992;&#34920;" lastUpdatedStamp="2012-07-09 23:19:56.0" lastUpdatedTxStamp="2012-07-09 23:19:56.0" createdStamp="2012-07-09 23:19:56.0" createdTxStamp="2012-07-09 23:19:56.0"/>
    <TSystemMenu menuId="staffInfoMaintaince" menuName="&#32844;&#21592;&#36164;&#26009;&#32500;&#25252;" menuType="1" parentId="basicSetting" sort="36" hyperlink="staffInfomaintaince" styleName="staff-info-maintaince" display="0" description="&#32844;&#21592;&#36164;&#26009;&#32500;&#25252;&#39029;&#38754;" lastUpdatedStamp="2012-07-09 23:19:56.0" lastUpdatedTxStamp="2012-07-09 23:19:56.0" createdStamp="2012-07-09 23:19:56.0" createdTxStamp="2012-07-09 23:19:56.0"/>
    <TSystemMenu menuId="stockAdjust" menuName="&#20179;&#24211;&#35843;&#25972;&#21333;" menuType="1" parentId="stockAdjustManagement" sort="161" hyperlink="stockadjustlist" styleName="stock-adjust" display="1" description="&#20179;&#24211;&#35843;&#25972;&#21333;" lastUpdatedStamp="2012-07-09 23:19:56.0" lastUpdatedTxStamp="2012-07-09 23:19:56.0" createdStamp="2012-07-09 23:19:56.0" createdTxStamp="2012-07-09 23:19:56.0"/>
    <TSystemMenu menuId="stockAdjustManagement" menuName="&#24211;&#23384;&#35843;&#25972;" menuType="0" parentId="warehouseManagement" sort="16" styleName="stock-adjust-management" display="1" description="&#24211;&#23384;&#35843;&#25972;" lastUpdatedStamp="2012-07-09 23:19:56.0" lastUpdatedTxStamp="2012-07-09 23:19:56.0" createdStamp="2012-07-09 23:19:56.0" createdTxStamp="2012-07-09 23:19:56.0"/>
    <TSystemMenu menuId="stockDetail" menuName="&#24211;&#23384;&#24773;&#20917;" menuType="1" parentId="analyticStatistics" sort="151" hyperlink="stockdetail" styleName="stock-detail" display="1" description="&#24211;&#23384;&#24773;&#20917;" lastUpdatedStamp="2012-07-09 23:19:56.0" lastUpdatedTxStamp="2012-07-09 23:19:56.0" createdStamp="2012-07-09 23:19:56.0" createdTxStamp="2012-07-09 23:19:56.0"/>
    <TSystemMenu menuId="stockSettle" menuName="&#23384;&#36135;&#26680;&#31639;" menuType="1" parentId="systemManagement" sort="23" hyperlink="stockSettle" styleName="stock-settle" display="1" description="&#23384;&#36135;&#26680;&#31639;&#39029;&#38754;" lastUpdatedStamp="2012-07-09 23:19:56.0" lastUpdatedTxStamp="2012-07-09 23:19:56.0" createdStamp="2012-07-09 23:19:56.0" createdTxStamp="2012-07-09 23:19:56.0"/>
    <TSystemMenu menuId="SupplierMaintaince" menuName="&#20379;&#24212;&#21830;&#36164;&#26009;&#32500;&#25252;" menuType="1" parentId="basicSetting" sort="40" hyperlink="Supplierlist" styleName="supplier-maintaince" display="1" description="&#20379;&#24212;&#21830;&#31649;&#29702;" lastUpdatedStamp="2012-07-09 23:19:56.0" lastUpdatedTxStamp="2012-07-09 23:19:56.0" createdStamp="2012-07-09 23:19:56.0" createdTxStamp="2012-07-09 23:19:56.0"/>
    <TSystemMenu menuId="supplierStockAdjust" menuName="&#20379;&#24212;&#21830;&#35843;&#25972;&#21333;" menuType="1" parentId="stockAdjustManagement" sort="163" hyperlink="supplierstockadjustlist" styleName="supplier-stock-adjust" display="1" description="&#20379;&#24212;&#21830;&#35843;&#25972;&#21333;" lastUpdatedStamp="2012-07-09 23:19:56.0" lastUpdatedTxStamp="2012-07-09 23:19:56.0" createdStamp="2012-07-09 23:19:56.0" createdTxStamp="2012-07-09 23:19:56.0"/>
    <TSystemMenu menuId="systemManagement" menuName="&#31995;&#32479;&#31649;&#29702;" menuType="0" parentId="-1" sort="2" styleName="system-management" display="1" description="&#31995;&#32479;&#31649;&#29702;&#27169;&#22359;" lastUpdatedStamp="2012-07-09 23:19:56.0" lastUpdatedTxStamp="2012-07-09 23:19:56.0" createdStamp="2012-07-09 23:19:56.0" createdTxStamp="2012-07-09 23:19:56.0"/>
    <TSystemMenu menuId="UnitMaintaince" menuName="&#35745;&#37327;&#21333;&#20301;&#32500;&#25252;" menuType="1" parentId="basicSetting" sort="38" hyperlink="unitlist" styleName="unit-info-maintaince" display="1" description="&#35745;&#37327;&#21333;&#20301;&#32500;&#25252;" lastUpdatedStamp="2012-07-09 23:19:56.0" lastUpdatedTxStamp="2012-07-09 23:19:56.0" createdStamp="2012-07-09 23:19:56.0" createdTxStamp="2012-07-09 23:19:56.0"/>
    <TSystemMenu menuId="userInfo" menuName="&#20010;&#20154;&#36164;&#26009;&#32500;&#25252;" menuType="1" parentId="systemManagement" sort="24" hyperlink="userinfo" styleName="user-info" display="1" description="&#20010;&#20154;&#36164;&#26009;&#31649;&#29702;&#39029;&#38754;" lastUpdatedStamp="2012-07-09 23:19:56.0" lastUpdatedTxStamp="2012-07-09 23:19:56.0" createdStamp="2012-07-09 23:19:56.0" createdTxStamp="2012-07-09 23:19:56.0"/>
    <TSystemMenu menuId="userManagement" menuName="&#29992;&#25143;&#31649;&#29702;" menuType="1" parentId="systemManagement" sort="21" hyperlink="usermanagement" styleName="user-management" display="1" description="&#29992;&#25143;&#31649;&#29702;&#39029;&#38754;" lastUpdatedStamp="2012-07-09 23:19:56.0" lastUpdatedTxStamp="2012-07-09 23:19:56.0" createdStamp="2012-07-09 23:19:56.0" createdTxStamp="2012-07-09 23:19:56.0"/>
    <TSystemMenu menuId="warehouseInfoMaintaince" menuName="&#20179;&#24211;&#36164;&#26009;&#32500;&#25252;" menuType="1" parentId="basicSetting" sort="33" hyperlink="warehouseinfomaintaince" styleName="warehouse-info-maintaince" display="1" description="&#20179;&#24211;&#36164;&#26009;&#32500;&#25252;&#39029;&#38754;" lastUpdatedStamp="2012-07-09 23:19:56.0" lastUpdatedTxStamp="2012-07-09 23:19:56.0" createdStamp="2012-07-09 23:19:56.0" createdTxStamp="2012-07-09 23:19:56.0"/>
    <TSystemMenu menuId="warehouseManagement" menuName="&#20179;&#24211;&#31649;&#29702;" menuType="0" parentId="-1" sort="1" styleName="warehouse-management" display="1" description="&#20179;&#24211;&#31649;&#29702;" lastUpdatedStamp="2012-07-09 23:19:56.0" lastUpdatedTxStamp="2012-07-09 23:19:56.0" createdStamp="2012-07-09 23:19:56.0" createdTxStamp="2012-07-09 23:19:56.0"/>
    <TSystemMenu menuId="WarehousetTypeMaintaince" menuName="&#20179;&#24211;&#31867;&#22411;&#32500;&#25252;" menuType="1" parentId="basicSetting" sort="39" hyperlink="warehousetypelist" styleName="warehouse-type-maintaince" display="1" description="&#20179;&#24211;&#31867;&#22411;&#32500;&#25252;" lastUpdatedStamp="2012-07-09 23:19:56.0" lastUpdatedTxStamp="2012-07-09 23:19:56.0" createdStamp="2012-07-09 23:19:56.0" createdTxStamp="2012-07-09 23:19:56.0"/>
    <TSystemMenu menuId="workshopDrawMaterial" menuName="&#21046;&#36896;&#39046;&#26009;" menuType="1" parentId="workshopManufacture" sort="131" hyperlink="WorkshopDrawMateriallist" styleName="workshop-draw-material" display="1" description="&#21046;&#36896;&#39046;&#26009;" lastUpdatedStamp="2012-07-09 23:19:56.0" lastUpdatedTxStamp="2012-07-09 23:19:56.0" createdStamp="2012-07-09 23:19:56.0" createdTxStamp="2012-07-09 23:19:56.0"/>
    <TSystemMenu menuId="WorkshopMaintaince" menuName="&#36710;&#38388;&#36164;&#26009;&#32500;&#25252;" menuType="1" parentId="basicSetting" sort="41" hyperlink="workshoplist" styleName="workshop-maintaince" display="1" description="&#36710;&#38388;&#31649;&#29702;" lastUpdatedStamp="2012-07-09 23:19:56.0" lastUpdatedTxStamp="2012-07-09 23:19:56.0" createdStamp="2012-07-09 23:19:56.0" createdTxStamp="2012-07-09 23:19:56.0"/>
    <TSystemMenu menuId="workshopManufacture" menuName="&#36710;&#38388;&#21046;&#36896;" menuType="0" parentId="warehouseManagement" sort="13" styleName="workshop-manufacture" display="1" description="&#36710;&#38388;&#21046;&#36896;" lastUpdatedStamp="2012-07-09 23:19:56.0" lastUpdatedTxStamp="2012-07-09 23:19:56.0" createdStamp="2012-07-09 23:19:56.0" createdTxStamp="2012-07-09 23:19:56.0"/>
    <TSystemMenu menuId="WorkshopOtherDrawBill" menuName="&#21046;&#36896;&#20854;&#23427;&#39046;&#26009;" menuType="1" parentId="workshopManufacture" sort="135" hyperlink="WorkshopOtherDrawBilllist" styleName="workshop-return-product" display="1" description="&#21046;&#36896;&#20854;&#23427;&#39046;&#26009;" lastUpdatedStamp="2012-07-09 23:19:56.0" lastUpdatedTxStamp="2012-07-09 23:19:56.0" createdStamp="2012-07-09 23:19:56.0" createdTxStamp="2012-07-09 23:19:56.0"/>
    <TSystemMenu menuId="workshopReturnMaterial" menuName="&#21046;&#36896;&#36864;&#26009;" menuType="1" parentId="workshopManufacture" sort="132" hyperlink="WorkshopReturnMateriallist" styleName="workshop-return-material" display="1" description="&#21046;&#36896;&#36864;&#26009;" lastUpdatedStamp="2012-07-09 23:19:56.0" lastUpdatedTxStamp="2012-07-09 23:19:56.0" createdStamp="2012-07-09 23:19:56.0" createdTxStamp="2012-07-09 23:19:56.0"/>
    <TSystemMenu menuId="workshopReturnProduct" menuName="&#21046;&#36896;&#36864;&#36135;" menuType="1" parentId="workshopManufacture" sort="134" hyperlink="WorkshopReturnProductlist" styleName="workshop-return-product" display="1" description="&#21046;&#36896;&#36864;&#36135;" lastUpdatedStamp="2012-07-09 23:19:56.0" lastUpdatedTxStamp="2012-07-09 23:19:56.0" createdStamp="2012-07-09 23:19:56.0" createdTxStamp="2012-07-09 23:19:56.0"/>
    <TSystemMenu menuId="workshopStockAdjust" menuName="&#36710;&#38388;&#35843;&#25972;&#21333;" menuType="1" parentId="stockAdjustManagement" sort="162" hyperlink="workshopstockadjustlist" styleName="workshop-stock-adjust" display="1" description="&#36710;&#38388;&#35843;&#25972;&#21333;" lastUpdatedStamp="2012-07-09 23:19:56.0" lastUpdatedTxStamp="2012-07-09 23:19:56.0" createdStamp="2012-07-09 23:19:56.0" createdTxStamp="2012-07-09 23:19:56.0"/>
    <TSystemMenu menuId="workshopStockDetail" menuName="&#36710;&#38388;&#20648;&#22791;&#24773;&#20917;" menuType="1" parentId="analyticStatistics" sort="152" hyperlink="workshopstockdetail" styleName="workshop-stock-detail" display="1" description="&#36710;&#38388;&#20648;&#22791;&#24773;&#20917;" lastUpdatedStamp="2012-07-09 23:19:56.0" lastUpdatedTxStamp="2012-07-09 23:19:56.0" createdStamp="2012-07-09 23:19:56.0" createdTxStamp="2012-07-09 23:19:56.0"/>
    <TSystemMenu menuId="workshopWarehousing" menuName="&#21046;&#36896;&#20837;&#24211;" menuType="1" parentId="workshopManufacture" sort="133" hyperlink="WorkshopWarehousinglist" styleName="workshop-warehousing" display="1" description="&#21046;&#36896;&#20837;&#24211;" lastUpdatedStamp="2012-07-09 23:19:56.0" lastUpdatedTxStamp="2012-07-09 23:19:56.0" createdStamp="2012-07-09 23:19:56.0" createdTxStamp="2012-07-09 23:19:56.0"/>
</entity-engine-xml>
