<?xml version="1.0" encoding="UTF-8"?>
<entity-engine-xml>
    <TSystemSerialNumber id="1db3d595-9724-41ba-b66b-eae6428029d3" serialDate="20120101" entityName="SupplierStockAdjust" prefix="SSA" serialNumber="100001" initNumber="100001" description="&#20379;&#24212;&#21830;&#35843;&#25972;&#21333;" hasDate="1"/>
    <TSystemSerialNumber id="234baa72-e962-4ab8-891d-f1d07ac77f5f" serialDate="20120101" entityName="WorkshopReturnProduct" prefix="WRP" serialNumber="100001" initNumber="100001" description="&#21046;&#36896;&#36864;&#36135;&#21333;&#32534;&#21495;" hasDate="1" lastUpdatedStamp="2012-07-01 22:07:42.0" lastUpdatedTxStamp="2012-07-01 22:07:42.0" createdStamp="2012-07-01 22:07:42.0" createdTxStamp="2012-07-01 22:07:42.0"/>
    <TSystemSerialNumber id="37d74b11-1892-4b2a-b294-6e1a18c04eb2" serialDate="20120101" entityName="Unit" prefix="UNT" serialNumber="100012" initNumber="100001" description="&#35745;&#37327;&#21333;&#20301;&#32534;&#21495;" hasDate="0" lastUpdatedStamp="2012-07-01 22:07:42.0" lastUpdatedTxStamp="2012-07-01 22:07:42.0" createdStamp="2012-07-01 22:07:42.0" createdTxStamp="2012-07-01 22:07:42.0"/>
    <TSystemSerialNumber id="3d7fc939-616e-4ff2-8312-5be37be67a8c" serialDate="20120101" entityName="TMaterial" prefix="MT" serialNumber="100005" initNumber="100001" description="&#29289;&#26009;&#32534;&#21495;" hasDate="0" lastUpdatedStamp="2012-08-24 19:02:01.0" lastUpdatedTxStamp="2012-08-24 19:02:01.0" createdStamp="2012-07-01 22:07:42.0" createdTxStamp="2012-07-01 22:07:42.0"/>
    <TSystemSerialNumber id="42d56212-9b88-4fbb-b078-697172bfdbff" serialDate="20120101" entityName="WarehouseType" prefix="WHT" serialNumber="100007" initNumber="100001" description="&#20179;&#24211;&#31867;&#22411;&#32534;&#21495;" hasDate="0" lastUpdatedStamp="2012-08-08 08:41:46.0" lastUpdatedTxStamp="2012-08-08 08:41:46.0" createdStamp="2012-07-01 22:07:42.0" createdTxStamp="2012-07-01 22:07:42.0"/>
    <TSystemSerialNumber id="4c0229a5-a545-43a3-afae-5abb821e3f1f" serialDate="20120101" entityName="Workshop" prefix="WS" serialNumber="100012" initNumber="100001" description="&#36710;&#38388;&#32534;&#21495;" hasDate="0" lastUpdatedStamp="2012-08-10 15:50:12.0" lastUpdatedTxStamp="2012-08-10 15:50:12.0" createdStamp="2012-07-01 22:07:42.0" createdTxStamp="2012-07-01 22:07:42.0"/>
    <TSystemSerialNumber id="4fcd7765-38b6-4bd8-811d-e2225116411f" serialDate="20120101" entityName="Department" prefix="DPM" serialNumber="100005" initNumber="100001" description="&#37096;&#38376;&#32534;&#21495;" hasDate="0" lastUpdatedStamp="2012-07-01 22:07:42.0" lastUpdatedTxStamp="2012-07-01 22:07:42.0" createdStamp="2012-07-01 22:07:42.0" createdTxStamp="2012-07-01 22:07:42.0"/>
    <TSystemSerialNumber id="5b197d61-0bcd-436d-bf83-8bf74e331150" serialDate="20120821" entityName="ConsignDrawMaterial" prefix="CDM" serialNumber="100011" initNumber="100001" description="&#22996;&#22806;&#39046;&#26009;&#21333;&#32534;&#21495;" hasDate="1" lastUpdatedStamp="2012-08-21 15:19:24.0" lastUpdatedTxStamp="2012-08-21 15:19:24.0" createdStamp="2012-07-01 22:07:42.0" createdTxStamp="2012-07-01 22:07:42.0"/>
    <TSystemSerialNumber id="6b29460f-9b22-4c11-a22f-84f9deb2534b" serialDate="20120101" entityName="TMaterialType" prefix="MTT" serialNumber="100016" initNumber="100001" description="&#29289;&#26009;&#31867;&#21035;&#32534;&#21495;" hasDate="0" lastUpdatedStamp="2012-07-01 22:07:42.0" lastUpdatedTxStamp="2012-07-01 22:07:42.0" createdStamp="2012-07-01 22:07:42.0" createdTxStamp="2012-07-01 22:07:42.0"/>
    <TSystemSerialNumber id="6fcccd3c-b4e9-4635-a2e8-6c043e38dfef" serialDate="20120101" entityName="WorkshopStockAdjust" prefix="WSA" serialNumber="100001" initNumber="100001" description="&#36710;&#38388;&#35843;&#25972;&#21333;" hasDate="1"/>
    <TSystemSerialNumber id="71654453-93ed-4932-a776-b3bcec695efd" serialDate="20120811" entityName="StockAdjust" prefix="SA" serialNumber="100003" initNumber="100001" description="&#20179;&#24211;&#35843;&#25972;&#21333;" hasDate="1" lastUpdatedStamp="2012-08-11 12:02:20.0" lastUpdatedTxStamp="2012-08-11 12:02:20.0"/>
    <TSystemSerialNumber id="72889726-10a4-4241-ac9a-66d0f12d91b7" serialDate="20120101" entityName="MaterialBom" prefix="MTB" serialNumber="100440" initNumber="100001" description="BOM&#21333;&#32534;&#21495;" hasDate="0" lastUpdatedStamp="2012-08-21 09:13:38.0" lastUpdatedTxStamp="2012-08-21 09:13:38.0" createdStamp="2012-07-01 22:07:42.0" createdTxStamp="2012-07-01 22:07:42.0"/>
    <TSystemSerialNumber id="72b5d508-23f0-4217-bfdd-bd4558146d94" serialDate="20120101" entityName="ConsignReturnMaterial" prefix="CRM" serialNumber="100001" initNumber="100001" description="&#22996;&#22806;&#36864;&#26009;&#21333;&#32534;&#21495;" hasDate="1" lastUpdatedStamp="2012-07-01 22:07:42.0" lastUpdatedTxStamp="2012-07-01 22:07:42.0" createdStamp="2012-07-01 22:07:42.0" createdTxStamp="2012-07-01 22:07:42.0"/>
    <TSystemSerialNumber id="825bd0d4-3dc4-4c1c-92d7-28b7972bb004" serialDate="20120824" entityName="PurchaseWarehousing" prefix="PWS" serialNumber="100027" initNumber="100001" description="&#37319;&#36141;&#20837;&#24211;&#21333;&#32534;&#21495;" hasDate="1" lastUpdatedStamp="2012-08-24 18:54:03.0" lastUpdatedTxStamp="2012-08-24 18:54:03.0" createdStamp="2012-07-01 22:07:42.0" createdTxStamp="2012-07-01 22:07:42.0"/>
    <TSystemSerialNumber id="938d34ca-350b-4b0b-8fd0-8c30fae77a26" serialDate="20120821" entityName="WorkshopWarehousing" prefix="WWS" serialNumber="100003" initNumber="100001" description="&#21046;&#36896;&#20837;&#24211;&#21333;&#32534;&#21495;" hasDate="1" lastUpdatedStamp="2012-08-21 09:03:25.0" lastUpdatedTxStamp="2012-08-21 09:03:25.0" createdStamp="2012-07-01 22:07:42.0" createdTxStamp="2012-07-01 22:07:42.0"/>
    <TSystemSerialNumber id="a402065d-4cef-4474-aa4d-7361e2329910" serialDate="20120824" entityName="ConsignReturnProduct" prefix="CRP" serialNumber="100003" initNumber="100001" description="&#22996;&#22806;&#36864;&#36135;&#21333;&#32534;&#21495;" hasDate="1" lastUpdatedStamp="2012-08-24 16:40:32.0" lastUpdatedTxStamp="2012-08-24 16:40:32.0" createdStamp="2012-07-01 22:07:42.0" createdTxStamp="2012-07-01 22:07:42.0"/>
    <TSystemSerialNumber id="bc5ca561-93f7-436c-b42b-e1f08a4af535" serialDate="20120821" entityName="WorkshopDrawMaterial" prefix="WDM" serialNumber="100002" initNumber="100001" description="&#21046;&#36896;&#39046;&#26009;&#21333;&#32534;&#21495;" hasDate="1" lastUpdatedStamp="2012-08-21 08:15:26.0" lastUpdatedTxStamp="2012-08-21 08:15:26.0" createdStamp="2012-07-01 22:07:42.0" createdTxStamp="2012-07-01 22:07:42.0"/>
    <TSystemSerialNumber id="ce306606-e30c-48cc-8a55-41157650567e" serialDate="20120101" entityName="Supplier" prefix="SUP" serialNumber="100073" initNumber="100001" description="&#20379;&#24212;&#21830;&#32534;&#21495;" hasDate="0" lastUpdatedStamp="2012-08-16 08:38:18.0" lastUpdatedTxStamp="2012-08-16 08:38:18.0" createdStamp="2012-07-01 22:07:42.0" createdTxStamp="2012-07-01 22:07:42.0"/>
    <TSystemSerialNumber id="cf434ac3-633c-46d1-b023-a229b053523f" serialDate="20120824" entityName="PurchaseReturn" prefix="PRT" serialNumber="100002" initNumber="100001" description="&#37319;&#36141;&#36864;&#36135;&#21333;&#32534;&#21495;" hasDate="1" lastUpdatedStamp="2012-08-24 08:49:41.0" lastUpdatedTxStamp="2012-08-24 08:49:41.0" createdStamp="2012-07-01 22:07:42.0" createdTxStamp="2012-07-01 22:07:42.0"/>
    <TSystemSerialNumber id="d5d058f1-dd2d-42b3-a0c6-f0a80d33bb67" serialDate="20120101" entityName="Customer" prefix="CUST" serialNumber="100001" initNumber="100001" description="&#23458;&#25143;&#32534;&#21495;" hasDate="0" lastUpdatedStamp="2012-07-01 22:07:42.0" lastUpdatedTxStamp="2012-07-01 22:07:42.0" createdStamp="2012-07-01 22:07:42.0" createdTxStamp="2012-07-01 22:07:42.0"/>
    <TSystemSerialNumber id="db96e0df-3de8-4ce2-8525-5b88b335e38b" serialDate="20120101" entityName="Warehouse" prefix="WH" serialNumber="100007" initNumber="100001" description="&#20179;&#24211;&#32534;&#21495;" hasDate="0" lastUpdatedStamp="2012-08-08 08:45:31.0" lastUpdatedTxStamp="2012-08-08 08:45:31.0" createdStamp="2012-07-01 22:07:42.0" createdTxStamp="2012-07-01 22:07:42.0"/>
    <TSystemSerialNumber id="df110cae-1dcb-483a-81dc-43990471e8af" serialDate="20120821" entityName="PurchaseBill" prefix="PUR" serialNumber="100003" initNumber="100001" description="&#37319;&#36141;&#21333;&#32534;&#21495;" hasDate="1" lastUpdatedStamp="2012-08-21 10:30:28.0" lastUpdatedTxStamp="2012-08-21 10:30:28.0" createdStamp="2012-07-01 22:07:42.0" createdTxStamp="2012-07-01 22:07:42.0"/>
    <TSystemSerialNumber id="f70d3a3b-b202-4729-a009-70764e74d926" serialDate="20120727" entityName="WorkshopReturnMaterial" prefix="WRM" serialNumber="100002" initNumber="100001" description="&#21046;&#36896;&#36864;&#26009;&#21333;&#32534;&#21495;" hasDate="1" lastUpdatedStamp="2012-07-27 09:24:10.0" lastUpdatedTxStamp="2012-07-27 09:24:10.0" createdStamp="2012-07-01 22:07:42.0" createdTxStamp="2012-07-01 22:07:42.0"/>
    <TSystemSerialNumber id="fcdf44d3d-a49b-4da2-ae6f-3a2c9f052d2" serialDate="20120813" entityName="WorkshopOtherDrawBill" prefix="WOD" serialNumber="100002" initNumber="100001" description="&#21046;&#36896;&#20854;&#23427;&#39046;&#26009;&#21333;&#32534;&#21495;" hasDate="1" lastUpdatedStamp="2012-08-13 17:24:20.0" lastUpdatedTxStamp="2012-08-13 17:24:20.0" createdStamp="2012-07-24 18:18:16.0" createdTxStamp="2012-07-24 18:18:16.0"/>
    <TSystemSerialNumber id="feeca83d-73a9-44c0-843d-022421c71652" serialDate="20120824" entityName="ConsignWarehousing" prefix="CWS" serialNumber="100004" initNumber="100001" description="&#22996;&#22806;&#20837;&#24211;&#21333;&#32534;&#21495;" hasDate="1" lastUpdatedStamp="2012-08-24 16:34:44.0" lastUpdatedTxStamp="2012-08-24 16:34:44.0" createdStamp="2012-07-01 22:07:42.0" createdTxStamp="2012-07-01 22:07:42.0"/>
</entity-engine-xml>
