<?xml version="1.0" encoding="UTF-8"?>
<entity-engine-xml>
    <TSystemUserOfRole id="0ed07005-5c44-427e-9085-bb913a95c3d9" userId="chenaihong" roleId="04a1e33b-6715-4651-be60-b57fcc479cae" lastUpdatedStamp="2012-07-14 15:28:46.0" lastUpdatedTxStamp="2012-07-14 15:28:46.0" createdStamp="2012-07-14 15:28:46.0" createdTxStamp="2012-07-14 15:28:46.0"/>
    <TSystemUserOfRole id="3ecb0609-4db6-497d-89ff-f49127735149" userId="chenaihong" roleId="102a37a5-0022-4d50-af90-f61b03ea1eb4" lastUpdatedStamp="2012-07-14 15:28:46.0" lastUpdatedTxStamp="2012-07-14 15:28:46.0" createdStamp="2012-07-14 15:28:46.0" createdTxStamp="2012-07-14 15:28:46.0"/>
    <TSystemUserOfRole id="43280c00-3a52-447a-bf70-36ec3f0e21f2" userId="scgly" roleId="04a1e33b-6715-4651-be60-b57fcc479cae" lastUpdatedStamp="2012-07-02 20:43:56.0" lastUpdatedTxStamp="2012-07-02 20:43:56.0" createdStamp="2012-07-02 20:43:56.0" createdTxStamp="2012-07-02 20:43:56.0"/>
    <TSystemUserOfRole id="45a6768c-da9b-4aca-8b39-f0836abe3012" userId="liyuan" roleId="5eb8a565-7f0a-4233-8ff0-d6704daa5492" lastUpdatedStamp="2012-07-05 11:06:25.0" lastUpdatedTxStamp="2012-07-05 11:06:25.0" createdStamp="2012-07-05 11:06:25.0" createdTxStamp="2012-07-05 11:06:25.0"/>
    <TSystemUserOfRole id="4b812494-fe87-4a4e-b38b-3c46e75da07a" userId="licunlan" roleId="5eb8a565-7f0a-4233-8ff0-d6704daa5492" lastUpdatedStamp="2012-07-05 11:07:52.0" lastUpdatedTxStamp="2012-07-05 11:07:52.0" createdStamp="2012-07-05 11:07:52.0" createdTxStamp="2012-07-05 11:07:52.0"/>
    <TSystemUserOfRole id="542561b5-e3e9-4e5c-8aaa-42cc241fb53b" userId="cgy" roleId="102a37a5-0022-4d50-af90-f61b03ea1eb4" lastUpdatedStamp="2012-07-02 20:43:56.0" lastUpdatedTxStamp="2012-07-02 20:43:56.0" createdStamp="2012-07-02 20:43:56.0" createdTxStamp="2012-07-02 20:43:56.0"/>
    <TSystemUserOfRole id="597ac770-2750-420a-8e2f-b3ec36798707" userId="liangjianjin" roleId="bb13cf14-fd7d-498a-a5bf-4bf0fa1e00ea" lastUpdatedStamp="2012-07-05 11:08:41.0" lastUpdatedTxStamp="2012-07-05 11:08:41.0" createdStamp="2012-07-05 11:08:41.0" createdTxStamp="2012-07-05 11:08:41.0"/>
    <TSystemUserOfRole id="5c6930dc-e5ac-4a5a-9a73-64dd05eb5749" userId="linjianxin" roleId="102a37a5-0022-4d50-af90-f61b03ea1eb4" lastUpdatedStamp="2012-07-05 11:09:39.0" lastUpdatedTxStamp="2012-07-05 11:09:39.0" createdStamp="2012-07-05 11:09:39.0" createdTxStamp="2012-07-05 11:09:39.0"/>
    <TSystemUserOfRole id="69f592cc-da3a-44c3-97ca-87ba6472d8bc" userId="lujianbi" roleId="102a37a5-0022-4d50-af90-f61b03ea1eb4" lastUpdatedStamp="2012-08-04 08:36:18.0" lastUpdatedTxStamp="2012-08-04 08:36:18.0" createdStamp="2012-08-04 08:36:18.0" createdTxStamp="2012-08-04 08:36:18.0"/>
    <TSystemUserOfRole id="69f62903-5d59-4678-8bd2-a99908c575e6" userId="chenjinyao" roleId="102a37a5-0022-4d50-af90-f61b03ea1eb4" lastUpdatedStamp="2012-08-04 08:23:41.0" lastUpdatedTxStamp="2012-08-04 08:23:41.0" createdStamp="2012-08-04 08:23:41.0" createdTxStamp="2012-08-04 08:23:41.0"/>
    <TSystemUserOfRole id="7ba615a6-fbbd-4a57-a9e4-2f96f6fe0b1d" userId="panyanying" roleId="5eb8a565-7f0a-4233-8ff0-d6704daa5492" lastUpdatedStamp="2012-07-21 16:35:10.0" lastUpdatedTxStamp="2012-07-21 16:35:10.0" createdStamp="2012-07-21 16:35:10.0" createdTxStamp="2012-07-21 16:35:10.0"/>
    <TSystemUserOfRole id="9ee1962c-33a3-4af9-94b7-81611d9fbada" userId="chenaihong" roleId="bb13cf14-fd7d-498a-a5bf-4bf0fa1e00ea" lastUpdatedStamp="2012-07-14 15:28:46.0" lastUpdatedTxStamp="2012-07-14 15:28:46.0" createdStamp="2012-07-14 15:28:46.0" createdTxStamp="2012-07-14 15:28:46.0"/>
    <TSystemUserOfRole id="a01d1bdc-e2a3-49f2-9631-a31ea8ed0fd3" userId="luweirong" roleId="18f85a5d-1c39-44f4-9f2f-e7d64056ff8b" lastUpdatedStamp="2012-07-05 11:15:59.0" lastUpdatedTxStamp="2012-07-05 11:15:59.0" createdStamp="2012-07-05 11:15:59.0" createdTxStamp="2012-07-05 11:15:59.0"/>
    <TSystemUserOfRole id="aa4c08ef-2ba8-4579-a208-83d2a9793274" userId="sjlry" roleId="5eb8a565-7f0a-4233-8ff0-d6704daa5492" lastUpdatedStamp="2012-07-02 20:43:56.0" lastUpdatedTxStamp="2012-07-02 20:43:56.0" createdStamp="2012-07-02 20:43:56.0" createdTxStamp="2012-07-02 20:43:56.0"/>
    <TSystemUserOfRole id="b9dffbf6-9a51-4f09-9862-00d734ff7602" userId="lujian" roleId="102a37a5-0022-4d50-af90-f61b03ea1eb4" lastUpdatedStamp="2012-08-04 08:35:33.0" lastUpdatedTxStamp="2012-08-04 08:35:33.0" createdStamp="2012-08-04 08:35:33.0" createdTxStamp="2012-08-04 08:35:33.0"/>
    <TSystemUserOfRole id="bebfc203-2efb-40b0-9991-f91b6258643f" userId="cgjl" roleId="bb13cf14-fd7d-498a-a5bf-4bf0fa1e00ea" lastUpdatedStamp="2012-07-02 20:43:56.0" lastUpdatedTxStamp="2012-07-02 20:43:56.0" createdStamp="2012-07-02 20:43:56.0" createdTxStamp="2012-07-02 20:43:56.0"/>
    <TSystemUserOfRole id="c33f7d88-fe3a-4892-96e5-26e4c165fbd9" userId="lijianming" roleId="bb13cf14-fd7d-498a-a5bf-4bf0fa1e00ea" lastUpdatedStamp="2012-07-05 11:13:40.0" lastUpdatedTxStamp="2012-07-05 11:13:40.0" createdStamp="2012-07-05 11:13:40.0" createdTxStamp="2012-07-05 11:13:40.0"/>
    <TSystemUserOfRole id="c4e978a2-9617-4343-809f-81236d98dc3c" userId="admin" roleId="18f85a5d-1c39-44f4-9f2f-e7d64056ff8b" lastUpdatedStamp="2012-07-02 20:43:56.0" lastUpdatedTxStamp="2012-07-02 20:43:56.0" createdStamp="2012-07-02 20:43:56.0" createdTxStamp="2012-07-02 20:43:56.0"/>
    <TSystemUserOfRole id="d7530acd-ea54-4d5d-83ad-d5d219c93c20" userId="chenaihong" roleId="5eb8a565-7f0a-4233-8ff0-d6704daa5492" lastUpdatedStamp="2012-07-14 15:28:46.0" lastUpdatedTxStamp="2012-07-14 15:28:46.0" createdStamp="2012-07-14 15:28:46.0" createdTxStamp="2012-07-14 15:28:46.0"/>
    <TSystemUserOfRole id="dd064bd2-481d-4748-8f56-02c2f677da28" userId="lijianming" roleId="04a1e33b-6715-4651-be60-b57fcc479cae" lastUpdatedStamp="2012-07-05 11:13:40.0" lastUpdatedTxStamp="2012-07-05 11:13:40.0" createdStamp="2012-07-05 11:13:40.0" createdTxStamp="2012-07-05 11:13:40.0"/>
    <TSystemUserOfRole id="f295ed03-4154-4343-8f98-b947a5f9d2ee" userId="luhuiling" roleId="5eb8a565-7f0a-4233-8ff0-d6704daa5492" lastUpdatedStamp="2012-07-05 11:07:11.0" lastUpdatedTxStamp="2012-07-05 11:07:11.0" createdStamp="2012-07-05 11:07:11.0" createdTxStamp="2012-07-05 11:07:11.0"/>
    <TSystemUserOfRole id="f753aff1-5a7a-4fc4-b1f8-c2e8085f0739" userId="lijuan" roleId="5eb8a565-7f0a-4233-8ff0-d6704daa5492" lastUpdatedStamp="2012-07-16 14:22:14.0" lastUpdatedTxStamp="2012-07-16 14:22:14.0" createdStamp="2012-07-16 14:22:14.0" createdTxStamp="2012-07-16 14:22:14.0"/>
</entity-engine-xml>
