<?xml version="1.0" encoding="UTF-8"?>
<entity-engine-xml>
    <Uom uomId="ADP" uomTypeId="CURRENCY_MEASURE" abbreviation="ADP" description="Andoran peseta" lastUpdatedStamp="2012-07-01 22:07:10.0" lastUpdatedTxStamp="2012-07-01 22:07:10.0" createdStamp="2012-07-01 22:07:10.0" createdTxStamp="2012-07-01 22:07:10.0"/>
    <Uom uomId="AED" uomTypeId="CURRENCY_MEASURE" abbreviation="AED" description="United Arab Emirates Dirham" lastUpdatedStamp="2012-07-01 22:07:10.0" lastUpdatedTxStamp="2012-07-01 22:07:10.0" createdStamp="2012-07-01 22:07:10.0" createdTxStamp="2012-07-01 22:07:10.0"/>
    <Uom uomId="AFA" uomTypeId="CURRENCY_MEASURE" abbreviation="AFA" description="Afghani" lastUpdatedStamp="2012-07-01 22:07:10.0" lastUpdatedTxStamp="2012-07-01 22:07:10.0" createdStamp="2012-07-01 22:07:10.0" createdTxStamp="2012-07-01 22:07:10.0"/>
    <Uom uomId="ALL" uomTypeId="CURRENCY_MEASURE" abbreviation="ALL" description="Albanian Lek" lastUpdatedStamp="2012-07-01 22:07:10.0" lastUpdatedTxStamp="2012-07-01 22:07:10.0" createdStamp="2012-07-01 22:07:10.0" createdTxStamp="2012-07-01 22:07:10.0"/>
    <Uom uomId="AMD" uomTypeId="CURRENCY_MEASURE" abbreviation="AMD" description="Armenian Dram" lastUpdatedStamp="2012-07-01 22:07:10.0" lastUpdatedTxStamp="2012-07-01 22:07:10.0" createdStamp="2012-07-01 22:07:10.0" createdTxStamp="2012-07-01 22:07:10.0"/>
    <Uom uomId="ANG" uomTypeId="CURRENCY_MEASURE" abbreviation="ANG" description="West Indian Guilder" lastUpdatedStamp="2012-07-01 22:07:10.0" lastUpdatedTxStamp="2012-07-01 22:07:10.0" createdStamp="2012-07-01 22:07:10.0" createdTxStamp="2012-07-01 22:07:10.0"/>
    <Uom uomId="AOK" uomTypeId="CURRENCY_MEASURE" abbreviation="AOK" description="Angolan Kwanza" lastUpdatedStamp="2012-07-01 22:07:10.0" lastUpdatedTxStamp="2012-07-01 22:07:10.0" createdStamp="2012-07-01 22:07:10.0" createdTxStamp="2012-07-01 22:07:10.0"/>
    <Uom uomId="ARA" uomTypeId="CURRENCY_MEASURE" abbreviation="ARA" description="Argentinian Austral" lastUpdatedStamp="2012-07-01 22:07:10.0" lastUpdatedTxStamp="2012-07-01 22:07:10.0" createdStamp="2012-07-01 22:07:10.0" createdTxStamp="2012-07-01 22:07:10.0"/>
    <Uom uomId="AREA_A" uomTypeId="AREA_MEASURE" abbreviation="a" description="Are" lastUpdatedStamp="2012-08-12 11:14:52.0" lastUpdatedTxStamp="2012-08-12 11:14:51.0" createdStamp="2012-07-01 22:07:20.0" createdTxStamp="2012-07-01 22:07:20.0"/>
    <Uom uomId="AREA_cm2" uomTypeId="AREA_MEASURE" abbreviation="cm2" description="Square Centimeter" lastUpdatedStamp="2012-07-01 22:07:20.0" lastUpdatedTxStamp="2012-07-01 22:07:20.0" createdStamp="2012-07-01 22:07:20.0" createdTxStamp="2012-07-01 22:07:20.0"/>
    <Uom uomId="AREA_ft2" uomTypeId="AREA_MEASURE" abbreviation="ft2" description="Square Foot" lastUpdatedStamp="2012-07-01 22:07:20.0" lastUpdatedTxStamp="2012-07-01 22:07:20.0" createdStamp="2012-07-01 22:07:20.0" createdTxStamp="2012-07-01 22:07:20.0"/>
    <Uom uomId="AREA_ha" uomTypeId="AREA_MEASURE" abbreviation="ha" description="Hectare" lastUpdatedStamp="2012-07-01 22:07:20.0" lastUpdatedTxStamp="2012-07-01 22:07:20.0" createdStamp="2012-07-01 22:07:20.0" createdTxStamp="2012-07-01 22:07:20.0"/>
    <Uom uomId="AREA_in2" uomTypeId="AREA_MEASURE" abbreviation="in2" description="Square Inch" lastUpdatedStamp="2012-07-01 22:07:20.0" lastUpdatedTxStamp="2012-07-01 22:07:20.0" createdStamp="2012-07-01 22:07:20.0" createdTxStamp="2012-07-01 22:07:20.0"/>
    <Uom uomId="AREA_km2" uomTypeId="AREA_MEASURE" abbreviation="km2" description="Square Kilometer" lastUpdatedStamp="2012-07-01 22:07:20.0" lastUpdatedTxStamp="2012-07-01 22:07:20.0" createdStamp="2012-07-01 22:07:20.0" createdTxStamp="2012-07-01 22:07:20.0"/>
    <Uom uomId="AREA_m2" uomTypeId="AREA_MEASURE" abbreviation="m2" description="Square Meter" lastUpdatedStamp="2012-07-01 22:07:20.0" lastUpdatedTxStamp="2012-07-01 22:07:20.0" createdStamp="2012-07-01 22:07:20.0" createdTxStamp="2012-07-01 22:07:20.0"/>
    <Uom uomId="AREA_mi2" uomTypeId="AREA_MEASURE" abbreviation="mi2" description="Square Mile" lastUpdatedStamp="2012-07-01 22:07:20.0" lastUpdatedTxStamp="2012-07-01 22:07:20.0" createdStamp="2012-07-01 22:07:20.0" createdTxStamp="2012-07-01 22:07:20.0"/>
    <Uom uomId="AREA_mm2" uomTypeId="AREA_MEASURE" abbreviation="mm2" description="Square Millimeter" lastUpdatedStamp="2012-07-01 22:07:20.0" lastUpdatedTxStamp="2012-07-01 22:07:20.0" createdStamp="2012-07-01 22:07:20.0" createdTxStamp="2012-07-01 22:07:20.0"/>
    <Uom uomId="AREA_rd2" uomTypeId="AREA_MEASURE" abbreviation="rd2" description="Square Rod" lastUpdatedStamp="2012-07-01 22:07:20.0" lastUpdatedTxStamp="2012-07-01 22:07:20.0" createdStamp="2012-07-01 22:07:20.0" createdTxStamp="2012-07-01 22:07:20.0"/>
    <Uom uomId="AREA_yd2" uomTypeId="AREA_MEASURE" abbreviation="yd2" description="Square Yard" lastUpdatedStamp="2012-07-01 22:07:20.0" lastUpdatedTxStamp="2012-07-01 22:07:20.0" createdStamp="2012-07-01 22:07:20.0" createdTxStamp="2012-07-01 22:07:20.0"/>
    <Uom uomId="ARS" uomTypeId="CURRENCY_MEASURE" abbreviation="ARS" description="Argentina Peso" lastUpdatedStamp="2012-07-01 22:07:10.0" lastUpdatedTxStamp="2012-07-01 22:07:10.0" createdStamp="2012-07-01 22:07:10.0" createdTxStamp="2012-07-01 22:07:10.0"/>
    <Uom uomId="AUD" uomTypeId="CURRENCY_MEASURE" abbreviation="AUD" description="Australian Dollar" lastUpdatedStamp="2012-07-01 22:07:10.0" lastUpdatedTxStamp="2012-07-01 22:07:10.0" createdStamp="2012-07-01 22:07:10.0" createdTxStamp="2012-07-01 22:07:10.0"/>
    <Uom uomId="AWG" uomTypeId="CURRENCY_MEASURE" abbreviation="AWG" description="Aruban Guilder" lastUpdatedStamp="2012-07-01 22:07:10.0" lastUpdatedTxStamp="2012-07-01 22:07:10.0" createdStamp="2012-07-01 22:07:10.0" createdTxStamp="2012-07-01 22:07:10.0"/>
    <Uom uomId="AZM" uomTypeId="CURRENCY_MEASURE" abbreviation="AZM" description="Azerbaijan Manat" lastUpdatedStamp="2012-07-01 22:07:10.0" lastUpdatedTxStamp="2012-07-01 22:07:10.0" createdStamp="2012-07-01 22:07:10.0" createdTxStamp="2012-07-01 22:07:10.0"/>
    <Uom uomId="BAD" uomTypeId="CURRENCY_MEASURE" abbreviation="BAD" description="Bosnia-Herzogovinian Dinar" lastUpdatedStamp="2012-07-01 22:07:10.0" lastUpdatedTxStamp="2012-07-01 22:07:10.0" createdStamp="2012-07-01 22:07:10.0" createdTxStamp="2012-07-01 22:07:10.0"/>
    <Uom uomId="BBD" uomTypeId="CURRENCY_MEASURE" abbreviation="BBD" description="Barbados Dollar" lastUpdatedStamp="2012-07-01 22:07:10.0" lastUpdatedTxStamp="2012-07-01 22:07:10.0" createdStamp="2012-07-01 22:07:10.0" createdTxStamp="2012-07-01 22:07:10.0"/>
    <Uom uomId="BDT" uomTypeId="CURRENCY_MEASURE" abbreviation="BDT" description="Bangladesh Taka" lastUpdatedStamp="2012-07-01 22:07:10.0" lastUpdatedTxStamp="2012-07-01 22:07:10.0" createdStamp="2012-07-01 22:07:10.0" createdTxStamp="2012-07-01 22:07:10.0"/>
    <Uom uomId="BGN" uomTypeId="CURRENCY_MEASURE" abbreviation="BGN" description="Bulgarian Lev" lastUpdatedStamp="2012-07-01 22:07:10.0" lastUpdatedTxStamp="2012-07-01 22:07:10.0" createdStamp="2012-07-01 22:07:10.0" createdTxStamp="2012-07-01 22:07:10.0"/>
    <Uom uomId="BHD" uomTypeId="CURRENCY_MEASURE" abbreviation="BHD" description="Bahrain Dinar" lastUpdatedStamp="2012-07-01 22:07:10.0" lastUpdatedTxStamp="2012-07-01 22:07:10.0" createdStamp="2012-07-01 22:07:10.0" createdTxStamp="2012-07-01 22:07:10.0"/>
    <Uom uomId="BIF" uomTypeId="CURRENCY_MEASURE" abbreviation="BIF" description="Burundi Franc" lastUpdatedStamp="2012-07-01 22:07:10.0" lastUpdatedTxStamp="2012-07-01 22:07:10.0" createdStamp="2012-07-01 22:07:10.0" createdTxStamp="2012-07-01 22:07:10.0"/>
    <Uom uomId="BMD" uomTypeId="CURRENCY_MEASURE" abbreviation="BMD" description="Bermudan Dollar" lastUpdatedStamp="2012-07-01 22:07:10.0" lastUpdatedTxStamp="2012-07-01 22:07:10.0" createdStamp="2012-07-01 22:07:10.0" createdTxStamp="2012-07-01 22:07:10.0"/>
    <Uom uomId="BND" uomTypeId="CURRENCY_MEASURE" abbreviation="BND" description="Brunei Dollar" lastUpdatedStamp="2012-07-01 22:07:10.0" lastUpdatedTxStamp="2012-07-01 22:07:10.0" createdStamp="2012-07-01 22:07:10.0" createdTxStamp="2012-07-01 22:07:10.0"/>
    <Uom uomId="BOB" uomTypeId="CURRENCY_MEASURE" abbreviation="BOB" description="Bolivian Boliviano" lastUpdatedStamp="2012-07-01 22:07:10.0" lastUpdatedTxStamp="2012-07-01 22:07:10.0" createdStamp="2012-07-01 22:07:10.0" createdTxStamp="2012-07-01 22:07:10.0"/>
    <Uom uomId="BRL" uomTypeId="CURRENCY_MEASURE" abbreviation="BRL" description="Brazilian Real" lastUpdatedStamp="2012-07-01 22:07:10.0" lastUpdatedTxStamp="2012-07-01 22:07:10.0" createdStamp="2012-07-01 22:07:10.0" createdTxStamp="2012-07-01 22:07:10.0"/>
    <Uom uomId="BRR" uomTypeId="CURRENCY_MEASURE" abbreviation="BRR" description="Brazil" lastUpdatedStamp="2012-07-01 22:07:10.0" lastUpdatedTxStamp="2012-07-01 22:07:10.0" createdStamp="2012-07-01 22:07:10.0" createdTxStamp="2012-07-01 22:07:10.0"/>
    <Uom uomId="BSD" uomTypeId="CURRENCY_MEASURE" abbreviation="BSD" description="Bahaman Dollar" lastUpdatedStamp="2012-07-01 22:07:10.0" lastUpdatedTxStamp="2012-07-01 22:07:10.0" createdStamp="2012-07-01 22:07:10.0" createdTxStamp="2012-07-01 22:07:10.0"/>
    <Uom uomId="BWP" uomTypeId="CURRENCY_MEASURE" abbreviation="BWP" description="Botswana Pula" lastUpdatedStamp="2012-07-01 22:07:10.0" lastUpdatedTxStamp="2012-07-01 22:07:10.0" createdStamp="2012-07-01 22:07:10.0" createdTxStamp="2012-07-01 22:07:10.0"/>
    <Uom uomId="BYR" uomTypeId="CURRENCY_MEASURE" abbreviation="BYR" description="Belorussian Ruble" lastUpdatedStamp="2012-07-01 22:07:10.0" lastUpdatedTxStamp="2012-07-01 22:07:10.0" createdStamp="2012-07-01 22:07:10.0" createdTxStamp="2012-07-01 22:07:10.0"/>
    <Uom uomId="BZD" uomTypeId="CURRENCY_MEASURE" abbreviation="BZD" description="Belize Dollar" lastUpdatedStamp="2012-07-01 22:07:10.0" lastUpdatedTxStamp="2012-07-01 22:07:10.0" createdStamp="2012-07-01 22:07:10.0" createdTxStamp="2012-07-01 22:07:10.0"/>
    <Uom uomId="CAD" uomTypeId="CURRENCY_MEASURE" abbreviation="CAD" description="Canadian Dollar" lastUpdatedStamp="2012-07-01 22:07:10.0" lastUpdatedTxStamp="2012-07-01 22:07:10.0" createdStamp="2012-07-01 22:07:10.0" createdTxStamp="2012-07-01 22:07:10.0"/>
    <Uom uomId="CDP" uomTypeId="CURRENCY_MEASURE" abbreviation="CDP" description="Santo Domiongo" lastUpdatedStamp="2012-07-01 22:07:10.0" lastUpdatedTxStamp="2012-07-01 22:07:10.0" createdStamp="2012-07-01 22:07:10.0" createdTxStamp="2012-07-01 22:07:10.0"/>
    <Uom uomId="CHF" uomTypeId="CURRENCY_MEASURE" abbreviation="CHF" description="Swiss Franc" lastUpdatedStamp="2012-07-01 22:07:10.0" lastUpdatedTxStamp="2012-07-01 22:07:10.0" createdStamp="2012-07-01 22:07:10.0" createdTxStamp="2012-07-01 22:07:10.0"/>
    <Uom uomId="CLP" uomTypeId="CURRENCY_MEASURE" abbreviation="CLP" description="Chilean Peso" lastUpdatedStamp="2012-07-01 22:07:10.0" lastUpdatedTxStamp="2012-07-01 22:07:10.0" createdStamp="2012-07-01 22:07:10.0" createdTxStamp="2012-07-01 22:07:10.0"/>
    <Uom uomId="CNY" uomTypeId="CURRENCY_MEASURE" abbreviation="CNY" description="China" lastUpdatedStamp="2012-07-01 22:07:10.0" lastUpdatedTxStamp="2012-07-01 22:07:10.0" createdStamp="2012-07-01 22:07:10.0" createdTxStamp="2012-07-01 22:07:10.0"/>
    <Uom uomId="COP" uomTypeId="CURRENCY_MEASURE" abbreviation="COP" description="Colombian Peso" lastUpdatedStamp="2012-07-01 22:07:10.0" lastUpdatedTxStamp="2012-07-01 22:07:10.0" createdStamp="2012-07-01 22:07:10.0" createdTxStamp="2012-07-01 22:07:10.0"/>
    <Uom uomId="CRC" uomTypeId="CURRENCY_MEASURE" abbreviation="CRC" description="Costa Rica Colon" lastUpdatedStamp="2012-07-01 22:07:10.0" lastUpdatedTxStamp="2012-07-01 22:07:10.0" createdStamp="2012-07-01 22:07:10.0" createdTxStamp="2012-07-01 22:07:10.0"/>
    <Uom uomId="CUP" uomTypeId="CURRENCY_MEASURE" abbreviation="CUP" description="Cuban Peso" lastUpdatedStamp="2012-07-01 22:07:10.0" lastUpdatedTxStamp="2012-07-01 22:07:10.0" createdStamp="2012-07-01 22:07:10.0" createdTxStamp="2012-07-01 22:07:10.0"/>
    <Uom uomId="CVE" uomTypeId="CURRENCY_MEASURE" abbreviation="CVE" description="Cape Verde Escudo" lastUpdatedStamp="2012-07-01 22:07:10.0" lastUpdatedTxStamp="2012-07-01 22:07:10.0" createdStamp="2012-07-01 22:07:10.0" createdTxStamp="2012-07-01 22:07:10.0"/>
    <Uom uomId="CYP" uomTypeId="CURRENCY_MEASURE" abbreviation="CYP" description="Cyprus Pound" lastUpdatedStamp="2012-07-01 22:07:10.0" lastUpdatedTxStamp="2012-07-01 22:07:10.0" createdStamp="2012-07-01 22:07:10.0" createdTxStamp="2012-07-01 22:07:10.0"/>
    <Uom uomId="CZK" uomTypeId="CURRENCY_MEASURE" abbreviation="CZK" description="Czech Krona" lastUpdatedStamp="2012-07-01 22:07:10.0" lastUpdatedTxStamp="2012-07-01 22:07:10.0" createdStamp="2012-07-01 22:07:10.0" createdTxStamp="2012-07-01 22:07:10.0"/>
    <Uom uomId="DATASPD_bps" uomTypeId="DATASPD_MEASURE" abbreviation="bps" description="Bit-per-second of Data" lastUpdatedStamp="2012-07-01 22:07:20.0" lastUpdatedTxStamp="2012-07-01 22:07:20.0" createdStamp="2012-07-01 22:07:20.0" createdTxStamp="2012-07-01 22:07:20.0"/>
    <Uom uomId="DATASPD_Gbps" uomTypeId="DATASPD_MEASURE" abbreviation="Gbps" description="Gigabit-per-second of Data" lastUpdatedStamp="2012-07-01 22:07:20.0" lastUpdatedTxStamp="2012-07-01 22:07:20.0" createdStamp="2012-07-01 22:07:20.0" createdTxStamp="2012-07-01 22:07:20.0"/>
    <Uom uomId="DATASPD_Kbps" uomTypeId="DATASPD_MEASURE" abbreviation="Kbps" description="Kilobit-per-second of Data" lastUpdatedStamp="2012-07-01 22:07:20.0" lastUpdatedTxStamp="2012-07-01 22:07:20.0" createdStamp="2012-07-01 22:07:20.0" createdTxStamp="2012-07-01 22:07:20.0"/>
    <Uom uomId="DATASPD_Mbps" uomTypeId="DATASPD_MEASURE" abbreviation="Mbps" description="Megabit-per-second of Data" lastUpdatedStamp="2012-07-01 22:07:20.0" lastUpdatedTxStamp="2012-07-01 22:07:20.0" createdStamp="2012-07-01 22:07:20.0" createdTxStamp="2012-07-01 22:07:20.0"/>
    <Uom uomId="DATASPD_Tbps" uomTypeId="DATASPD_MEASURE" abbreviation="Tbps" description="Terabit-per-second of Data" lastUpdatedStamp="2012-07-01 22:07:20.0" lastUpdatedTxStamp="2012-07-01 22:07:20.0" createdStamp="2012-07-01 22:07:20.0" createdTxStamp="2012-07-01 22:07:20.0"/>
    <Uom uomId="DATA_b" uomTypeId="DATA_MEASURE" abbreviation="B" description="Byte of Data" lastUpdatedStamp="2012-08-12 11:14:51.0" lastUpdatedTxStamp="2012-08-12 11:14:51.0" createdStamp="2012-07-01 22:07:20.0" createdTxStamp="2012-07-01 22:07:20.0"/>
    <Uom uomId="DATA_Gb" uomTypeId="DATA_MEASURE" abbreviation="GB" description="Gigabyte of Data" lastUpdatedStamp="2012-08-12 11:14:51.0" lastUpdatedTxStamp="2012-08-12 11:14:51.0" createdStamp="2012-07-01 22:07:20.0" createdTxStamp="2012-07-01 22:07:20.0"/>
    <Uom uomId="DATA_Kb" uomTypeId="DATA_MEASURE" abbreviation="KB" description="Kilobyte of Data" lastUpdatedStamp="2012-08-12 11:14:51.0" lastUpdatedTxStamp="2012-08-12 11:14:51.0" createdStamp="2012-07-01 22:07:20.0" createdTxStamp="2012-07-01 22:07:20.0"/>
    <Uom uomId="DATA_Mb" uomTypeId="DATA_MEASURE" abbreviation="MB" description="Megabyte of Data" lastUpdatedStamp="2012-08-12 11:14:51.0" lastUpdatedTxStamp="2012-08-12 11:14:51.0" createdStamp="2012-07-01 22:07:20.0" createdTxStamp="2012-07-01 22:07:20.0"/>
    <Uom uomId="DATA_PB" uomTypeId="DATA_MEASURE" abbreviation="PB" description="Petabyte of Data" lastUpdatedStamp="2012-07-01 22:07:20.0" lastUpdatedTxStamp="2012-07-01 22:07:20.0" createdStamp="2012-07-01 22:07:20.0" createdTxStamp="2012-07-01 22:07:20.0"/>
    <Uom uomId="DATA_Tb" uomTypeId="DATA_MEASURE" abbreviation="TB" description="Terabyte of Data" lastUpdatedStamp="2012-08-12 11:14:51.0" lastUpdatedTxStamp="2012-08-12 11:14:51.0" createdStamp="2012-07-01 22:07:20.0" createdTxStamp="2012-07-01 22:07:20.0"/>
    <Uom uomId="DJF" uomTypeId="CURRENCY_MEASURE" abbreviation="DJF" description="Djibouti Franc" lastUpdatedStamp="2012-07-01 22:07:10.0" lastUpdatedTxStamp="2012-07-01 22:07:10.0" createdStamp="2012-07-01 22:07:10.0" createdTxStamp="2012-07-01 22:07:10.0"/>
    <Uom uomId="DKK" uomTypeId="CURRENCY_MEASURE" abbreviation="DKK" description="Danish Krone" lastUpdatedStamp="2012-07-01 22:07:10.0" lastUpdatedTxStamp="2012-07-01 22:07:10.0" createdStamp="2012-07-01 22:07:10.0" createdTxStamp="2012-07-01 22:07:10.0"/>
    <Uom uomId="DOP" uomTypeId="CURRENCY_MEASURE" abbreviation="DOP" description="Dominican Peso" lastUpdatedStamp="2012-07-01 22:07:10.0" lastUpdatedTxStamp="2012-07-01 22:07:10.0" createdStamp="2012-07-01 22:07:10.0" createdTxStamp="2012-07-01 22:07:10.0"/>
    <Uom uomId="DRP" uomTypeId="CURRENCY_MEASURE" abbreviation="DRP" description="Dominican Republic Peso" lastUpdatedStamp="2012-07-01 22:07:10.0" lastUpdatedTxStamp="2012-07-01 22:07:10.0" createdStamp="2012-07-01 22:07:10.0" createdTxStamp="2012-07-01 22:07:10.0"/>
    <Uom uomId="DZD" uomTypeId="CURRENCY_MEASURE" abbreviation="DZD" description="Algerian Dinar" lastUpdatedStamp="2012-07-01 22:07:10.0" lastUpdatedTxStamp="2012-07-01 22:07:10.0" createdStamp="2012-07-01 22:07:10.0" createdTxStamp="2012-07-01 22:07:10.0"/>
    <Uom uomId="ECS" uomTypeId="CURRENCY_MEASURE" abbreviation="ECS" description="Ecuador Sucre" lastUpdatedStamp="2012-07-01 22:07:10.0" lastUpdatedTxStamp="2012-07-01 22:07:10.0" createdStamp="2012-07-01 22:07:10.0" createdTxStamp="2012-07-01 22:07:10.0"/>
    <Uom uomId="EEK" uomTypeId="CURRENCY_MEASURE" abbreviation="EEK" description="Estonian Krone" lastUpdatedStamp="2012-07-01 22:07:10.0" lastUpdatedTxStamp="2012-07-01 22:07:10.0" createdStamp="2012-07-01 22:07:10.0" createdTxStamp="2012-07-01 22:07:10.0"/>
    <Uom uomId="EGP" uomTypeId="CURRENCY_MEASURE" abbreviation="EGP" description="Egyptian Pound" lastUpdatedStamp="2012-07-01 22:07:10.0" lastUpdatedTxStamp="2012-07-01 22:07:10.0" createdStamp="2012-07-01 22:07:10.0" createdTxStamp="2012-07-01 22:07:10.0"/>
    <Uom uomId="EN_Btu" uomTypeId="ENERGY_MEASURE" abbreviation="Btu" description="British Thermal Unit" lastUpdatedStamp="2012-07-01 22:07:20.0" lastUpdatedTxStamp="2012-07-01 22:07:20.0" createdStamp="2012-07-01 22:07:20.0" createdTxStamp="2012-07-01 22:07:20.0"/>
    <Uom uomId="EN_cal15" uomTypeId="ENERGY_MEASURE" abbreviation="cal15" description="Calorie (@15.5c)" lastUpdatedStamp="2012-07-01 22:07:20.0" lastUpdatedTxStamp="2012-07-01 22:07:20.0" createdStamp="2012-07-01 22:07:20.0" createdTxStamp="2012-07-01 22:07:20.0"/>
    <Uom uomId="EN_HP" uomTypeId="ENERGY_MEASURE" abbreviation="HP" description="Horsepower (mechanical)" lastUpdatedStamp="2012-07-01 22:07:20.0" lastUpdatedTxStamp="2012-07-01 22:07:20.0" createdStamp="2012-07-01 22:07:20.0" createdTxStamp="2012-07-01 22:07:20.0"/>
    <Uom uomId="EN_J" uomTypeId="ENERGY_MEASURE" abbreviation="J" description="Joule (absolute)" lastUpdatedStamp="2012-07-01 22:07:20.0" lastUpdatedTxStamp="2012-07-01 22:07:20.0" createdStamp="2012-07-01 22:07:20.0" createdTxStamp="2012-07-01 22:07:20.0"/>
    <Uom uomId="EN_Kw" uomTypeId="ENERGY_MEASURE" abbreviation="Kw" description="Kilowatt" lastUpdatedStamp="2012-07-01 22:07:20.0" lastUpdatedTxStamp="2012-07-01 22:07:20.0" createdStamp="2012-07-01 22:07:20.0" createdTxStamp="2012-07-01 22:07:20.0"/>
    <Uom uomId="EN_w" uomTypeId="ENERGY_MEASURE" abbreviation="w" description="Watt" lastUpdatedStamp="2012-07-01 22:07:20.0" lastUpdatedTxStamp="2012-07-01 22:07:20.0" createdStamp="2012-07-01 22:07:20.0" createdTxStamp="2012-07-01 22:07:20.0"/>
    <Uom uomId="ETB" uomTypeId="CURRENCY_MEASURE" abbreviation="ETB" description="Ethiopian Birr" lastUpdatedStamp="2012-07-01 22:07:10.0" lastUpdatedTxStamp="2012-07-01 22:07:10.0" createdStamp="2012-07-01 22:07:10.0" createdTxStamp="2012-07-01 22:07:10.0"/>
    <Uom uomId="EUR" uomTypeId="CURRENCY_MEASURE" abbreviation="EUR" description="Euro" lastUpdatedStamp="2012-07-01 22:07:10.0" lastUpdatedTxStamp="2012-07-01 22:07:10.0" createdStamp="2012-07-01 22:07:10.0" createdTxStamp="2012-07-01 22:07:10.0"/>
    <Uom uomId="FJD" uomTypeId="CURRENCY_MEASURE" abbreviation="FJD" description="Fiji Dollar" lastUpdatedStamp="2012-07-01 22:07:10.0" lastUpdatedTxStamp="2012-07-01 22:07:10.0" createdStamp="2012-07-01 22:07:10.0" createdTxStamp="2012-07-01 22:07:10.0"/>
    <Uom uomId="FKP" uomTypeId="CURRENCY_MEASURE" abbreviation="FKP" description="Falkland Pound" lastUpdatedStamp="2012-07-01 22:07:10.0" lastUpdatedTxStamp="2012-07-01 22:07:10.0" createdStamp="2012-07-01 22:07:10.0" createdTxStamp="2012-07-01 22:07:10.0"/>
    <Uom uomId="GBP" uomTypeId="CURRENCY_MEASURE" abbreviation="GBP" description="British Pound" lastUpdatedStamp="2012-07-01 22:07:10.0" lastUpdatedTxStamp="2012-07-01 22:07:10.0" createdStamp="2012-07-01 22:07:10.0" createdTxStamp="2012-07-01 22:07:10.0"/>
    <Uom uomId="GEK" uomTypeId="CURRENCY_MEASURE" abbreviation="GEK" description="Georgian Kupon" lastUpdatedStamp="2012-07-01 22:07:10.0" lastUpdatedTxStamp="2012-07-01 22:07:10.0" createdStamp="2012-07-01 22:07:10.0" createdTxStamp="2012-07-01 22:07:10.0"/>
    <Uom uomId="GHC" uomTypeId="CURRENCY_MEASURE" abbreviation="GHC" description="Ghanian Cedi" lastUpdatedStamp="2012-07-01 22:07:10.0" lastUpdatedTxStamp="2012-07-01 22:07:10.0" createdStamp="2012-07-01 22:07:10.0" createdTxStamp="2012-07-01 22:07:10.0"/>
    <Uom uomId="GIP" uomTypeId="CURRENCY_MEASURE" abbreviation="GIP" description="Gibraltar Pound" lastUpdatedStamp="2012-07-01 22:07:10.0" lastUpdatedTxStamp="2012-07-01 22:07:10.0" createdStamp="2012-07-01 22:07:10.0" createdTxStamp="2012-07-01 22:07:10.0"/>
    <Uom uomId="GMD" uomTypeId="CURRENCY_MEASURE" abbreviation="GMD" description="Gambian Dalasi" lastUpdatedStamp="2012-07-01 22:07:10.0" lastUpdatedTxStamp="2012-07-01 22:07:10.0" createdStamp="2012-07-01 22:07:10.0" createdTxStamp="2012-07-01 22:07:10.0"/>
    <Uom uomId="GNF" uomTypeId="CURRENCY_MEASURE" abbreviation="GNF" description="Guinea Franc" lastUpdatedStamp="2012-07-01 22:07:10.0" lastUpdatedTxStamp="2012-07-01 22:07:10.0" createdStamp="2012-07-01 22:07:10.0" createdTxStamp="2012-07-01 22:07:10.0"/>
    <Uom uomId="GTQ" uomTypeId="CURRENCY_MEASURE" abbreviation="GTQ" description="Guatemalan Quedzal" lastUpdatedStamp="2012-07-01 22:07:10.0" lastUpdatedTxStamp="2012-07-01 22:07:10.0" createdStamp="2012-07-01 22:07:10.0" createdTxStamp="2012-07-01 22:07:10.0"/>
    <Uom uomId="GWP" uomTypeId="CURRENCY_MEASURE" abbreviation="GWP" description="Guinea Peso" lastUpdatedStamp="2012-07-01 22:07:10.0" lastUpdatedTxStamp="2012-07-01 22:07:10.0" createdStamp="2012-07-01 22:07:10.0" createdTxStamp="2012-07-01 22:07:10.0"/>
    <Uom uomId="GYD" uomTypeId="CURRENCY_MEASURE" abbreviation="GYD" description="Guyanese Dollar" lastUpdatedStamp="2012-07-01 22:07:10.0" lastUpdatedTxStamp="2012-07-01 22:07:10.0" createdStamp="2012-07-01 22:07:10.0" createdTxStamp="2012-07-01 22:07:10.0"/>
    <Uom uomId="HKD" uomTypeId="CURRENCY_MEASURE" abbreviation="HKD" description="Hong Kong Dollar" lastUpdatedStamp="2012-07-01 22:07:10.0" lastUpdatedTxStamp="2012-07-01 22:07:10.0" createdStamp="2012-07-01 22:07:10.0" createdTxStamp="2012-07-01 22:07:10.0"/>
    <Uom uomId="HNL" uomTypeId="CURRENCY_MEASURE" abbreviation="HNL" description="Honduran Lempira" lastUpdatedStamp="2012-07-01 22:07:10.0" lastUpdatedTxStamp="2012-07-01 22:07:10.0" createdStamp="2012-07-01 22:07:10.0" createdTxStamp="2012-07-01 22:07:10.0"/>
    <Uom uomId="HRD" uomTypeId="CURRENCY_MEASURE" abbreviation="HRD" description="Croatian Dinar" lastUpdatedStamp="2012-07-01 22:07:10.0" lastUpdatedTxStamp="2012-07-01 22:07:10.0" createdStamp="2012-07-01 22:07:10.0" createdTxStamp="2012-07-01 22:07:10.0"/>
    <Uom uomId="HTG" uomTypeId="CURRENCY_MEASURE" abbreviation="HTG" description="Haitian Gourde" lastUpdatedStamp="2012-07-01 22:07:10.0" lastUpdatedTxStamp="2012-07-01 22:07:10.0" createdStamp="2012-07-01 22:07:10.0" createdTxStamp="2012-07-01 22:07:10.0"/>
    <Uom uomId="HUF" uomTypeId="CURRENCY_MEASURE" abbreviation="HUF" description="Hungarian forint" lastUpdatedStamp="2012-07-01 22:07:10.0" lastUpdatedTxStamp="2012-07-01 22:07:10.0" createdStamp="2012-07-01 22:07:10.0" createdTxStamp="2012-07-01 22:07:10.0"/>
    <Uom uomId="IDR" uomTypeId="CURRENCY_MEASURE" abbreviation="IDR" description="Indeonesian Rupiah" lastUpdatedStamp="2012-07-01 22:07:10.0" lastUpdatedTxStamp="2012-07-01 22:07:10.0" createdStamp="2012-07-01 22:07:10.0" createdTxStamp="2012-07-01 22:07:10.0"/>
    <Uom uomId="ILS" uomTypeId="CURRENCY_MEASURE" abbreviation="ILS" description="Israeli Scheckel" lastUpdatedStamp="2012-07-01 22:07:10.0" lastUpdatedTxStamp="2012-07-01 22:07:10.0" createdStamp="2012-07-01 22:07:10.0" createdTxStamp="2012-07-01 22:07:10.0"/>
    <Uom uomId="INR" uomTypeId="CURRENCY_MEASURE" abbreviation="INR" description="Indian Rupee" lastUpdatedStamp="2012-07-01 22:07:10.0" lastUpdatedTxStamp="2012-07-01 22:07:10.0" createdStamp="2012-07-01 22:07:10.0" createdTxStamp="2012-07-01 22:07:10.0"/>
    <Uom uomId="IQD" uomTypeId="CURRENCY_MEASURE" abbreviation="IQD" description="Iraqui Dinar" lastUpdatedStamp="2012-07-01 22:07:10.0" lastUpdatedTxStamp="2012-07-01 22:07:10.0" createdStamp="2012-07-01 22:07:10.0" createdTxStamp="2012-07-01 22:07:10.0"/>
    <Uom uomId="IRR" uomTypeId="CURRENCY_MEASURE" abbreviation="IRR" description="Iranian Rial" lastUpdatedStamp="2012-07-01 22:07:10.0" lastUpdatedTxStamp="2012-07-01 22:07:10.0" createdStamp="2012-07-01 22:07:10.0" createdTxStamp="2012-07-01 22:07:10.0"/>
    <Uom uomId="ISK" uomTypeId="CURRENCY_MEASURE" abbreviation="ISK" description="Iceland Krona" lastUpdatedStamp="2012-07-01 22:07:10.0" lastUpdatedTxStamp="2012-07-01 22:07:10.0" createdStamp="2012-07-01 22:07:10.0" createdTxStamp="2012-07-01 22:07:10.0"/>
    <Uom uomId="JMD" uomTypeId="CURRENCY_MEASURE" abbreviation="JMD" description="Jamaican Dollar" lastUpdatedStamp="2012-07-01 22:07:10.0" lastUpdatedTxStamp="2012-07-01 22:07:10.0" createdStamp="2012-07-01 22:07:10.0" createdTxStamp="2012-07-01 22:07:10.0"/>
    <Uom uomId="JOD" uomTypeId="CURRENCY_MEASURE" abbreviation="JOD" description="Jordanian Dinar" lastUpdatedStamp="2012-07-01 22:07:10.0" lastUpdatedTxStamp="2012-07-01 22:07:10.0" createdStamp="2012-07-01 22:07:10.0" createdTxStamp="2012-07-01 22:07:10.0"/>
    <Uom uomId="JPY" uomTypeId="CURRENCY_MEASURE" abbreviation="JPY" description="Japanese Yen" lastUpdatedStamp="2012-07-01 22:07:10.0" lastUpdatedTxStamp="2012-07-01 22:07:10.0" createdStamp="2012-07-01 22:07:10.0" createdTxStamp="2012-07-01 22:07:10.0"/>
    <Uom uomId="KES" uomTypeId="CURRENCY_MEASURE" abbreviation="KES" description="Kenyan Shilling" lastUpdatedStamp="2012-07-01 22:07:10.0" lastUpdatedTxStamp="2012-07-01 22:07:10.0" createdStamp="2012-07-01 22:07:10.0" createdTxStamp="2012-07-01 22:07:10.0"/>
    <Uom uomId="KHR" uomTypeId="CURRENCY_MEASURE" abbreviation="KHR" description="Cambodian Riel" lastUpdatedStamp="2012-07-01 22:07:10.0" lastUpdatedTxStamp="2012-07-01 22:07:10.0" createdStamp="2012-07-01 22:07:10.0" createdTxStamp="2012-07-01 22:07:10.0"/>
    <Uom uomId="KIS" uomTypeId="CURRENCY_MEASURE" abbreviation="KIS" description="Kirghizstan Som" lastUpdatedStamp="2012-07-01 22:07:10.0" lastUpdatedTxStamp="2012-07-01 22:07:10.0" createdStamp="2012-07-01 22:07:10.0" createdTxStamp="2012-07-01 22:07:10.0"/>
    <Uom uomId="KMF" uomTypeId="CURRENCY_MEASURE" abbreviation="KMF" description="Comoros Franc" lastUpdatedStamp="2012-07-01 22:07:10.0" lastUpdatedTxStamp="2012-07-01 22:07:10.0" createdStamp="2012-07-01 22:07:10.0" createdTxStamp="2012-07-01 22:07:10.0"/>
    <Uom uomId="KPW" uomTypeId="CURRENCY_MEASURE" abbreviation="KPW" description="North Korean Won" lastUpdatedStamp="2012-07-01 22:07:10.0" lastUpdatedTxStamp="2012-07-01 22:07:10.0" createdStamp="2012-07-01 22:07:10.0" createdTxStamp="2012-07-01 22:07:10.0"/>
    <Uom uomId="KRW" uomTypeId="CURRENCY_MEASURE" abbreviation="KRW" description="South Korean Won" lastUpdatedStamp="2012-07-01 22:07:10.0" lastUpdatedTxStamp="2012-07-01 22:07:10.0" createdStamp="2012-07-01 22:07:10.0" createdTxStamp="2012-07-01 22:07:10.0"/>
    <Uom uomId="KWD" uomTypeId="CURRENCY_MEASURE" abbreviation="KWD" description="Kuwaiti Dinar" lastUpdatedStamp="2012-07-01 22:07:10.0" lastUpdatedTxStamp="2012-07-01 22:07:10.0" createdStamp="2012-07-01 22:07:10.0" createdTxStamp="2012-07-01 22:07:10.0"/>
    <Uom uomId="KYD" uomTypeId="CURRENCY_MEASURE" abbreviation="KYD" description="Cayman Dollar" lastUpdatedStamp="2012-07-01 22:07:10.0" lastUpdatedTxStamp="2012-07-01 22:07:10.0" createdStamp="2012-07-01 22:07:10.0" createdTxStamp="2012-07-01 22:07:10.0"/>
    <Uom uomId="KZT" uomTypeId="CURRENCY_MEASURE" abbreviation="KZT" description="Kazakhstani Tenge" lastUpdatedStamp="2012-07-01 22:07:10.0" lastUpdatedTxStamp="2012-07-01 22:07:10.0" createdStamp="2012-07-01 22:07:10.0" createdTxStamp="2012-07-01 22:07:10.0"/>
    <Uom uomId="LAK" uomTypeId="CURRENCY_MEASURE" abbreviation="LAK" description="Laotian Kip" lastUpdatedStamp="2012-07-01 22:07:10.0" lastUpdatedTxStamp="2012-07-01 22:07:10.0" createdStamp="2012-07-01 22:07:10.0" createdTxStamp="2012-07-01 22:07:10.0"/>
    <Uom uomId="LBP" uomTypeId="CURRENCY_MEASURE" abbreviation="LBP" description="Lebanese Pound" lastUpdatedStamp="2012-07-01 22:07:10.0" lastUpdatedTxStamp="2012-07-01 22:07:10.0" createdStamp="2012-07-01 22:07:10.0" createdTxStamp="2012-07-01 22:07:10.0"/>
    <Uom uomId="LEN_A" uomTypeId="LENGTH_MEASURE" abbreviation="A" description="Angstrom" lastUpdatedStamp="2012-07-01 22:07:20.0" lastUpdatedTxStamp="2012-07-01 22:07:20.0" createdStamp="2012-07-01 22:07:20.0" createdTxStamp="2012-07-01 22:07:20.0"/>
    <Uom uomId="LEN_cb" uomTypeId="LENGTH_MEASURE" abbreviation="cb" description="Cable" lastUpdatedStamp="2012-07-01 22:07:20.0" lastUpdatedTxStamp="2012-07-01 22:07:20.0" createdStamp="2012-07-01 22:07:20.0" createdTxStamp="2012-07-01 22:07:20.0"/>
    <Uom uomId="LEN_chG" uomTypeId="LENGTH_MEASURE" abbreviation="chG" description="Chain (Gunter&apos;s/surveyor&apos;s)" lastUpdatedStamp="2012-07-01 22:07:20.0" lastUpdatedTxStamp="2012-07-01 22:07:20.0" createdStamp="2012-07-01 22:07:20.0" createdTxStamp="2012-07-01 22:07:20.0"/>
    <Uom uomId="LEN_chR" uomTypeId="LENGTH_MEASURE" abbreviation="chR" description="Chain (Ramden&apos;s/engineer&apos;s)" lastUpdatedStamp="2012-07-01 22:07:20.0" lastUpdatedTxStamp="2012-07-01 22:07:20.0" createdStamp="2012-07-01 22:07:20.0" createdTxStamp="2012-07-01 22:07:20.0"/>
    <Uom uomId="LEN_cm" uomTypeId="LENGTH_MEASURE" abbreviation="cm" description="Centimeter" lastUpdatedStamp="2012-07-01 22:07:20.0" lastUpdatedTxStamp="2012-07-01 22:07:20.0" createdStamp="2012-07-01 22:07:20.0" createdTxStamp="2012-07-01 22:07:20.0"/>
    <Uom uomId="LEN_dam" uomTypeId="LENGTH_MEASURE" abbreviation="dam" description="Dekameter" lastUpdatedStamp="2012-07-01 22:07:20.0" lastUpdatedTxStamp="2012-07-01 22:07:20.0" createdStamp="2012-07-01 22:07:20.0" createdTxStamp="2012-07-01 22:07:20.0"/>
    <Uom uomId="LEN_dm" uomTypeId="LENGTH_MEASURE" abbreviation="dm" description="Decimeter" lastUpdatedStamp="2012-07-01 22:07:20.0" lastUpdatedTxStamp="2012-07-01 22:07:20.0" createdStamp="2012-07-01 22:07:20.0" createdTxStamp="2012-07-01 22:07:20.0"/>
    <Uom uomId="LEN_fm" uomTypeId="LENGTH_MEASURE" abbreviation="fm" description="Fathom" lastUpdatedStamp="2012-07-01 22:07:20.0" lastUpdatedTxStamp="2012-07-01 22:07:20.0" createdStamp="2012-07-01 22:07:20.0" createdTxStamp="2012-07-01 22:07:20.0"/>
    <Uom uomId="LEN_ft" uomTypeId="LENGTH_MEASURE" abbreviation="ft" description="Foot" lastUpdatedStamp="2012-07-01 22:07:20.0" lastUpdatedTxStamp="2012-07-01 22:07:20.0" createdStamp="2012-07-01 22:07:20.0" createdTxStamp="2012-07-01 22:07:20.0"/>
    <Uom uomId="LEN_fur" uomTypeId="LENGTH_MEASURE" abbreviation="fur" description="Furlong" lastUpdatedStamp="2012-07-01 22:07:20.0" lastUpdatedTxStamp="2012-07-01 22:07:20.0" createdStamp="2012-07-01 22:07:20.0" createdTxStamp="2012-07-01 22:07:20.0"/>
    <Uom uomId="LEN_hand" uomTypeId="LENGTH_MEASURE" abbreviation="hand" description="Hand (horse&apos;s height)" lastUpdatedStamp="2012-07-01 22:07:20.0" lastUpdatedTxStamp="2012-07-01 22:07:20.0" createdStamp="2012-07-01 22:07:20.0" createdTxStamp="2012-07-01 22:07:20.0"/>
    <Uom uomId="LEN_in" uomTypeId="LENGTH_MEASURE" abbreviation="in" description="Inch" lastUpdatedStamp="2012-07-01 22:07:20.0" lastUpdatedTxStamp="2012-07-01 22:07:20.0" createdStamp="2012-07-01 22:07:20.0" createdTxStamp="2012-07-01 22:07:20.0"/>
    <Uom uomId="LEN_km" uomTypeId="LENGTH_MEASURE" abbreviation="km" description="Kilometer" lastUpdatedStamp="2012-07-01 22:07:20.0" lastUpdatedTxStamp="2012-07-01 22:07:20.0" createdStamp="2012-07-01 22:07:20.0" createdTxStamp="2012-07-01 22:07:20.0"/>
    <Uom uomId="LEN_league" uomTypeId="LENGTH_MEASURE" abbreviation="league" description="League" lastUpdatedStamp="2012-07-01 22:07:20.0" lastUpdatedTxStamp="2012-07-01 22:07:20.0" createdStamp="2012-07-01 22:07:20.0" createdTxStamp="2012-07-01 22:07:20.0"/>
    <Uom uomId="LEN_lnG" uomTypeId="LENGTH_MEASURE" abbreviation="lnG" description="Link (Gunter&apos;s)" lastUpdatedStamp="2012-07-01 22:07:20.0" lastUpdatedTxStamp="2012-07-01 22:07:20.0" createdStamp="2012-07-01 22:07:20.0" createdTxStamp="2012-07-01 22:07:20.0"/>
    <Uom uomId="LEN_lnR" uomTypeId="LENGTH_MEASURE" abbreviation="lnR" description="Link (Ramden&apos;s)" lastUpdatedStamp="2012-07-01 22:07:20.0" lastUpdatedTxStamp="2012-07-01 22:07:20.0" createdStamp="2012-07-01 22:07:20.0" createdTxStamp="2012-07-01 22:07:20.0"/>
    <Uom uomId="LEN_m" uomTypeId="LENGTH_MEASURE" abbreviation="m" description="Meter" lastUpdatedStamp="2012-07-01 22:07:20.0" lastUpdatedTxStamp="2012-07-01 22:07:20.0" createdStamp="2012-07-01 22:07:20.0" createdTxStamp="2012-07-01 22:07:20.0"/>
    <Uom uomId="LEN_mi" uomTypeId="LENGTH_MEASURE" abbreviation="mi" description="Mile (statute/land)" lastUpdatedStamp="2012-07-01 22:07:20.0" lastUpdatedTxStamp="2012-07-01 22:07:20.0" createdStamp="2012-07-01 22:07:20.0" createdTxStamp="2012-07-01 22:07:20.0"/>
    <Uom uomId="LEN_mil" uomTypeId="LENGTH_MEASURE" abbreviation="mil" description="Mil (Milli-inch)" lastUpdatedStamp="2012-07-01 22:07:20.0" lastUpdatedTxStamp="2012-07-01 22:07:20.0" createdStamp="2012-07-01 22:07:20.0" createdTxStamp="2012-07-01 22:07:20.0"/>
    <Uom uomId="LEN_mm" uomTypeId="LENGTH_MEASURE" abbreviation="mm" description="Millimeter" lastUpdatedStamp="2012-07-01 22:07:20.0" lastUpdatedTxStamp="2012-07-01 22:07:20.0" createdStamp="2012-07-01 22:07:20.0" createdTxStamp="2012-07-01 22:07:20.0"/>
    <Uom uomId="LEN_nmi" uomTypeId="LENGTH_MEASURE" abbreviation="nmi" description="Mile (nautical/sea)" lastUpdatedStamp="2012-07-01 22:07:20.0" lastUpdatedTxStamp="2012-07-01 22:07:20.0" createdStamp="2012-07-01 22:07:20.0" createdTxStamp="2012-07-01 22:07:20.0"/>
    <Uom uomId="LEN_pica" uomTypeId="LENGTH_MEASURE" abbreviation="pica" description="Pica (type size)" lastUpdatedStamp="2012-07-01 22:07:20.0" lastUpdatedTxStamp="2012-07-01 22:07:20.0" createdStamp="2012-07-01 22:07:20.0" createdTxStamp="2012-07-01 22:07:20.0"/>
    <Uom uomId="LEN_point" uomTypeId="LENGTH_MEASURE" abbreviation="point" description="Point (type size)" lastUpdatedStamp="2012-07-01 22:07:20.0" lastUpdatedTxStamp="2012-07-01 22:07:20.0" createdStamp="2012-07-01 22:07:20.0" createdTxStamp="2012-07-01 22:07:20.0"/>
    <Uom uomId="LEN_rd" uomTypeId="LENGTH_MEASURE" abbreviation="rd" description="Rod" lastUpdatedStamp="2012-07-01 22:07:20.0" lastUpdatedTxStamp="2012-07-01 22:07:20.0" createdStamp="2012-07-01 22:07:20.0" createdTxStamp="2012-07-01 22:07:20.0"/>
    <Uom uomId="LEN_u" uomTypeId="LENGTH_MEASURE" abbreviation="u" description="Micrometer (Micron)" lastUpdatedStamp="2012-07-01 22:07:20.0" lastUpdatedTxStamp="2012-07-01 22:07:20.0" createdStamp="2012-07-01 22:07:20.0" createdTxStamp="2012-07-01 22:07:20.0"/>
    <Uom uomId="LEN_yd" uomTypeId="LENGTH_MEASURE" abbreviation="yd" description="Yard" lastUpdatedStamp="2012-07-01 22:07:20.0" lastUpdatedTxStamp="2012-07-01 22:07:20.0" createdStamp="2012-07-01 22:07:20.0" createdTxStamp="2012-07-01 22:07:20.0"/>
    <Uom uomId="LKR" uomTypeId="CURRENCY_MEASURE" abbreviation="LKR" description="Sri Lankan Rupee" lastUpdatedStamp="2012-07-01 22:07:10.0" lastUpdatedTxStamp="2012-07-01 22:07:10.0" createdStamp="2012-07-01 22:07:10.0" createdTxStamp="2012-07-01 22:07:10.0"/>
    <Uom uomId="LRD" uomTypeId="CURRENCY_MEASURE" abbreviation="LRD" description="Liberian Dollar" lastUpdatedStamp="2012-07-01 22:07:10.0" lastUpdatedTxStamp="2012-07-01 22:07:10.0" createdStamp="2012-07-01 22:07:10.0" createdTxStamp="2012-07-01 22:07:10.0"/>
    <Uom uomId="LSL" uomTypeId="CURRENCY_MEASURE" abbreviation="LSL" description="Lesotho Loti" lastUpdatedStamp="2012-07-01 22:07:10.0" lastUpdatedTxStamp="2012-07-01 22:07:10.0" createdStamp="2012-07-01 22:07:10.0" createdTxStamp="2012-07-01 22:07:10.0"/>
    <Uom uomId="LTL" uomTypeId="CURRENCY_MEASURE" abbreviation="LTL" description="Lithuanian Lita" lastUpdatedStamp="2012-07-01 22:07:10.0" lastUpdatedTxStamp="2012-07-01 22:07:10.0" createdStamp="2012-07-01 22:07:10.0" createdTxStamp="2012-07-01 22:07:10.0"/>
    <Uom uomId="LVL" uomTypeId="CURRENCY_MEASURE" abbreviation="LVL" description="Latvian Lat" lastUpdatedStamp="2012-07-01 22:07:10.0" lastUpdatedTxStamp="2012-07-01 22:07:10.0" createdStamp="2012-07-01 22:07:10.0" createdTxStamp="2012-07-01 22:07:10.0"/>
    <Uom uomId="LYD" uomTypeId="CURRENCY_MEASURE" abbreviation="LYD" description="Libyan Dinar" lastUpdatedStamp="2012-07-01 22:07:10.0" lastUpdatedTxStamp="2012-07-01 22:07:10.0" createdStamp="2012-07-01 22:07:10.0" createdTxStamp="2012-07-01 22:07:10.0"/>
    <Uom uomId="MAD" uomTypeId="CURRENCY_MEASURE" abbreviation="MAD" description="Moroccan Dirham" lastUpdatedStamp="2012-07-01 22:07:10.0" lastUpdatedTxStamp="2012-07-01 22:07:10.0" createdStamp="2012-07-01 22:07:10.0" createdTxStamp="2012-07-01 22:07:10.0"/>
    <Uom uomId="MDL" uomTypeId="CURRENCY_MEASURE" abbreviation="MDL" description="Moldavian Lei" lastUpdatedStamp="2012-07-01 22:07:10.0" lastUpdatedTxStamp="2012-07-01 22:07:10.0" createdStamp="2012-07-01 22:07:10.0" createdTxStamp="2012-07-01 22:07:10.0"/>
    <Uom uomId="MGF" uomTypeId="CURRENCY_MEASURE" abbreviation="MGF" description="Madagascan Franc" lastUpdatedStamp="2012-07-01 22:07:10.0" lastUpdatedTxStamp="2012-07-01 22:07:10.0" createdStamp="2012-07-01 22:07:10.0" createdTxStamp="2012-07-01 22:07:10.0"/>
    <Uom uomId="MNT" uomTypeId="CURRENCY_MEASURE" abbreviation="MNT" description="Mongolian Tugrik" lastUpdatedStamp="2012-07-01 22:07:10.0" lastUpdatedTxStamp="2012-07-01 22:07:10.0" createdStamp="2012-07-01 22:07:10.0" createdTxStamp="2012-07-01 22:07:10.0"/>
    <Uom uomId="MOP" uomTypeId="CURRENCY_MEASURE" abbreviation="MOP" description="Macao Pataca" lastUpdatedStamp="2012-07-01 22:07:10.0" lastUpdatedTxStamp="2012-07-01 22:07:10.0" createdStamp="2012-07-01 22:07:10.0" createdTxStamp="2012-07-01 22:07:10.0"/>
    <Uom uomId="MRO" uomTypeId="CURRENCY_MEASURE" abbreviation="MRO" description="Mauritanian Ouguiya" lastUpdatedStamp="2012-07-01 22:07:10.0" lastUpdatedTxStamp="2012-07-01 22:07:10.0" createdStamp="2012-07-01 22:07:10.0" createdTxStamp="2012-07-01 22:07:10.0"/>
    <Uom uomId="MTL" uomTypeId="CURRENCY_MEASURE" abbreviation="MTL" description="Maltese Lira" lastUpdatedStamp="2012-07-01 22:07:10.0" lastUpdatedTxStamp="2012-07-01 22:07:10.0" createdStamp="2012-07-01 22:07:10.0" createdTxStamp="2012-07-01 22:07:10.0"/>
    <Uom uomId="MUR" uomTypeId="CURRENCY_MEASURE" abbreviation="MUR" description="Mauritius Rupee" lastUpdatedStamp="2012-07-01 22:07:10.0" lastUpdatedTxStamp="2012-07-01 22:07:10.0" createdStamp="2012-07-01 22:07:10.0" createdTxStamp="2012-07-01 22:07:10.0"/>
    <Uom uomId="MVR" uomTypeId="CURRENCY_MEASURE" abbreviation="MVR" description="Maldive Rufiyaa" lastUpdatedStamp="2012-07-01 22:07:10.0" lastUpdatedTxStamp="2012-07-01 22:07:10.0" createdStamp="2012-07-01 22:07:10.0" createdTxStamp="2012-07-01 22:07:10.0"/>
    <Uom uomId="MWK" uomTypeId="CURRENCY_MEASURE" abbreviation="MWK" description="Malawi Kwacha" lastUpdatedStamp="2012-07-01 22:07:10.0" lastUpdatedTxStamp="2012-07-01 22:07:10.0" createdStamp="2012-07-01 22:07:10.0" createdTxStamp="2012-07-01 22:07:10.0"/>
    <Uom uomId="MXN" uomTypeId="CURRENCY_MEASURE" abbreviation="MXN" description="Mexican Peso (new)" lastUpdatedStamp="2012-07-01 22:07:10.0" lastUpdatedTxStamp="2012-07-01 22:07:10.0" createdStamp="2012-07-01 22:07:10.0" createdTxStamp="2012-07-01 22:07:10.0"/>
    <Uom uomId="MXP" uomTypeId="CURRENCY_MEASURE" abbreviation="MXP" description="Mexican Peso (old)" lastUpdatedStamp="2012-07-01 22:07:10.0" lastUpdatedTxStamp="2012-07-01 22:07:10.0" createdStamp="2012-07-01 22:07:10.0" createdTxStamp="2012-07-01 22:07:10.0"/>
    <Uom uomId="MYR" uomTypeId="CURRENCY_MEASURE" abbreviation="MYR" description="Malaysian Ringgit" lastUpdatedStamp="2012-07-01 22:07:10.0" lastUpdatedTxStamp="2012-07-01 22:07:10.0" createdStamp="2012-07-01 22:07:10.0" createdTxStamp="2012-07-01 22:07:10.0"/>
    <Uom uomId="MZM" uomTypeId="CURRENCY_MEASURE" abbreviation="MZM" description="Mozambique Metical" lastUpdatedStamp="2012-07-01 22:07:10.0" lastUpdatedTxStamp="2012-07-01 22:07:10.0" createdStamp="2012-07-01 22:07:10.0" createdTxStamp="2012-07-01 22:07:10.0"/>
    <Uom uomId="NGN" uomTypeId="CURRENCY_MEASURE" abbreviation="NGN" description="Nigerian Naira" lastUpdatedStamp="2012-07-01 22:07:10.0" lastUpdatedTxStamp="2012-07-01 22:07:10.0" createdStamp="2012-07-01 22:07:10.0" createdTxStamp="2012-07-01 22:07:10.0"/>
    <Uom uomId="NIC" uomTypeId="CURRENCY_MEASURE" abbreviation="NIC" description="Nicaragua" lastUpdatedStamp="2012-07-01 22:07:10.0" lastUpdatedTxStamp="2012-07-01 22:07:10.0" createdStamp="2012-07-01 22:07:10.0" createdTxStamp="2012-07-01 22:07:10.0"/>
    <Uom uomId="NIO" uomTypeId="CURRENCY_MEASURE" abbreviation="NIO" description="Nicaraguan Cordoba" lastUpdatedStamp="2012-07-01 22:07:10.0" lastUpdatedTxStamp="2012-07-01 22:07:10.0" createdStamp="2012-07-01 22:07:10.0" createdTxStamp="2012-07-01 22:07:10.0"/>
    <Uom uomId="NIS" uomTypeId="CURRENCY_MEASURE" abbreviation="NIS" description="New Israeli Shekel" lastUpdatedStamp="2012-07-01 22:07:10.0" lastUpdatedTxStamp="2012-07-01 22:07:10.0" createdStamp="2012-07-01 22:07:10.0" createdTxStamp="2012-07-01 22:07:10.0"/>
    <Uom uomId="NOK" uomTypeId="CURRENCY_MEASURE" abbreviation="NOK" description="Norwegian Krone" lastUpdatedStamp="2012-07-01 22:07:10.0" lastUpdatedTxStamp="2012-07-01 22:07:10.0" createdStamp="2012-07-01 22:07:10.0" createdTxStamp="2012-07-01 22:07:10.0"/>
    <Uom uomId="NPR" uomTypeId="CURRENCY_MEASURE" abbreviation="NPR" description="Nepalese Rupee" lastUpdatedStamp="2012-07-01 22:07:10.0" lastUpdatedTxStamp="2012-07-01 22:07:10.0" createdStamp="2012-07-01 22:07:10.0" createdTxStamp="2012-07-01 22:07:10.0"/>
    <Uom uomId="NZD" uomTypeId="CURRENCY_MEASURE" abbreviation="NZD" description="New Zealand Dollar" lastUpdatedStamp="2012-07-01 22:07:10.0" lastUpdatedTxStamp="2012-07-01 22:07:10.0" createdStamp="2012-07-01 22:07:10.0" createdTxStamp="2012-07-01 22:07:10.0"/>
    <Uom uomId="OMR" uomTypeId="CURRENCY_MEASURE" abbreviation="OMR" description="Omani Rial" lastUpdatedStamp="2012-07-01 22:07:10.0" lastUpdatedTxStamp="2012-07-01 22:07:10.0" createdStamp="2012-07-01 22:07:10.0" createdTxStamp="2012-07-01 22:07:10.0"/>
    <Uom uomId="OTH_A" uomTypeId="OTHER_MEASURE" abbreviation="A" description="Amphere - Electric current" lastUpdatedStamp="2012-07-01 22:07:20.0" lastUpdatedTxStamp="2012-07-01 22:07:20.0" createdStamp="2012-07-01 22:07:20.0" createdTxStamp="2012-07-01 22:07:20.0"/>
    <Uom uomId="OTH_cd" uomTypeId="OTHER_MEASURE" abbreviation="cd" description="Candela - Luminosity (intensity of light)" lastUpdatedStamp="2012-07-01 22:07:20.0" lastUpdatedTxStamp="2012-07-01 22:07:20.0" createdStamp="2012-07-01 22:07:20.0" createdTxStamp="2012-07-01 22:07:20.0"/>
    <Uom uomId="OTH_ea" uomTypeId="OTHER_MEASURE" abbreviation="ea" description="Each" lastUpdatedStamp="2012-07-01 22:07:20.0" lastUpdatedTxStamp="2012-07-01 22:07:20.0" createdStamp="2012-07-01 22:07:20.0" createdTxStamp="2012-07-01 22:07:20.0"/>
    <Uom uomId="OTH_mol" uomTypeId="OTHER_MEASURE" abbreviation="mol" description="Mole - Substance (molecule)" lastUpdatedStamp="2012-07-01 22:07:20.0" lastUpdatedTxStamp="2012-07-01 22:07:20.0" createdStamp="2012-07-01 22:07:20.0" createdTxStamp="2012-07-01 22:07:20.0"/>
    <Uom uomId="OTH_pp" uomTypeId="OTHER_MEASURE" abbreviation="pp" description="Per Person" lastUpdatedStamp="2012-07-01 22:07:20.0" lastUpdatedTxStamp="2012-07-01 22:07:20.0" createdStamp="2012-07-01 22:07:20.0" createdTxStamp="2012-07-01 22:07:20.0"/>
    <Uom uomId="PAB" uomTypeId="CURRENCY_MEASURE" abbreviation="PAB" description="Panamanian Balboa" lastUpdatedStamp="2012-07-01 22:07:10.0" lastUpdatedTxStamp="2012-07-01 22:07:10.0" createdStamp="2012-07-01 22:07:10.0" createdTxStamp="2012-07-01 22:07:10.0"/>
    <Uom uomId="PEI" uomTypeId="CURRENCY_MEASURE" abbreviation="PEI" description="Peruvian Inti" lastUpdatedStamp="2012-07-01 22:07:10.0" lastUpdatedTxStamp="2012-07-01 22:07:10.0" createdStamp="2012-07-01 22:07:10.0" createdTxStamp="2012-07-01 22:07:10.0"/>
    <Uom uomId="PEN" uomTypeId="CURRENCY_MEASURE" abbreviation="PEN" description="Peruvian Sol - New" lastUpdatedStamp="2012-07-01 22:07:10.0" lastUpdatedTxStamp="2012-07-01 22:07:10.0" createdStamp="2012-07-01 22:07:10.0" createdTxStamp="2012-07-01 22:07:10.0"/>
    <Uom uomId="PES" uomTypeId="CURRENCY_MEASURE" abbreviation="PES" description="Peruvian Sol" lastUpdatedStamp="2012-07-01 22:07:10.0" lastUpdatedTxStamp="2012-07-01 22:07:10.0" createdStamp="2012-07-01 22:07:10.0" createdTxStamp="2012-07-01 22:07:10.0"/>
    <Uom uomId="PGK" uomTypeId="CURRENCY_MEASURE" abbreviation="PGK" description="Papua New Guinea Kina" lastUpdatedStamp="2012-07-01 22:07:10.0" lastUpdatedTxStamp="2012-07-01 22:07:10.0" createdStamp="2012-07-01 22:07:10.0" createdTxStamp="2012-07-01 22:07:10.0"/>
    <Uom uomId="PHP" uomTypeId="CURRENCY_MEASURE" abbreviation="PHP" description="Philippino Peso" lastUpdatedStamp="2012-07-01 22:07:10.0" lastUpdatedTxStamp="2012-07-01 22:07:10.0" createdStamp="2012-07-01 22:07:10.0" createdTxStamp="2012-07-01 22:07:10.0"/>
    <Uom uomId="PKR" uomTypeId="CURRENCY_MEASURE" abbreviation="PKR" description="Pakistan Rupee" lastUpdatedStamp="2012-07-01 22:07:10.0" lastUpdatedTxStamp="2012-07-01 22:07:10.0" createdStamp="2012-07-01 22:07:10.0" createdTxStamp="2012-07-01 22:07:10.0"/>
    <Uom uomId="PLN" uomTypeId="CURRENCY_MEASURE" abbreviation="PLN" description="Polish Zloty" lastUpdatedStamp="2012-07-01 22:07:10.0" lastUpdatedTxStamp="2012-07-01 22:07:10.0" createdStamp="2012-07-01 22:07:10.0" createdTxStamp="2012-07-01 22:07:10.0"/>
    <Uom uomId="PLZ" uomTypeId="CURRENCY_MEASURE" abbreviation="PLZ" description="Poland" lastUpdatedStamp="2012-07-01 22:07:10.0" lastUpdatedTxStamp="2012-07-01 22:07:10.0" createdStamp="2012-07-01 22:07:10.0" createdTxStamp="2012-07-01 22:07:10.0"/>
    <Uom uomId="PYG" uomTypeId="CURRENCY_MEASURE" abbreviation="PYG" description="Paraguayan Guarani" lastUpdatedStamp="2012-07-01 22:07:10.0" lastUpdatedTxStamp="2012-07-01 22:07:10.0" createdStamp="2012-07-01 22:07:10.0" createdTxStamp="2012-07-01 22:07:10.0"/>
    <Uom uomId="QAR" uomTypeId="CURRENCY_MEASURE" abbreviation="QAR" description="Qatar Riyal" lastUpdatedStamp="2012-07-01 22:07:10.0" lastUpdatedTxStamp="2012-07-01 22:07:10.0" createdStamp="2012-07-01 22:07:10.0" createdTxStamp="2012-07-01 22:07:10.0"/>
    <Uom uomId="ROL" uomTypeId="CURRENCY_MEASURE" abbreviation="ROL" description="Romanian Leu" lastUpdatedStamp="2012-07-01 22:07:10.0" lastUpdatedTxStamp="2012-07-01 22:07:10.0" createdStamp="2012-07-01 22:07:10.0" createdTxStamp="2012-07-01 22:07:10.0"/>
    <Uom uomId="RUR" uomTypeId="CURRENCY_MEASURE" abbreviation="RUR" description="Russian Rouble" lastUpdatedStamp="2012-07-01 22:07:10.0" lastUpdatedTxStamp="2012-07-01 22:07:10.0" createdStamp="2012-07-01 22:07:10.0" createdTxStamp="2012-07-01 22:07:10.0"/>
    <Uom uomId="RWF" uomTypeId="CURRENCY_MEASURE" abbreviation="RWF" description="Rwanda Franc" lastUpdatedStamp="2012-07-01 22:07:10.0" lastUpdatedTxStamp="2012-07-01 22:07:10.0" createdStamp="2012-07-01 22:07:10.0" createdTxStamp="2012-07-01 22:07:10.0"/>
    <Uom uomId="SAR" uomTypeId="CURRENCY_MEASURE" abbreviation="SAR" description="Saudi Riyal" lastUpdatedStamp="2012-07-01 22:07:10.0" lastUpdatedTxStamp="2012-07-01 22:07:10.0" createdStamp="2012-07-01 22:07:10.0" createdTxStamp="2012-07-01 22:07:10.0"/>
    <Uom uomId="SBD" uomTypeId="CURRENCY_MEASURE" abbreviation="SBD" description="Solomon Islands Dollar" lastUpdatedStamp="2012-07-01 22:07:10.0" lastUpdatedTxStamp="2012-07-01 22:07:10.0" createdStamp="2012-07-01 22:07:10.0" createdTxStamp="2012-07-01 22:07:10.0"/>
    <Uom uomId="SCR" uomTypeId="CURRENCY_MEASURE" abbreviation="SCR" description="Seychelles Rupee" lastUpdatedStamp="2012-07-01 22:07:10.0" lastUpdatedTxStamp="2012-07-01 22:07:10.0" createdStamp="2012-07-01 22:07:10.0" createdTxStamp="2012-07-01 22:07:10.0"/>
    <Uom uomId="SDP" uomTypeId="CURRENCY_MEASURE" abbreviation="SDP" description="Sudanese Pound" lastUpdatedStamp="2012-07-01 22:07:10.0" lastUpdatedTxStamp="2012-07-01 22:07:10.0" createdStamp="2012-07-01 22:07:10.0" createdTxStamp="2012-07-01 22:07:10.0"/>
    <Uom uomId="SEK" uomTypeId="CURRENCY_MEASURE" abbreviation="SEK" description="Swedish Krona" lastUpdatedStamp="2012-07-01 22:07:10.0" lastUpdatedTxStamp="2012-07-01 22:07:10.0" createdStamp="2012-07-01 22:07:10.0" createdTxStamp="2012-07-01 22:07:10.0"/>
    <Uom uomId="SGD" uomTypeId="CURRENCY_MEASURE" abbreviation="SGD" description="Singapore Dollar" lastUpdatedStamp="2012-07-01 22:07:10.0" lastUpdatedTxStamp="2012-07-01 22:07:10.0" createdStamp="2012-07-01 22:07:10.0" createdTxStamp="2012-07-01 22:07:10.0"/>
    <Uom uomId="SHP" uomTypeId="CURRENCY_MEASURE" abbreviation="SHP" description="St.Helena Pound" lastUpdatedStamp="2012-07-01 22:07:10.0" lastUpdatedTxStamp="2012-07-01 22:07:10.0" createdStamp="2012-07-01 22:07:10.0" createdTxStamp="2012-07-01 22:07:10.0"/>
    <Uom uomId="SLL" uomTypeId="CURRENCY_MEASURE" abbreviation="SLL" description="Leone" lastUpdatedStamp="2012-07-01 22:07:10.0" lastUpdatedTxStamp="2012-07-01 22:07:10.0" createdStamp="2012-07-01 22:07:10.0" createdTxStamp="2012-07-01 22:07:10.0"/>
    <Uom uomId="SOL" uomTypeId="CURRENCY_MEASURE" abbreviation="SOL" description="Peru" lastUpdatedStamp="2012-07-01 22:07:10.0" lastUpdatedTxStamp="2012-07-01 22:07:10.0" createdStamp="2012-07-01 22:07:10.0" createdTxStamp="2012-07-01 22:07:10.0"/>
    <Uom uomId="SOS" uomTypeId="CURRENCY_MEASURE" abbreviation="SOS" description="Somalian Shilling" lastUpdatedStamp="2012-07-01 22:07:10.0" lastUpdatedTxStamp="2012-07-01 22:07:10.0" createdStamp="2012-07-01 22:07:10.0" createdTxStamp="2012-07-01 22:07:10.0"/>
    <Uom uomId="SRG" uomTypeId="CURRENCY_MEASURE" abbreviation="SRG" description="Surinam Guilder" lastUpdatedStamp="2012-07-01 22:07:10.0" lastUpdatedTxStamp="2012-07-01 22:07:10.0" createdStamp="2012-07-01 22:07:10.0" createdTxStamp="2012-07-01 22:07:10.0"/>
    <Uom uomId="STD" uomTypeId="CURRENCY_MEASURE" abbreviation="STD" description="Sao Tome / Principe Dobra" lastUpdatedStamp="2012-07-01 22:07:10.0" lastUpdatedTxStamp="2012-07-01 22:07:10.0" createdStamp="2012-07-01 22:07:10.0" createdTxStamp="2012-07-01 22:07:10.0"/>
    <Uom uomId="SUR" uomTypeId="CURRENCY_MEASURE" abbreviation="SUR" description="Russian Ruble (old)" lastUpdatedStamp="2012-07-01 22:07:10.0" lastUpdatedTxStamp="2012-07-01 22:07:10.0" createdStamp="2012-07-01 22:07:10.0" createdTxStamp="2012-07-01 22:07:10.0"/>
    <Uom uomId="SVC" uomTypeId="CURRENCY_MEASURE" abbreviation="SVC" description="El Salvador Colon" lastUpdatedStamp="2012-07-01 22:07:10.0" lastUpdatedTxStamp="2012-07-01 22:07:10.0" createdStamp="2012-07-01 22:07:10.0" createdTxStamp="2012-07-01 22:07:10.0"/>
    <Uom uomId="SYP" uomTypeId="CURRENCY_MEASURE" abbreviation="SYP" description="Syrian Pound" lastUpdatedStamp="2012-07-01 22:07:10.0" lastUpdatedTxStamp="2012-07-01 22:07:10.0" createdStamp="2012-07-01 22:07:10.0" createdTxStamp="2012-07-01 22:07:10.0"/>
    <Uom uomId="SZL" uomTypeId="CURRENCY_MEASURE" abbreviation="SZL" description="Swaziland Lilangeni" lastUpdatedStamp="2012-07-01 22:07:10.0" lastUpdatedTxStamp="2012-07-01 22:07:10.0" createdStamp="2012-07-01 22:07:10.0" createdTxStamp="2012-07-01 22:07:10.0"/>
    <Uom uomId="TEMP_C" uomTypeId="TEMP_MEASURE" abbreviation="C" description="Degrees Celsius" lastUpdatedStamp="2012-07-01 22:07:20.0" lastUpdatedTxStamp="2012-07-01 22:07:20.0" createdStamp="2012-07-01 22:07:20.0" createdTxStamp="2012-07-01 22:07:20.0"/>
    <Uom uomId="TEMP_F" uomTypeId="TEMP_MEASURE" abbreviation="F" description="Degrees Fahrenheit" lastUpdatedStamp="2012-07-01 22:07:20.0" lastUpdatedTxStamp="2012-07-01 22:07:20.0" createdStamp="2012-07-01 22:07:20.0" createdTxStamp="2012-07-01 22:07:20.0"/>
    <Uom uomId="TEMP_K" uomTypeId="TEMP_MEASURE" abbreviation="K" description="Kelvin" lastUpdatedStamp="2012-07-01 22:07:20.0" lastUpdatedTxStamp="2012-07-01 22:07:20.0" createdStamp="2012-07-01 22:07:20.0" createdTxStamp="2012-07-01 22:07:20.0"/>
    <Uom uomId="TF_century" uomTypeId="TIME_FREQ_MEASURE" abbreviation="century" description="Time in Centuries" lastUpdatedStamp="2012-07-01 22:07:20.0" lastUpdatedTxStamp="2012-07-01 22:07:20.0" createdStamp="2012-07-01 22:07:20.0" createdTxStamp="2012-07-01 22:07:20.0"/>
    <Uom uomId="TF_day" uomTypeId="TIME_FREQ_MEASURE" abbreviation="day" description="Time in Days" lastUpdatedStamp="2012-07-01 22:07:20.0" lastUpdatedTxStamp="2012-07-01 22:07:20.0" createdStamp="2012-07-01 22:07:20.0" createdTxStamp="2012-07-01 22:07:20.0"/>
    <Uom uomId="TF_decade" uomTypeId="TIME_FREQ_MEASURE" abbreviation="decade" description="Time in Decades" lastUpdatedStamp="2012-07-01 22:07:20.0" lastUpdatedTxStamp="2012-07-01 22:07:20.0" createdStamp="2012-07-01 22:07:20.0" createdTxStamp="2012-07-01 22:07:20.0"/>
    <Uom uomId="TF_hr" uomTypeId="TIME_FREQ_MEASURE" abbreviation="hr" description="Time in Hours" lastUpdatedStamp="2012-07-01 22:07:20.0" lastUpdatedTxStamp="2012-07-01 22:07:20.0" createdStamp="2012-07-01 22:07:20.0" createdTxStamp="2012-07-01 22:07:20.0"/>
    <Uom uomId="TF_millenium" uomTypeId="TIME_FREQ_MEASURE" abbreviation="millenium" description="Time in Millenia" lastUpdatedStamp="2012-07-01 22:07:20.0" lastUpdatedTxStamp="2012-07-01 22:07:20.0" createdStamp="2012-07-01 22:07:20.0" createdTxStamp="2012-07-01 22:07:20.0"/>
    <Uom uomId="TF_min" uomTypeId="TIME_FREQ_MEASURE" abbreviation="min" description="Time in Minutes" lastUpdatedStamp="2012-07-01 22:07:20.0" lastUpdatedTxStamp="2012-07-01 22:07:20.0" createdStamp="2012-07-01 22:07:20.0" createdTxStamp="2012-07-01 22:07:20.0"/>
    <Uom uomId="TF_mon" uomTypeId="TIME_FREQ_MEASURE" abbreviation="mon" description="Time in Months" lastUpdatedStamp="2012-07-01 22:07:20.0" lastUpdatedTxStamp="2012-07-01 22:07:20.0" createdStamp="2012-07-01 22:07:20.0" createdTxStamp="2012-07-01 22:07:20.0"/>
    <Uom uomId="TF_ms" uomTypeId="TIME_FREQ_MEASURE" abbreviation="ms" description="Time in Milli-Seconds" lastUpdatedStamp="2012-07-01 22:07:20.0" lastUpdatedTxStamp="2012-07-01 22:07:20.0" createdStamp="2012-07-01 22:07:20.0" createdTxStamp="2012-07-01 22:07:20.0"/>
    <Uom uomId="TF_s" uomTypeId="TIME_FREQ_MEASURE" abbreviation="s" description="Time in Seconds" lastUpdatedStamp="2012-07-01 22:07:20.0" lastUpdatedTxStamp="2012-07-01 22:07:20.0" createdStamp="2012-07-01 22:07:20.0" createdTxStamp="2012-07-01 22:07:20.0"/>
    <Uom uomId="TF_score" uomTypeId="TIME_FREQ_MEASURE" abbreviation="score" description="Time in Scores" lastUpdatedStamp="2012-07-01 22:07:20.0" lastUpdatedTxStamp="2012-07-01 22:07:20.0" createdStamp="2012-07-01 22:07:20.0" createdTxStamp="2012-07-01 22:07:20.0"/>
    <Uom uomId="TF_wk" uomTypeId="TIME_FREQ_MEASURE" abbreviation="wk" description="Time in Weeks" lastUpdatedStamp="2012-07-01 22:07:20.0" lastUpdatedTxStamp="2012-07-01 22:07:20.0" createdStamp="2012-07-01 22:07:20.0" createdTxStamp="2012-07-01 22:07:20.0"/>
    <Uom uomId="TF_yr" uomTypeId="TIME_FREQ_MEASURE" abbreviation="yr" description="Time in Years" lastUpdatedStamp="2012-07-01 22:07:20.0" lastUpdatedTxStamp="2012-07-01 22:07:20.0" createdStamp="2012-07-01 22:07:20.0" createdTxStamp="2012-07-01 22:07:20.0"/>
    <Uom uomId="THB" uomTypeId="CURRENCY_MEASURE" abbreviation="THB" description="Thailand Baht" lastUpdatedStamp="2012-07-01 22:07:10.0" lastUpdatedTxStamp="2012-07-01 22:07:10.0" createdStamp="2012-07-01 22:07:10.0" createdTxStamp="2012-07-01 22:07:10.0"/>
    <Uom uomId="TJR" uomTypeId="CURRENCY_MEASURE" abbreviation="TJR" description="Tadzhikistani Ruble" lastUpdatedStamp="2012-07-01 22:07:10.0" lastUpdatedTxStamp="2012-07-01 22:07:10.0" createdStamp="2012-07-01 22:07:10.0" createdTxStamp="2012-07-01 22:07:10.0"/>
    <Uom uomId="TMM" uomTypeId="CURRENCY_MEASURE" abbreviation="TMM" description="Turkmenistani Manat" lastUpdatedStamp="2012-07-01 22:07:10.0" lastUpdatedTxStamp="2012-07-01 22:07:10.0" createdStamp="2012-07-01 22:07:10.0" createdTxStamp="2012-07-01 22:07:10.0"/>
    <Uom uomId="TND" uomTypeId="CURRENCY_MEASURE" abbreviation="TND" description="Tunisian Dinar" lastUpdatedStamp="2012-07-01 22:07:10.0" lastUpdatedTxStamp="2012-07-01 22:07:10.0" createdStamp="2012-07-01 22:07:10.0" createdTxStamp="2012-07-01 22:07:10.0"/>
    <Uom uomId="TOP" uomTypeId="CURRENCY_MEASURE" abbreviation="TOP" description="Tongan Pa&apos;anga" lastUpdatedStamp="2012-07-01 22:07:10.0" lastUpdatedTxStamp="2012-07-01 22:07:10.0" createdStamp="2012-07-01 22:07:10.0" createdTxStamp="2012-07-01 22:07:10.0"/>
    <Uom uomId="TPE" uomTypeId="CURRENCY_MEASURE" abbreviation="TPE" description="Timor Escudo" lastUpdatedStamp="2012-07-01 22:07:10.0" lastUpdatedTxStamp="2012-07-01 22:07:10.0" createdStamp="2012-07-01 22:07:10.0" createdTxStamp="2012-07-01 22:07:10.0"/>
    <Uom uomId="TRY" uomTypeId="CURRENCY_MEASURE" abbreviation="TRY" description="Turkish Lira" lastUpdatedStamp="2012-07-01 22:07:10.0" lastUpdatedTxStamp="2012-07-01 22:07:10.0" createdStamp="2012-07-01 22:07:10.0" createdTxStamp="2012-07-01 22:07:10.0"/>
    <Uom uomId="TTD" uomTypeId="CURRENCY_MEASURE" abbreviation="TTD" description="Trinidad and Tobago Dollar" lastUpdatedStamp="2012-07-01 22:07:10.0" lastUpdatedTxStamp="2012-07-01 22:07:10.0" createdStamp="2012-07-01 22:07:10.0" createdTxStamp="2012-07-01 22:07:10.0"/>
    <Uom uomId="TWD" uomTypeId="CURRENCY_MEASURE" abbreviation="TWD" description="New Taiwan Dollar" lastUpdatedStamp="2012-07-01 22:07:10.0" lastUpdatedTxStamp="2012-07-01 22:07:10.0" createdStamp="2012-07-01 22:07:10.0" createdTxStamp="2012-07-01 22:07:10.0"/>
    <Uom uomId="TZS" uomTypeId="CURRENCY_MEASURE" abbreviation="TZS" description="Tanzanian Shilling" lastUpdatedStamp="2012-07-01 22:07:10.0" lastUpdatedTxStamp="2012-07-01 22:07:10.0" createdStamp="2012-07-01 22:07:10.0" createdTxStamp="2012-07-01 22:07:10.0"/>
    <Uom uomId="UAH" uomTypeId="CURRENCY_MEASURE" abbreviation="UAH" description="Ukrainian Hryvnia" lastUpdatedStamp="2012-07-01 22:07:10.0" lastUpdatedTxStamp="2012-07-01 22:07:10.0" createdStamp="2012-07-01 22:07:10.0" createdTxStamp="2012-07-01 22:07:10.0"/>
    <Uom uomId="UGS" uomTypeId="CURRENCY_MEASURE" abbreviation="UGS" description="Ugandan Shilling" lastUpdatedStamp="2012-07-01 22:07:10.0" lastUpdatedTxStamp="2012-07-01 22:07:10.0" createdStamp="2012-07-01 22:07:10.0" createdTxStamp="2012-07-01 22:07:10.0"/>
    <Uom uomId="USD" uomTypeId="CURRENCY_MEASURE" abbreviation="USD" description="United States Dollar" lastUpdatedStamp="2012-07-01 22:07:10.0" lastUpdatedTxStamp="2012-07-01 22:07:10.0" createdStamp="2012-07-01 22:07:10.0" createdTxStamp="2012-07-01 22:07:10.0"/>
    <Uom uomId="UYP" uomTypeId="CURRENCY_MEASURE" abbreviation="UYP" description="Uruguayan New Peso" lastUpdatedStamp="2012-07-01 22:07:10.0" lastUpdatedTxStamp="2012-07-01 22:07:10.0" createdStamp="2012-07-01 22:07:10.0" createdTxStamp="2012-07-01 22:07:10.0"/>
    <Uom uomId="UYU" uomTypeId="CURRENCY_MEASURE" abbreviation="UYU" description="Uruguay" lastUpdatedStamp="2012-07-01 22:07:10.0" lastUpdatedTxStamp="2012-07-01 22:07:10.0" createdStamp="2012-07-01 22:07:10.0" createdTxStamp="2012-07-01 22:07:10.0"/>
    <Uom uomId="VDRY_cm3" uomTypeId="VOLUME_DRY_MEASURE" abbreviation="cm3" description="Cubic centimeter" lastUpdatedStamp="2012-07-01 22:07:20.0" lastUpdatedTxStamp="2012-07-01 22:07:20.0" createdStamp="2012-07-01 22:07:20.0" createdTxStamp="2012-07-01 22:07:20.0"/>
    <Uom uomId="VDRY_ft3" uomTypeId="VOLUME_DRY_MEASURE" abbreviation="ft3" description="Cubic foot" lastUpdatedStamp="2012-07-01 22:07:20.0" lastUpdatedTxStamp="2012-07-01 22:07:20.0" createdStamp="2012-07-01 22:07:20.0" createdTxStamp="2012-07-01 22:07:20.0"/>
    <Uom uomId="VDRY_in3" uomTypeId="VOLUME_DRY_MEASURE" abbreviation="in3" description="Cubic inch" lastUpdatedStamp="2012-07-01 22:07:20.0" lastUpdatedTxStamp="2012-07-01 22:07:20.0" createdStamp="2012-07-01 22:07:20.0" createdTxStamp="2012-07-01 22:07:20.0"/>
    <Uom uomId="VDRY_m3" uomTypeId="VOLUME_DRY_MEASURE" abbreviation="m3" description="Cubic meter" lastUpdatedStamp="2012-07-01 22:07:20.0" lastUpdatedTxStamp="2012-07-01 22:07:20.0" createdStamp="2012-07-01 22:07:20.0" createdTxStamp="2012-07-01 22:07:20.0"/>
    <Uom uomId="VDRY_mm3" uomTypeId="VOLUME_DRY_MEASURE" abbreviation="mm3" description="Cubic millimeter" lastUpdatedStamp="2012-07-01 22:07:20.0" lastUpdatedTxStamp="2012-07-01 22:07:20.0" createdStamp="2012-07-01 22:07:20.0" createdTxStamp="2012-07-01 22:07:20.0"/>
    <Uom uomId="VDRY_ST" uomTypeId="VOLUME_DRY_MEASURE" abbreviation="ST" description="Stere (cubic meter)" lastUpdatedStamp="2012-07-01 22:07:20.0" lastUpdatedTxStamp="2012-07-01 22:07:20.0" createdStamp="2012-07-01 22:07:20.0" createdTxStamp="2012-07-01 22:07:20.0"/>
    <Uom uomId="VDRY_yd3" uomTypeId="VOLUME_DRY_MEASURE" abbreviation="yd3" description="Cubic yard" lastUpdatedStamp="2012-07-01 22:07:20.0" lastUpdatedTxStamp="2012-07-01 22:07:20.0" createdStamp="2012-07-01 22:07:20.0" createdTxStamp="2012-07-01 22:07:20.0"/>
    <Uom uomId="VEB" uomTypeId="CURRENCY_MEASURE" abbreviation="VEB" description="Venezuelan Bolivar" lastUpdatedStamp="2012-07-01 22:07:10.0" lastUpdatedTxStamp="2012-07-01 22:07:10.0" createdStamp="2012-07-01 22:07:10.0" createdTxStamp="2012-07-01 22:07:10.0"/>
    <Uom uomId="VLIQ_bbl" uomTypeId="VOLUME_LIQ_MEASURE" abbreviation="bbl" description="Barrel (US)" lastUpdatedStamp="2012-07-01 22:07:20.0" lastUpdatedTxStamp="2012-07-01 22:07:20.0" createdStamp="2012-07-01 22:07:20.0" createdTxStamp="2012-07-01 22:07:20.0"/>
    <Uom uomId="VLIQ_cup" uomTypeId="VOLUME_LIQ_MEASURE" abbreviation="cup" description="Cup" lastUpdatedStamp="2012-07-01 22:07:20.0" lastUpdatedTxStamp="2012-07-01 22:07:20.0" createdStamp="2012-07-01 22:07:20.0" createdTxStamp="2012-07-01 22:07:20.0"/>
    <Uom uomId="VLIQ_dr" uomTypeId="VOLUME_LIQ_MEASURE" abbreviation="dr" description="Dram (US)" lastUpdatedStamp="2012-07-01 22:07:20.0" lastUpdatedTxStamp="2012-07-01 22:07:20.0" createdStamp="2012-07-01 22:07:20.0" createdTxStamp="2012-07-01 22:07:20.0"/>
    <Uom uomId="VLIQ_galUK" uomTypeId="VOLUME_LIQ_MEASURE" abbreviation="gal" description="Gallon (UK)" lastUpdatedStamp="2012-07-01 22:07:20.0" lastUpdatedTxStamp="2012-07-01 22:07:20.0" createdStamp="2012-07-01 22:07:20.0" createdTxStamp="2012-07-01 22:07:20.0"/>
    <Uom uomId="VLIQ_galUS" uomTypeId="VOLUME_LIQ_MEASURE" abbreviation="gal" description="Gallon (US)" lastUpdatedStamp="2012-07-01 22:07:20.0" lastUpdatedTxStamp="2012-07-01 22:07:20.0" createdStamp="2012-07-01 22:07:20.0" createdTxStamp="2012-07-01 22:07:20.0"/>
    <Uom uomId="VLIQ_gi" uomTypeId="VOLUME_LIQ_MEASURE" abbreviation="gi" description="Gill (1/4 UK pint)" lastUpdatedStamp="2012-07-01 22:07:20.0" lastUpdatedTxStamp="2012-07-01 22:07:20.0" createdStamp="2012-07-01 22:07:20.0" createdTxStamp="2012-07-01 22:07:20.0"/>
    <Uom uomId="VLIQ_L" uomTypeId="VOLUME_LIQ_MEASURE" abbreviation="L" description="Liter" lastUpdatedStamp="2012-07-01 22:07:20.0" lastUpdatedTxStamp="2012-07-01 22:07:20.0" createdStamp="2012-07-01 22:07:20.0" createdTxStamp="2012-07-01 22:07:20.0"/>
    <Uom uomId="VLIQ_ml" uomTypeId="VOLUME_LIQ_MEASURE" abbreviation="ml" description="Milliliter" lastUpdatedStamp="2012-07-01 22:07:20.0" lastUpdatedTxStamp="2012-07-01 22:07:20.0" createdStamp="2012-07-01 22:07:20.0" createdTxStamp="2012-07-01 22:07:20.0"/>
    <Uom uomId="VLIQ_ozUK" uomTypeId="VOLUME_LIQ_MEASURE" abbreviation="fl. oz (UK)" description="Ounce, fluid (UK)" lastUpdatedStamp="2012-07-01 22:07:20.0" lastUpdatedTxStamp="2012-07-01 22:07:20.0" createdStamp="2012-07-01 22:07:20.0" createdTxStamp="2012-07-01 22:07:20.0"/>
    <Uom uomId="VLIQ_ozUS" uomTypeId="VOLUME_LIQ_MEASURE" abbreviation="fl. oz (US)" description="Ounce, fluid (US)" lastUpdatedStamp="2012-07-01 22:07:20.0" lastUpdatedTxStamp="2012-07-01 22:07:20.0" createdStamp="2012-07-01 22:07:20.0" createdTxStamp="2012-07-01 22:07:20.0"/>
    <Uom uomId="VLIQ_ptUK" uomTypeId="VOLUME_LIQ_MEASURE" abbreviation="pt (UK)" description="Pint (UK)" lastUpdatedStamp="2012-07-01 22:07:20.0" lastUpdatedTxStamp="2012-07-01 22:07:20.0" createdStamp="2012-07-01 22:07:20.0" createdTxStamp="2012-07-01 22:07:20.0"/>
    <Uom uomId="VLIQ_ptUS" uomTypeId="VOLUME_LIQ_MEASURE" abbreviation="pt (US)" description="Pint (US)" lastUpdatedStamp="2012-07-01 22:07:20.0" lastUpdatedTxStamp="2012-07-01 22:07:20.0" createdStamp="2012-07-01 22:07:20.0" createdTxStamp="2012-07-01 22:07:20.0"/>
    <Uom uomId="VLIQ_qt" uomTypeId="VOLUME_LIQ_MEASURE" abbreviation="qt" description="Quart" lastUpdatedStamp="2012-07-01 22:07:20.0" lastUpdatedTxStamp="2012-07-01 22:07:20.0" createdStamp="2012-07-01 22:07:20.0" createdTxStamp="2012-07-01 22:07:20.0"/>
    <Uom uomId="VLIQ_Tbs" uomTypeId="VOLUME_LIQ_MEASURE" abbreviation="Tbs" description="Tablespoon" lastUpdatedStamp="2012-07-01 22:07:20.0" lastUpdatedTxStamp="2012-07-01 22:07:20.0" createdStamp="2012-07-01 22:07:20.0" createdTxStamp="2012-07-01 22:07:20.0"/>
    <Uom uomId="VLIQ_tsp" uomTypeId="VOLUME_LIQ_MEASURE" abbreviation="tsp" description="Teaspoon" lastUpdatedStamp="2012-07-01 22:07:20.0" lastUpdatedTxStamp="2012-07-01 22:07:20.0" createdStamp="2012-07-01 22:07:20.0" createdTxStamp="2012-07-01 22:07:20.0"/>
    <Uom uomId="VND" uomTypeId="CURRENCY_MEASURE" abbreviation="VND" description="Vietnamese Dong" lastUpdatedStamp="2012-07-01 22:07:10.0" lastUpdatedTxStamp="2012-07-01 22:07:10.0" createdStamp="2012-07-01 22:07:10.0" createdTxStamp="2012-07-01 22:07:10.0"/>
    <Uom uomId="VUV" uomTypeId="CURRENCY_MEASURE" abbreviation="VUV" description="Vanuatu Vatu" lastUpdatedStamp="2012-07-01 22:07:10.0" lastUpdatedTxStamp="2012-07-01 22:07:10.0" createdStamp="2012-07-01 22:07:10.0" createdTxStamp="2012-07-01 22:07:10.0"/>
    <Uom uomId="WST" uomTypeId="CURRENCY_MEASURE" abbreviation="WST" description="Samoan Tala" lastUpdatedStamp="2012-07-01 22:07:10.0" lastUpdatedTxStamp="2012-07-01 22:07:10.0" createdStamp="2012-07-01 22:07:10.0" createdTxStamp="2012-07-01 22:07:10.0"/>
    <Uom uomId="WT_dr_avdp" uomTypeId="WEIGHT_MEASURE" abbreviation="dr avdp" description="Dram (avdp)" lastUpdatedStamp="2012-07-01 22:07:20.0" lastUpdatedTxStamp="2012-07-01 22:07:20.0" createdStamp="2012-07-01 22:07:20.0" createdTxStamp="2012-07-01 22:07:20.0"/>
    <Uom uomId="WT_dwt" uomTypeId="WEIGHT_MEASURE" abbreviation="dwt" description="Pennyweight" lastUpdatedStamp="2012-07-01 22:07:20.0" lastUpdatedTxStamp="2012-07-01 22:07:20.0" createdStamp="2012-07-01 22:07:20.0" createdTxStamp="2012-07-01 22:07:20.0"/>
    <Uom uomId="WT_g" uomTypeId="WEIGHT_MEASURE" abbreviation="g" description="Gram" lastUpdatedStamp="2012-07-01 22:07:20.0" lastUpdatedTxStamp="2012-07-01 22:07:20.0" createdStamp="2012-07-01 22:07:20.0" createdTxStamp="2012-07-01 22:07:20.0"/>
    <Uom uomId="WT_gr" uomTypeId="WEIGHT_MEASURE" abbreviation="gr" description="Grain" lastUpdatedStamp="2012-07-01 22:07:20.0" lastUpdatedTxStamp="2012-07-01 22:07:20.0" createdStamp="2012-07-01 22:07:20.0" createdTxStamp="2012-07-01 22:07:20.0"/>
    <Uom uomId="WT_kg" uomTypeId="WEIGHT_MEASURE" abbreviation="kg" description="Kilogram" lastUpdatedStamp="2012-07-01 22:07:20.0" lastUpdatedTxStamp="2012-07-01 22:07:20.0" createdStamp="2012-07-01 22:07:20.0" createdTxStamp="2012-07-01 22:07:20.0"/>
    <Uom uomId="WT_lb" uomTypeId="WEIGHT_MEASURE" abbreviation="lb" description="Pound (avdp)" lastUpdatedStamp="2012-07-01 22:07:20.0" lastUpdatedTxStamp="2012-07-01 22:07:20.0" createdStamp="2012-07-01 22:07:20.0" createdTxStamp="2012-07-01 22:07:20.0"/>
    <Uom uomId="WT_lt" uomTypeId="WEIGHT_MEASURE" abbreviation="lt" description="Ton (long or British)" lastUpdatedStamp="2012-07-01 22:07:20.0" lastUpdatedTxStamp="2012-07-01 22:07:20.0" createdStamp="2012-07-01 22:07:20.0" createdTxStamp="2012-07-01 22:07:20.0"/>
    <Uom uomId="WT_mg" uomTypeId="WEIGHT_MEASURE" abbreviation="mg" description="Milligram" lastUpdatedStamp="2012-07-01 22:07:20.0" lastUpdatedTxStamp="2012-07-01 22:07:20.0" createdStamp="2012-07-01 22:07:20.0" createdTxStamp="2012-07-01 22:07:20.0"/>
    <Uom uomId="WT_mt" uomTypeId="WEIGHT_MEASURE" abbreviation="mt" description="Ton (metric)" lastUpdatedStamp="2012-07-01 22:07:20.0" lastUpdatedTxStamp="2012-07-01 22:07:20.0" createdStamp="2012-07-01 22:07:20.0" createdTxStamp="2012-07-01 22:07:20.0"/>
    <Uom uomId="WT_oz" uomTypeId="WEIGHT_MEASURE" abbreviation="oz" description="Ounce (avdp)" lastUpdatedStamp="2012-07-01 22:07:20.0" lastUpdatedTxStamp="2012-07-01 22:07:20.0" createdStamp="2012-07-01 22:07:20.0" createdTxStamp="2012-07-01 22:07:20.0"/>
    <Uom uomId="WT_oz_tr" uomTypeId="WEIGHT_MEASURE" abbreviation="oz tr" description="Ounce (troy)" lastUpdatedStamp="2012-07-01 22:07:20.0" lastUpdatedTxStamp="2012-07-01 22:07:20.0" createdStamp="2012-07-01 22:07:20.0" createdTxStamp="2012-07-01 22:07:20.0"/>
    <Uom uomId="WT_sh_t" uomTypeId="WEIGHT_MEASURE" abbreviation="sh t" description="Ton (short)" lastUpdatedStamp="2012-07-01 22:07:20.0" lastUpdatedTxStamp="2012-07-01 22:07:20.0" createdStamp="2012-07-01 22:07:20.0" createdTxStamp="2012-07-01 22:07:20.0"/>
    <Uom uomId="WT_st" uomTypeId="WEIGHT_MEASURE" abbreviation="st" description="Stone" lastUpdatedStamp="2012-07-01 22:07:20.0" lastUpdatedTxStamp="2012-07-01 22:07:20.0" createdStamp="2012-07-01 22:07:20.0" createdTxStamp="2012-07-01 22:07:20.0"/>
    <Uom uomId="XAF" uomTypeId="CURRENCY_MEASURE" abbreviation="XAF" description="Gabon C.f.A Franc" lastUpdatedStamp="2012-07-01 22:07:10.0" lastUpdatedTxStamp="2012-07-01 22:07:10.0" createdStamp="2012-07-01 22:07:10.0" createdTxStamp="2012-07-01 22:07:10.0"/>
    <Uom uomId="XCD" uomTypeId="CURRENCY_MEASURE" abbreviation="XCD" description="East Carribean Dollar" lastUpdatedStamp="2012-07-01 22:07:10.0" lastUpdatedTxStamp="2012-07-01 22:07:10.0" createdStamp="2012-07-01 22:07:10.0" createdTxStamp="2012-07-01 22:07:10.0"/>
    <Uom uomId="XOF" uomTypeId="CURRENCY_MEASURE" abbreviation="XOF" description="Benin C.f.A. Franc" lastUpdatedStamp="2012-07-01 22:07:10.0" lastUpdatedTxStamp="2012-07-01 22:07:10.0" createdStamp="2012-07-01 22:07:10.0" createdTxStamp="2012-07-01 22:07:10.0"/>
    <Uom uomId="YER" uomTypeId="CURRENCY_MEASURE" abbreviation="YER" description="Yemeni Ryal" lastUpdatedStamp="2012-07-01 22:07:10.0" lastUpdatedTxStamp="2012-07-01 22:07:10.0" createdStamp="2012-07-01 22:07:10.0" createdTxStamp="2012-07-01 22:07:10.0"/>
    <Uom uomId="ZAR" uomTypeId="CURRENCY_MEASURE" abbreviation="ZAR" description="South African Rand" lastUpdatedStamp="2012-07-01 22:07:10.0" lastUpdatedTxStamp="2012-07-01 22:07:10.0" createdStamp="2012-07-01 22:07:10.0" createdTxStamp="2012-07-01 22:07:10.0"/>
    <Uom uomId="ZMK" uomTypeId="CURRENCY_MEASURE" abbreviation="ZMK" description="Zambian Kwacha" lastUpdatedStamp="2012-07-01 22:07:10.0" lastUpdatedTxStamp="2012-07-01 22:07:10.0" createdStamp="2012-07-01 22:07:10.0" createdTxStamp="2012-07-01 22:07:10.0"/>
    <Uom uomId="ZRZ" uomTypeId="CURRENCY_MEASURE" abbreviation="ZRZ" description="Zaire" lastUpdatedStamp="2012-07-01 22:07:10.0" lastUpdatedTxStamp="2012-07-01 22:07:10.0" createdStamp="2012-07-01 22:07:10.0" createdTxStamp="2012-07-01 22:07:10.0"/>
    <Uom uomId="ZWD" uomTypeId="CURRENCY_MEASURE" abbreviation="ZWD" description="Zimbabwean Dollar" lastUpdatedStamp="2012-07-01 22:07:10.0" lastUpdatedTxStamp="2012-07-01 22:07:10.0" createdStamp="2012-07-01 22:07:10.0" createdTxStamp="2012-07-01 22:07:10.0"/>
</entity-engine-xml>
