<?xml version="1.0" encoding="UTF-8"?>
<entity-engine-xml>
    <Visitor visitorId="10000" userLoginId="admin" lastUpdatedStamp="2012-07-09 23:07:46.0" lastUpdatedTxStamp="2012-07-09 23:07:46.0" createdStamp="2012-07-02 07:27:11.0" createdTxStamp="2012-07-02 07:27:11.0"/>
    <Visitor visitorId="10001" lastUpdatedStamp="2012-07-02 07:27:12.0" lastUpdatedTxStamp="2012-07-02 07:27:12.0" createdStamp="2012-07-02 07:27:12.0" createdTxStamp="2012-07-02 07:27:12.0"/>
    <Visitor visitorId="10002" lastUpdatedStamp="2012-07-02 07:27:12.0" lastUpdatedTxStamp="2012-07-02 07:27:12.0" createdStamp="2012-07-02 07:27:12.0" createdTxStamp="2012-07-02 07:27:12.0"/>
    <Visitor visitorId="10003" lastUpdatedStamp="2012-07-02 07:27:12.0" lastUpdatedTxStamp="2012-07-02 07:27:12.0" createdStamp="2012-07-02 07:27:12.0" createdTxStamp="2012-07-02 07:27:12.0"/>
    <Visitor visitorId="10004" lastUpdatedStamp="2012-07-02 07:27:12.0" lastUpdatedTxStamp="2012-07-02 07:27:12.0" createdStamp="2012-07-02 07:27:12.0" createdTxStamp="2012-07-02 07:27:12.0"/>
    <Visitor visitorId="10005" lastUpdatedStamp="2012-07-02 07:27:12.0" lastUpdatedTxStamp="2012-07-02 07:27:12.0" createdStamp="2012-07-02 07:27:12.0" createdTxStamp="2012-07-02 07:27:12.0"/>
    <Visitor visitorId="10006" lastUpdatedStamp="2012-07-02 07:27:12.0" lastUpdatedTxStamp="2012-07-02 07:27:12.0" createdStamp="2012-07-02 07:27:12.0" createdTxStamp="2012-07-02 07:27:12.0"/>
    <Visitor visitorId="10007" lastUpdatedStamp="2012-07-02 07:27:12.0" lastUpdatedTxStamp="2012-07-02 07:27:12.0" createdStamp="2012-07-02 07:27:12.0" createdTxStamp="2012-07-02 07:27:12.0"/>
    <Visitor visitorId="10008" lastUpdatedStamp="2012-07-02 07:27:12.0" lastUpdatedTxStamp="2012-07-02 07:27:12.0" createdStamp="2012-07-02 07:27:12.0" createdTxStamp="2012-07-02 07:27:12.0"/>
    <Visitor visitorId="10009" lastUpdatedStamp="2012-07-02 07:27:13.0" lastUpdatedTxStamp="2012-07-02 07:27:13.0" createdStamp="2012-07-02 07:27:13.0" createdTxStamp="2012-07-02 07:27:13.0"/>
    <Visitor visitorId="10010" userLoginId="admin" lastUpdatedStamp="2012-08-20 13:32:57.0" lastUpdatedTxStamp="2012-08-20 13:32:57.0" createdStamp="2012-07-02 07:27:13.0" createdTxStamp="2012-07-02 07:27:13.0"/>
    <Visitor visitorId="10011" lastUpdatedStamp="2012-07-02 07:27:13.0" lastUpdatedTxStamp="2012-07-02 07:27:13.0" createdStamp="2012-07-02 07:27:13.0" createdTxStamp="2012-07-02 07:27:13.0"/>
    <Visitor visitorId="10012" lastUpdatedStamp="2012-07-02 07:27:13.0" lastUpdatedTxStamp="2012-07-02 07:27:13.0" createdStamp="2012-07-02 07:27:13.0" createdTxStamp="2012-07-02 07:27:13.0"/>
    <Visitor visitorId="10013" userLoginId="luhuiling" lastUpdatedStamp="2012-08-15 10:16:05.0" lastUpdatedTxStamp="2012-08-15 10:16:05.0" createdStamp="2012-07-02 07:27:13.0" createdTxStamp="2012-07-02 07:27:13.0"/>
    <Visitor visitorId="10014" lastUpdatedStamp="2012-07-02 07:27:13.0" lastUpdatedTxStamp="2012-07-02 07:27:13.0" createdStamp="2012-07-02 07:27:13.0" createdTxStamp="2012-07-02 07:27:13.0"/>
    <Visitor visitorId="10015" userLoginId="admin" lastUpdatedStamp="2012-08-31 14:14:50.0" lastUpdatedTxStamp="2012-08-31 14:14:50.0" createdStamp="2012-07-02 07:27:13.0" createdTxStamp="2012-07-02 07:27:13.0"/>
    <Visitor visitorId="10016" lastUpdatedStamp="2012-07-02 07:27:13.0" lastUpdatedTxStamp="2012-07-02 07:27:13.0" createdStamp="2012-07-02 07:27:13.0" createdTxStamp="2012-07-02 07:27:13.0"/>
    <Visitor visitorId="10017" lastUpdatedStamp="2012-07-02 07:27:13.0" lastUpdatedTxStamp="2012-07-02 07:27:13.0" createdStamp="2012-07-02 07:27:13.0" createdTxStamp="2012-07-02 07:27:13.0"/>
    <Visitor visitorId="10018" userLoginId="licunlan" lastUpdatedStamp="2012-08-01 14:19:41.0" lastUpdatedTxStamp="2012-08-01 14:19:41.0" createdStamp="2012-07-02 07:27:13.0" createdTxStamp="2012-07-02 07:27:13.0"/>
    <Visitor visitorId="10019" userLoginId="admin" lastUpdatedStamp="2012-07-09 23:30:12.0" lastUpdatedTxStamp="2012-07-09 23:30:12.0" createdStamp="2012-07-02 09:28:06.0" createdTxStamp="2012-07-02 09:28:06.0"/>
    <Visitor visitorId="10020" userLoginId="chenaihong" lastUpdatedStamp="2012-07-28 11:39:12.0" lastUpdatedTxStamp="2012-07-28 11:39:12.0" createdStamp="2012-07-03 15:34:52.0" createdTxStamp="2012-07-03 15:34:52.0"/>
    <Visitor visitorId="10021" userLoginId="licunlan" lastUpdatedStamp="2012-08-25 11:15:10.0" lastUpdatedTxStamp="2012-08-25 11:15:10.0" createdStamp="2012-07-09 10:34:38.0" createdTxStamp="2012-07-09 10:34:38.0"/>
    <Visitor visitorId="10030" userLoginId="admin" lastUpdatedStamp="2012-08-08 14:53:04.0" lastUpdatedTxStamp="2012-08-08 14:53:04.0" createdStamp="2012-07-09 23:08:41.0" createdTxStamp="2012-07-09 23:08:41.0"/>
    <Visitor visitorId="10040" userLoginId="admin" lastUpdatedStamp="2012-08-06 21:55:42.0" lastUpdatedTxStamp="2012-08-06 21:55:42.0" createdStamp="2012-07-11 20:41:49.0" createdTxStamp="2012-07-11 20:41:49.0"/>
    <Visitor visitorId="10050" userLoginId="lijuan" lastUpdatedStamp="2012-08-22 20:48:01.0" lastUpdatedTxStamp="2012-08-22 20:48:01.0" createdStamp="2012-07-13 15:13:36.0" createdTxStamp="2012-07-13 15:13:36.0"/>
    <Visitor visitorId="10051" userLoginId="lijuan" lastUpdatedStamp="2012-08-21 14:08:29.0" lastUpdatedTxStamp="2012-08-21 14:08:29.0" createdStamp="2012-07-14 13:52:40.0" createdTxStamp="2012-07-14 13:52:40.0"/>
    <Visitor visitorId="10052" userLoginId="linjianxin" lastUpdatedStamp="2012-08-06 10:12:57.0" lastUpdatedTxStamp="2012-08-06 10:12:57.0" createdStamp="2012-07-16 13:52:09.0" createdTxStamp="2012-07-16 13:52:09.0"/>
    <Visitor visitorId="10053" userLoginId="liangjianjin" lastUpdatedStamp="2012-08-14 09:47:55.0" lastUpdatedTxStamp="2012-08-14 09:47:55.0" createdStamp="2012-07-16 14:17:11.0" createdTxStamp="2012-07-16 14:17:11.0"/>
    <Visitor visitorId="10060" userLoginId="admin" lastUpdatedStamp="2012-07-28 08:31:10.0" lastUpdatedTxStamp="2012-07-28 08:31:10.0" createdStamp="2012-07-28 08:25:39.0" createdTxStamp="2012-07-28 08:25:39.0"/>
    <Visitor visitorId="10061" userLoginId="chenaihong" lastUpdatedStamp="2012-07-28 09:33:36.0" lastUpdatedTxStamp="2012-07-28 09:33:36.0" createdStamp="2012-07-28 09:33:12.0" createdTxStamp="2012-07-28 09:33:12.0"/>
    <Visitor visitorId="10062" userLoginId="admin" lastUpdatedStamp="2012-07-28 10:43:35.0" lastUpdatedTxStamp="2012-07-28 10:43:35.0" createdStamp="2012-07-28 09:57:57.0" createdTxStamp="2012-07-28 09:57:57.0"/>
    <Visitor visitorId="10063" userLoginId="chenaihong" lastUpdatedStamp="2012-08-01 16:43:01.0" lastUpdatedTxStamp="2012-08-01 16:43:01.0" createdStamp="2012-07-28 11:39:57.0" createdTxStamp="2012-07-28 11:39:57.0"/>
    <Visitor visitorId="10064" userLoginId="admin" lastUpdatedStamp="2012-07-28 11:41:24.0" lastUpdatedTxStamp="2012-07-28 11:41:24.0" createdStamp="2012-07-28 11:41:20.0" createdTxStamp="2012-07-28 11:41:20.0"/>
    <Visitor visitorId="10065" userLoginId="admin" lastUpdatedStamp="2012-07-28 11:44:20.0" lastUpdatedTxStamp="2012-07-28 11:44:20.0" createdStamp="2012-07-28 11:44:00.0" createdTxStamp="2012-07-28 11:44:00.0"/>
    <Visitor visitorId="10070" userLoginId="chenaihong" lastUpdatedStamp="2012-08-18 14:39:21.0" lastUpdatedTxStamp="2012-08-18 14:39:21.0" createdStamp="2012-07-31 15:44:52.0" createdTxStamp="2012-07-31 15:44:52.0"/>
    <Visitor visitorId="10071" userLoginId="chenaihong" lastUpdatedStamp="2012-08-01 14:43:55.0" lastUpdatedTxStamp="2012-08-01 14:43:55.0" createdStamp="2012-07-31 15:44:52.0" createdTxStamp="2012-07-31 15:44:52.0"/>
    <Visitor visitorId="10072" userLoginId="chenaihong" lastUpdatedStamp="2012-08-02 15:42:00.0" lastUpdatedTxStamp="2012-08-02 15:42:00.0" createdStamp="2012-08-01 14:49:19.0" createdTxStamp="2012-08-01 14:49:19.0"/>
    <Visitor visitorId="10073" userLoginId="liyuan" lastUpdatedStamp="2012-08-24 18:39:13.0" lastUpdatedTxStamp="2012-08-24 18:39:13.0" createdStamp="2012-08-01 16:20:25.0" createdTxStamp="2012-08-01 16:20:25.0"/>
    <Visitor visitorId="10074" userLoginId="panyanying" lastUpdatedStamp="2012-09-04 16:39:38.0" lastUpdatedTxStamp="2012-09-04 16:39:38.0" createdStamp="2012-08-01 16:43:58.0" createdTxStamp="2012-08-01 16:43:58.0"/>
    <Visitor visitorId="10080" userLoginId="chenaihong" lastUpdatedStamp="2012-08-07 15:48:01.0" lastUpdatedTxStamp="2012-08-07 15:48:01.0" createdStamp="2012-08-02 15:45:17.0" createdTxStamp="2012-08-02 15:45:17.0"/>
    <Visitor visitorId="10081" userLoginId="chenjinyao" lastUpdatedStamp="2012-08-23 09:47:18.0" lastUpdatedTxStamp="2012-08-23 09:47:18.0" createdStamp="2012-08-04 08:21:42.0" createdTxStamp="2012-08-04 08:21:42.0"/>
    <Visitor visitorId="10082" userLoginId="lujian" lastUpdatedStamp="2012-08-23 13:39:28.0" lastUpdatedTxStamp="2012-08-23 13:39:28.0" createdStamp="2012-08-04 08:28:00.0" createdTxStamp="2012-08-04 08:28:00.0"/>
    <Visitor visitorId="10083" userLoginId="lujianbi" lastUpdatedStamp="2012-08-11 15:12:56.0" lastUpdatedTxStamp="2012-08-11 15:12:56.0" createdStamp="2012-08-04 08:57:54.0" createdTxStamp="2012-08-04 08:57:54.0"/>
    <Visitor visitorId="10084" lastUpdatedStamp="2012-08-06 22:01:54.0" lastUpdatedTxStamp="2012-08-06 22:01:54.0" createdStamp="2012-08-06 22:01:54.0" createdTxStamp="2012-08-06 22:01:54.0"/>
    <Visitor visitorId="10085" userLoginId="admin" lastUpdatedStamp="2012-08-06 22:11:44.0" lastUpdatedTxStamp="2012-08-06 22:11:44.0" createdStamp="2012-08-06 22:01:54.0" createdTxStamp="2012-08-06 22:01:54.0"/>
    <Visitor visitorId="10086" lastUpdatedStamp="2012-08-06 22:01:54.0" lastUpdatedTxStamp="2012-08-06 22:01:54.0" createdStamp="2012-08-06 22:01:54.0" createdTxStamp="2012-08-06 22:01:54.0"/>
    <Visitor visitorId="10087" userLoginId="admin" lastUpdatedStamp="2012-08-06 22:12:55.0" lastUpdatedTxStamp="2012-08-06 22:12:55.0" createdStamp="2012-08-06 22:12:50.0" createdTxStamp="2012-08-06 22:12:50.0"/>
    <Visitor visitorId="10088" lastUpdatedStamp="2012-08-06 22:42:17.0" lastUpdatedTxStamp="2012-08-06 22:42:17.0" createdStamp="2012-08-06 22:42:17.0" createdTxStamp="2012-08-06 22:42:17.0"/>
    <Visitor visitorId="10089" lastUpdatedStamp="2012-08-06 22:42:17.0" lastUpdatedTxStamp="2012-08-06 22:42:17.0" createdStamp="2012-08-06 22:42:17.0" createdTxStamp="2012-08-06 22:42:17.0"/>
    <Visitor visitorId="10090" userLoginId="admin" lastUpdatedStamp="2012-08-06 22:45:06.0" lastUpdatedTxStamp="2012-08-06 22:45:06.0" createdStamp="2012-08-06 22:42:17.0" createdTxStamp="2012-08-06 22:42:17.0"/>
    <Visitor visitorId="10091" lastUpdatedStamp="2012-08-06 23:00:04.0" lastUpdatedTxStamp="2012-08-06 23:00:04.0" createdStamp="2012-08-06 23:00:04.0" createdTxStamp="2012-08-06 23:00:04.0"/>
    <Visitor visitorId="10092" userLoginId="admin" lastUpdatedStamp="2012-08-21 22:24:03.0" lastUpdatedTxStamp="2012-08-21 22:24:03.0" createdStamp="2012-08-06 23:00:04.0" createdTxStamp="2012-08-06 23:00:04.0"/>
    <Visitor visitorId="10093" lastUpdatedStamp="2012-08-06 23:00:04.0" lastUpdatedTxStamp="2012-08-06 23:00:04.0" createdStamp="2012-08-06 23:00:04.0" createdTxStamp="2012-08-06 23:00:04.0"/>
    <Visitor visitorId="10100" userLoginId="admin" lastUpdatedStamp="2012-08-11 15:07:17.0" lastUpdatedTxStamp="2012-08-11 15:07:17.0" createdStamp="2012-08-11 13:43:50.0" createdTxStamp="2012-08-11 13:43:50.0"/>
    <Visitor visitorId="10110" userLoginId="LUHUILING" lastUpdatedStamp="2012-08-23 14:06:01.0" lastUpdatedTxStamp="2012-08-23 14:06:01.0" createdStamp="2012-08-14 15:43:51.0" createdTxStamp="2012-08-14 15:43:51.0"/>
    <Visitor visitorId="10120" userLoginId="chenaihong" lastUpdatedStamp="2012-08-20 14:45:54.0" lastUpdatedTxStamp="2012-08-20 14:45:54.0" createdStamp="2012-08-18 14:40:32.0" createdTxStamp="2012-08-18 14:40:32.0"/>
    <Visitor visitorId="10130" userLoginId="chenaihong" lastUpdatedStamp="2012-08-31 14:21:31.0" lastUpdatedTxStamp="2012-08-31 14:21:31.0" createdStamp="2012-08-20 14:47:24.0" createdTxStamp="2012-08-20 14:47:24.0"/>
</entity-engine-xml>
