<?xml version="1.0" encoding="UTF-8"?>
<entity-engine-xml>
    <WorkshopOtherDrawBillEntry id="02c3a3ba-8394-49d4-95ed-e8033a6c3ce3" parentId="d658e3ee-f9c7-4583-bfa6-5b7085630ce8" warehouseWarehouseId="ec28df2b-7e42-4f2a-bbf4-b0f4ee5f9731" materialMaterialId="530aad92-3941-4032-af2f-96c4a113bf96" materialMaterialModel="3&#21400;L&#22411;&#65288;&#22278;&#65289;" volume="11200.000000" unitUnitId="36927a08-ba89-438b-bb0d-3013c64a0341" price="0.150000" refPrice="0.000000" entrysum="1680.000000" lastUpdatedStamp="2012-07-31 10:41:45.0" lastUpdatedTxStamp="2012-07-31 10:41:45.0" createdStamp="2012-07-31 08:58:52.0" createdTxStamp="2012-07-31 08:58:52.0"/>
    <WorkshopOtherDrawBillEntry id="084b3e7d-bf86-406b-8054-764fdda0af5a" parentId="f143670c-1eeb-49d1-9ab6-f9d596ee5165" warehouseWarehouseId="ec28df2b-7e42-4f2a-bbf4-b0f4ee5f9731" materialMaterialId="3f85602d-cdce-4c0e-b64a-0762a2b7a9b7" materialMaterialModel="" volume="10500.000000" unitUnitId="c374d34a-0590-42f1-a683-afcd04b3689e" price="0.217000" refPrice="0.000000" entrysum="2278.500000" lastUpdatedStamp="2012-07-31 10:38:41.0" lastUpdatedTxStamp="2012-07-31 10:38:41.0" createdStamp="2012-07-30 20:48:30.0" createdTxStamp="2012-07-30 20:48:30.0"/>
    <WorkshopOtherDrawBillEntry id="09ef3852-0830-4705-8e4e-8f97d1f0cf93" parentId="60af5cd2-cd6a-4985-a395-d67ad726f560" warehouseWarehouseId="ec28df2b-7e42-4f2a-bbf4-b0f4ee5f9731" materialMaterialId="4716455a-5cb6-476f-abba-188972450d76" materialMaterialModel="" volume="5000.000000" unitUnitId="c374d34a-0590-42f1-a683-afcd04b3689e" price="0.020000" refPrice="0.000000" entrysum="100.000000" lastUpdatedStamp="2012-07-31 10:39:33.0" lastUpdatedTxStamp="2012-07-31 10:39:32.0" createdStamp="2012-07-31 09:02:49.0" createdTxStamp="2012-07-31 09:02:49.0"/>
    <WorkshopOtherDrawBillEntry id="0ad28f22-844a-43e4-9afc-e5494fb780ed" parentId="ae56187e-6f7b-4dc7-81b6-0970e70f8dfa" warehouseWarehouseId="ec28df2b-7e42-4f2a-bbf4-b0f4ee5f9731" materialMaterialId="019ca06d-67ec-4a3f-a7eb-e83deebb0d06" materialMaterialModel="" volume="15795.000000" unitUnitId="19302c46-c924-4ca0-85e4-c27b2989922a" price="5.050000" refPrice="0.000000" entrysum="79764.750000" lastUpdatedStamp="2012-07-30 11:01:24.0" lastUpdatedTxStamp="2012-07-30 11:01:24.0" createdStamp="2012-07-30 11:01:24.0" createdTxStamp="2012-07-30 11:01:24.0"/>
    <WorkshopOtherDrawBillEntry id="0c18fb68-29db-4096-b278-0681cd70ef22" parentId="4a65fee5-9a2b-41cd-838b-d51fe36b3e96" warehouseWarehouseId="ec28df2b-7e42-4f2a-bbf4-b0f4ee5f9731" materialMaterialId="57fd9bf0-14ae-4e28-9024-e9f7080a5058" materialMaterialModel="&#21322;&#22278;&#22836;M5*12(&#21152;&#30828;&#21457;&#40657;)" volume="70628.000000" unitUnitId="36927a08-ba89-438b-bb0d-3013c64a0341" price="0.037500" refPrice="0.000000" entrysum="2648.550000" lastUpdatedStamp="2012-07-31 10:46:15.0" lastUpdatedTxStamp="2012-07-31 10:46:15.0" createdStamp="2012-07-30 11:56:03.0" createdTxStamp="2012-07-30 11:56:03.0"/>
    <WorkshopOtherDrawBillEntry id="0d26c397-8604-40a8-ba11-c74ebf526219" parentId="c5a7366b-d86e-4836-8789-f2b60a366037" warehouseWarehouseId="ec28df2b-7e42-4f2a-bbf4-b0f4ee5f9731" materialMaterialId="598a1356-2b7b-4492-83e6-ddbecb45c2b6" materialMaterialModel="" volume="20800.000000" unitUnitId="" price="0.301300" refPrice="0.000000" entrysum="6267.040000" lastUpdatedStamp="2012-07-17 21:06:26.0" lastUpdatedTxStamp="2012-07-17 21:06:26.0" createdStamp="2012-07-17 12:02:57.0" createdTxStamp="2012-07-17 12:02:57.0"/>
    <WorkshopOtherDrawBillEntry id="0f8ddd54-f343-4bb9-8518-8ccb6fc4eedf" parentId="1b4bc3ad-6962-453e-a40b-14246c7ab27d" warehouseWarehouseId="ec28df2b-7e42-4f2a-bbf4-b0f4ee5f9731" materialMaterialId="598a1356-2b7b-4492-83e6-ddbecb45c2b6" materialMaterialModel="" volume="49400.000000" unitUnitId="c374d34a-0590-42f1-a683-afcd04b3689e" price="0.301300" refPrice="0.000000" entrysum="14884.220000" lastUpdatedStamp="2012-07-31 08:40:38.0" lastUpdatedTxStamp="2012-07-31 08:40:38.0" createdStamp="2012-07-28 17:12:41.0" createdTxStamp="2012-07-28 17:12:41.0"/>
    <WorkshopOtherDrawBillEntry id="10e8969a-bf4f-4734-9f67-ad3583fec806" parentId="1b4bc3ad-6962-453e-a40b-14246c7ab27d" warehouseWarehouseId="ec28df2b-7e42-4f2a-bbf4-b0f4ee5f9731" materialMaterialId="155d23b5-d81f-4c1f-a01b-48c18578cbf5" materialMaterialModel="" volume="24000.000000" unitUnitId="c374d34a-0590-42f1-a683-afcd04b3689e" price="0.033000" refPrice="0.000000" entrysum="792.000000" lastUpdatedStamp="2012-07-31 08:40:38.0" lastUpdatedTxStamp="2012-07-31 08:40:38.0" createdStamp="2012-07-28 17:12:41.0" createdTxStamp="2012-07-28 17:12:41.0"/>
    <WorkshopOtherDrawBillEntry id="1299aab6-3736-4944-a8a2-4488b2a9c42d" parentId="22ce68f0-286b-4fd6-836a-105340b77b51" warehouseWarehouseId="ec28df2b-7e42-4f2a-bbf4-b0f4ee5f9731" materialMaterialId="3f85602d-cdce-4c0e-b64a-0762a2b7a9b7" materialMaterialModel="" volume="9000.000000" unitUnitId="c374d34a-0590-42f1-a683-afcd04b3689e" price="0.217000" refPrice="0.000000" entrysum="1953.000000" lastUpdatedStamp="2012-07-31 09:03:52.0" lastUpdatedTxStamp="2012-07-31 09:03:52.0" createdStamp="2012-07-31 09:00:21.0" createdTxStamp="2012-07-31 09:00:21.0"/>
    <WorkshopOtherDrawBillEntry id="1411e27d-46e3-44a8-84b7-672807f6cd5d" parentId="4a65fee5-9a2b-41cd-838b-d51fe36b3e96" warehouseWarehouseId="ec28df2b-7e42-4f2a-bbf4-b0f4ee5f9731" materialMaterialId="57fd9bf0-14ae-4e28-9024-e9f7080a5058" materialMaterialModel="&#21322;&#22278;&#22836;M5*12(&#21152;&#30828;&#21457;&#40657;)" volume="40150.000000" unitUnitId="36927a08-ba89-438b-bb0d-3013c64a0341" price="0.037500" refPrice="0.000000" entrysum="1505.625000" lastUpdatedStamp="2012-07-31 10:46:15.0" lastUpdatedTxStamp="2012-07-31 10:46:15.0" createdStamp="2012-07-30 11:56:03.0" createdTxStamp="2012-07-30 11:56:03.0"/>
    <WorkshopOtherDrawBillEntry id="192e40a2-1afb-411a-9a00-ed1a86ac3f48" parentId="22ce68f0-286b-4fd6-836a-105340b77b51" warehouseWarehouseId="ec28df2b-7e42-4f2a-bbf4-b0f4ee5f9731" materialMaterialId="c0ca5bb7-39db-4246-ad42-1a74aa23032f" materialMaterialModel="M6*25" volume="40600.000000" unitUnitId="36927a08-ba89-438b-bb0d-3013c64a0341" price="0.061200" refPrice="0.000000" entrysum="2484.720000" lastUpdatedStamp="2012-07-31 09:03:52.0" lastUpdatedTxStamp="2012-07-31 09:03:52.0" createdStamp="2012-07-31 09:00:21.0" createdTxStamp="2012-07-31 09:00:21.0"/>
    <WorkshopOtherDrawBillEntry id="1a0eecb6-bd2a-4df3-8a7f-ab54cdbe7f67" parentId="c6f5dcd8-bede-4296-8ddc-bb28b6bd1243" warehouseWarehouseId="ec28df2b-7e42-4f2a-bbf4-b0f4ee5f9731" materialMaterialId="3f85602d-cdce-4c0e-b64a-0762a2b7a9b7" materialMaterialModel="" volume="40500.000000" unitUnitId="c374d34a-0590-42f1-a683-afcd04b3689e" price="0.217000" refPrice="0.000000" entrysum="8788.500000" lastUpdatedStamp="2012-08-03 14:30:31.0" lastUpdatedTxStamp="2012-08-03 14:30:31.0" createdStamp="2012-07-31 09:01:27.0" createdTxStamp="2012-07-31 09:01:27.0"/>
    <WorkshopOtherDrawBillEntry id="1e243443-f6c4-4697-8975-307fc6e57162" parentId="1b4bc3ad-6962-453e-a40b-14246c7ab27d" warehouseWarehouseId="ec28df2b-7e42-4f2a-bbf4-b0f4ee5f9731" materialMaterialId="7fbe42b6-67e8-4e86-988e-b73e7f7963a4" materialMaterialModel="" volume="47500.000000" unitUnitId="c374d34a-0590-42f1-a683-afcd04b3689e" price="0.323100" refPrice="0.000000" entrysum="15347.250000" lastUpdatedStamp="2012-07-31 08:40:38.0" lastUpdatedTxStamp="2012-07-31 08:40:38.0" createdStamp="2012-07-28 17:12:41.0" createdTxStamp="2012-07-28 17:12:41.0"/>
    <WorkshopOtherDrawBillEntry id="2337f2b8-2781-48ff-8a4b-e01be686c56a" parentId="9ee06310-3240-4dff-9e52-2ee14c1f9e5a" warehouseWarehouseId="ec28df2b-7e42-4f2a-bbf4-b0f4ee5f9731" materialMaterialId="c0ca5bb7-39db-4246-ad42-1a74aa23032f" materialMaterialModel="M6*25" volume="81200.000000" unitUnitId="36927a08-ba89-438b-bb0d-3013c64a0341" price="0.061700" refPrice="0.000000" entrysum="5010.040000" lastUpdatedStamp="2012-07-31 10:39:40.0" lastUpdatedTxStamp="2012-07-31 10:39:40.0" createdStamp="2012-07-31 08:55:15.0" createdTxStamp="2012-07-31 08:55:15.0"/>
    <WorkshopOtherDrawBillEntry id="23e92e77-80d6-43e2-bc34-8ddb8ba03c46" parentId="b044a599-deaf-44cd-a16f-4c398e35f457" warehouseWarehouseId="ec28df2b-7e42-4f2a-bbf4-b0f4ee5f9731" materialMaterialId="8091fd2f-0026-4cdb-9ffe-4132272e7126" materialMaterialModel="&#21860;&#33014;&#34746;&#19997;&#65288;&#21457;&#22806;&#21152;&#24037;&#65289;" volume="194713.000000" unitUnitId="36927a08-ba89-438b-bb0d-3013c64a0341" price="0.147000" refPrice="0.000000" entrysum="28622.811000" lastUpdatedStamp="2012-07-30 11:47:21.0" lastUpdatedTxStamp="2012-07-30 11:47:21.0" createdStamp="2012-07-30 10:58:37.0" createdTxStamp="2012-07-30 10:58:37.0"/>
    <WorkshopOtherDrawBillEntry id="24fb0904-6468-4597-b6f5-829e9b1ac54a" parentId="abebb8bf-b160-400c-85d5-5511e8905adb" warehouseWarehouseId="ec28df2b-7e42-4f2a-bbf4-b0f4ee5f9731" materialMaterialId="c1a0dc36-7766-4aeb-9230-24f8a20fa0e5" materialMaterialModel="M5*17" volume="280510.000000" unitUnitId="36927a08-ba89-438b-bb0d-3013c64a0341" price="0.016900" refPrice="0.000000" entrysum="4740.619000" lastUpdatedStamp="2012-07-31 09:54:58.0" lastUpdatedTxStamp="2012-07-31 09:54:58.0" createdStamp="2012-07-31 08:50:47.0" createdTxStamp="2012-07-31 08:50:47.0"/>
    <WorkshopOtherDrawBillEntry id="273cd912-baf1-46a1-b845-eb39e202117c" parentId="20bdee9f-eabc-46cf-86c5-d3829b9d22d6" warehouseWarehouseId="ec28df2b-7e42-4f2a-bbf4-b0f4ee5f9731" materialMaterialId="3f85602d-cdce-4c0e-b64a-0762a2b7a9b7" materialMaterialModel="" volume="12000.000000" unitUnitId="c374d34a-0590-42f1-a683-afcd04b3689e" price="0.217000" refPrice="0.000000" entrysum="2604.000000" lastUpdatedStamp="2012-07-31 10:38:16.0" lastUpdatedTxStamp="2012-07-31 10:38:16.0" createdStamp="2012-07-30 20:42:56.0" createdTxStamp="2012-07-30 20:42:56.0"/>
    <WorkshopOtherDrawBillEntry id="29c01974-8151-4e6c-9e92-25dc4a7b2c7f" parentId="adc7d875-45e9-4dbb-b1cb-d10159f24569" warehouseWarehouseId="ec28df2b-7e42-4f2a-bbf4-b0f4ee5f9731" materialMaterialId="598a1356-2b7b-4492-83e6-ddbecb45c2b6" materialMaterialModel="" volume="24700.000000" unitUnitId="c374d34a-0590-42f1-a683-afcd04b3689e" price="0.000000" refPrice="0.000000" entrysum="0.000000" sort="2" lastUpdatedStamp="2012-08-06 17:11:17.0" lastUpdatedTxStamp="2012-08-06 17:11:17.0" createdStamp="2012-08-06 17:11:17.0" createdTxStamp="2012-08-06 17:11:17.0"/>
    <WorkshopOtherDrawBillEntry id="2b4b75b4-a92c-40c3-9724-2fd20f45da58" parentId="56034f96-f526-4371-b3de-113f5794bcbf" warehouseWarehouseId="ec28df2b-7e42-4f2a-bbf4-b0f4ee5f9731" materialMaterialId="8cdcdc15-2e75-4b2a-8577-91417278be45" materialMaterialModel="" volume="6600.000000" unitUnitId="c374d34a-0590-42f1-a683-afcd04b3689e" price="0.050000" refPrice="0.000000" entrysum="330.000000" lastUpdatedStamp="2012-07-31 08:43:40.0" lastUpdatedTxStamp="2012-07-31 08:43:40.0" createdStamp="2012-07-31 08:43:35.0" createdTxStamp="2012-07-31 08:43:35.0"/>
    <WorkshopOtherDrawBillEntry id="2b8d1a24-568a-407b-a516-ae3447a73474" parentId="0e369666-47df-4784-b267-0d91ecc36209" warehouseWarehouseId="ec28df2b-7e42-4f2a-bbf4-b0f4ee5f9731" materialMaterialId="155d23b5-d81f-4c1f-a01b-48c18578cbf5" materialMaterialModel="" volume="12000.000000" unitUnitId="c374d34a-0590-42f1-a683-afcd04b3689e" price="0.000000" refPrice="0.000000" entrysum="0.000000" sort="3" lastUpdatedStamp="2012-08-03 17:16:21.0" lastUpdatedTxStamp="2012-08-03 17:16:21.0" createdStamp="2012-08-03 17:16:21.0" createdTxStamp="2012-08-03 17:16:21.0"/>
    <WorkshopOtherDrawBillEntry id="2b9b0444-67d5-461a-aff5-c95b4d5d460a" parentId="9ad92bff-3386-4954-a9bc-ba012ab2de88" warehouseWarehouseId="ec28df2b-7e42-4f2a-bbf4-b0f4ee5f9731" materialMaterialId="9997b0c5-e41a-4493-95a0-76b026786e19" materialMaterialModel="" volume="5500.000000" unitUnitId="c374d34a-0590-42f1-a683-afcd04b3689e" price="0.120000" refPrice="0.000000" entrysum="660.000000" lastUpdatedStamp="2012-07-30 20:26:32.0" lastUpdatedTxStamp="2012-07-30 20:26:32.0" createdStamp="2012-07-30 11:00:24.0" createdTxStamp="2012-07-30 11:00:24.0"/>
    <WorkshopOtherDrawBillEntry id="300a205e-a622-4198-96b8-9bbdd8102400" parentId="20bdee9f-eabc-46cf-86c5-d3829b9d22d6" warehouseWarehouseId="ec28df2b-7e42-4f2a-bbf4-b0f4ee5f9731" materialMaterialId="c0ca5bb7-39db-4246-ad42-1a74aa23032f" materialMaterialModel="M6*25" volume="91350.000000" unitUnitId="36927a08-ba89-438b-bb0d-3013c64a0341" price="0.061700" refPrice="0.000000" entrysum="5636.295000" lastUpdatedStamp="2012-07-31 10:38:16.0" lastUpdatedTxStamp="2012-07-31 10:38:16.0" createdStamp="2012-07-30 20:42:56.0" createdTxStamp="2012-07-30 20:42:56.0"/>
    <WorkshopOtherDrawBillEntry id="33adf350-fdc0-4ad8-b307-ab99e47bb38b" parentId="934f9f5e-8ec8-461c-ab2b-0ee681b4987c" warehouseWarehouseId="ec28df2b-7e42-4f2a-bbf4-b0f4ee5f9731" materialMaterialId="530aad92-3941-4032-af2f-96c4a113bf96" materialMaterialModel="3&#21400;L&#22411;&#65288;&#22278;&#65289;" volume="19600.000000" unitUnitId="36927a08-ba89-438b-bb0d-3013c64a0341" price="0.149900" refPrice="0.000000" entrysum="2938.040000" lastUpdatedStamp="2012-07-31 10:39:01.0" lastUpdatedTxStamp="2012-07-31 10:39:01.0" createdStamp="2012-07-30 20:50:55.0" createdTxStamp="2012-07-30 20:50:55.0"/>
    <WorkshopOtherDrawBillEntry id="34124b64-d86e-4660-b1c2-d723c7d6be6d" parentId="22ce68f0-286b-4fd6-836a-105340b77b51" warehouseWarehouseId="ec28df2b-7e42-4f2a-bbf4-b0f4ee5f9731" materialMaterialId="c1a0dc36-7766-4aeb-9230-24f8a20fa0e5" materialMaterialModel="M5*17" volume="302000.000000" unitUnitId="36927a08-ba89-438b-bb0d-3013c64a0341" price="0.016800" refPrice="0.000000" entrysum="5073.600000" lastUpdatedStamp="2012-07-31 09:03:52.0" lastUpdatedTxStamp="2012-07-31 09:03:52.0" createdStamp="2012-07-31 09:00:21.0" createdTxStamp="2012-07-31 09:00:21.0"/>
    <WorkshopOtherDrawBillEntry id="39295a58-fb84-446d-8909-cd05274360a5" parentId="05cb1bb0-bdb1-4b42-ab91-a8d389898cd9" warehouseWarehouseId="ec28df2b-7e42-4f2a-bbf4-b0f4ee5f9731" materialMaterialId="cb7fc7b6-944d-4256-a57b-f2e8d5276f87" materialMaterialModel="&#30333;&#33394;-&#22278;(&#26032;1500&#31890;/KG)" volume="14000.000000" unitUnitId="c374d34a-0590-42f1-a683-afcd04b3689e" price="0.017000" refPrice="0.000000" entrysum="238.000000" lastUpdatedStamp="2012-07-31 11:05:51.0" lastUpdatedTxStamp="2012-07-31 11:05:51.0" createdStamp="2012-07-30 10:55:18.0" createdTxStamp="2012-07-30 10:55:18.0"/>
    <WorkshopOtherDrawBillEntry id="3a65f3db-c9e0-4a50-83b1-bb44efc132f4" parentId="a68960c4-8812-4efc-b412-e16532943886" warehouseWarehouseId="ec28df2b-7e42-4f2a-bbf4-b0f4ee5f9731" materialMaterialId="4716455a-5cb6-476f-abba-188972450d76" materialMaterialModel="" volume="10000.000000" unitUnitId="c374d34a-0590-42f1-a683-afcd04b3689e" price="0.020000" refPrice="0.000000" entrysum="200.000000" lastUpdatedStamp="2012-07-31 10:40:12.0" lastUpdatedTxStamp="2012-07-31 10:40:12.0" createdStamp="2012-07-31 08:57:47.0" createdTxStamp="2012-07-31 08:57:47.0"/>
    <WorkshopOtherDrawBillEntry id="3cd38507-8cca-487f-8f18-5fce5b3f8c32" parentId="5da98c55-5d7c-490b-ac70-8c4beac6778a" warehouseWarehouseId="ec28df2b-7e42-4f2a-bbf4-b0f4ee5f9731" materialMaterialId="598a1356-2b7b-4492-83e6-ddbecb45c2b6" materialMaterialModel="" volume="46800.000000" unitUnitId="c374d34a-0590-42f1-a683-afcd04b3689e" price="0.000000" refPrice="0.000000" entrysum="0.000000" sort="2" lastUpdatedStamp="2012-08-04 17:00:05.0" lastUpdatedTxStamp="2012-08-04 17:00:05.0" createdStamp="2012-08-03 17:17:30.0" createdTxStamp="2012-08-03 17:17:30.0"/>
    <WorkshopOtherDrawBillEntry id="3e1b8d17-b10a-4008-b620-6f2cd8308dff" parentId="0e369666-47df-4784-b267-0d91ecc36209" warehouseWarehouseId="ec28df2b-7e42-4f2a-bbf4-b0f4ee5f9731" materialMaterialId="7fbe42b6-67e8-4e86-988e-b73e7f7963a4" materialMaterialModel="" volume="23750.000000" unitUnitId="c374d34a-0590-42f1-a683-afcd04b3689e" price="0.000000" refPrice="0.000000" entrysum="0.000000" sort="1" lastUpdatedStamp="2012-08-03 17:16:21.0" lastUpdatedTxStamp="2012-08-03 17:16:21.0" createdStamp="2012-08-03 17:16:21.0" createdTxStamp="2012-08-03 17:16:21.0"/>
    <WorkshopOtherDrawBillEntry id="40148352-d8d1-4b1e-b13d-16acd82db230" parentId="b4cab653-c6ff-471a-8e75-aa191c225b6d" warehouseWarehouseId="ec28df2b-7e42-4f2a-bbf4-b0f4ee5f9731" materialMaterialId="3f85602d-cdce-4c0e-b64a-0762a2b7a9b7" materialMaterialModel="" volume="21000.000000" unitUnitId="c374d34a-0590-42f1-a683-afcd04b3689e" price="0.217000" refPrice="0.000000" entrysum="4557.000000" lastUpdatedStamp="2012-07-31 10:40:09.0" lastUpdatedTxStamp="2012-07-31 10:40:09.0" createdStamp="2012-07-31 08:56:32.0" createdTxStamp="2012-07-31 08:56:32.0"/>
    <WorkshopOtherDrawBillEntry id="43cac0b0-65d2-4931-8a2a-e9ebfd31a5d1" parentId="56034f96-f526-4371-b3de-113f5794bcbf" warehouseWarehouseId="ec28df2b-7e42-4f2a-bbf4-b0f4ee5f9731" materialMaterialId="2848b967-a5f3-4f56-9cdb-c5689d474ae8" materialMaterialModel="" volume="5100.000000" unitUnitId="19302c46-c924-4ca0-85e4-c27b2989922a" price="13.249500" refPrice="0.000000" entrysum="67572.450000" lastUpdatedStamp="2012-07-31 08:43:40.0" lastUpdatedTxStamp="2012-07-31 08:43:40.0" createdStamp="2012-07-31 08:43:35.0" createdTxStamp="2012-07-31 08:43:35.0"/>
    <WorkshopOtherDrawBillEntry id="48cb23bf-3e0f-4383-8fc1-84d2efe74a4d" parentId="a93a036b-c7a4-4ed6-bf5f-b44b542bb6cc" warehouseWarehouseId="ec28df2b-7e42-4f2a-bbf4-b0f4ee5f9731" materialMaterialId="3f85602d-cdce-4c0e-b64a-0762a2b7a9b7" materialMaterialModel="" volume="25500.000000" unitUnitId="c374d34a-0590-42f1-a683-afcd04b3689e" price="0.217000" refPrice="0.000000" entrysum="5533.500000" lastUpdatedStamp="2012-07-31 10:40:03.0" lastUpdatedTxStamp="2012-07-31 10:40:03.0" createdStamp="2012-07-31 08:52:40.0" createdTxStamp="2012-07-31 08:52:40.0"/>
    <WorkshopOtherDrawBillEntry id="497e5bbd-9bbf-4483-9a7c-9171e0b7a80d" parentId="56034f96-f526-4371-b3de-113f5794bcbf" warehouseWarehouseId="ec28df2b-7e42-4f2a-bbf4-b0f4ee5f9731" materialMaterialId="9a278a80-a78e-4a56-9077-f6fab97dd608" materialMaterialModel="" volume="6600.000000" unitUnitId="fc75ed8c-026b-410b-bf0a-f447a88fbe01" price="0.150000" refPrice="0.000000" entrysum="990.000000" lastUpdatedStamp="2012-07-31 08:43:40.0" lastUpdatedTxStamp="2012-07-31 08:43:40.0" createdStamp="2012-07-31 08:43:35.0" createdTxStamp="2012-07-31 08:43:35.0"/>
    <WorkshopOtherDrawBillEntry id="4a93c42e-5177-41f8-b956-686391d294af" parentId="05cb1bb0-bdb1-4b42-ab91-a8d389898cd9" warehouseWarehouseId="ec28df2b-7e42-4f2a-bbf4-b0f4ee5f9731" materialMaterialId="e02e70fd-7c6a-4510-99f8-798c48ac2738" materialMaterialModel="&#33258;&#25915;&#966;3.5*16(&#38208;&#30333;&#38156;)" volume="16798.000000" unitUnitId="36927a08-ba89-438b-bb0d-3013c64a0341" price="0.019000" refPrice="0.000000" entrysum="319.162000" lastUpdatedStamp="2012-07-31 11:05:51.0" lastUpdatedTxStamp="2012-07-31 11:05:51.0" createdStamp="2012-07-30 10:55:18.0" createdTxStamp="2012-07-30 10:55:18.0"/>
    <WorkshopOtherDrawBillEntry id="4e54f28b-a30d-4263-9546-ee97f05c4dc6" parentId="9ad92bff-3386-4954-a9bc-ba012ab2de88" warehouseWarehouseId="ec28df2b-7e42-4f2a-bbf4-b0f4ee5f9731" materialMaterialId="8cdcdc15-2e75-4b2a-8577-91417278be45" materialMaterialModel="" volume="5500.000000" unitUnitId="c374d34a-0590-42f1-a683-afcd04b3689e" price="0.050000" refPrice="0.000000" entrysum="275.000000" lastUpdatedStamp="2012-07-30 20:26:32.0" lastUpdatedTxStamp="2012-07-30 20:26:32.0" createdStamp="2012-07-30 11:00:24.0" createdTxStamp="2012-07-30 11:00:24.0"/>
    <WorkshopOtherDrawBillEntry id="4ebca068-bcb6-4561-b297-5c7d71db9bc2" parentId="a93a036b-c7a4-4ed6-bf5f-b44b542bb6cc" warehouseWarehouseId="ec28df2b-7e42-4f2a-bbf4-b0f4ee5f9731" materialMaterialId="4716455a-5cb6-476f-abba-188972450d76" materialMaterialModel="" volume="10000.000000" unitUnitId="c374d34a-0590-42f1-a683-afcd04b3689e" price="0.020000" refPrice="0.000000" entrysum="200.000000" lastUpdatedStamp="2012-07-31 10:40:03.0" lastUpdatedTxStamp="2012-07-31 10:40:03.0" createdStamp="2012-07-31 08:52:40.0" createdTxStamp="2012-07-31 08:52:40.0"/>
    <WorkshopOtherDrawBillEntry id="54a6470f-5e6e-4f25-8a4f-0cd6ea07d3c3" parentId="ae56187e-6f7b-4dc7-81b6-0970e70f8dfa" warehouseWarehouseId="ec28df2b-7e42-4f2a-bbf4-b0f4ee5f9731" materialMaterialId="63d6e1bb-541e-4c9c-b46f-3db5112b40a5" materialMaterialModel="" volume="11200.000000" unitUnitId="c374d34a-0590-42f1-a683-afcd04b3689e" price="0.150000" refPrice="0.000000" entrysum="1680.000000" lastUpdatedStamp="2012-07-30 11:01:24.0" lastUpdatedTxStamp="2012-07-30 11:01:24.0" createdStamp="2012-07-30 11:01:24.0" createdTxStamp="2012-07-30 11:01:24.0"/>
    <WorkshopOtherDrawBillEntry id="576fa624-3bfd-43ce-a551-f8709f24e5cc" parentId="05cb1bb0-bdb1-4b42-ab91-a8d389898cd9" warehouseWarehouseId="ec28df2b-7e42-4f2a-bbf4-b0f4ee5f9731" materialMaterialId="72fe6149-99d0-4f45-b00f-16647dccaedf" materialMaterialModel="&#30333;&#33394;-&#23574;(&#26032;2400&#31890;/KG)" volume="16155.000000" unitUnitId="c374d34a-0590-42f1-a683-afcd04b3689e" price="0.015000" refPrice="0.000000" entrysum="242.325000" lastUpdatedStamp="2012-07-31 11:05:51.0" lastUpdatedTxStamp="2012-07-31 11:05:51.0" createdStamp="2012-07-30 10:55:18.0" createdTxStamp="2012-07-30 10:55:18.0"/>
    <WorkshopOtherDrawBillEntry id="58461fc5-b1ee-4773-8768-7a37de3efbcc" parentId="9ee06310-3240-4dff-9e52-2ee14c1f9e5a" warehouseWarehouseId="ec28df2b-7e42-4f2a-bbf4-b0f4ee5f9731" materialMaterialId="4716455a-5cb6-476f-abba-188972450d76" materialMaterialModel="" volume="10000.000000" unitUnitId="c374d34a-0590-42f1-a683-afcd04b3689e" price="0.020000" refPrice="0.000000" entrysum="200.000000" lastUpdatedStamp="2012-07-31 10:39:40.0" lastUpdatedTxStamp="2012-07-31 10:39:40.0" createdStamp="2012-07-31 08:55:15.0" createdTxStamp="2012-07-31 08:55:15.0"/>
    <WorkshopOtherDrawBillEntry id="5beae76f-cf6a-4061-bff0-a189c4630188" parentId="56034f96-f526-4371-b3de-113f5794bcbf" warehouseWarehouseId="ec28df2b-7e42-4f2a-bbf4-b0f4ee5f9731" materialMaterialId="9997b0c5-e41a-4493-95a0-76b026786e19" materialMaterialModel="" volume="6600.000000" unitUnitId="c374d34a-0590-42f1-a683-afcd04b3689e" price="0.120000" refPrice="0.000000" entrysum="792.000000" lastUpdatedStamp="2012-07-31 08:43:40.0" lastUpdatedTxStamp="2012-07-31 08:43:40.0" createdStamp="2012-07-31 08:43:35.0" createdTxStamp="2012-07-31 08:43:35.0"/>
    <WorkshopOtherDrawBillEntry id="5fbee32b-bdce-4f96-9787-50e690eec957" parentId="b4cab653-c6ff-471a-8e75-aa191c225b6d" warehouseWarehouseId="ec28df2b-7e42-4f2a-bbf4-b0f4ee5f9731" materialMaterialId="c0ca5bb7-39db-4246-ad42-1a74aa23032f" materialMaterialModel="M6*25" volume="81200.000000" unitUnitId="36927a08-ba89-438b-bb0d-3013c64a0341" price="0.061700" refPrice="0.000000" entrysum="5010.040000" lastUpdatedStamp="2012-07-31 10:40:09.0" lastUpdatedTxStamp="2012-07-31 10:40:09.0" createdStamp="2012-07-31 08:56:32.0" createdTxStamp="2012-07-31 08:56:32.0"/>
    <WorkshopOtherDrawBillEntry id="605597e6-86e0-49ef-b015-84a1647bbd78" parentId="2e1f9936-3822-4a5a-a83a-b8a5d71c5e5f" warehouseWarehouseId="ec28df2b-7e42-4f2a-bbf4-b0f4ee5f9731" materialMaterialId="8701a022-0d88-4e3f-810a-5a87899ac70b" materialMaterialModel="6*20" volume="38922.000000" unitUnitId="c374d34a-0590-42f1-a683-afcd04b3689e" price="0.060000" refPrice="0.000000" entrysum="2335.320000" sort="1" lastUpdatedStamp="2012-08-13 17:24:20.0" lastUpdatedTxStamp="2012-08-13 17:24:20.0" createdStamp="2012-08-13 17:24:20.0" createdTxStamp="2012-08-13 17:24:20.0"/>
    <WorkshopOtherDrawBillEntry id="68c66504-2524-491e-897e-e771b29586be" parentId="934f9f5e-8ec8-461c-ab2b-0ee681b4987c" warehouseWarehouseId="ec28df2b-7e42-4f2a-bbf4-b0f4ee5f9731" materialMaterialId="4716455a-5cb6-476f-abba-188972450d76" materialMaterialModel="" volume="20000.000000" unitUnitId="c374d34a-0590-42f1-a683-afcd04b3689e" price="0.020000" refPrice="0.000000" entrysum="400.000000" lastUpdatedStamp="2012-07-31 10:39:01.0" lastUpdatedTxStamp="2012-07-31 10:39:01.0" createdStamp="2012-07-30 20:50:55.0" createdTxStamp="2012-07-30 20:50:55.0"/>
    <WorkshopOtherDrawBillEntry id="69f6949b-e77c-49b7-ba4d-640345f78910" parentId="adc7d875-45e9-4dbb-b1cb-d10159f24569" warehouseWarehouseId="ec28df2b-7e42-4f2a-bbf4-b0f4ee5f9731" materialMaterialId="155d23b5-d81f-4c1f-a01b-48c18578cbf5" materialMaterialModel="" volume="12000.000000" unitUnitId="c374d34a-0590-42f1-a683-afcd04b3689e" price="0.000000" refPrice="0.000000" entrysum="0.000000" sort="1" lastUpdatedStamp="2012-08-06 17:11:17.0" lastUpdatedTxStamp="2012-08-06 17:11:17.0" createdStamp="2012-08-06 17:11:17.0" createdTxStamp="2012-08-06 17:11:17.0"/>
    <WorkshopOtherDrawBillEntry id="69f6f221-2998-44ed-be21-a72825e58e56" parentId="ae56187e-6f7b-4dc7-81b6-0970e70f8dfa" warehouseWarehouseId="ec28df2b-7e42-4f2a-bbf4-b0f4ee5f9731" materialMaterialId="e2a0a2b6-8fc8-4bdd-920d-cc922c58e01a" materialMaterialModel="" volume="11200.000000" unitUnitId="c374d34a-0590-42f1-a683-afcd04b3689e" price="0.050000" refPrice="0.000000" entrysum="560.000000" lastUpdatedStamp="2012-07-30 11:01:24.0" lastUpdatedTxStamp="2012-07-30 11:01:24.0" createdStamp="2012-07-30 11:01:24.0" createdTxStamp="2012-07-30 11:01:24.0"/>
    <WorkshopOtherDrawBillEntry id="6a66a95e-6047-47c6-b53b-22e65c1fec4b" parentId="20bdee9f-eabc-46cf-86c5-d3829b9d22d6" warehouseWarehouseId="ec28df2b-7e42-4f2a-bbf4-b0f4ee5f9731" materialMaterialId="4716455a-5cb6-476f-abba-188972450d76" materialMaterialModel="" volume="11200.000000" unitUnitId="c374d34a-0590-42f1-a683-afcd04b3689e" price="0.020000" refPrice="0.000000" entrysum="224.000000" lastUpdatedStamp="2012-07-31 10:38:16.0" lastUpdatedTxStamp="2012-07-31 10:38:16.0" createdStamp="2012-07-30 20:42:56.0" createdTxStamp="2012-07-30 20:42:56.0"/>
    <WorkshopOtherDrawBillEntry id="6d12a38e-4a70-4185-a476-57519dff99a8" parentId="934f9f5e-8ec8-461c-ab2b-0ee681b4987c" warehouseWarehouseId="ec28df2b-7e42-4f2a-bbf4-b0f4ee5f9731" materialMaterialId="c0ca5bb7-39db-4246-ad42-1a74aa23032f" materialMaterialModel="M6*25" volume="162400.000000" unitUnitId="36927a08-ba89-438b-bb0d-3013c64a0341" price="0.061700" refPrice="0.000000" entrysum="10020.080000" lastUpdatedStamp="2012-07-31 10:39:01.0" lastUpdatedTxStamp="2012-07-31 10:39:01.0" createdStamp="2012-07-30 20:50:55.0" createdTxStamp="2012-07-30 20:50:55.0"/>
    <WorkshopOtherDrawBillEntry id="6f8f3a6e-27cc-4251-8db0-543c1f8f013a" parentId="05cb1bb0-bdb1-4b42-ab91-a8d389898cd9" warehouseWarehouseId="ec28df2b-7e42-4f2a-bbf4-b0f4ee5f9731" materialMaterialId="4716455a-5cb6-476f-abba-188972450d76" materialMaterialModel="" volume="5854.000000" unitUnitId="c374d34a-0590-42f1-a683-afcd04b3689e" price="0.020000" refPrice="0.000000" entrysum="117.080000" lastUpdatedStamp="2012-07-31 11:05:51.0" lastUpdatedTxStamp="2012-07-31 11:05:51.0" createdStamp="2012-07-30 10:55:18.0" createdTxStamp="2012-07-30 10:55:18.0"/>
    <WorkshopOtherDrawBillEntry id="73660d9b-1367-47bd-91b3-3e576d633081" parentId="7495f1f2-0c40-4f38-b9d5-af97ddae95ec" warehouseWarehouseId="ec28df2b-7e42-4f2a-bbf4-b0f4ee5f9731" materialMaterialId="155d23b5-d81f-4c1f-a01b-48c18578cbf5" materialMaterialModel="" volume="21277.000000" unitUnitId="c374d34a-0590-42f1-a683-afcd04b3689e" price="0.033000" refPrice="0.000000" entrysum="702.141000" lastUpdatedStamp="2012-07-31 11:07:40.0" lastUpdatedTxStamp="2012-07-31 11:07:40.0" createdStamp="2012-07-28 17:15:45.0" createdTxStamp="2012-07-28 17:15:45.0"/>
    <WorkshopOtherDrawBillEntry id="7815fc61-6cc8-4e53-9503-5bf2269ac068" parentId="7495f1f2-0c40-4f38-b9d5-af97ddae95ec" warehouseWarehouseId="ec28df2b-7e42-4f2a-bbf4-b0f4ee5f9731" materialMaterialId="7fbe42b6-67e8-4e86-988e-b73e7f7963a4" materialMaterialModel="" volume="48448.000000" unitUnitId="c374d34a-0590-42f1-a683-afcd04b3689e" price="0.323000" refPrice="0.000000" entrysum="15648.704000" lastUpdatedStamp="2012-07-31 11:07:40.0" lastUpdatedTxStamp="2012-07-31 11:07:40.0" createdStamp="2012-07-28 17:15:45.0" createdTxStamp="2012-07-28 17:15:45.0"/>
    <WorkshopOtherDrawBillEntry id="7a07eebb-4953-4202-a892-b50fecc57d60" parentId="a68960c4-8812-4efc-b412-e16532943886" warehouseWarehouseId="ec28df2b-7e42-4f2a-bbf4-b0f4ee5f9731" materialMaterialId="3f85602d-cdce-4c0e-b64a-0762a2b7a9b7" materialMaterialModel="" volume="19500.000000" unitUnitId="c374d34a-0590-42f1-a683-afcd04b3689e" price="0.217000" refPrice="0.000000" entrysum="4231.500000" lastUpdatedStamp="2012-07-31 10:40:12.0" lastUpdatedTxStamp="2012-07-31 10:40:12.0" createdStamp="2012-07-31 08:57:47.0" createdTxStamp="2012-07-31 08:57:47.0"/>
    <WorkshopOtherDrawBillEntry id="7a58d717-2a22-4ae4-882b-99eae415b07e" parentId="9ee06310-3240-4dff-9e52-2ee14c1f9e5a" warehouseWarehouseId="ec28df2b-7e42-4f2a-bbf4-b0f4ee5f9731" materialMaterialId="3f85602d-cdce-4c0e-b64a-0762a2b7a9b7" materialMaterialModel="" volume="19500.000000" unitUnitId="c374d34a-0590-42f1-a683-afcd04b3689e" price="0.217000" refPrice="0.000000" entrysum="4231.500000" lastUpdatedStamp="2012-07-31 10:39:40.0" lastUpdatedTxStamp="2012-07-31 10:39:40.0" createdStamp="2012-07-31 08:55:15.0" createdTxStamp="2012-07-31 08:55:15.0"/>
    <WorkshopOtherDrawBillEntry id="7cca79cd-aca3-4ad1-91d3-e2899e6a2350" parentId="60af5cd2-cd6a-4985-a395-d67ad726f560" warehouseWarehouseId="ec28df2b-7e42-4f2a-bbf4-b0f4ee5f9731" materialMaterialId="c0ca5bb7-39db-4246-ad42-1a74aa23032f" materialMaterialModel="M6*25" volume="81200.000000" unitUnitId="36927a08-ba89-438b-bb0d-3013c64a0341" price="0.061700" refPrice="0.000000" entrysum="5010.040000" lastUpdatedStamp="2012-07-31 10:39:33.0" lastUpdatedTxStamp="2012-07-31 10:39:32.0" createdStamp="2012-07-31 09:02:49.0" createdTxStamp="2012-07-31 09:02:49.0"/>
    <WorkshopOtherDrawBillEntry id="80332298-9350-4103-848a-b0273d0e809c" parentId="7495f1f2-0c40-4f38-b9d5-af97ddae95ec" warehouseWarehouseId="ec28df2b-7e42-4f2a-bbf4-b0f4ee5f9731" materialMaterialId="598a1356-2b7b-4492-83e6-ddbecb45c2b6" materialMaterialModel="" volume="42141.000000" unitUnitId="c374d34a-0590-42f1-a683-afcd04b3689e" price="0.301300" refPrice="0.000000" entrysum="12697.083300" lastUpdatedStamp="2012-07-31 11:07:40.0" lastUpdatedTxStamp="2012-07-31 11:07:40.0" createdStamp="2012-07-28 17:15:45.0" createdTxStamp="2012-07-28 17:15:45.0"/>
    <WorkshopOtherDrawBillEntry id="83f2fa8c-c0f3-4265-80b2-578de86dba31" parentId="934f9f5e-8ec8-461c-ab2b-0ee681b4987c" warehouseWarehouseId="ec28df2b-7e42-4f2a-bbf4-b0f4ee5f9731" materialMaterialId="3f85602d-cdce-4c0e-b64a-0762a2b7a9b7" materialMaterialModel="" volume="19500.000000" unitUnitId="c374d34a-0590-42f1-a683-afcd04b3689e" price="0.217000" refPrice="0.000000" entrysum="4231.500000" lastUpdatedStamp="2012-07-31 10:39:01.0" lastUpdatedTxStamp="2012-07-31 10:39:01.0" createdStamp="2012-07-30 20:50:55.0" createdTxStamp="2012-07-30 20:50:55.0"/>
    <WorkshopOtherDrawBillEntry id="862de971-7eef-4219-affc-071be53eceec" parentId="1d2ea14b-1690-4741-902d-b4b2b632d3af" warehouseWarehouseId="77245dcd-9823-4328-8496-8f8c172f0753" materialMaterialId="08ffc741-dae7-4dfe-96cb-d45e4d29a388" materialMaterialModel="" volume="4293.000000" unitUnitId="36927a08-ba89-438b-bb0d-3013c64a0341" price="0.000000" refPrice="0.000000" entrysum="0.000000" sort="0" lastUpdatedStamp="2012-08-20 15:44:25.0" lastUpdatedTxStamp="2012-08-20 15:44:24.0" createdStamp="2012-07-30 11:48:00.0" createdTxStamp="2012-07-30 11:48:00.0"/>
    <WorkshopOtherDrawBillEntry id="87c11d8d-55ff-455d-bc46-c896d60637af" parentId="20bdee9f-eabc-46cf-86c5-d3829b9d22d6" warehouseWarehouseId="ec28df2b-7e42-4f2a-bbf4-b0f4ee5f9731" materialMaterialId="530aad92-3941-4032-af2f-96c4a113bf96" materialMaterialModel="3&#21400;L&#22411;&#65288;&#22278;&#65289;" volume="11200.000000" unitUnitId="36927a08-ba89-438b-bb0d-3013c64a0341" price="0.149900" refPrice="0.000000" entrysum="1678.880000" lastUpdatedStamp="2012-07-31 10:38:16.0" lastUpdatedTxStamp="2012-07-31 10:38:16.0" createdStamp="2012-07-30 20:42:56.0" createdTxStamp="2012-07-30 20:42:56.0"/>
    <WorkshopOtherDrawBillEntry id="893a6bdd-a84b-4083-b13e-4734cb313d2d" parentId="4a65fee5-9a2b-41cd-838b-d51fe36b3e96" warehouseWarehouseId="ec28df2b-7e42-4f2a-bbf4-b0f4ee5f9731" materialMaterialId="4716455a-5cb6-476f-abba-188972450d76" materialMaterialModel="" volume="18218.000000" unitUnitId="c374d34a-0590-42f1-a683-afcd04b3689e" price="0.020000" refPrice="0.000000" entrysum="364.360000" lastUpdatedStamp="2012-07-31 10:46:15.0" lastUpdatedTxStamp="2012-07-31 10:46:15.0" createdStamp="2012-07-30 11:56:03.0" createdTxStamp="2012-07-30 11:56:03.0"/>
    <WorkshopOtherDrawBillEntry id="8b8eaba9-a06c-4e20-a9be-6ffb5c158004" parentId="22ce68f0-286b-4fd6-836a-105340b77b51" warehouseWarehouseId="ec28df2b-7e42-4f2a-bbf4-b0f4ee5f9731" materialMaterialId="4716455a-5cb6-476f-abba-188972450d76" materialMaterialModel="" volume="4800.000000" unitUnitId="c374d34a-0590-42f1-a683-afcd04b3689e" price="0.020000" refPrice="0.000000" entrysum="96.000000" lastUpdatedStamp="2012-07-31 09:03:52.0" lastUpdatedTxStamp="2012-07-31 09:03:52.0" createdStamp="2012-07-31 09:00:21.0" createdTxStamp="2012-07-31 09:00:21.0"/>
    <WorkshopOtherDrawBillEntry id="8e08cf9f-4653-4ea7-b1c7-07450b221c14" parentId="d658e3ee-f9c7-4583-bfa6-5b7085630ce8" warehouseWarehouseId="ec28df2b-7e42-4f2a-bbf4-b0f4ee5f9731" materialMaterialId="4716455a-5cb6-476f-abba-188972450d76" materialMaterialModel="" volume="10000.000000" unitUnitId="c374d34a-0590-42f1-a683-afcd04b3689e" price="0.020000" refPrice="0.000000" entrysum="200.000000" lastUpdatedStamp="2012-07-31 10:41:45.0" lastUpdatedTxStamp="2012-07-31 10:41:45.0" createdStamp="2012-07-31 08:58:52.0" createdTxStamp="2012-07-31 08:58:52.0"/>
    <WorkshopOtherDrawBillEntry id="9349e012-ada8-4333-8647-fba6c4660e1a" parentId="c6f5dcd8-bede-4296-8ddc-bb28b6bd1243" warehouseWarehouseId="ec28df2b-7e42-4f2a-bbf4-b0f4ee5f9731" materialMaterialId="c0ca5bb7-39db-4246-ad42-1a74aa23032f" materialMaterialModel="M6*25" volume="157325.000000" unitUnitId="36927a08-ba89-438b-bb0d-3013c64a0341" price="0.422900" refPrice="0.000000" entrysum="66532.742500" lastUpdatedStamp="2012-08-03 14:30:31.0" lastUpdatedTxStamp="2012-08-03 14:30:31.0" createdStamp="2012-07-31 09:01:27.0" createdTxStamp="2012-07-31 09:01:27.0"/>
    <WorkshopOtherDrawBillEntry id="a0292c4a-5c35-4eef-8b99-43a73b6aa6cf" parentId="c5a7366b-d86e-4836-8789-f2b60a366037" warehouseWarehouseId="ec28df2b-7e42-4f2a-bbf4-b0f4ee5f9731" materialMaterialId="155d23b5-d81f-4c1f-a01b-48c18578cbf5" materialMaterialModel="" volume="10400.000000" unitUnitId="" price="0.033000" refPrice="0.000000" entrysum="343.200000" lastUpdatedStamp="2012-07-17 21:06:26.0" lastUpdatedTxStamp="2012-07-17 21:06:26.0" createdStamp="2012-07-17 21:06:25.0" createdTxStamp="2012-07-17 21:06:25.0"/>
    <WorkshopOtherDrawBillEntry id="a032efa6-8380-40c5-8125-2f7c9f2189df" parentId="60af5cd2-cd6a-4985-a395-d67ad726f560" warehouseWarehouseId="ec28df2b-7e42-4f2a-bbf4-b0f4ee5f9731" materialMaterialId="3f85602d-cdce-4c0e-b64a-0762a2b7a9b7" materialMaterialModel="" volume="19500.000000" unitUnitId="c374d34a-0590-42f1-a683-afcd04b3689e" price="0.217000" refPrice="0.000000" entrysum="4231.500000" lastUpdatedStamp="2012-07-31 10:39:33.0" lastUpdatedTxStamp="2012-07-31 10:39:32.0" createdStamp="2012-07-31 09:02:49.0" createdTxStamp="2012-07-31 09:02:49.0"/>
    <WorkshopOtherDrawBillEntry id="a0b49410-6b91-47e4-a9af-8f13bb65a7f3" parentId="b4cab653-c6ff-471a-8e75-aa191c225b6d" warehouseWarehouseId="ec28df2b-7e42-4f2a-bbf4-b0f4ee5f9731" materialMaterialId="4716455a-5cb6-476f-abba-188972450d76" materialMaterialModel="" volume="10000.000000" unitUnitId="c374d34a-0590-42f1-a683-afcd04b3689e" price="0.020000" refPrice="0.000000" entrysum="200.000000" lastUpdatedStamp="2012-07-31 10:40:09.0" lastUpdatedTxStamp="2012-07-31 10:40:09.0" createdStamp="2012-07-31 08:56:32.0" createdTxStamp="2012-07-31 08:56:32.0"/>
    <WorkshopOtherDrawBillEntry id="a116e705-f335-48ac-a6a0-6806086a1c4c" parentId="d658e3ee-f9c7-4583-bfa6-5b7085630ce8" warehouseWarehouseId="ec28df2b-7e42-4f2a-bbf4-b0f4ee5f9731" materialMaterialId="3f85602d-cdce-4c0e-b64a-0762a2b7a9b7" materialMaterialModel="" volume="19500.000000" unitUnitId="c374d34a-0590-42f1-a683-afcd04b3689e" price="0.217000" refPrice="0.000000" entrysum="4231.500000" lastUpdatedStamp="2012-07-31 10:41:45.0" lastUpdatedTxStamp="2012-07-31 10:41:45.0" createdStamp="2012-07-31 08:58:52.0" createdTxStamp="2012-07-31 08:58:52.0"/>
    <WorkshopOtherDrawBillEntry id="a12642b4-d2df-4850-a2f1-abedd434806f" parentId="4a65fee5-9a2b-41cd-838b-d51fe36b3e96" warehouseWarehouseId="ec28df2b-7e42-4f2a-bbf4-b0f4ee5f9731" materialMaterialId="165694e7-d24a-4ca9-b388-9f7993eaad9a" materialMaterialModel="" volume="10000.000000" unitUnitId="c374d34a-0590-42f1-a683-afcd04b3689e" price="0.020000" refPrice="0.000000" entrysum="200.000000" lastUpdatedStamp="2012-07-31 10:46:15.0" lastUpdatedTxStamp="2012-07-31 10:46:15.0" createdStamp="2012-07-30 11:56:03.0" createdTxStamp="2012-07-30 11:56:03.0"/>
    <WorkshopOtherDrawBillEntry id="a2220b81-430e-478c-a5ec-0dd1f7b782ac" parentId="a68960c4-8812-4efc-b412-e16532943886" warehouseWarehouseId="ec28df2b-7e42-4f2a-bbf4-b0f4ee5f9731" materialMaterialId="530aad92-3941-4032-af2f-96c4a113bf96" materialMaterialModel="3&#21400;L&#22411;&#65288;&#22278;&#65289;" volume="11200.000000" unitUnitId="36927a08-ba89-438b-bb0d-3013c64a0341" price="0.149900" refPrice="0.000000" entrysum="1678.880000" lastUpdatedStamp="2012-07-31 10:40:12.0" lastUpdatedTxStamp="2012-07-31 10:40:12.0" createdStamp="2012-07-31 08:57:47.0" createdTxStamp="2012-07-31 08:57:47.0"/>
    <WorkshopOtherDrawBillEntry id="a6715391-2d4b-4fca-b305-0aa67b0689f4" parentId="5da98c55-5d7c-490b-ac70-8c4beac6778a" warehouseWarehouseId="ec28df2b-7e42-4f2a-bbf4-b0f4ee5f9731" materialMaterialId="155d23b5-d81f-4c1f-a01b-48c18578cbf5" materialMaterialModel="" volume="24000.000000" unitUnitId="c374d34a-0590-42f1-a683-afcd04b3689e" price="0.000000" refPrice="0.000000" entrysum="0.000000" sort="3" lastUpdatedStamp="2012-08-04 17:00:05.0" lastUpdatedTxStamp="2012-08-04 17:00:05.0" createdStamp="2012-08-03 17:17:30.0" createdTxStamp="2012-08-03 17:17:30.0"/>
    <WorkshopOtherDrawBillEntry id="a8355564-c0ea-4a17-b707-69ae56beceaf" parentId="a68960c4-8812-4efc-b412-e16532943886" warehouseWarehouseId="ec28df2b-7e42-4f2a-bbf4-b0f4ee5f9731" materialMaterialId="c0ca5bb7-39db-4246-ad42-1a74aa23032f" materialMaterialModel="M6*25" volume="76125.000000" unitUnitId="36927a08-ba89-438b-bb0d-3013c64a0341" price="0.061700" refPrice="0.000000" entrysum="4696.912500" lastUpdatedStamp="2012-07-31 10:40:12.0" lastUpdatedTxStamp="2012-07-31 10:40:12.0" createdStamp="2012-07-31 08:57:47.0" createdTxStamp="2012-07-31 08:57:47.0"/>
    <WorkshopOtherDrawBillEntry id="acfc0fa6-8576-457b-9e71-1fade634a575" parentId="0e369666-47df-4784-b267-0d91ecc36209" warehouseWarehouseId="ec28df2b-7e42-4f2a-bbf4-b0f4ee5f9731" materialMaterialId="598a1356-2b7b-4492-83e6-ddbecb45c2b6" materialMaterialModel="" volume="23400.000000" unitUnitId="c374d34a-0590-42f1-a683-afcd04b3689e" price="0.000000" refPrice="0.000000" entrysum="0.000000" sort="2" lastUpdatedStamp="2012-08-03 17:16:21.0" lastUpdatedTxStamp="2012-08-03 17:16:21.0" createdStamp="2012-08-03 17:16:21.0" createdTxStamp="2012-08-03 17:16:21.0"/>
    <WorkshopOtherDrawBillEntry id="b041a94c-bfd6-4104-9c48-1cddcf507dfa" parentId="adc7d875-45e9-4dbb-b1cb-d10159f24569" warehouseWarehouseId="ec28df2b-7e42-4f2a-bbf4-b0f4ee5f9731" materialMaterialId="7fbe42b6-67e8-4e86-988e-b73e7f7963a4" materialMaterialModel="" volume="23750.000000" unitUnitId="c374d34a-0590-42f1-a683-afcd04b3689e" price="0.000000" refPrice="0.000000" entrysum="0.000000" sort="3" lastUpdatedStamp="2012-08-06 17:11:17.0" lastUpdatedTxStamp="2012-08-06 17:11:17.0" createdStamp="2012-08-06 17:11:17.0" createdTxStamp="2012-08-06 17:11:17.0"/>
    <WorkshopOtherDrawBillEntry id="b1e7719c-a0e2-4261-a4a9-49b28268d381" parentId="f143670c-1eeb-49d1-9ab6-f9d596ee5165" warehouseWarehouseId="ec28df2b-7e42-4f2a-bbf4-b0f4ee5f9731" materialMaterialId="c1a0dc36-7766-4aeb-9230-24f8a20fa0e5" materialMaterialModel="M5*17" volume="213514.000000" unitUnitId="36927a08-ba89-438b-bb0d-3013c64a0341" price="0.016900" refPrice="0.000000" entrysum="3608.386600" lastUpdatedStamp="2012-07-31 10:38:41.0" lastUpdatedTxStamp="2012-07-31 10:38:41.0" createdStamp="2012-07-30 20:48:30.0" createdTxStamp="2012-07-30 20:48:30.0"/>
    <WorkshopOtherDrawBillEntry id="b5f34fd9-b9c4-4a7c-a824-5a04d4d8e23e" parentId="b4cab653-c6ff-471a-8e75-aa191c225b6d" warehouseWarehouseId="ec28df2b-7e42-4f2a-bbf4-b0f4ee5f9731" materialMaterialId="530aad92-3941-4032-af2f-96c4a113bf96" materialMaterialModel="3&#21400;L&#22411;&#65288;&#22278;&#65289;" volume="8400.000000" unitUnitId="36927a08-ba89-438b-bb0d-3013c64a0341" price="0.149900" refPrice="0.000000" entrysum="1259.160000" lastUpdatedStamp="2012-07-31 10:40:09.0" lastUpdatedTxStamp="2012-07-31 10:40:09.0" createdStamp="2012-07-31 08:56:32.0" createdTxStamp="2012-07-31 08:56:32.0"/>
    <WorkshopOtherDrawBillEntry id="bb2e930d-f92e-45c4-85b8-8e6b89a90248" parentId="a93a036b-c7a4-4ed6-bf5f-b44b542bb6cc" warehouseWarehouseId="ec28df2b-7e42-4f2a-bbf4-b0f4ee5f9731" materialMaterialId="530aad92-3941-4032-af2f-96c4a113bf96" materialMaterialModel="3&#21400;L&#22411;&#65288;&#22278;&#65289;" volume="11200.000000" unitUnitId="36927a08-ba89-438b-bb0d-3013c64a0341" price="0.150000" refPrice="0.000000" entrysum="1680.000000" lastUpdatedStamp="2012-07-31 10:40:03.0" lastUpdatedTxStamp="2012-07-31 10:40:03.0" createdStamp="2012-07-31 08:52:40.0" createdTxStamp="2012-07-31 08:52:40.0"/>
    <WorkshopOtherDrawBillEntry id="be12ccd2-221d-41b2-a8f4-cc1b4e8fb563" parentId="b4fc755c-fa6b-4bd0-a280-ee779947b86f" warehouseWarehouseId="ec28df2b-7e42-4f2a-bbf4-b0f4ee5f9731" materialMaterialId="155d23b5-d81f-4c1f-a01b-48c18578cbf5" materialMaterialModel="" volume="5000.000000" unitUnitId="c374d34a-0590-42f1-a683-afcd04b3689e" price="0.033000" refPrice="0.000000" entrysum="165.000000" lastUpdatedStamp="2012-07-30 10:57:03.0" lastUpdatedTxStamp="2012-07-30 10:57:03.0" createdStamp="2012-07-30 10:57:03.0" createdTxStamp="2012-07-30 10:57:03.0"/>
    <WorkshopOtherDrawBillEntry id="bf23188e-4749-4d92-a7ab-7241981b775b" parentId="9ee06310-3240-4dff-9e52-2ee14c1f9e5a" warehouseWarehouseId="ec28df2b-7e42-4f2a-bbf4-b0f4ee5f9731" materialMaterialId="530aad92-3941-4032-af2f-96c4a113bf96" materialMaterialModel="3&#21400;L&#22411;&#65288;&#22278;&#65289;" volume="11200.000000" unitUnitId="36927a08-ba89-438b-bb0d-3013c64a0341" price="0.150000" refPrice="0.000000" entrysum="1680.000000" lastUpdatedStamp="2012-07-31 10:39:40.0" lastUpdatedTxStamp="2012-07-31 10:39:40.0" createdStamp="2012-07-31 08:55:15.0" createdTxStamp="2012-07-31 08:55:15.0"/>
    <WorkshopOtherDrawBillEntry id="bfa704f3-b942-4d8b-8270-640fbbba2498" parentId="1d2ea14b-1690-4741-902d-b4b2b632d3af" warehouseWarehouseId="77245dcd-9823-4328-8496-8f8c172f0753" materialMaterialId="08ffc741-dae7-4dfe-96cb-d45e4d29a388" materialMaterialModel="" volume="4407.000000" unitUnitId="36927a08-ba89-438b-bb0d-3013c64a0341" price="0.000000" refPrice="0.000000" entrysum="0.000000" sort="0" lastUpdatedStamp="2012-08-20 15:44:25.0" lastUpdatedTxStamp="2012-08-20 15:44:24.0" createdStamp="2012-07-31 11:04:09.0" createdTxStamp="2012-07-31 11:04:09.0"/>
    <WorkshopOtherDrawBillEntry id="c689ef43-1ad4-4757-bece-b38d7deced36" parentId="4a65fee5-9a2b-41cd-838b-d51fe36b3e96" warehouseWarehouseId="ec28df2b-7e42-4f2a-bbf4-b0f4ee5f9731" materialMaterialId="750f3eeb-8827-4965-975a-924cc3a20c4b" materialMaterialModel="1*2" volume="40000.000000" unitUnitId="fc75ed8c-026b-410b-bf0a-f447a88fbe01" price="0.055000" refPrice="0.000000" entrysum="2200.000000" lastUpdatedStamp="2012-07-31 10:46:15.0" lastUpdatedTxStamp="2012-07-31 10:46:15.0" createdStamp="2012-07-30 11:56:03.0" createdTxStamp="2012-07-30 11:56:03.0"/>
    <WorkshopOtherDrawBillEntry id="c69e8071-2752-4772-bc9e-be74c9049316" parentId="4a65fee5-9a2b-41cd-838b-d51fe36b3e96" warehouseWarehouseId="ec28df2b-7e42-4f2a-bbf4-b0f4ee5f9731" materialMaterialId="4a896408-b200-4875-9157-da5b6702587b" materialMaterialModel="2*2" volume="34448.000000" unitUnitId="c374d34a-0590-42f1-a683-afcd04b3689e" price="0.055000" refPrice="0.000000" entrysum="1894.640000" lastUpdatedStamp="2012-07-31 10:46:15.0" lastUpdatedTxStamp="2012-07-31 10:46:15.0" createdStamp="2012-07-30 11:56:03.0" createdTxStamp="2012-07-30 11:56:03.0"/>
    <WorkshopOtherDrawBillEntry id="c8979518-9b1a-4768-bcf7-583ff1bc42b2" parentId="c5a7366b-d86e-4836-8789-f2b60a366037" warehouseWarehouseId="ec28df2b-7e42-4f2a-bbf4-b0f4ee5f9731" materialMaterialId="7fbe42b6-67e8-4e86-988e-b73e7f7963a4" materialMaterialModel="" volume="20900.000000" unitUnitId="" price="0.323000" refPrice="0.000000" entrysum="6750.700000" lastUpdatedStamp="2012-07-17 21:06:26.0" lastUpdatedTxStamp="2012-07-17 21:06:26.0" createdStamp="2012-07-17 21:06:25.0" createdTxStamp="2012-07-17 21:06:25.0"/>
    <WorkshopOtherDrawBillEntry id="cf54c1ac-72f4-4322-a646-93a17ef353bd" parentId="60af5cd2-cd6a-4985-a395-d67ad726f560" warehouseWarehouseId="ec28df2b-7e42-4f2a-bbf4-b0f4ee5f9731" materialMaterialId="530aad92-3941-4032-af2f-96c4a113bf96" materialMaterialModel="3&#21400;L&#22411;&#65288;&#22278;&#65289;" volume="5600.000000" unitUnitId="36927a08-ba89-438b-bb0d-3013c64a0341" price="0.150000" refPrice="0.000000" entrysum="840.000000" lastUpdatedStamp="2012-07-31 10:39:33.0" lastUpdatedTxStamp="2012-07-31 10:39:32.0" createdStamp="2012-07-31 09:02:49.0" createdTxStamp="2012-07-31 09:02:49.0"/>
    <WorkshopOtherDrawBillEntry id="d9e1928f-2993-46db-b142-f44a02aae140" parentId="b4fc755c-fa6b-4bd0-a280-ee779947b86f" warehouseWarehouseId="ec28df2b-7e42-4f2a-bbf4-b0f4ee5f9731" materialMaterialId="7fbe42b6-67e8-4e86-988e-b73e7f7963a4" materialMaterialModel="" volume="10450.000000" unitUnitId="c374d34a-0590-42f1-a683-afcd04b3689e" price="0.323000" refPrice="0.000000" entrysum="3375.350000" lastUpdatedStamp="2012-07-30 10:57:03.0" lastUpdatedTxStamp="2012-07-30 10:57:03.0" createdStamp="2012-07-30 10:57:03.0" createdTxStamp="2012-07-30 10:57:03.0"/>
    <WorkshopOtherDrawBillEntry id="da490698-00d0-4dcf-ab16-455c831ee7dc" parentId="abebb8bf-b160-400c-85d5-5511e8905adb" warehouseWarehouseId="ec28df2b-7e42-4f2a-bbf4-b0f4ee5f9731" materialMaterialId="c1a0dc36-7766-4aeb-9230-24f8a20fa0e5" materialMaterialModel="M5*17" volume="95026.000000" unitUnitId="36927a08-ba89-438b-bb0d-3013c64a0341" price="0.016800" refPrice="0.000000" entrysum="1596.436800" lastUpdatedStamp="2012-07-31 09:54:58.0" lastUpdatedTxStamp="2012-07-31 09:54:58.0" createdStamp="2012-07-31 08:50:47.0" createdTxStamp="2012-07-31 08:50:47.0"/>
    <WorkshopOtherDrawBillEntry id="da492098-2cdf-4448-b134-b8cf342aa658" parentId="c6f5dcd8-bede-4296-8ddc-bb28b6bd1243" warehouseWarehouseId="ec28df2b-7e42-4f2a-bbf4-b0f4ee5f9731" materialMaterialId="4716455a-5cb6-476f-abba-188972450d76" materialMaterialModel="" volume="20000.000000" unitUnitId="c374d34a-0590-42f1-a683-afcd04b3689e" price="0.020000" refPrice="0.000000" entrysum="400.000000" lastUpdatedStamp="2012-08-03 14:30:31.0" lastUpdatedTxStamp="2012-08-03 14:30:31.0" createdStamp="2012-07-31 09:01:27.0" createdTxStamp="2012-07-31 09:01:27.0"/>
    <WorkshopOtherDrawBillEntry id="dc707d3c-efef-48a5-8ff3-ef270d9b4684" parentId="9ad92bff-3386-4954-a9bc-ba012ab2de88" warehouseWarehouseId="ec28df2b-7e42-4f2a-bbf4-b0f4ee5f9731" materialMaterialId="2848b967-a5f3-4f56-9cdb-c5689d474ae8" materialMaterialModel="" volume="4214.000000" unitUnitId="19302c46-c924-4ca0-85e4-c27b2989922a" price="13.249500" refPrice="0.000000" entrysum="55833.393000" lastUpdatedStamp="2012-07-30 20:26:32.0" lastUpdatedTxStamp="2012-07-30 20:26:32.0" createdStamp="2012-07-30 11:00:24.0" createdTxStamp="2012-07-30 11:00:24.0"/>
    <WorkshopOtherDrawBillEntry id="dcb3572e-0b6e-4e76-9ff0-8b53646d6ff2" parentId="1d2ea14b-1690-4741-902d-b4b2b632d3af" warehouseWarehouseId="77245dcd-9823-4328-8496-8f8c172f0753" materialMaterialId="08ffc741-dae7-4dfe-96cb-d45e4d29a388" materialMaterialModel="" volume="16651.000000" unitUnitId="36927a08-ba89-438b-bb0d-3013c64a0341" price="0.000000" refPrice="0.000000" entrysum="0.000000" sort="0" lastUpdatedStamp="2012-08-20 15:44:25.0" lastUpdatedTxStamp="2012-08-20 15:44:24.0" createdStamp="2012-07-30 10:55:58.0" createdTxStamp="2012-07-30 10:55:58.0"/>
    <WorkshopOtherDrawBillEntry id="de84d427-0bb9-49dd-8391-41fe1019c455" parentId="4a65fee5-9a2b-41cd-838b-d51fe36b3e96" warehouseWarehouseId="ec28df2b-7e42-4f2a-bbf4-b0f4ee5f9731" materialMaterialId="b186f4e4-b915-4dc3-8a76-8110b95e5faa" materialMaterialModel="M5*12&#24179;&#22836;&#12289;&#21457;&#40657;&#12289;&#21152;&#30828;" volume="280275.000000" unitUnitId="36927a08-ba89-438b-bb0d-3013c64a0341" price="0.028000" refPrice="0.000000" entrysum="7847.700000" lastUpdatedStamp="2012-07-31 10:46:15.0" lastUpdatedTxStamp="2012-07-31 10:46:15.0" createdStamp="2012-07-30 11:56:03.0" createdTxStamp="2012-07-30 11:56:03.0"/>
    <WorkshopOtherDrawBillEntry id="dee95c0d-d48d-496a-9f8a-5459e00f29e8" parentId="b4fc755c-fa6b-4bd0-a280-ee779947b86f" warehouseWarehouseId="ec28df2b-7e42-4f2a-bbf4-b0f4ee5f9731" materialMaterialId="598a1356-2b7b-4492-83e6-ddbecb45c2b6" materialMaterialModel="" volume="10400.000000" unitUnitId="c374d34a-0590-42f1-a683-afcd04b3689e" price="0.301200" refPrice="0.000000" entrysum="3132.480000" lastUpdatedStamp="2012-07-30 10:57:03.0" lastUpdatedTxStamp="2012-07-30 10:57:03.0" createdStamp="2012-07-30 10:57:03.0" createdTxStamp="2012-07-30 10:57:03.0"/>
    <WorkshopOtherDrawBillEntry id="e2e6f471-5e90-465e-8f3e-cc0237a4ccad" parentId="c6f5dcd8-bede-4296-8ddc-bb28b6bd1243" warehouseWarehouseId="ec28df2b-7e42-4f2a-bbf4-b0f4ee5f9731" materialMaterialId="530aad92-3941-4032-af2f-96c4a113bf96" materialMaterialModel="3&#21400;L&#22411;&#65288;&#22278;&#65289;" volume="19600.000000" unitUnitId="36927a08-ba89-438b-bb0d-3013c64a0341" price="0.149900" refPrice="0.000000" entrysum="2938.040000" lastUpdatedStamp="2012-08-03 14:30:31.0" lastUpdatedTxStamp="2012-08-03 14:30:31.0" createdStamp="2012-07-31 09:01:27.0" createdTxStamp="2012-07-31 09:01:27.0"/>
    <WorkshopOtherDrawBillEntry id="eed8cf8e-0ec1-4cc7-a89f-c340d386ed93" parentId="05cb1bb0-bdb1-4b42-ab91-a8d389898cd9" warehouseWarehouseId="ec28df2b-7e42-4f2a-bbf4-b0f4ee5f9731" materialMaterialId="50207482-a5ad-4aca-8e06-e2fb82c6cf9f" materialMaterialModel="M4*10" volume="52233.000000" unitUnitId="36927a08-ba89-438b-bb0d-3013c64a0341" price="0.016700" refPrice="0.000000" entrysum="872.291100" lastUpdatedStamp="2012-07-31 11:05:51.0" lastUpdatedTxStamp="2012-07-31 11:05:51.0" createdStamp="2012-07-30 10:55:18.0" createdTxStamp="2012-07-30 10:55:18.0"/>
    <WorkshopOtherDrawBillEntry id="ef6e0c5f-f491-4e8d-b5c7-350d51cf366c" parentId="a93a036b-c7a4-4ed6-bf5f-b44b542bb6cc" warehouseWarehouseId="ec28df2b-7e42-4f2a-bbf4-b0f4ee5f9731" materialMaterialId="c0ca5bb7-39db-4246-ad42-1a74aa23032f" materialMaterialModel="M6*25" volume="76125.000000" unitUnitId="36927a08-ba89-438b-bb0d-3013c64a0341" price="0.061700" refPrice="0.000000" entrysum="4696.912500" lastUpdatedStamp="2012-07-31 10:40:03.0" lastUpdatedTxStamp="2012-07-31 10:40:03.0" createdStamp="2012-07-31 08:52:40.0" createdTxStamp="2012-07-31 08:52:40.0"/>
    <WorkshopOtherDrawBillEntry id="f24ffa79-3901-4bad-9694-e13862816aec" parentId="5da98c55-5d7c-490b-ac70-8c4beac6778a" warehouseWarehouseId="ec28df2b-7e42-4f2a-bbf4-b0f4ee5f9731" materialMaterialId="7fbe42b6-67e8-4e86-988e-b73e7f7963a4" materialMaterialModel="" volume="47500.000000" unitUnitId="c374d34a-0590-42f1-a683-afcd04b3689e" price="0.000000" refPrice="0.000000" entrysum="0.000000" sort="1" lastUpdatedStamp="2012-08-04 17:00:05.0" lastUpdatedTxStamp="2012-08-04 17:00:05.0" createdStamp="2012-08-03 17:17:30.0" createdTxStamp="2012-08-03 17:17:30.0"/>
    <WorkshopOtherDrawBillEntry id="f6553f71-088d-4022-b629-b3d8242efd57" parentId="939a7c72-237e-4a64-8bde-7f51d8b3b971" warehouseWarehouseId="ec28df2b-7e42-4f2a-bbf4-b0f4ee5f9731" materialMaterialId="c1a0dc36-7766-4aeb-9230-24f8a20fa0e5" materialMaterialModel="M5*17" volume="135598.000000" unitUnitId="36927a08-ba89-438b-bb0d-3013c64a0341" price="0.000000" refPrice="0.000000" entrysum="0.000000" sort="1" lastUpdatedStamp="2012-08-04 15:35:26.0" lastUpdatedTxStamp="2012-08-04 15:35:26.0" createdStamp="2012-08-04 15:35:26.0" createdTxStamp="2012-08-04 15:35:26.0"/>
    <WorkshopOtherDrawBillEntry id="f872e28b-5665-4439-8443-ae19f567541a" parentId="d658e3ee-f9c7-4583-bfa6-5b7085630ce8" warehouseWarehouseId="ec28df2b-7e42-4f2a-bbf4-b0f4ee5f9731" materialMaterialId="c0ca5bb7-39db-4246-ad42-1a74aa23032f" materialMaterialModel="M6*25" volume="81200.000000" unitUnitId="36927a08-ba89-438b-bb0d-3013c64a0341" price="0.061700" refPrice="0.000000" entrysum="5010.040000" lastUpdatedStamp="2012-07-31 10:41:45.0" lastUpdatedTxStamp="2012-07-31 10:41:45.0" createdStamp="2012-07-31 08:58:52.0" createdTxStamp="2012-07-31 08:58:52.0"/>
    <WorkshopOtherDrawBillEntry id="fbc89481-29b7-4626-8e48-1c45bc2ff505" parentId="5e90e310-e77d-4c57-b9d8-a8d75e1bb450" warehouseWarehouseId="ec28df2b-7e42-4f2a-bbf4-b0f4ee5f9731" materialMaterialId="3f85602d-cdce-4c0e-b64a-0762a2b7a9b7" materialMaterialModel="" volume="15000.000000" unitUnitId="c374d34a-0590-42f1-a683-afcd04b3689e" price="0.217000" refPrice="0.000000" entrysum="3255.000000" lastUpdatedStamp="2012-07-31 09:04:46.0" lastUpdatedTxStamp="2012-07-31 09:04:46.0" createdStamp="2012-07-31 08:51:24.0" createdTxStamp="2012-07-31 08:51:24.0"/>
    <WorkshopOtherDrawBillEntry id="fbe0b7ff-6b3f-49f9-8529-d2d19a709b89" parentId="22ce68f0-286b-4fd6-836a-105340b77b51" warehouseWarehouseId="ec28df2b-7e42-4f2a-bbf4-b0f4ee5f9731" materialMaterialId="530aad92-3941-4032-af2f-96c4a113bf96" materialMaterialModel="3&#21400;L&#22411;&#65288;&#22278;&#65289;" volume="5600.000000" unitUnitId="36927a08-ba89-438b-bb0d-3013c64a0341" price="0.149900" refPrice="0.000000" entrysum="839.440000" lastUpdatedStamp="2012-07-31 09:03:52.0" lastUpdatedTxStamp="2012-07-31 09:03:52.0" createdStamp="2012-07-31 09:00:21.0" createdTxStamp="2012-07-31 09:00:21.0"/>
    <WorkshopOtherDrawBillEntry id="fef28156-6356-4f75-ac98-bead1f279777" parentId="9ad92bff-3386-4954-a9bc-ba012ab2de88" warehouseWarehouseId="ec28df2b-7e42-4f2a-bbf4-b0f4ee5f9731" materialMaterialId="9a278a80-a78e-4a56-9077-f6fab97dd608" materialMaterialModel="" volume="5500.000000" unitUnitId="fc75ed8c-026b-410b-bf0a-f447a88fbe01" price="0.150000" refPrice="0.000000" entrysum="825.000000" lastUpdatedStamp="2012-07-30 20:26:32.0" lastUpdatedTxStamp="2012-07-30 20:26:32.0" createdStamp="2012-07-30 11:00:24.0" createdTxStamp="2012-07-30 11:00:24.0"/>
</entity-engine-xml>
