<?xml version="1.0" encoding="UTF-8"?>
<entity-engine-xml>
    <WorkshopWarehousingEntry id="02673245-a9e8-486f-94f1-ae66c03cbfe9" parentId="20e18486-b11d-4a63-b756-3e3a144d2c1d" warehouseWarehouseId="59a924e6-212b-47e4-8ba4-238b9ab0cdb5" bomId="939e387c-1b88-4d57-8131-3eac745b6d4d" materialMaterialModel="" volume="3770.000000" unitUnitId="3632a300-6fc2-4894-a077-64fb441df7fd" price="0.000000" entrysum="0.000000" sort="1" lastUpdatedStamp="2012-08-20 15:28:27.0" lastUpdatedTxStamp="2012-08-20 15:28:27.0" createdStamp="2012-08-20 15:28:27.0" createdTxStamp="2012-08-20 15:28:27.0"/>
    <WorkshopWarehousingEntry id="03704b2d-c38b-4f8d-a46f-974736d42f8b" parentId="01f93688-71d7-4eec-b305-de26a97b3459" warehouseWarehouseId="59a924e6-212b-47e4-8ba4-238b9ab0cdb5" bomId="cf5282e2-ed9f-4b46-961b-d0c283ba1ca1" materialMaterialModel="" volume="792.000000" unitUnitId="3632a300-6fc2-4894-a077-64fb441df7fd" price="0.000000" entrysum="0.000000" sort="1" lastUpdatedStamp="2012-08-20 15:30:31.0" lastUpdatedTxStamp="2012-08-20 15:30:31.0" createdStamp="2012-08-20 15:30:31.0" createdTxStamp="2012-08-20 15:30:31.0"/>
    <WorkshopWarehousingEntry id="05a09da2-b153-4cd5-ada7-f971b3f85acc" parentId="6d15bb99-e438-42c7-81c7-1fa9eaddf285" warehouseWarehouseId="59a924e6-212b-47e4-8ba4-238b9ab0cdb5" bomId="37092493-adfc-49c0-8b36-58d449ae1335" materialMaterialModel="" volume="612.000000" unitUnitId="3632a300-6fc2-4894-a077-64fb441df7fd" price="0.000000" entrysum="0.000000" sort="1" lastUpdatedStamp="2012-08-20 15:29:38.0" lastUpdatedTxStamp="2012-08-20 15:29:38.0" createdStamp="2012-08-20 15:29:38.0" createdTxStamp="2012-08-20 15:29:38.0"/>
    <WorkshopWarehousingEntry id="089adbfd-61a4-42e8-a700-ac24535bdd2f" parentId="c3d21d3e-accc-4bb7-a082-90effa474ed9" warehouseWarehouseId="59a924e6-212b-47e4-8ba4-238b9ab0cdb5" bomId="afcc1ffd-b5dc-4ce4-8af8-556de00a9605" materialMaterialModel="" volume="15360.000000" unitUnitId="" price="0.000000" entrysum="0.000000" sort="1" lastUpdatedStamp="2012-08-21 14:01:21.0" lastUpdatedTxStamp="2012-08-21 14:01:21.0" createdStamp="2012-08-20 15:01:45.0" createdTxStamp="2012-08-20 15:01:45.0"/>
    <WorkshopWarehousingEntry id="0962df41-82f8-45e4-9692-6f5a3aef1885" parentId="3caf850b-a2f1-44da-92f9-f143a029eedd" warehouseWarehouseId="c3db8103-e5d1-495e-9d3a-8cbe87b51662" bomId="98893c55-780e-41a8-bd9e-1270e051a599" materialMaterialModel="" volume="430.000000" unitUnitId="36927a08-ba89-438b-bb0d-3013c64a0341" price="20.881350" entrysum="8978.980500" sort="4" lastUpdatedStamp="2012-08-10 14:05:41.0" lastUpdatedTxStamp="2012-08-10 14:05:41.0" createdStamp="2012-08-10 14:05:41.0" createdTxStamp="2012-08-10 14:05:41.0"/>
    <WorkshopWarehousingEntry id="0b623860-a827-4ff2-98b3-389dae39d4a7" parentId="439c3cfd-fd0d-44a8-bda5-85ff6147d6db" warehouseWarehouseId="6bcf5cbe-a816-4aac-91cd-45a1b1bdcb75" bomId="18b9caa2-8c28-4988-8581-b639d3bdac34" materialMaterialModel="" volume="21134.000000" unitUnitId="36927a08-ba89-438b-bb0d-3013c64a0341" price="2.216603" entrysum="46845.696256" sort="1" lastUpdatedStamp="2012-08-09 15:42:09.0" lastUpdatedTxStamp="2012-08-09 15:42:09.0" createdStamp="2012-08-09 15:31:10.0" createdTxStamp="2012-08-09 15:31:10.0"/>
    <WorkshopWarehousingEntry id="0cd437e2-a116-45f1-8478-395f1f1ea09e" parentId="92d687d3-3263-4cd4-8038-4961abdd5315" warehouseWarehouseId="59a924e6-212b-47e4-8ba4-238b9ab0cdb5" bomId="d5843690-ea12-4c9a-b8d1-41c48d88bc82" materialMaterialModel="" volume="10608.000000" unitUnitId="3632a300-6fc2-4894-a077-64fb441df7fd" price="0.000000" entrysum="0.000000" sort="1" lastUpdatedStamp="2012-08-20 15:27:42.0" lastUpdatedTxStamp="2012-08-20 15:27:42.0" createdStamp="2012-08-20 15:27:42.0" createdTxStamp="2012-08-20 15:27:42.0"/>
    <WorkshopWarehousingEntry id="0ce1e906-b50b-4f85-92c5-e1736413f8f7" parentId="c9022ac7-9ac1-4fb6-bcce-0d1743c75ab7" warehouseWarehouseId="59a924e6-212b-47e4-8ba4-238b9ab0cdb5" bomId="e0e98255-88ee-4ca5-b055-ec1216536f44" materialMaterialModel="" volume="600.000000" unitUnitId="" price="0.000000" entrysum="0.000000" sort="1" lastUpdatedStamp="2012-08-20 15:01:14.0" lastUpdatedTxStamp="2012-08-20 15:01:14.0" createdStamp="2012-08-20 15:01:14.0" createdTxStamp="2012-08-20 15:01:14.0"/>
    <WorkshopWarehousingEntry id="0ce274aa-bf6f-4ec6-86d6-36a4818701a3" parentId="a5f2971f-6533-4905-93f4-bf39d5aa02c9" warehouseWarehouseId="59a924e6-212b-47e4-8ba4-238b9ab0cdb5" bomId="adcae8ed-a678-4c93-a0b8-e4e3560fa0fa" materialMaterialModel="" volume="1035.000000" unitUnitId="3632a300-6fc2-4894-a077-64fb441df7fd" price="0.000000" entrysum="0.000000" sort="1" lastUpdatedStamp="2012-08-20 15:35:14.0" lastUpdatedTxStamp="2012-08-20 15:35:14.0" createdStamp="2012-08-20 15:35:14.0" createdTxStamp="2012-08-20 15:35:14.0"/>
    <WorkshopWarehousingEntry id="0e2d2f80-c980-4063-9ae2-484750f53f3c" parentId="2b346ceb-e2fb-40b0-aa36-50a0afcaf941" warehouseWarehouseId="c3db8103-e5d1-495e-9d3a-8cbe87b51662" bomId="204881df-c234-4f2c-a5c4-58b29aab809c" materialMaterialModel="" volume="1948.000000" unitUnitId="36927a08-ba89-438b-bb0d-3013c64a0341" price="8.987800" entrysum="17508.234400" sort="8" lastUpdatedStamp="2012-08-10 14:17:43.0" lastUpdatedTxStamp="2012-08-10 14:17:42.0" createdStamp="2012-08-10 14:17:42.0" createdTxStamp="2012-08-10 14:17:42.0"/>
    <WorkshopWarehousingEntry id="0e86edf4-1f4e-4248-9354-de6d7b3433b5" parentId="08f464c1-73fd-41d6-9e86-d846eeb31cfd" warehouseWarehouseId="c3db8103-e5d1-495e-9d3a-8cbe87b51662" bomId="ba5456ef-c144-4811-a663-4bb27efa6137" materialMaterialModel="" volume="4414.000000" unitUnitId="36927a08-ba89-438b-bb0d-3013c64a0341" price="34.088328" entrysum="150465.881558" sort="5" lastUpdatedStamp="2012-08-10 14:09:49.0" lastUpdatedTxStamp="2012-08-10 14:09:49.0" createdStamp="2012-08-10 14:09:48.0" createdTxStamp="2012-08-10 14:09:48.0"/>
    <WorkshopWarehousingEntry id="0f5e7a2b-7c4f-448c-942f-d11426aa999f" parentId="dfba6779-a69e-460b-acba-ad4682528092" warehouseWarehouseId="c3db8103-e5d1-495e-9d3a-8cbe87b51662" bomId="403073db-e4ea-4742-9c57-c089d97af4a0" materialMaterialModel="" volume="38537.000000" unitUnitId="" price="1.289114" entrysum="49678.578511" sort="3" lastUpdatedStamp="2012-08-10 15:40:47.0" lastUpdatedTxStamp="2012-08-10 15:40:47.0" createdStamp="2012-08-10 15:40:28.0" createdTxStamp="2012-08-10 15:40:28.0"/>
    <WorkshopWarehousingEntry id="10d66948-f2ed-4a67-8bff-b62748c00acc" parentId="165118ff-6d3e-4429-a8f0-a17d88559211" warehouseWarehouseId="59a924e6-212b-47e4-8ba4-238b9ab0cdb5" bomId="70dc3d37-9b70-445b-a64c-949cba1480d1" materialMaterialModel="" volume="4200.000000" unitUnitId="3632a300-6fc2-4894-a077-64fb441df7fd" price="0.000000" entrysum="0.000000" sort="1" lastUpdatedStamp="2012-08-20 14:52:37.0" lastUpdatedTxStamp="2012-08-20 14:52:37.0" createdStamp="2012-08-20 14:52:37.0" createdTxStamp="2012-08-20 14:52:37.0"/>
    <WorkshopWarehousingEntry id="1311eadb-9f6b-404a-97e0-088484d4553b" parentId="ec8b379a-29c7-4b65-b68f-2e6f9e169718" warehouseWarehouseId="59a924e6-212b-47e4-8ba4-238b9ab0cdb5" bomId="d5bfc610-f070-4738-bddf-5b66170245c5" materialMaterialModel="" volume="1104.000000" unitUnitId="3632a300-6fc2-4894-a077-64fb441df7fd" price="0.000000" entrysum="0.000000" sort="1" lastUpdatedStamp="2012-08-20 15:33:02.0" lastUpdatedTxStamp="2012-08-20 15:33:01.0" createdStamp="2012-08-20 15:33:02.0" createdTxStamp="2012-08-20 15:33:01.0"/>
    <WorkshopWarehousingEntry id="15d9c8af-0484-40ca-ba5b-c54893e0577c" parentId="2b346ceb-e2fb-40b0-aa36-50a0afcaf941" warehouseWarehouseId="c3db8103-e5d1-495e-9d3a-8cbe87b51662" bomId="4b45091e-c428-46b2-b433-f4ad2f2c3e24" materialMaterialModel="" volume="855.000000" unitUnitId="36927a08-ba89-438b-bb0d-3013c64a0341" price="38.116536" entrysum="32589.638537" sort="2" lastUpdatedStamp="2012-08-10 14:17:43.0" lastUpdatedTxStamp="2012-08-10 14:17:42.0" createdStamp="2012-08-10 14:17:42.0" createdTxStamp="2012-08-10 14:17:42.0"/>
    <WorkshopWarehousingEntry id="16df4b6c-ebef-4877-a234-8e4d0b471e3c" parentId="2b346ceb-e2fb-40b0-aa36-50a0afcaf941" warehouseWarehouseId="c3db8103-e5d1-495e-9d3a-8cbe87b51662" bomId="8c0840a9-b7eb-4c3b-914f-b42a3a5e5b1f" materialMaterialModel="" volume="1903.000000" unitUnitId="36927a08-ba89-438b-bb0d-3013c64a0341" price="5.899286" entrysum="11226.342019" sort="5" lastUpdatedStamp="2012-08-10 14:17:43.0" lastUpdatedTxStamp="2012-08-10 14:17:42.0" createdStamp="2012-08-10 14:17:42.0" createdTxStamp="2012-08-10 14:17:42.0"/>
    <WorkshopWarehousingEntry id="17527266-8cfa-4c27-8af5-10443eeee10f" parentId="439c3cfd-fd0d-44a8-bda5-85ff6147d6db" warehouseWarehouseId="6bcf5cbe-a816-4aac-91cd-45a1b1bdcb75" bomId="f663ad89-e51b-4f48-b70f-9bbe5f799789" materialMaterialModel="" volume="3898.000000" unitUnitId="" price="3.246770" entrysum="12655.909460" sort="2" lastUpdatedStamp="2012-08-09 15:42:09.0" lastUpdatedTxStamp="2012-08-09 15:42:09.0" createdStamp="2012-08-09 15:42:09.0" createdTxStamp="2012-08-09 15:42:09.0"/>
    <WorkshopWarehousingEntry id="18a0a512-41d4-43a2-8141-88ab8c4d84ae" parentId="91da65b1-8145-4239-9702-f10cc57db4cd" warehouseWarehouseId="c3db8103-e5d1-495e-9d3a-8cbe87b51662" bomId="f07aa3b0-86b7-4d32-b39e-a3d90890d5e3" materialMaterialModel="" volume="420153.000000" unitUnitId="" price="5.019050" entrysum="2108768.914650" sort="4" lastUpdatedStamp="2012-08-09 16:59:25.0" lastUpdatedTxStamp="2012-08-09 16:59:25.0" createdStamp="2012-08-09 16:42:29.0" createdTxStamp="2012-08-09 16:42:29.0"/>
    <WorkshopWarehousingEntry id="1b4ffe70-f8ee-447d-acee-154217f76a11" parentId="f2286b4c-9a4d-46ba-bed1-11b9b872e9bb" warehouseWarehouseId="59a924e6-212b-47e4-8ba4-238b9ab0cdb5" bomId="f0374ff1-08a4-4d12-8bfd-f7d8caf336c7" materialMaterialModel="" volume="2670.000000" unitUnitId="" price="0.000000" entrysum="0.000000" sort="1" lastUpdatedStamp="2012-08-20 15:09:35.0" lastUpdatedTxStamp="2012-08-20 15:09:35.0" createdStamp="2012-08-20 15:09:35.0" createdTxStamp="2012-08-20 15:09:35.0"/>
    <WorkshopWarehousingEntry id="1d47b6da-5e92-4572-9ce7-e7fa6d3dbb8c" parentId="4b67ba65-c00c-450e-976e-740188d5aeb7" warehouseWarehouseId="c3db8103-e5d1-495e-9d3a-8cbe87b51662" bomId="90502ecd-6397-4958-b3d7-efd74fadc028" materialMaterialModel="" volume="7648.000000" unitUnitId="36927a08-ba89-438b-bb0d-3013c64a0341" price="79.052637" entrysum="604594.567776" sort="6" lastUpdatedStamp="2012-08-10 14:02:36.0" lastUpdatedTxStamp="2012-08-10 14:02:36.0" createdStamp="2012-08-10 14:02:36.0" createdTxStamp="2012-08-10 14:02:36.0"/>
    <WorkshopWarehousingEntry id="1e0a7c03-2b05-43e3-a751-105985c88a4e" parentId="2a477948-b577-4791-81a1-25f07b15478d" warehouseWarehouseId="59a924e6-212b-47e4-8ba4-238b9ab0cdb5" bomId="bbcedfaa-2e87-45b3-8d2c-6ed1db4c162b" materialMaterialModel="" volume="680.000000" unitUnitId="" price="0.000000" entrysum="0.000000" sort="1" lastUpdatedStamp="2012-08-20 15:11:28.0" lastUpdatedTxStamp="2012-08-20 15:11:28.0" createdStamp="2012-08-20 15:11:28.0" createdTxStamp="2012-08-20 15:11:28.0"/>
    <WorkshopWarehousingEntry id="203aad47-93b1-4ff4-9684-acefd63e34db" parentId="2b346ceb-e2fb-40b0-aa36-50a0afcaf941" warehouseWarehouseId="c3db8103-e5d1-495e-9d3a-8cbe87b51662" bomId="e7d9803d-dcb5-4969-a63f-02fb55af2047" materialMaterialModel="" volume="680.000000" unitUnitId="36927a08-ba89-438b-bb0d-3013c64a0341" price="17.739700" entrysum="12062.996000" sort="1" lastUpdatedStamp="2012-08-10 14:17:43.0" lastUpdatedTxStamp="2012-08-10 14:17:42.0" createdStamp="2012-08-10 14:17:42.0" createdTxStamp="2012-08-10 14:17:42.0"/>
    <WorkshopWarehousingEntry id="20cbccee-7f0a-4252-b7db-aa6e9cc4e2cd" parentId="08f464c1-73fd-41d6-9e86-d846eeb31cfd" warehouseWarehouseId="c3db8103-e5d1-495e-9d3a-8cbe87b51662" bomId="053e1db0-0985-4b50-bc74-cc42ab3eb48a" materialMaterialModel="" volume="6859.000000" unitUnitId="36927a08-ba89-438b-bb0d-3013c64a0341" price="12.305600" entrysum="84404.110400" sort="4" lastUpdatedStamp="2012-08-10 14:09:49.0" lastUpdatedTxStamp="2012-08-10 14:09:49.0" createdStamp="2012-08-10 14:09:48.0" createdTxStamp="2012-08-10 14:09:48.0"/>
    <WorkshopWarehousingEntry id="21762b81-89bc-4db5-992e-088cfad7ee65" parentId="dfba6779-a69e-460b-acba-ad4682528092" warehouseWarehouseId="c3db8103-e5d1-495e-9d3a-8cbe87b51662" bomId="c787d76e-5708-46e3-8106-3dbd0cddb2eb" materialMaterialModel="" volume="29445.000000" unitUnitId="" price="3.205063" entrysum="94373.065313" sort="1" lastUpdatedStamp="2012-08-10 15:40:47.0" lastUpdatedTxStamp="2012-08-10 15:40:47.0" createdStamp="2012-08-10 15:38:18.0" createdTxStamp="2012-08-10 15:38:18.0"/>
    <WorkshopWarehousingEntry id="22076eb5-d6a9-45dd-80f7-125e1eb5227f" parentId="1e0eaa57-0d5f-4bda-8e38-595bf981d18a" warehouseWarehouseId="c3db8103-e5d1-495e-9d3a-8cbe87b51662" bomId="6de2acf4-ddfd-4cd0-94db-8da25c7d58b2" materialMaterialModel="" volume="21496.000000" unitUnitId="36927a08-ba89-438b-bb0d-3013c64a0341" price="1.133029" entrysum="24355.580636" lastUpdatedStamp="2012-08-21 08:50:37.0" lastUpdatedTxStamp="2012-08-21 08:50:37.0" createdStamp="2012-07-24 20:38:08.0" createdTxStamp="2012-07-24 20:38:08.0"/>
    <WorkshopWarehousingEntry id="245a7147-7e7b-478f-8dbc-cf3284bb5913" parentId="73bea4b5-2bb0-46a3-9fdb-28b562c857c2" warehouseWarehouseId="59a924e6-212b-47e4-8ba4-238b9ab0cdb5" bomId="effa49bf-bc05-4b86-9d73-66d4f3122089" materialMaterialModel="" volume="504.000000" unitUnitId="3632a300-6fc2-4894-a077-64fb441df7fd" price="0.000000" entrysum="0.000000" sort="1" lastUpdatedStamp="2012-08-20 15:31:02.0" lastUpdatedTxStamp="2012-08-20 15:31:02.0" createdStamp="2012-08-20 15:31:02.0" createdTxStamp="2012-08-20 15:31:02.0"/>
    <WorkshopWarehousingEntry id="25e92cac-b841-4988-88d8-da4b8b17b56f" parentId="c7f96beb-2674-4ca9-a5a3-f75d49cca37e" warehouseWarehouseId="c3db8103-e5d1-495e-9d3a-8cbe87b51662" bomId="8577072e-089f-4cf1-8531-cc04beb30b6f" materialMaterialModel="" volume="763.000000" unitUnitId="36927a08-ba89-438b-bb0d-3013c64a0341" price="11.661400" entrysum="8897.648200" sort="5" lastUpdatedStamp="2012-08-10 14:58:54.0" lastUpdatedTxStamp="2012-08-10 14:58:54.0" createdStamp="2012-08-10 14:57:40.0" createdTxStamp="2012-08-10 14:57:40.0"/>
    <WorkshopWarehousingEntry id="267b87ab-eec5-4aac-975c-2798b86bbb1a" parentId="91da65b1-8145-4239-9702-f10cc57db4cd" warehouseWarehouseId="c3db8103-e5d1-495e-9d3a-8cbe87b51662" bomId="c143dff3-6877-4b9d-aded-0d2a56afd4cf" materialMaterialModel="" volume="15268.000000" unitUnitId="" price="9.256568" entrysum="141329.278697" sort="2" lastUpdatedStamp="2012-08-09 16:59:25.0" lastUpdatedTxStamp="2012-08-09 16:59:25.0" createdStamp="2012-08-09 16:42:29.0" createdTxStamp="2012-08-09 16:42:29.0"/>
    <WorkshopWarehousingEntry id="2684f954-6ed6-4a04-aa83-ee185a980b43" parentId="4fb9a4c1-ce62-4d63-b450-f5f8b445775a" warehouseWarehouseId="59a924e6-212b-47e4-8ba4-238b9ab0cdb5" bomId="641dceeb-4d35-4e74-b240-2265a8812241" materialMaterialModel="" volume="1204.000000" unitUnitId="" price="0.000000" entrysum="0.000000" sort="1" lastUpdatedStamp="2012-08-20 15:14:03.0" lastUpdatedTxStamp="2012-08-20 15:14:03.0" createdStamp="2012-08-20 15:14:03.0" createdTxStamp="2012-08-20 15:14:03.0"/>
    <WorkshopWarehousingEntry id="2689ac39-2335-4ca6-8914-db4445220170" parentId="91da65b1-8145-4239-9702-f10cc57db4cd" warehouseWarehouseId="c3db8103-e5d1-495e-9d3a-8cbe87b51662" bomId="15ea2db2-e4bb-4426-80b0-f4ee3e6e0e37" materialMaterialModel="" volume="20000.000000" unitUnitId="" price="20.362709" entrysum="407254.176000" sort="11" lastUpdatedStamp="2012-08-09 16:59:25.0" lastUpdatedTxStamp="2012-08-09 16:59:25.0" createdStamp="2012-08-09 16:59:06.0" createdTxStamp="2012-08-09 16:59:06.0"/>
    <WorkshopWarehousingEntry id="28e50666-56c7-4efc-b67a-bf7177709fbc" parentId="bffb5f7d-462f-499a-b4fb-d532f7d3f788" warehouseWarehouseId="59a924e6-212b-47e4-8ba4-238b9ab0cdb5" bomId="e070887d-0860-4a0e-9994-e67da7edf320" materialMaterialModel="" volume="5948.000000" unitUnitId="" price="0.000000" entrysum="0.000000" sort="1" lastUpdatedStamp="2012-08-20 15:04:25.0" lastUpdatedTxStamp="2012-08-20 15:04:25.0" createdStamp="2012-08-20 15:04:25.0" createdTxStamp="2012-08-20 15:04:25.0"/>
    <WorkshopWarehousingEntry id="296e0553-34b5-46a7-826c-aab12071122c" parentId="323943dc-2d94-4074-8608-d857f16f20b1" warehouseWarehouseId="c3db8103-e5d1-495e-9d3a-8cbe87b51662" bomId="3aaad169-a420-401d-87e7-acdbf0320526" materialMaterialModel="" volume="59012.000000" unitUnitId="" price="1.027404" entrysum="60629.164848" sort="3" lastUpdatedStamp="2012-08-10 15:22:28.0" lastUpdatedTxStamp="2012-08-10 15:22:28.0" createdStamp="2012-08-09 14:49:30.0" createdTxStamp="2012-08-09 14:49:30.0"/>
    <WorkshopWarehousingEntry id="29fe1961-c594-4fa2-95c7-e3d756d8ba96" parentId="2d57cef1-3f03-4649-a8ce-8d7b579cb636" warehouseWarehouseId="c3db8103-e5d1-495e-9d3a-8cbe87b51662" bomId="2368e533-6cc1-4737-a23b-19c7ced26fb1" materialMaterialModel="" volume="2858.000000" unitUnitId="" price="88.897980" entrysum="254070.426268" sort="3" lastUpdatedStamp="2012-08-10 15:09:40.0" lastUpdatedTxStamp="2012-08-10 15:09:40.0" createdStamp="2012-08-10 15:09:40.0" createdTxStamp="2012-08-10 15:09:40.0"/>
    <WorkshopWarehousingEntry id="2ac6d969-3a1f-4fe1-8cd0-49d9d15ebdfc" parentId="1e0eaa57-0d5f-4bda-8e38-595bf981d18a" warehouseWarehouseId="c3db8103-e5d1-495e-9d3a-8cbe87b51662" bomId="6dce8c31-6bc1-4992-ae26-e4bbfd0dacdd" materialMaterialModel="" volume="10000.000000" unitUnitId="36927a08-ba89-438b-bb0d-3013c64a0341" price="-19.678604" entrysum="-196786.044000" lastUpdatedStamp="2012-08-21 08:50:37.0" lastUpdatedTxStamp="2012-08-21 08:50:37.0" createdStamp="2012-07-24 20:38:08.0" createdTxStamp="2012-07-24 20:38:08.0"/>
    <WorkshopWarehousingEntry id="2b756686-ebfe-4975-ae5f-966a298bede4" parentId="624873cb-70b9-4b73-8bd3-e162a7abe116" warehouseWarehouseId="59a924e6-212b-47e4-8ba4-238b9ab0cdb5" bomId="e54ec1b9-0ce4-4b33-8598-c1b5eda159c4" materialMaterialModel="" volume="1120.000000" unitUnitId="3632a300-6fc2-4894-a077-64fb441df7fd" price="0.000000" entrysum="0.000000" sort="1" lastUpdatedStamp="2012-08-20 15:07:48.0" lastUpdatedTxStamp="2012-08-20 15:07:48.0" createdStamp="2012-08-20 15:07:48.0" createdTxStamp="2012-08-20 15:07:48.0"/>
    <WorkshopWarehousingEntry id="2d025f7e-5787-438b-8dad-dcbb3150bdc4" parentId="323943dc-2d94-4074-8608-d857f16f20b1" warehouseWarehouseId="c3db8103-e5d1-495e-9d3a-8cbe87b51662" bomId="3fa5f251-b833-41ea-8591-1ee06ffb9efc" materialMaterialModel="" volume="112850.000000" unitUnitId="" price="1.130688" entrysum="127598.140800" sort="2" lastUpdatedStamp="2012-08-10 15:22:28.0" lastUpdatedTxStamp="2012-08-10 15:22:28.0" createdStamp="2012-08-09 14:49:30.0" createdTxStamp="2012-08-09 14:49:30.0"/>
    <WorkshopWarehousingEntry id="2d0de570-3373-4290-9c2f-26e1e6b4d902" parentId="91da65b1-8145-4239-9702-f10cc57db4cd" warehouseWarehouseId="c3db8103-e5d1-495e-9d3a-8cbe87b51662" bomId="c041541f-3fe3-469f-8953-f46657e7758d" materialMaterialModel="" volume="22132.000000" unitUnitId="" price="19.002000" entrysum="420552.264000" sort="10" lastUpdatedStamp="2012-08-09 16:59:26.0" lastUpdatedTxStamp="2012-08-09 16:59:25.0" createdStamp="2012-08-09 16:59:06.0" createdTxStamp="2012-08-09 16:59:06.0"/>
    <WorkshopWarehousingEntry id="2d15c862-783f-468f-8628-3888a23d7308" parentId="91da65b1-8145-4239-9702-f10cc57db4cd" warehouseWarehouseId="c3db8103-e5d1-495e-9d3a-8cbe87b51662" bomId="c9412287-d152-48f2-bab0-c15006d907d8" materialMaterialModel="" volume="313019.000000" unitUnitId="" price="1.030720" entrysum="322634.943680" sort="5" lastUpdatedStamp="2012-08-09 16:59:26.0" lastUpdatedTxStamp="2012-08-09 16:59:25.0" createdStamp="2012-08-09 16:43:58.0" createdTxStamp="2012-08-09 16:43:58.0"/>
    <WorkshopWarehousingEntry id="2e77beab-06bd-4190-afb0-e9d395ac412a" parentId="323943dc-2d94-4074-8608-d857f16f20b1" warehouseWarehouseId="c3db8103-e5d1-495e-9d3a-8cbe87b51662" bomId="67790cb4-33b5-47a7-9f3c-c8259da5afd4" materialMaterialModel="" volume="39232.000000" unitUnitId="" price="0.669854" entrysum="26279.696435" sort="4" lastUpdatedStamp="2012-08-10 15:22:28.0" lastUpdatedTxStamp="2012-08-10 15:22:28.0" createdStamp="2012-08-09 14:49:30.0" createdTxStamp="2012-08-09 14:49:30.0"/>
    <WorkshopWarehousingEntry id="304061ba-91c9-4729-9e20-273edbba9b63" parentId="34ffebc9-41f5-4123-b587-f5eee82cc36a" warehouseWarehouseId="59a924e6-212b-47e4-8ba4-238b9ab0cdb5" bomId="62ee43dc-253f-41bb-8c0d-8455c6abd3f7" materialMaterialModel="" volume="24024.000000" unitUnitId="" price="0.000000" entrysum="0.000000" sort="1" lastUpdatedStamp="2012-08-20 15:13:37.0" lastUpdatedTxStamp="2012-08-20 15:13:36.0" createdStamp="2012-08-20 15:13:37.0" createdTxStamp="2012-08-20 15:13:36.0"/>
    <WorkshopWarehousingEntry id="309bfeb9-8124-45d7-80eb-1b2ca46e3a30" parentId="08f464c1-73fd-41d6-9e86-d846eeb31cfd" warehouseWarehouseId="c3db8103-e5d1-495e-9d3a-8cbe87b51662" bomId="58410542-6bb9-45b0-a0a0-68c945009c04" materialMaterialModel="" volume="8824.000000" unitUnitId="36927a08-ba89-438b-bb0d-3013c64a0341" price="34.618148" entrysum="305470.534422" sort="3" lastUpdatedStamp="2012-08-10 14:09:49.0" lastUpdatedTxStamp="2012-08-10 14:09:49.0" createdStamp="2012-08-10 14:09:48.0" createdTxStamp="2012-08-10 14:09:48.0"/>
    <WorkshopWarehousingEntry id="30c56f81-45d9-453e-bc0b-ac6571fc12ba" parentId="6e50762d-14e3-4cc8-b071-a3e62468c5a9" warehouseWarehouseId="c3db8103-e5d1-495e-9d3a-8cbe87b51662" bomId="c7d89c28-c8d8-41f3-b25f-49a2e2650b87" materialMaterialModel="" volume="239255.000000" unitUnitId="" price="1.533219" entrysum="366830.407547" sort="1" lastUpdatedStamp="2012-08-10 15:43:39.0" lastUpdatedTxStamp="2012-08-10 15:43:39.0" createdStamp="2012-08-10 15:43:39.0" createdTxStamp="2012-08-10 15:43:39.0"/>
    <WorkshopWarehousingEntry id="31219a4e-92e6-4eb6-aef2-8b84f32011e5" parentId="2d57cef1-3f03-4649-a8ce-8d7b579cb636" warehouseWarehouseId="c3db8103-e5d1-495e-9d3a-8cbe87b51662" bomId="447db6d6-d1fa-47ee-8bba-f4c5f1e728c5" materialMaterialModel="" volume="9087.000000" unitUnitId="" price="0.965414" entrysum="8772.714746" sort="7" lastUpdatedStamp="2012-08-10 15:09:40.0" lastUpdatedTxStamp="2012-08-10 15:09:40.0" createdStamp="2012-08-10 15:09:40.0" createdTxStamp="2012-08-10 15:09:40.0"/>
    <WorkshopWarehousingEntry id="33109a56-4dc1-4209-93a2-a3b5d9ef3847" parentId="5e9add13-52c4-43f4-8694-c9e13788eda8" warehouseWarehouseId="59a924e6-212b-47e4-8ba4-238b9ab0cdb5" bomId="9f0873b2-a91a-47e5-9e05-046a231048ae" materialMaterialModel="" volume="2688.000000" unitUnitId="3632a300-6fc2-4894-a077-64fb441df7fd" price="0.000000" entrysum="0.000000" sort="1" lastUpdatedStamp="2012-08-20 15:28:59.0" lastUpdatedTxStamp="2012-08-20 15:28:59.0" createdStamp="2012-08-20 15:28:59.0" createdTxStamp="2012-08-20 15:28:59.0"/>
    <WorkshopWarehousingEntry id="333963d9-4631-4ec6-844b-b244787835c2" parentId="08f464c1-73fd-41d6-9e86-d846eeb31cfd" warehouseWarehouseId="c3db8103-e5d1-495e-9d3a-8cbe87b51662" bomId="fa4cd735-3413-4a61-8295-e3f9b30dd1e2" materialMaterialModel="" volume="500.000000" unitUnitId="36927a08-ba89-438b-bb0d-3013c64a0341" price="1.045400" entrysum="522.700000" sort="6" lastUpdatedStamp="2012-08-10 14:09:49.0" lastUpdatedTxStamp="2012-08-10 14:09:49.0" createdStamp="2012-08-10 14:09:48.0" createdTxStamp="2012-08-10 14:09:48.0"/>
    <WorkshopWarehousingEntry id="3a822baa-e8bf-4e65-968b-16ad043844f0" parentId="bc073e54-075e-4212-808b-80d3a698fd26" warehouseWarehouseId="59a924e6-212b-47e4-8ba4-238b9ab0cdb5" bomId="fb7fc6e7-a8f2-4f90-ab6e-679bf45c723b" materialMaterialModel="" volume="6480.000000" unitUnitId="3632a300-6fc2-4894-a077-64fb441df7fd" price="0.000000" entrysum="0.000000" sort="1" lastUpdatedStamp="2012-08-20 15:02:37.0" lastUpdatedTxStamp="2012-08-20 15:02:37.0" createdStamp="2012-08-20 15:02:37.0" createdTxStamp="2012-08-20 15:02:37.0"/>
    <WorkshopWarehousingEntry id="3be39c3e-21a8-4d80-82e4-734727f64682" parentId="91da65b1-8145-4239-9702-f10cc57db4cd" warehouseWarehouseId="c3db8103-e5d1-495e-9d3a-8cbe87b51662" bomId="68c73297-d6ce-485c-855e-d23aa8e7b536" materialMaterialModel="" volume="31487.000000" unitUnitId="" price="0.632520" entrysum="19916.157240" sort="3" lastUpdatedStamp="2012-08-09 16:59:26.0" lastUpdatedTxStamp="2012-08-09 16:59:25.0" createdStamp="2012-08-09 16:42:29.0" createdTxStamp="2012-08-09 16:42:29.0"/>
    <WorkshopWarehousingEntry id="3becb82e-5763-4afc-8f7e-8f4031d02198" parentId="439c3cfd-fd0d-44a8-bda5-85ff6147d6db" warehouseWarehouseId="6bcf5cbe-a816-4aac-91cd-45a1b1bdcb75" bomId="aedf103e-d5f5-4ac1-9b34-e56fb9795243" materialMaterialModel="" volume="5080.000000" unitUnitId="" price="0.665922" entrysum="3382.883760" sort="3" lastUpdatedStamp="2012-08-09 15:42:09.0" lastUpdatedTxStamp="2012-08-09 15:42:09.0" createdStamp="2012-08-09 15:42:09.0" createdTxStamp="2012-08-09 15:42:09.0"/>
    <WorkshopWarehousingEntry id="3c0fd6f8-407f-4fad-a556-79e811edd027" parentId="04cb7491-b811-43b2-908d-a8df5e939a14" warehouseWarehouseId="59a924e6-212b-47e4-8ba4-238b9ab0cdb5" bomId="2fed4dfe-f2b6-498b-b04a-b2cf8c3587d6" materialMaterialModel="" volume="13952.000000" unitUnitId="3632a300-6fc2-4894-a077-64fb441df7fd" price="34.467304" entrysum="480887.819042" sort="1" lastUpdatedStamp="2012-08-20 15:26:21.0" lastUpdatedTxStamp="2012-08-20 15:26:20.0" createdStamp="2012-08-06 11:48:39.0" createdTxStamp="2012-08-06 11:48:39.0"/>
    <WorkshopWarehousingEntry id="3e61fe61-0584-4d49-9318-f629ec0d54e6" parentId="91da65b1-8145-4239-9702-f10cc57db4cd" warehouseWarehouseId="c3db8103-e5d1-495e-9d3a-8cbe87b51662" bomId="47708e65-3a39-47c8-beb5-d6018bc3fffd" materialMaterialModel="" volume="4534.000000" unitUnitId="" price="19.486757" entrysum="88352.955331" sort="8" lastUpdatedStamp="2012-08-09 16:59:26.0" lastUpdatedTxStamp="2012-08-09 16:59:25.0" createdStamp="2012-08-09 16:57:49.0" createdTxStamp="2012-08-09 16:57:49.0"/>
    <WorkshopWarehousingEntry id="40cee590-6ad6-4c9c-88f4-ab9ad389a82d" parentId="958dc863-7990-4347-99fe-0325e21e07c7" warehouseWarehouseId="ec28df2b-7e42-4f2a-bbf4-b0f4ee5f9731" bomId="5b57d6cd-8247-45f5-bb97-55b9584c80d5" materialMaterialModel="" volume="37320.000000" unitUnitId="" price="0.000000" entrysum="0.000000" sort="1" lastUpdatedStamp="2012-08-20 15:05:03.0" lastUpdatedTxStamp="2012-08-20 15:05:03.0" createdStamp="2012-08-20 15:05:03.0" createdTxStamp="2012-08-20 15:05:03.0"/>
    <WorkshopWarehousingEntry id="41300fc5-8c6c-4901-8ba3-08c378c80108" parentId="2b346ceb-e2fb-40b0-aa36-50a0afcaf941" warehouseWarehouseId="c3db8103-e5d1-495e-9d3a-8cbe87b51662" bomId="db856763-3201-472f-b228-a5cb0329917c" materialMaterialModel="" volume="1584.000000" unitUnitId="36927a08-ba89-438b-bb0d-3013c64a0341" price="38.288400" entrysum="60648.825600" sort="9" lastUpdatedStamp="2012-08-10 14:17:43.0" lastUpdatedTxStamp="2012-08-10 14:17:42.0" createdStamp="2012-08-10 14:17:42.0" createdTxStamp="2012-08-10 14:17:42.0"/>
    <WorkshopWarehousingEntry id="464baedc-c22b-4551-82a3-7103ca2c35d6" parentId="907e1702-6518-4602-9038-d0429b5f855b" warehouseWarehouseId="59a924e6-212b-47e4-8ba4-238b9ab0cdb5" bomId="32ab9403-7e6a-4650-99ff-ed38133be817" materialMaterialModel="" volume="33080.000000" unitUnitId="" price="0.000000" entrysum="0.000000" sort="1" lastUpdatedStamp="2012-08-20 15:05:26.0" lastUpdatedTxStamp="2012-08-20 15:05:26.0" createdStamp="2012-08-20 15:05:26.0" createdTxStamp="2012-08-20 15:05:26.0"/>
    <WorkshopWarehousingEntry id="49aa51da-a986-4da8-9278-e7e99dc082b6" parentId="b36060da-e379-453b-97fb-42600b3864bd" warehouseWarehouseId="c3db8103-e5d1-495e-9d3a-8cbe87b51662" bomId="acadf475-ac0c-477f-9aee-6c45e71d8382" materialMaterialModel="" volume="22684.000000" unitUnitId="36927a08-ba89-438b-bb0d-3013c64a0341" price="2.012472" entrysum="45650.914848" sort="2" lastUpdatedStamp="2012-08-10 15:22:34.0" lastUpdatedTxStamp="2012-08-10 15:22:34.0" createdStamp="2012-08-09 14:32:44.0" createdTxStamp="2012-08-09 14:32:44.0"/>
    <WorkshopWarehousingEntry id="4acd4ff5-603e-4f87-86b4-54b9e2bf90ff" parentId="91da65b1-8145-4239-9702-f10cc57db4cd" warehouseWarehouseId="c3db8103-e5d1-495e-9d3a-8cbe87b51662" bomId="200e26c4-e5a7-4dd0-aa30-68797e332ebc" materialMaterialModel="" volume="16536.000000" unitUnitId="" price="30.676600" entrysum="507268.257600" sort="1" lastUpdatedStamp="2012-08-09 16:59:26.0" lastUpdatedTxStamp="2012-08-09 16:59:25.0" createdStamp="2012-08-09 16:42:29.0" createdTxStamp="2012-08-09 16:42:29.0"/>
    <WorkshopWarehousingEntry id="4bc0c0c7-ea17-46a6-bb42-790bad5d4eec" parentId="2d57cef1-3f03-4649-a8ce-8d7b579cb636" warehouseWarehouseId="c3db8103-e5d1-495e-9d3a-8cbe87b51662" bomId="acf1f493-7fa6-422c-8a3f-5f656b32b87f" materialMaterialModel="" volume="9171.000000" unitUnitId="" price="3.898220" entrysum="35750.571035" sort="8" lastUpdatedStamp="2012-08-10 15:09:40.0" lastUpdatedTxStamp="2012-08-10 15:09:40.0" createdStamp="2012-08-10 15:09:40.0" createdTxStamp="2012-08-10 15:09:40.0"/>
    <WorkshopWarehousingEntry id="4bea85c3-7f71-496b-b6b0-e197239bcd9b" parentId="e247defd-3f46-49d8-8223-45325615d14e" warehouseWarehouseId="59a924e6-212b-47e4-8ba4-238b9ab0cdb5" bomId="967f9afd-2d92-41f8-a156-8390fdc1251a" materialMaterialModel="" volume="600.000000" unitUnitId="3632a300-6fc2-4894-a077-64fb441df7fd" price="0.000000" entrysum="0.000000" sort="1" lastUpdatedStamp="2012-08-20 15:06:57.0" lastUpdatedTxStamp="2012-08-20 15:06:57.0" createdStamp="2012-08-20 15:06:57.0" createdTxStamp="2012-08-20 15:06:57.0"/>
    <WorkshopWarehousingEntry id="4d5cb5ce-1e53-4e0e-aa46-3e196c86f7ea" parentId="08f464c1-73fd-41d6-9e86-d846eeb31cfd" warehouseWarehouseId="c3db8103-e5d1-495e-9d3a-8cbe87b51662" bomId="bbb29b04-087c-472f-b059-92d1343d7fa6" materialMaterialModel="" volume="69943.000000" unitUnitId="36927a08-ba89-438b-bb0d-3013c64a0341" price="12.896800" entrysum="902040.882400" sort="2" lastUpdatedStamp="2012-08-10 14:09:49.0" lastUpdatedTxStamp="2012-08-10 14:09:49.0" createdStamp="2012-08-10 14:09:48.0" createdTxStamp="2012-08-10 14:09:48.0"/>
    <WorkshopWarehousingEntry id="4d7d9fa8-2717-4a3c-9965-00422479f69d" parentId="dfba6779-a69e-460b-acba-ad4682528092" warehouseWarehouseId="c3db8103-e5d1-495e-9d3a-8cbe87b51662" bomId="b4e738af-b62c-4296-a94e-6e370a6e1153" materialMaterialModel="" volume="34951.000000" unitUnitId="" price="4.788173" entrysum="167351.434523" sort="6" lastUpdatedStamp="2012-08-10 15:40:47.0" lastUpdatedTxStamp="2012-08-10 15:40:47.0" createdStamp="2012-08-10 15:40:28.0" createdTxStamp="2012-08-10 15:40:28.0"/>
    <WorkshopWarehousingEntry id="4e420f09-fecc-4790-8bce-e8f7aae57b20" parentId="4c258eb7-fc6b-4a0b-89e1-67d421c5f847" warehouseWarehouseId="59a924e6-212b-47e4-8ba4-238b9ab0cdb5" bomId="c593c679-d7b0-4316-9111-47ca459b025d" materialMaterialModel="" volume="4500.000000" unitUnitId="" price="0.000000" entrysum="0.000000" sort="1" lastUpdatedStamp="2012-08-20 15:00:43.0" lastUpdatedTxStamp="2012-08-20 15:00:43.0" createdStamp="2012-08-20 15:00:43.0" createdTxStamp="2012-08-20 15:00:43.0"/>
    <WorkshopWarehousingEntry id="4e8ac4d6-ac90-42ff-9efb-9db537881732" parentId="f51addfc-0a7f-4b63-8775-c6f0295f2bbe" warehouseWarehouseId="59a924e6-212b-47e4-8ba4-238b9ab0cdb5" bomId="adcae8ed-a678-4c93-a0b8-e4e3560fa0fa" materialMaterialModel="" volume="30.000000" unitUnitId="3632a300-6fc2-4894-a077-64fb441df7fd" price="0.000000" entrysum="0.000000" sort="1" lastUpdatedStamp="2012-08-20 15:35:42.0" lastUpdatedTxStamp="2012-08-20 15:35:42.0" createdStamp="2012-08-20 15:34:49.0" createdTxStamp="2012-08-20 15:34:49.0"/>
    <WorkshopWarehousingEntry id="4f028480-5ecc-461b-a8b0-aacc8233e8f4" parentId="79c588b2-7a52-4d41-925d-bf994d068512" warehouseWarehouseId="c3db8103-e5d1-495e-9d3a-8cbe87b51662" bomId="68c73297-d6ce-485c-855e-d23aa8e7b536" materialMaterialModel="" volume="7450.000000" unitUnitId="36927a08-ba89-438b-bb0d-3013c64a0341" price="0.630907" entrysum="4700.258640" lastUpdatedStamp="2012-08-21 08:50:41.0" lastUpdatedTxStamp="2012-08-21 08:50:41.0" createdStamp="2012-07-24 19:27:22.0" createdTxStamp="2012-07-24 19:27:22.0"/>
    <WorkshopWarehousingEntry id="51f4e788-8ee2-41ed-b827-fb02df89762e" parentId="4b67ba65-c00c-450e-976e-740188d5aeb7" warehouseWarehouseId="c3db8103-e5d1-495e-9d3a-8cbe87b51662" bomId="be6fbb12-cde0-41e2-a76a-96ba9fce1ef7" materialMaterialModel="" volume="6677.000000" unitUnitId="36927a08-ba89-438b-bb0d-3013c64a0341" price="3.999358" entrysum="26703.713366" sort="1" lastUpdatedStamp="2012-08-10 14:02:37.0" lastUpdatedTxStamp="2012-08-10 14:02:36.0" createdStamp="2012-08-09 16:10:03.0" createdTxStamp="2012-08-09 16:10:03.0"/>
    <WorkshopWarehousingEntry id="53022b19-c10a-43e1-9857-67cb0e1653c8" parentId="e296d6dc-fc66-4e38-b69e-517345c3516b" warehouseWarehouseId="59a924e6-212b-47e4-8ba4-238b9ab0cdb5" bomId="a36ee884-34b4-4f60-b787-5a47f7242b76" materialMaterialModel="" volume="210.000000" unitUnitId="3632a300-6fc2-4894-a077-64fb441df7fd" price="0.000000" entrysum="0.000000" sort="1" lastUpdatedStamp="2012-08-20 15:25:04.0" lastUpdatedTxStamp="2012-08-20 15:25:04.0" createdStamp="2012-08-20 15:25:04.0" createdTxStamp="2012-08-20 15:25:04.0"/>
    <WorkshopWarehousingEntry id="55ac7996-306e-4a88-b149-147b114b1cb7" parentId="b05aeef5-0b96-40fe-8355-f65dfad6de73" warehouseWarehouseId="c3db8103-e5d1-495e-9d3a-8cbe87b51662" bomId="1c296715-4972-431b-8dd2-3655d12c9b33" materialMaterialModel="" volume="30459.000000" unitUnitId="" price="0.867342" entrysum="26418.379725" sort="3" lastUpdatedStamp="2012-08-10 15:02:57.0" lastUpdatedTxStamp="2012-08-10 15:02:57.0" createdStamp="2012-08-10 15:02:57.0" createdTxStamp="2012-08-10 15:02:57.0"/>
    <WorkshopWarehousingEntry id="56897909-2824-4f27-b106-645b93b79940" parentId="3caf850b-a2f1-44da-92f9-f143a029eedd" warehouseWarehouseId="c3db8103-e5d1-495e-9d3a-8cbe87b51662" bomId="b1391ce5-26de-4100-9ac1-93a4a916d5cb" materialMaterialModel="" volume="718.000000" unitUnitId="36927a08-ba89-438b-bb0d-3013c64a0341" price="14.069106" entrysum="10101.617749" sort="6" lastUpdatedStamp="2012-08-10 14:05:42.0" lastUpdatedTxStamp="2012-08-10 14:05:41.0" createdStamp="2012-08-10 14:05:41.0" createdTxStamp="2012-08-10 14:05:41.0"/>
    <WorkshopWarehousingEntry id="5ac36667-e503-4983-80a4-ffd9ec630f61" parentId="2d57cef1-3f03-4649-a8ce-8d7b579cb636" warehouseWarehouseId="c3db8103-e5d1-495e-9d3a-8cbe87b51662" bomId="4c3b9a24-cec6-467a-95c6-9ffa3254de24" materialMaterialModel="" volume="38.000000" unitUnitId="" price="53.066200" entrysum="2016.515600" sort="2" lastUpdatedStamp="2012-08-10 15:09:40.0" lastUpdatedTxStamp="2012-08-10 15:09:40.0" createdStamp="2012-08-10 15:09:40.0" createdTxStamp="2012-08-10 15:09:40.0"/>
    <WorkshopWarehousingEntry id="5b27b563-e736-40ff-bf22-d955d23a527f" parentId="2b346ceb-e2fb-40b0-aa36-50a0afcaf941" warehouseWarehouseId="c3db8103-e5d1-495e-9d3a-8cbe87b51662" bomId="8c81651d-9917-47ce-9704-2705845b9918" materialMaterialModel="" volume="1730.000000" unitUnitId="36927a08-ba89-438b-bb0d-3013c64a0341" price="17.112000" entrysum="29603.760000" sort="4" lastUpdatedStamp="2012-08-10 14:17:43.0" lastUpdatedTxStamp="2012-08-10 14:17:42.0" createdStamp="2012-08-10 14:17:42.0" createdTxStamp="2012-08-10 14:17:42.0"/>
    <WorkshopWarehousingEntry id="5f1c32b1-d215-4cec-b2f9-139f6c7044ba" parentId="5d4e752b-40dc-433c-9814-5567a20c49ca" warehouseWarehouseId="59a924e6-212b-47e4-8ba4-238b9ab0cdb5" bomId="1b20f326-d2c7-4c80-a6f9-eb026a6daaa8" materialMaterialModel="" volume="160.000000" unitUnitId="3632a300-6fc2-4894-a077-64fb441df7fd" price="0.000000" entrysum="0.000000" sort="1" lastUpdatedStamp="2012-08-20 15:08:30.0" lastUpdatedTxStamp="2012-08-20 15:08:30.0" createdStamp="2012-08-20 15:08:30.0" createdTxStamp="2012-08-20 15:08:30.0"/>
    <WorkshopWarehousingEntry id="6048359c-37ce-4121-bc9b-08e099726387" parentId="e8421bd0-9676-49aa-8d61-29cd2d9e4da9" warehouseWarehouseId="59a924e6-212b-47e4-8ba4-238b9ab0cdb5" bomId="dc27f5ee-1ef2-47a6-9e01-fb01b9115166" materialMaterialModel="" volume="3175.000000" unitUnitId="" price="0.000000" entrysum="0.000000" sort="1" lastUpdatedStamp="2012-08-20 15:08:26.0" lastUpdatedTxStamp="2012-08-20 15:08:26.0" createdStamp="2012-08-20 15:08:26.0" createdTxStamp="2012-08-20 15:08:26.0"/>
    <WorkshopWarehousingEntry id="6077410b-6510-48db-8c1c-0e00c231a8e9" parentId="2d57cef1-3f03-4649-a8ce-8d7b579cb636" warehouseWarehouseId="c3db8103-e5d1-495e-9d3a-8cbe87b51662" bomId="75fecfc3-4a33-47f2-953e-0a9d20f67481" materialMaterialModel="" volume="96.000000" unitUnitId="" price="52.945400" entrysum="5082.758400" sort="1" lastUpdatedStamp="2012-08-10 15:09:41.0" lastUpdatedTxStamp="2012-08-10 15:09:40.0" createdStamp="2012-08-10 15:09:40.0" createdTxStamp="2012-08-10 15:09:40.0"/>
    <WorkshopWarehousingEntry id="627fa3cf-b55d-4dfe-b79c-3f80de94dd59" parentId="3e943389-84fa-4aaf-a591-ad18f6ab3abe" warehouseWarehouseId="59a924e6-212b-47e4-8ba4-238b9ab0cdb5" bomId="d2966811-6781-4003-95e0-719360e5bc6d" materialMaterialModel="" volume="1800.000000" unitUnitId="3632a300-6fc2-4894-a077-64fb441df7fd" price="0.000000" entrysum="0.000000" sort="1" lastUpdatedStamp="2012-08-20 15:24:27.0" lastUpdatedTxStamp="2012-08-20 15:24:27.0" createdStamp="2012-08-20 15:24:27.0" createdTxStamp="2012-08-20 15:24:27.0"/>
    <WorkshopWarehousingEntry id="652233ed-23b5-450b-bee7-16becbd2dafe" parentId="dfba6779-a69e-460b-acba-ad4682528092" warehouseWarehouseId="c3db8103-e5d1-495e-9d3a-8cbe87b51662" bomId="2e143e73-8a4b-4158-8dcb-b165c92c2ff2" materialMaterialModel="" volume="37610.000000" unitUnitId="" price="3.205063" entrysum="120542.400625" sort="2" lastUpdatedStamp="2012-08-10 15:40:47.0" lastUpdatedTxStamp="2012-08-10 15:40:47.0" createdStamp="2012-08-10 15:40:28.0" createdTxStamp="2012-08-10 15:40:28.0"/>
    <WorkshopWarehousingEntry id="6a579cb0-3eba-44fa-91ff-ffef29282ca6" parentId="d6c9b8ee-bd75-438e-90a4-efa24056124b" warehouseWarehouseId="c3db8103-e5d1-495e-9d3a-8cbe87b51662" bomId="4c3b9a24-cec6-467a-95c6-9ffa3254de24" materialMaterialModel="" volume="57.000000" unitUnitId="36927a08-ba89-438b-bb0d-3013c64a0341" price="74.609237" entrysum="4252.726481" sort="3" lastUpdatedStamp="2012-08-21 09:02:29.0" lastUpdatedTxStamp="2012-08-21 09:02:29.0" createdStamp="2012-08-21 09:01:01.0" createdTxStamp="2012-08-21 09:01:01.0"/>
    <WorkshopWarehousingEntry id="6b10fbf1-26e3-4bb1-a16e-2a852c020d2f" parentId="8a738ae2-5d70-47e1-b19b-743ee36369ef" warehouseWarehouseId="6bcf5cbe-a816-4aac-91cd-45a1b1bdcb75" bomId="aa7c0206-d1b6-46c6-b905-4495d5dc549d" materialMaterialModel="" volume="0.000000" unitUnitId="" price="0.000000" entrysum="0.000000" sort="1" lastUpdatedStamp="2012-08-21 09:03:25.0" lastUpdatedTxStamp="2012-08-21 09:03:25.0" createdStamp="2012-08-21 09:03:25.0" createdTxStamp="2012-08-21 09:03:25.0"/>
    <WorkshopWarehousingEntry id="6b131be8-5944-4960-8c55-65a0bc501961" parentId="b05aeef5-0b96-40fe-8355-f65dfad6de73" warehouseWarehouseId="c3db8103-e5d1-495e-9d3a-8cbe87b51662" bomId="9247ae9b-95a6-4b15-b4e6-85bf2cde5690" materialMaterialModel="" volume="46507.000000" unitUnitId="" price="12.649200" entrysum="588276.344400" sort="7" lastUpdatedStamp="2012-08-10 15:02:57.0" lastUpdatedTxStamp="2012-08-10 15:02:57.0" createdStamp="2012-08-10 15:02:57.0" createdTxStamp="2012-08-10 15:02:57.0"/>
    <WorkshopWarehousingEntry id="6e0fc96f-79c0-4542-b3c6-bbda74e55cc9" parentId="c7f96beb-2674-4ca9-a5a3-f75d49cca37e" warehouseWarehouseId="c3db8103-e5d1-495e-9d3a-8cbe87b51662" bomId="23cdf624-57ed-4525-a9cb-251b4975f47f" materialMaterialModel="" volume="647.000000" unitUnitId="36927a08-ba89-438b-bb0d-3013c64a0341" price="34.175044" entrysum="22111.253597" sort="1" lastUpdatedStamp="2012-08-10 14:58:54.0" lastUpdatedTxStamp="2012-08-10 14:58:54.0" createdStamp="2012-08-10 14:57:40.0" createdTxStamp="2012-08-10 14:57:40.0"/>
    <WorkshopWarehousingEntry id="735b9ab8-5840-4f8f-a63d-a69e3e24a155" parentId="2d57cef1-3f03-4649-a8ce-8d7b579cb636" warehouseWarehouseId="c3db8103-e5d1-495e-9d3a-8cbe87b51662" bomId="987929a7-6aa7-4955-9645-9c319330fb5c" materialMaterialModel="" volume="157402.000000" unitUnitId="" price="2.385735" entrysum="375519.491950" sort="9" lastUpdatedStamp="2012-08-10 15:09:41.0" lastUpdatedTxStamp="2012-08-10 15:09:40.0" createdStamp="2012-08-10 15:09:40.0" createdTxStamp="2012-08-10 15:09:40.0"/>
    <WorkshopWarehousingEntry id="742688cb-9ffe-4f25-b6a3-fd064eb1b043" parentId="d6c9b8ee-bd75-438e-90a4-efa24056124b" warehouseWarehouseId="c3db8103-e5d1-495e-9d3a-8cbe87b51662" bomId="90502ecd-6397-4958-b3d7-efd74fadc028" materialMaterialModel="" volume="1717.000000" unitUnitId="36927a08-ba89-438b-bb0d-3013c64a0341" price="39.866418" entrysum="68450.639019" sort="2" lastUpdatedStamp="2012-08-21 09:02:29.0" lastUpdatedTxStamp="2012-08-21 09:02:29.0" createdStamp="2012-08-21 09:00:22.0" createdTxStamp="2012-08-21 09:00:22.0"/>
    <WorkshopWarehousingEntry id="75c7e458-6e21-42be-bb91-13efe4e1c189" parentId="d6c9b8ee-bd75-438e-90a4-efa24056124b" warehouseWarehouseId="c3db8103-e5d1-495e-9d3a-8cbe87b51662" bomId="bfcb61c8-89be-47ff-85f9-4325b9944f00" materialMaterialModel="" volume="1573.000000" unitUnitId="36927a08-ba89-438b-bb0d-3013c64a0341" price="38.843463" entrysum="61100.767614" sort="1" lastUpdatedStamp="2012-08-21 09:02:29.0" lastUpdatedTxStamp="2012-08-21 09:02:29.0" createdStamp="2012-08-21 09:00:22.0" createdTxStamp="2012-08-21 09:00:22.0"/>
    <WorkshopWarehousingEntry id="7ae53a1d-27f9-498e-a173-ecd2d4253a8b" parentId="a27dea7f-d3e1-4800-b76a-e7a4b79a2818" warehouseWarehouseId="6bcf5cbe-a816-4aac-91cd-45a1b1bdcb75" bomId="aa7c0206-d1b6-46c6-b905-4495d5dc549d" materialMaterialModel="" volume="85458.000000" unitUnitId="36927a08-ba89-438b-bb0d-3013c64a0341" price="0.210444" entrysum="17984.123352" sort="3" lastUpdatedStamp="2012-08-11 08:29:59.0" lastUpdatedTxStamp="2012-08-11 08:29:59.0" createdStamp="2012-08-11 08:29:59.0" createdTxStamp="2012-08-11 08:29:59.0"/>
    <WorkshopWarehousingEntry id="7b0c44c8-a7b8-4bc2-b753-5ee8714aa79a" parentId="4b67ba65-c00c-450e-976e-740188d5aeb7" warehouseWarehouseId="c3db8103-e5d1-495e-9d3a-8cbe87b51662" bomId="a0cfe9c4-bf59-4e80-9fa3-7b8d59eddf5f" materialMaterialModel="" volume="5979.000000" unitUnitId="36927a08-ba89-438b-bb0d-3013c64a0341" price="9.973615" entrysum="59632.244683" sort="2" lastUpdatedStamp="2012-08-10 14:02:37.0" lastUpdatedTxStamp="2012-08-10 14:02:36.0" createdStamp="2012-08-10 14:02:36.0" createdTxStamp="2012-08-10 14:02:36.0"/>
    <WorkshopWarehousingEntry id="7b1f5c11-49c7-41f3-bf15-70d391b0f856" parentId="a27dea7f-d3e1-4800-b76a-e7a4b79a2818" warehouseWarehouseId="6bcf5cbe-a816-4aac-91cd-45a1b1bdcb75" bomId="5cc32680-c3c1-4be4-9013-66a6196970fa" materialMaterialModel="" volume="82749.000000" unitUnitId="" price="0.560948" entrysum="46417.910877" sort="2" lastUpdatedStamp="2012-08-11 08:29:59.0" lastUpdatedTxStamp="2012-08-11 08:29:59.0" createdStamp="2012-08-10 15:13:53.0" createdTxStamp="2012-08-10 15:13:53.0"/>
    <WorkshopWarehousingEntry id="7b7f35ba-52d6-4b09-b2a5-39e1c9274d76" parentId="51d302f9-c07f-488c-92d1-d99cab96a9c2" warehouseWarehouseId="59a924e6-212b-47e4-8ba4-238b9ab0cdb5" bomId="69a1489a-4bd1-4ddb-b90a-3e06e332dca6" materialMaterialModel="" volume="1148.000000" unitUnitId="" price="0.000000" entrysum="0.000000" sort="1" lastUpdatedStamp="2012-08-20 15:14:41.0" lastUpdatedTxStamp="2012-08-20 15:14:41.0" createdStamp="2012-08-20 15:14:41.0" createdTxStamp="2012-08-20 15:14:41.0"/>
    <WorkshopWarehousingEntry id="7ce2603a-5e14-42e3-af76-f6681ac98436" parentId="7a92b123-ec8d-4feb-b1ff-06b965c5ec8d" warehouseWarehouseId="59a924e6-212b-47e4-8ba4-238b9ab0cdb5" bomId="47c4f252-60ce-4dbe-8944-295cd5b89379" materialMaterialModel="" volume="120.000000" unitUnitId="3632a300-6fc2-4894-a077-64fb441df7fd" price="0.000000" entrysum="0.000000" sort="1" lastUpdatedStamp="2012-08-20 15:40:10.0" lastUpdatedTxStamp="2012-08-20 15:40:10.0" createdStamp="2012-08-20 15:40:10.0" createdTxStamp="2012-08-20 15:40:10.0"/>
    <WorkshopWarehousingEntry id="7dc096c2-5710-47e2-a62b-f1f41ca4fbaf" parentId="b36060da-e379-453b-97fb-42600b3864bd" warehouseWarehouseId="c3db8103-e5d1-495e-9d3a-8cbe87b51662" bomId="6de2acf4-ddfd-4cd0-94db-8da25c7d58b2" materialMaterialModel="" volume="30768.000000" unitUnitId="36927a08-ba89-438b-bb0d-3013c64a0341" price="1.133029" entrysum="34861.020888" sort="4" lastUpdatedStamp="2012-08-10 15:22:34.0" lastUpdatedTxStamp="2012-08-10 15:22:34.0" createdStamp="2012-08-09 14:32:44.0" createdTxStamp="2012-08-09 14:32:44.0"/>
    <WorkshopWarehousingEntry id="81975d6b-1909-44bb-8278-959017c6dcd3" parentId="d6c9b8ee-bd75-438e-90a4-efa24056124b" warehouseWarehouseId="c3db8103-e5d1-495e-9d3a-8cbe87b51662" bomId="2368e533-6cc1-4737-a23b-19c7ced26fb1" materialMaterialModel="" volume="271.000000" unitUnitId="36927a08-ba89-438b-bb0d-3013c64a0341" price="63.304377" entrysum="17155.486113" sort="4" lastUpdatedStamp="2012-08-21 09:02:29.0" lastUpdatedTxStamp="2012-08-21 09:02:29.0" createdStamp="2012-08-21 09:01:01.0" createdTxStamp="2012-08-21 09:01:01.0"/>
    <WorkshopWarehousingEntry id="825fd742-52c2-41a6-9543-bcb22e48f45f" parentId="b05aeef5-0b96-40fe-8355-f65dfad6de73" warehouseWarehouseId="c3db8103-e5d1-495e-9d3a-8cbe87b51662" bomId="12c4bb20-2c12-43c1-a0f9-2817b8b0a8e5" materialMaterialModel="" volume="32293.000000" unitUnitId="" price="9.047200" entrysum="292161.229600" sort="1" lastUpdatedStamp="2012-08-10 15:02:57.0" lastUpdatedTxStamp="2012-08-10 15:02:57.0" createdStamp="2012-08-10 14:58:41.0" createdTxStamp="2012-08-10 14:58:41.0"/>
    <WorkshopWarehousingEntry id="82c93bfe-c0fc-4dcc-b4c6-61f311e6c91a" parentId="4da091b8-7960-4e44-aa2d-6ef6ed8bf247" warehouseWarehouseId="59a924e6-212b-47e4-8ba4-238b9ab0cdb5" bomId="6c7f0af7-ccb4-41bb-8673-97ae71c72726" materialMaterialModel="" volume="2160.000000" unitUnitId="" price="0.000000" entrysum="0.000000" sort="1" lastUpdatedStamp="2012-08-20 15:03:19.0" lastUpdatedTxStamp="2012-08-20 15:03:19.0" createdStamp="2012-08-20 15:03:19.0" createdTxStamp="2012-08-20 15:03:19.0"/>
    <WorkshopWarehousingEntry id="8355d24a-3b62-4b1e-ab00-3db8d84495e2" parentId="2d57cef1-3f03-4649-a8ce-8d7b579cb636" warehouseWarehouseId="c3db8103-e5d1-495e-9d3a-8cbe87b51662" bomId="f0f82b16-01e1-479e-8961-aaa3fd5df2fe" materialMaterialModel="" volume="4696.000000" unitUnitId="" price="74.944500" entrysum="351939.372000" sort="5" lastUpdatedStamp="2012-08-10 15:09:41.0" lastUpdatedTxStamp="2012-08-10 15:09:40.0" createdStamp="2012-08-10 15:09:40.0" createdTxStamp="2012-08-10 15:09:40.0"/>
    <WorkshopWarehousingEntry id="878529e8-7768-489e-af23-4ae1c489416a" parentId="b36060da-e379-453b-97fb-42600b3864bd" warehouseWarehouseId="c3db8103-e5d1-495e-9d3a-8cbe87b51662" bomId="88874620-6ce8-475d-aae4-7d2c7534b618" materialMaterialModel="" volume="139656.000000" unitUnitId="36927a08-ba89-438b-bb0d-3013c64a0341" price="2.268591" entrysum="316822.316765" sort="5" lastUpdatedStamp="2012-08-10 15:22:34.0" lastUpdatedTxStamp="2012-08-10 15:22:34.0" createdStamp="2012-08-09 14:32:44.0" createdTxStamp="2012-08-09 14:32:44.0"/>
    <WorkshopWarehousingEntry id="88e533bf-f531-4191-82c2-f061fe7d1947" parentId="2b346ceb-e2fb-40b0-aa36-50a0afcaf941" warehouseWarehouseId="c3db8103-e5d1-495e-9d3a-8cbe87b51662" bomId="c0bd077d-894d-45de-9ffc-5035efd98225" materialMaterialModel="" volume="664.000000" unitUnitId="36927a08-ba89-438b-bb0d-3013c64a0341" price="12.636400" entrysum="8390.569600" sort="3" lastUpdatedStamp="2012-08-10 14:17:43.0" lastUpdatedTxStamp="2012-08-10 14:17:42.0" createdStamp="2012-08-10 14:17:42.0" createdTxStamp="2012-08-10 14:17:42.0"/>
    <WorkshopWarehousingEntry id="8c4620fd-b666-4efd-8244-4ad89329de91" parentId="439c3cfd-fd0d-44a8-bda5-85ff6147d6db" warehouseWarehouseId="6bcf5cbe-a816-4aac-91cd-45a1b1bdcb75" bomId="79d971c4-e808-49f4-a7d7-c72325528228" materialMaterialModel="" volume="18380.000000" unitUnitId="" price="1.238765" entrysum="22768.500700" sort="4" lastUpdatedStamp="2012-08-09 15:42:09.0" lastUpdatedTxStamp="2012-08-09 15:42:09.0" createdStamp="2012-08-09 15:42:09.0" createdTxStamp="2012-08-09 15:42:09.0"/>
    <WorkshopWarehousingEntry id="8cff6edd-cc86-486c-9ceb-d16ebcac661b" parentId="d6c9b8ee-bd75-438e-90a4-efa24056124b" warehouseWarehouseId="c3db8103-e5d1-495e-9d3a-8cbe87b51662" bomId="93127a53-fb9a-457d-ad35-dcc861c50636" materialMaterialModel="" volume="158.000000" unitUnitId="36927a08-ba89-438b-bb0d-3013c64a0341" price="73.785552" entrysum="11658.117248" sort="5" lastUpdatedStamp="2012-08-21 09:02:30.0" lastUpdatedTxStamp="2012-08-21 09:02:29.0" createdStamp="2012-08-21 09:01:01.0" createdTxStamp="2012-08-21 09:01:01.0"/>
    <WorkshopWarehousingEntry id="8d19b192-9b1e-4078-bc19-a403c3f85410" parentId="b05aeef5-0b96-40fe-8355-f65dfad6de73" warehouseWarehouseId="c3db8103-e5d1-495e-9d3a-8cbe87b51662" bomId="160af603-5267-4641-ab02-f4f01507dfa9" materialMaterialModel="" volume="119592.000000" unitUnitId="" price="19.851600" entrysum="2374092.547200" sort="4" lastUpdatedStamp="2012-08-10 15:02:57.0" lastUpdatedTxStamp="2012-08-10 15:02:57.0" createdStamp="2012-08-10 15:02:57.0" createdTxStamp="2012-08-10 15:02:57.0"/>
    <WorkshopWarehousingEntry id="903b7fa7-9190-4a47-b9d2-f6c6dfed7ce8" parentId="e0afc830-4031-4d43-8972-2d21a8567782" warehouseWarehouseId="59a924e6-212b-47e4-8ba4-238b9ab0cdb5" bomId="23c36557-4ba4-4825-a2d9-4ecb407ee105" materialMaterialModel="" volume="3000.000000" unitUnitId="3632a300-6fc2-4894-a077-64fb441df7fd" price="0.000000" entrysum="0.000000" sort="1" lastUpdatedStamp="2012-08-20 15:04:20.0" lastUpdatedTxStamp="2012-08-20 15:04:20.0" createdStamp="2012-08-20 15:04:20.0" createdTxStamp="2012-08-20 15:04:20.0"/>
    <WorkshopWarehousingEntry id="93290696-9cfa-44eb-938e-16fda94d41f9" parentId="d2d51231-b529-414b-a2ae-c9bd3afa144d" warehouseWarehouseId="c3db8103-e5d1-495e-9d3a-8cbe87b51662" bomId="c7d89c28-c8d8-41f3-b25f-49a2e2650b87" materialMaterialModel="" volume="144957.000000" unitUnitId="" price="1.567082" entrysum="227159.432996" sort="2" lastUpdatedStamp="2012-08-10 15:37:41.0" lastUpdatedTxStamp="2012-08-10 15:37:40.0" createdStamp="2012-08-10 15:37:13.0" createdTxStamp="2012-08-10 15:37:13.0"/>
    <WorkshopWarehousingEntry id="94239dca-6f37-4658-abee-f6b9d55c6b66" parentId="a27dea7f-d3e1-4800-b76a-e7a4b79a2818" warehouseWarehouseId="6bcf5cbe-a816-4aac-91cd-45a1b1bdcb75" bomId="ae3513ca-e426-453c-9f01-180c9d198372" materialMaterialModel="" volume="7750.000000" unitUnitId="" price="0.630907" entrysum="4889.530800" sort="1" lastUpdatedStamp="2012-08-11 08:29:59.0" lastUpdatedTxStamp="2012-08-11 08:29:59.0" createdStamp="2012-08-10 15:13:53.0" createdTxStamp="2012-08-10 15:13:53.0"/>
    <WorkshopWarehousingEntry id="9522c4c2-f763-426d-910f-ba1cc76073f3" parentId="6e50762d-14e3-4cc8-b071-a3e62468c5a9" warehouseWarehouseId="c3db8103-e5d1-495e-9d3a-8cbe87b51662" bomId="a45b5b61-7ee9-4688-a47d-d440b30dca09" materialMaterialModel="" volume="269919.000000" unitUnitId="" price="1.459987" entrysum="394078.285037" sort="2" lastUpdatedStamp="2012-08-10 15:43:39.0" lastUpdatedTxStamp="2012-08-10 15:43:39.0" createdStamp="2012-08-10 15:43:39.0" createdTxStamp="2012-08-10 15:43:39.0"/>
    <WorkshopWarehousingEntry id="95b04d5c-a27c-4f2e-9178-758114879867" parentId="323943dc-2d94-4074-8608-d857f16f20b1" warehouseWarehouseId="c3db8103-e5d1-495e-9d3a-8cbe87b51662" bomId="6a7c388b-023c-43eb-8401-608d2ab19780" materialMaterialModel="" volume="37403.000000" unitUnitId="" price="1.196245" entrysum="44743.136774" sort="1" lastUpdatedStamp="2012-08-10 15:22:28.0" lastUpdatedTxStamp="2012-08-10 15:22:28.0" createdStamp="2012-08-09 14:49:30.0" createdTxStamp="2012-08-09 14:49:30.0"/>
    <WorkshopWarehousingEntry id="97473eb8-cdb0-4bcc-a13c-b97f40c61a9d" parentId="5039dc39-0da3-4f09-85a5-717fdea9ead1" warehouseWarehouseId="59a924e6-212b-47e4-8ba4-238b9ab0cdb5" bomId="7c5c35a9-38f4-4d32-8c53-fc8078dadb50" materialMaterialModel="" volume="17505.000000" unitUnitId="" price="0.000000" entrysum="0.000000" sort="1" lastUpdatedStamp="2012-08-20 15:08:57.0" lastUpdatedTxStamp="2012-08-20 15:08:57.0" createdStamp="2012-08-20 15:08:57.0" createdTxStamp="2012-08-20 15:08:57.0"/>
    <WorkshopWarehousingEntry id="980b8d77-07ee-4976-b2f2-3516c4adca0e" parentId="91da65b1-8145-4239-9702-f10cc57db4cd" warehouseWarehouseId="c3db8103-e5d1-495e-9d3a-8cbe87b51662" bomId="07d137a9-5739-4424-9e56-1af585fa6867" materialMaterialModel="" volume="3387.000000" unitUnitId="" price="15.031692" entrysum="50912.340804" sort="6" lastUpdatedStamp="2012-08-09 16:59:26.0" lastUpdatedTxStamp="2012-08-09 16:59:25.0" createdStamp="2012-08-09 16:57:49.0" createdTxStamp="2012-08-09 16:57:49.0"/>
    <WorkshopWarehousingEntry id="986f7e22-190a-41c8-aa02-be8be8382f7b" parentId="b05aeef5-0b96-40fe-8355-f65dfad6de73" warehouseWarehouseId="c3db8103-e5d1-495e-9d3a-8cbe87b51662" bomId="c6389ebc-c259-46fa-9cd1-6196c4115032" materialMaterialModel="" volume="116190.000000" unitUnitId="" price="9.925800" entrysum="1153278.702000" sort="5" lastUpdatedStamp="2012-08-10 15:02:57.0" lastUpdatedTxStamp="2012-08-10 15:02:57.0" createdStamp="2012-08-10 15:02:57.0" createdTxStamp="2012-08-10 15:02:57.0"/>
    <WorkshopWarehousingEntry id="9940cb10-409e-4b6e-86d8-d65f30e098cc" parentId="3caf850b-a2f1-44da-92f9-f143a029eedd" warehouseWarehouseId="c3db8103-e5d1-495e-9d3a-8cbe87b51662" bomId="5b77aacb-8c32-497f-85c7-d20016d8517e" materialMaterialModel="" volume="1072.000000" unitUnitId="36927a08-ba89-438b-bb0d-3013c64a0341" price="22.257900" entrysum="23860.468800" sort="3" lastUpdatedStamp="2012-08-10 14:05:42.0" lastUpdatedTxStamp="2012-08-10 14:05:41.0" createdStamp="2012-08-10 14:04:27.0" createdTxStamp="2012-08-10 14:04:27.0"/>
    <WorkshopWarehousingEntry id="9a6294de-a8f5-4e12-92be-ef8d62d6ea81" parentId="04d97e33-195d-41bf-9287-fb55de665cb7" warehouseWarehouseId="59a924e6-212b-47e4-8ba4-238b9ab0cdb5" bomId="d6ada897-d497-4eff-babd-38f6849ab9ff" materialMaterialModel="" volume="73840.000000" unitUnitId="3632a300-6fc2-4894-a077-64fb441df7fd" price="0.000000" entrysum="0.000000" sort="1" lastUpdatedStamp="2012-08-20 15:27:07.0" lastUpdatedTxStamp="2012-08-20 15:27:07.0" createdStamp="2012-08-20 15:27:07.0" createdTxStamp="2012-08-20 15:27:07.0"/>
    <WorkshopWarehousingEntry id="9a69c584-2d3e-408a-b7d4-e95ae7ffb6c3" parentId="2d57cef1-3f03-4649-a8ce-8d7b579cb636" warehouseWarehouseId="c3db8103-e5d1-495e-9d3a-8cbe87b51662" bomId="93127a53-fb9a-457d-ad35-dcc861c50636" materialMaterialModel="" volume="2850.000000" unitUnitId="" price="76.988700" entrysum="219417.795000" sort="4" lastUpdatedStamp="2012-08-10 15:09:41.0" lastUpdatedTxStamp="2012-08-10 15:09:40.0" createdStamp="2012-08-10 15:09:40.0" createdTxStamp="2012-08-10 15:09:40.0"/>
    <WorkshopWarehousingEntry id="9e0d7aef-3c6a-42e3-9b1e-16fd10569112" parentId="02efdcdd-efda-4828-8df3-28027b1300a8" warehouseWarehouseId="59a924e6-212b-47e4-8ba4-238b9ab0cdb5" bomId="ba485074-cf55-4aa4-b39d-dcf92468cd23" materialMaterialModel="" volume="3080.000000" unitUnitId="" price="0.000000" entrysum="0.000000" sort="1" lastUpdatedStamp="2012-08-20 15:03:51.0" lastUpdatedTxStamp="2012-08-20 15:03:51.0" createdStamp="2012-08-20 15:03:51.0" createdTxStamp="2012-08-20 15:03:51.0"/>
    <WorkshopWarehousingEntry id="9fa2bd0f-ef5e-413f-a70a-953b301fd33b" parentId="d6c9b8ee-bd75-438e-90a4-efa24056124b" warehouseWarehouseId="c3db8103-e5d1-495e-9d3a-8cbe87b51662" bomId="dcb6a034-5135-4b85-b8c1-b8b40bafa965" materialMaterialModel="" volume="4.000000" unitUnitId="36927a08-ba89-438b-bb0d-3013c64a0341" price="88.147489" entrysum="352.589957" sort="6" lastUpdatedStamp="2012-08-21 09:02:30.0" lastUpdatedTxStamp="2012-08-21 09:02:29.0" createdStamp="2012-08-21 09:01:01.0" createdTxStamp="2012-08-21 09:01:01.0"/>
    <WorkshopWarehousingEntry id="a0e59958-c01a-46b7-85ee-81b2621c0c52" parentId="88e2c16a-27b6-4cef-8406-e651243aa310" warehouseWarehouseId="59a924e6-212b-47e4-8ba4-238b9ab0cdb5" bomId="80120778-42e1-4c9e-a1be-2c9df0b6cfa5" materialMaterialModel="" volume="1122.000000" unitUnitId="3632a300-6fc2-4894-a077-64fb441df7fd" price="0.000000" entrysum="0.000000" sort="1" lastUpdatedStamp="2012-08-20 15:30:07.0" lastUpdatedTxStamp="2012-08-20 15:30:07.0" createdStamp="2012-08-20 15:30:07.0" createdTxStamp="2012-08-20 15:30:07.0"/>
    <WorkshopWarehousingEntry id="a21e06e6-52f4-4c85-89e1-d50a99277624" parentId="56464a21-3564-46dd-9474-ba1fbc0fb186" warehouseWarehouseId="59a924e6-212b-47e4-8ba4-238b9ab0cdb5" bomId="f284abbd-6bc6-48ee-9225-8fd13666be00" materialMaterialModel="" volume="9660.000000" unitUnitId="3632a300-6fc2-4894-a077-64fb441df7fd" price="0.000000" entrysum="0.000000" sort="1" lastUpdatedStamp="2012-08-20 15:30:38.0" lastUpdatedTxStamp="2012-08-20 15:30:38.0" createdStamp="2012-08-20 15:30:38.0" createdTxStamp="2012-08-20 15:30:38.0"/>
    <WorkshopWarehousingEntry id="a27432f1-e810-46c5-8c64-9eac062bab6c" parentId="c9bfb9cd-1cfa-443c-bf29-8fefd54d548b" warehouseWarehouseId="59a924e6-212b-47e4-8ba4-238b9ab0cdb5" bomId="ffb79fd6-22b7-4143-a00d-2808dbd376da" materialMaterialModel="" volume="12420.000000" unitUnitId="" price="0.000000" entrysum="0.000000" sort="1" lastUpdatedStamp="2012-08-20 15:02:49.0" lastUpdatedTxStamp="2012-08-20 15:02:49.0" createdStamp="2012-08-20 15:02:49.0" createdTxStamp="2012-08-20 15:02:49.0"/>
    <WorkshopWarehousingEntry id="a6284492-f01a-48ae-9dc0-f807e13b01c5" parentId="b36060da-e379-453b-97fb-42600b3864bd" warehouseWarehouseId="c3db8103-e5d1-495e-9d3a-8cbe87b51662" bomId="6dce8c31-6bc1-4992-ae26-e4bbfd0dacdd" materialMaterialModel="" volume="82517.000000" unitUnitId="" price="15.225000" entrysum="1256321.325000" sort="1" lastUpdatedStamp="2012-08-10 15:22:35.0" lastUpdatedTxStamp="2012-08-10 15:22:34.0" createdStamp="2012-08-09 14:14:51.0" createdTxStamp="2012-08-09 14:14:51.0"/>
    <WorkshopWarehousingEntry id="a70938ae-8bb4-4882-af3a-0adc4940bb17" parentId="a4f6db0c-4220-4c3b-bc96-135ec241d97d" warehouseWarehouseId="59a924e6-212b-47e4-8ba4-238b9ab0cdb5" bomId="3728d2bb-bb0d-4cbb-bac3-4b2509036e4e" materialMaterialModel="" volume="135.000000" unitUnitId="3632a300-6fc2-4894-a077-64fb441df7fd" price="0.000000" entrysum="0.000000" sort="1" lastUpdatedStamp="2012-08-20 15:39:41.0" lastUpdatedTxStamp="2012-08-20 15:39:41.0" createdStamp="2012-08-20 15:39:41.0" createdTxStamp="2012-08-20 15:39:41.0"/>
    <WorkshopWarehousingEntry id="a8fe606c-70ec-43ec-bb35-5fa39572ca78" parentId="c8d0abb5-4755-4dfa-a628-f37e975f489e" warehouseWarehouseId="59a924e6-212b-47e4-8ba4-238b9ab0cdb5" bomId="2da5ceaa-4796-444c-bd77-028a0b7e2190" materialMaterialModel="" volume="540.000000" unitUnitId="3632a300-6fc2-4894-a077-64fb441df7fd" price="0.000000" entrysum="0.000000" sort="1" lastUpdatedStamp="2012-08-20 15:00:57.0" lastUpdatedTxStamp="2012-08-20 15:00:57.0" createdStamp="2012-08-20 15:00:57.0" createdTxStamp="2012-08-20 15:00:57.0"/>
    <WorkshopWarehousingEntry id="a93952f0-fb85-489d-a8bd-8f390d856b92" parentId="c7f96beb-2674-4ca9-a5a3-f75d49cca37e" warehouseWarehouseId="c3db8103-e5d1-495e-9d3a-8cbe87b51662" bomId="f9f23f61-0d31-4121-9589-e78fd63a6c79" materialMaterialModel="" volume="721.000000" unitUnitId="36927a08-ba89-438b-bb0d-3013c64a0341" price="61.136800" entrysum="44079.632800" sort="3" lastUpdatedStamp="2012-08-10 14:58:54.0" lastUpdatedTxStamp="2012-08-10 14:58:54.0" createdStamp="2012-08-10 14:57:40.0" createdTxStamp="2012-08-10 14:57:40.0"/>
    <WorkshopWarehousingEntry id="a95a289b-7df9-4423-b76c-abb28f59c17e" parentId="c7f96beb-2674-4ca9-a5a3-f75d49cca37e" warehouseWarehouseId="c3db8103-e5d1-495e-9d3a-8cbe87b51662" bomId="0c25d827-6a45-4225-80b9-a279b1d371a1" materialMaterialModel="" volume="729.000000" unitUnitId="36927a08-ba89-438b-bb0d-3013c64a0341" price="61.176000" entrysum="44597.304000" sort="4" lastUpdatedStamp="2012-08-10 14:58:54.0" lastUpdatedTxStamp="2012-08-10 14:58:54.0" createdStamp="2012-08-10 14:57:40.0" createdTxStamp="2012-08-10 14:57:40.0"/>
    <WorkshopWarehousingEntry id="acecbd8e-29d9-483f-a5e0-e5ba8385317d" parentId="c404f59b-9dae-4a47-a59b-8aa038cef14f" warehouseWarehouseId="59a924e6-212b-47e4-8ba4-238b9ab0cdb5" bomId="29f6b8a8-e46a-4ce6-886b-1ab05bbfb996" materialMaterialModel="" volume="6400.000000" unitUnitId="" price="0.000000" entrysum="0.000000" sort="1" lastUpdatedStamp="2012-08-20 14:59:26.0" lastUpdatedTxStamp="2012-08-20 14:59:26.0" createdStamp="2012-08-20 14:59:26.0" createdTxStamp="2012-08-20 14:59:26.0"/>
    <WorkshopWarehousingEntry id="ad01b7f9-f44c-4603-a144-6a869882b9cf" parentId="439a4d68-0b5e-45c6-8800-2fc64ddbf93a" warehouseWarehouseId="59a924e6-212b-47e4-8ba4-238b9ab0cdb5" bomId="7ecb3db9-aa43-4315-ba9f-850b53d3a4f5" materialMaterialModel="" volume="6000.000000" unitUnitId="3632a300-6fc2-4894-a077-64fb441df7fd" price="0.000000" entrysum="0.000000" sort="1" lastUpdatedStamp="2012-08-20 15:22:10.0" lastUpdatedTxStamp="2012-08-20 15:22:10.0" createdStamp="2012-08-20 15:22:10.0" createdTxStamp="2012-08-20 15:22:10.0"/>
    <WorkshopWarehousingEntry id="af0a04f4-e332-4212-b3bd-530026b31452" parentId="d2d51231-b529-414b-a2ae-c9bd3afa144d" warehouseWarehouseId="c3db8103-e5d1-495e-9d3a-8cbe87b51662" bomId="9c58f3da-3afe-4c86-bf08-7298eec26fe4" materialMaterialModel="" volume="73339.000000" unitUnitId="36927a08-ba89-438b-bb0d-3013c64a0341" price="2.081900" entrysum="152684.464100" sort="1" lastUpdatedStamp="2012-08-10 15:37:41.0" lastUpdatedTxStamp="2012-08-10 15:37:40.0" createdStamp="2012-08-08 21:19:17.0" createdTxStamp="2012-08-08 21:19:17.0"/>
    <WorkshopWarehousingEntry id="af760fee-538f-44ef-b03a-4f795c575715" parentId="aec8e0cf-9380-42a6-be16-658baa563010" warehouseWarehouseId="59a924e6-212b-47e4-8ba4-238b9ab0cdb5" bomId="2645b02e-ea3d-4390-bb9e-038052b38889" materialMaterialModel="" volume="690.000000" unitUnitId="3632a300-6fc2-4894-a077-64fb441df7fd" price="0.000000" entrysum="0.000000" sort="1" lastUpdatedStamp="2012-08-20 15:31:41.0" lastUpdatedTxStamp="2012-08-20 15:31:41.0" createdStamp="2012-08-20 15:31:41.0" createdTxStamp="2012-08-20 15:31:41.0"/>
    <WorkshopWarehousingEntry id="af8946fa-0c69-4935-9e84-b35ef56bd1ae" parentId="3caf850b-a2f1-44da-92f9-f143a029eedd" warehouseWarehouseId="c3db8103-e5d1-495e-9d3a-8cbe87b51662" bomId="58eaed9f-f5fd-4516-a741-ed41c8b1b86e" materialMaterialModel="" volume="380.000000" unitUnitId="36927a08-ba89-438b-bb0d-3013c64a0341" price="90.733173" entrysum="34478.605892" sort="5" lastUpdatedStamp="2012-08-10 14:05:42.0" lastUpdatedTxStamp="2012-08-10 14:05:41.0" createdStamp="2012-08-10 14:05:41.0" createdTxStamp="2012-08-10 14:05:41.0"/>
    <WorkshopWarehousingEntry id="b0f51ca3-338a-405d-834d-4a6792274743" parentId="c54f6976-e7a7-4064-8ca5-8865bcc31156" warehouseWarehouseId="59a924e6-212b-47e4-8ba4-238b9ab0cdb5" bomId="705d6272-2fd9-469e-bb51-39234ba57c26" materialMaterialModel="" volume="16200.000000" unitUnitId="3632a300-6fc2-4894-a077-64fb441df7fd" price="0.000000" entrysum="0.000000" sort="1" lastUpdatedStamp="2012-08-20 15:00:12.0" lastUpdatedTxStamp="2012-08-20 15:00:12.0" createdStamp="2012-08-20 15:00:12.0" createdTxStamp="2012-08-20 15:00:12.0"/>
    <WorkshopWarehousingEntry id="b21c8e4f-f795-485f-afef-edc2a5b43fbc" parentId="ff46870d-ace6-4c80-9ef3-925a8be89c7c" warehouseWarehouseId="59a924e6-212b-47e4-8ba4-238b9ab0cdb5" bomId="341d5791-e01b-4ed0-880c-a7a215906339" materialMaterialModel="" volume="1035.000000" unitUnitId="3632a300-6fc2-4894-a077-64fb441df7fd" price="0.000000" entrysum="0.000000" sort="1" lastUpdatedStamp="2012-08-20 15:32:58.0" lastUpdatedTxStamp="2012-08-20 15:32:58.0" createdStamp="2012-08-20 15:32:58.0" createdTxStamp="2012-08-20 15:32:58.0"/>
    <WorkshopWarehousingEntry id="b261996f-91ee-41ec-95b7-e04631a6352f" parentId="2b346ceb-e2fb-40b0-aa36-50a0afcaf941" warehouseWarehouseId="c3db8103-e5d1-495e-9d3a-8cbe87b51662" bomId="0450e6e3-bcc8-4dd9-818a-e87cb0dda79d" materialMaterialModel="" volume="1774.000000" unitUnitId="36927a08-ba89-438b-bb0d-3013c64a0341" price="39.839269" entrysum="70674.862851" sort="7" lastUpdatedStamp="2012-08-10 14:17:43.0" lastUpdatedTxStamp="2012-08-10 14:17:42.0" createdStamp="2012-08-10 14:17:42.0" createdTxStamp="2012-08-10 14:17:42.0"/>
    <WorkshopWarehousingEntry id="b2ca5095-7645-4596-bc58-4acd5ae1ddfa" parentId="d40b1f6a-cb7d-493b-8046-0172cb036cc9" warehouseWarehouseId="59a924e6-212b-47e4-8ba4-238b9ab0cdb5" bomId="12a4869b-1887-4bc5-b06d-569ddca41456" materialMaterialModel="" volume="48.000000" unitUnitId="3632a300-6fc2-4894-a077-64fb441df7fd" price="0.000000" entrysum="0.000000" sort="1" lastUpdatedStamp="2012-08-20 15:31:37.0" lastUpdatedTxStamp="2012-08-20 15:31:37.0" createdStamp="2012-08-20 15:31:37.0" createdTxStamp="2012-08-20 15:31:37.0"/>
    <WorkshopWarehousingEntry id="b34d94cd-61b6-474d-8144-4a4e15b87eaa" parentId="08f464c1-73fd-41d6-9e86-d846eeb31cfd" warehouseWarehouseId="c3db8103-e5d1-495e-9d3a-8cbe87b51662" bomId="09ca25d5-37c1-48b7-9947-d3804951092d" materialMaterialModel="" volume="13727.000000" unitUnitId="36927a08-ba89-438b-bb0d-3013c64a0341" price="-17.798600" entrysum="-244321.382200" sort="1" lastUpdatedStamp="2012-08-10 14:09:49.0" lastUpdatedTxStamp="2012-08-10 14:09:49.0" createdStamp="2012-08-10 14:09:48.0" createdTxStamp="2012-08-10 14:09:48.0"/>
    <WorkshopWarehousingEntry id="b5802f6d-fcb5-4ec5-bca8-753fa1de5076" parentId="4b67ba65-c00c-450e-976e-740188d5aeb7" warehouseWarehouseId="c3db8103-e5d1-495e-9d3a-8cbe87b51662" bomId="bfcb61c8-89be-47ff-85f9-4325b9944f00" materialMaterialModel="" volume="7688.000000" unitUnitId="36927a08-ba89-438b-bb0d-3013c64a0341" price="23.059831" entrysum="177283.982266" sort="5" lastUpdatedStamp="2012-08-10 14:02:37.0" lastUpdatedTxStamp="2012-08-10 14:02:36.0" createdStamp="2012-08-10 14:02:36.0" createdTxStamp="2012-08-10 14:02:36.0"/>
    <WorkshopWarehousingEntry id="b6ce4d74-b034-4679-bc77-7a79ffd34db3" parentId="c7f96beb-2674-4ca9-a5a3-f75d49cca37e" warehouseWarehouseId="c3db8103-e5d1-495e-9d3a-8cbe87b51662" bomId="4478f3d6-8a87-4a94-9ae0-2064eec4d0b6" materialMaterialModel="" volume="475.000000" unitUnitId="36927a08-ba89-438b-bb0d-3013c64a0341" price="10.109300" entrysum="4801.917500" sort="2" lastUpdatedStamp="2012-08-10 14:58:55.0" lastUpdatedTxStamp="2012-08-10 14:58:54.0" createdStamp="2012-08-10 14:57:40.0" createdTxStamp="2012-08-10 14:57:40.0"/>
    <WorkshopWarehousingEntry id="b7ab7757-ac99-45a7-aef8-a83ffbb0d320" parentId="f172cc50-ae16-49d1-855b-d9ccc7ed56d4" warehouseWarehouseId="59a924e6-212b-47e4-8ba4-238b9ab0cdb5" bomId="a89defaf-4bd0-490e-8c05-305257b5276f" materialMaterialModel="" volume="76320.000000" unitUnitId="3632a300-6fc2-4894-a077-64fb441df7fd" price="0.000000" entrysum="0.000000" sort="1" lastUpdatedStamp="2012-08-20 15:01:53.0" lastUpdatedTxStamp="2012-08-20 15:01:53.0" createdStamp="2012-08-20 15:01:53.0" createdTxStamp="2012-08-20 15:01:53.0"/>
    <WorkshopWarehousingEntry id="b81a45de-b498-41b5-a827-b43f471e0123" parentId="3caf850b-a2f1-44da-92f9-f143a029eedd" warehouseWarehouseId="c3db8103-e5d1-495e-9d3a-8cbe87b51662" bomId="1830e8d6-5396-4b2b-83fb-0ab495693287" materialMaterialModel="" volume="1078.000000" unitUnitId="36927a08-ba89-438b-bb0d-3013c64a0341" price="95.968598" entrysum="103454.148644" sort="2" lastUpdatedStamp="2012-08-10 14:05:42.0" lastUpdatedTxStamp="2012-08-10 14:05:41.0" createdStamp="2012-08-10 14:04:27.0" createdTxStamp="2012-08-10 14:04:27.0"/>
    <WorkshopWarehousingEntry id="b8f950e5-e9fc-4a94-8141-8e2cc95f6968" parentId="794dbfed-f9a3-4c92-84eb-7dc90cdd40a9" warehouseWarehouseId="59a924e6-212b-47e4-8ba4-238b9ab0cdb5" bomId="bd5ea34d-a359-46e9-b1e5-8e3a1b85a163" materialMaterialModel="" volume="4.000000" unitUnitId="3632a300-6fc2-4894-a077-64fb441df7fd" price="0.000000" entrysum="0.000000" sort="1" lastUpdatedStamp="2012-08-20 15:34:18.0" lastUpdatedTxStamp="2012-08-20 15:34:18.0" createdStamp="2012-08-20 15:34:18.0" createdTxStamp="2012-08-20 15:34:18.0"/>
    <WorkshopWarehousingEntry id="ba114f18-97c2-4052-886d-809491004d1f" parentId="5d78786b-6e4a-4cc7-8213-ac9cde732846" warehouseWarehouseId="59a924e6-212b-47e4-8ba4-238b9ab0cdb5" bomId="3fc30287-a2be-4355-a7d4-6158ff985148" materialMaterialModel="" volume="27525.000000" unitUnitId="3632a300-6fc2-4894-a077-64fb441df7fd" price="0.000000" entrysum="0.000000" sort="1" lastUpdatedStamp="2012-08-20 17:01:07.0" lastUpdatedTxStamp="2012-08-20 17:01:07.0" createdStamp="2012-08-20 14:54:42.0" createdTxStamp="2012-08-20 14:54:42.0"/>
    <WorkshopWarehousingEntry id="be04e330-5290-4cd6-b6e9-9cbfcf817f84" parentId="1e0eaa57-0d5f-4bda-8e38-595bf981d18a" warehouseWarehouseId="c3db8103-e5d1-495e-9d3a-8cbe87b51662" bomId="eb4a6dad-53c5-46d1-b36e-751102f46f0d" materialMaterialModel="" volume="28302.000000" unitUnitId="36927a08-ba89-438b-bb0d-3013c64a0341" price="1.133007" entrysum="32066.364114" lastUpdatedStamp="2012-08-21 08:50:37.0" lastUpdatedTxStamp="2012-08-21 08:50:37.0" createdStamp="2012-07-24 20:38:08.0" createdTxStamp="2012-07-24 20:38:08.0"/>
    <WorkshopWarehousingEntry id="c0333764-72b4-41ff-aabe-a8976db3c894" parentId="89406b51-8271-4502-a023-1f4a502dee4f" warehouseWarehouseId="59a924e6-212b-47e4-8ba4-238b9ab0cdb5" bomId="1d98767d-a6ac-4751-9ffa-50ba1a08c81f" materialMaterialModel="" volume="20160.000000" unitUnitId="3632a300-6fc2-4894-a077-64fb441df7fd" price="0.000000" entrysum="0.000000" sort="1" lastUpdatedStamp="2012-08-20 17:01:33.0" lastUpdatedTxStamp="2012-08-20 17:01:33.0" createdStamp="2012-08-20 14:55:44.0" createdTxStamp="2012-08-20 14:55:44.0"/>
    <WorkshopWarehousingEntry id="c1da5d66-7c4e-43e4-895b-8a25c037ddf6" parentId="402065ae-d648-4f7a-8074-296e291062c7" warehouseWarehouseId="59a924e6-212b-47e4-8ba4-238b9ab0cdb5" bomId="551d775c-a0fb-45f0-9bc3-d74931e4ed0a" materialMaterialModel="" volume="9288.000000" unitUnitId="" price="0.000000" entrysum="0.000000" sort="1" lastUpdatedStamp="2012-08-20 15:06:22.0" lastUpdatedTxStamp="2012-08-20 15:06:22.0" createdStamp="2012-08-20 15:06:22.0" createdTxStamp="2012-08-20 15:06:22.0"/>
    <WorkshopWarehousingEntry id="c465f62a-6b3c-45a7-be3f-56fe59e478ee" parentId="2b346ceb-e2fb-40b0-aa36-50a0afcaf941" warehouseWarehouseId="c3db8103-e5d1-495e-9d3a-8cbe87b51662" bomId="bcf04841-310a-4aa9-aaab-4d04a9c6991e" materialMaterialModel="" volume="2071.000000" unitUnitId="36927a08-ba89-438b-bb0d-3013c64a0341" price="19.272600" entrysum="39913.554600" sort="6" lastUpdatedStamp="2012-08-10 14:17:44.0" lastUpdatedTxStamp="2012-08-10 14:17:42.0" createdStamp="2012-08-10 14:17:42.0" createdTxStamp="2012-08-10 14:17:42.0"/>
    <WorkshopWarehousingEntry id="c581ed44-7c91-43c4-aaa3-bffa1c5a62a9" parentId="b05aeef5-0b96-40fe-8355-f65dfad6de73" warehouseWarehouseId="c3db8103-e5d1-495e-9d3a-8cbe87b51662" bomId="54a430cf-acaa-424f-adcd-ac549a1a8f8d" materialMaterialModel="" volume="684422.000000" unitUnitId="" price="10.202800" entrysum="6983020.781600" sort="2" lastUpdatedStamp="2012-08-10 15:02:57.0" lastUpdatedTxStamp="2012-08-10 15:02:57.0" createdStamp="2012-08-10 15:02:57.0" createdTxStamp="2012-08-10 15:02:57.0"/>
    <WorkshopWarehousingEntry id="c58bf5be-bf20-4d82-af72-db691cd6216f" parentId="91da65b1-8145-4239-9702-f10cc57db4cd" warehouseWarehouseId="c3db8103-e5d1-495e-9d3a-8cbe87b51662" bomId="b8f8c1cf-3fc6-4252-93b8-b430b1a9119a" materialMaterialModel="" volume="4314.000000" unitUnitId="" price="63.442173" entrysum="273689.532596" sort="7" lastUpdatedStamp="2012-08-09 16:59:26.0" lastUpdatedTxStamp="2012-08-09 16:59:25.0" createdStamp="2012-08-09 16:57:49.0" createdTxStamp="2012-08-09 16:57:49.0"/>
    <WorkshopWarehousingEntry id="c633192c-c083-4398-a0ee-094b4918e545" parentId="2d57cef1-3f03-4649-a8ce-8d7b579cb636" warehouseWarehouseId="c3db8103-e5d1-495e-9d3a-8cbe87b51662" bomId="027ecaf6-ad39-49a0-bdf5-f7a38060c639" materialMaterialModel="" volume="4691.000000" unitUnitId="" price="56.119783" entrysum="263257.902991" sort="6" lastUpdatedStamp="2012-08-10 15:09:42.0" lastUpdatedTxStamp="2012-08-10 15:09:40.0" createdStamp="2012-08-10 15:09:40.0" createdTxStamp="2012-08-10 15:09:40.0"/>
    <WorkshopWarehousingEntry id="c705f1df-4a01-4850-bc11-1c43e8d43765" parentId="4b67ba65-c00c-450e-976e-740188d5aeb7" warehouseWarehouseId="c3db8103-e5d1-495e-9d3a-8cbe87b51662" bomId="a96468d5-0ab2-43c3-b44e-d881d06d0426" materialMaterialModel="" volume="9180.000000" unitUnitId="36927a08-ba89-438b-bb0d-3013c64a0341" price="13.959590" entrysum="128149.039872" sort="4" lastUpdatedStamp="2012-08-10 14:02:37.0" lastUpdatedTxStamp="2012-08-10 14:02:36.0" createdStamp="2012-08-10 14:02:36.0" createdTxStamp="2012-08-10 14:02:36.0"/>
    <WorkshopWarehousingEntry id="c7351a34-032b-4bc5-9db6-026c6aeb14d7" parentId="dfba6779-a69e-460b-acba-ad4682528092" warehouseWarehouseId="c3db8103-e5d1-495e-9d3a-8cbe87b51662" bomId="9ad10d21-0add-475c-9658-dcba24fd4a99" materialMaterialModel="" volume="85841.000000" unitUnitId="" price="5.312600" entrysum="456038.896600" sort="4" lastUpdatedStamp="2012-08-10 15:40:47.0" lastUpdatedTxStamp="2012-08-10 15:40:47.0" createdStamp="2012-08-10 15:40:28.0" createdTxStamp="2012-08-10 15:40:28.0"/>
    <WorkshopWarehousingEntry id="c7dc55ca-ed69-4c1b-857d-269840f3c683" parentId="8364d129-d9fb-4b20-8020-16dfff9b5299" warehouseWarehouseId="59a924e6-212b-47e4-8ba4-238b9ab0cdb5" bomId="af8be551-a908-4c87-a522-32077de8c875" materialMaterialModel="" volume="36720.000000" unitUnitId="" price="0.000000" entrysum="0.000000" sort="1" lastUpdatedStamp="2012-08-20 15:07:36.0" lastUpdatedTxStamp="2012-08-20 15:07:36.0" createdStamp="2012-08-20 15:07:36.0" createdTxStamp="2012-08-20 15:07:36.0"/>
    <WorkshopWarehousingEntry id="c80120ce-0423-4d67-a5b0-ce3f2df70691" parentId="482fd16b-cb45-41c1-9126-67f004b99aef" warehouseWarehouseId="59a924e6-212b-47e4-8ba4-238b9ab0cdb5" bomId="4610e791-41de-49de-8d7d-93c95c5789f4" materialMaterialModel="" volume="495.000000" unitUnitId="3632a300-6fc2-4894-a077-64fb441df7fd" price="0.000000" entrysum="0.000000" sort="1" lastUpdatedStamp="2012-08-20 15:23:39.0" lastUpdatedTxStamp="2012-08-20 15:23:39.0" createdStamp="2012-08-20 15:23:39.0" createdTxStamp="2012-08-20 15:23:39.0"/>
    <WorkshopWarehousingEntry id="cc50c7df-c6e3-46ef-b899-7f0f95883081" parentId="439c3cfd-fd0d-44a8-bda5-85ff6147d6db" warehouseWarehouseId="6bcf5cbe-a816-4aac-91cd-45a1b1bdcb75" bomId="dec1f5cf-80d2-4c86-aaca-d3299b8ae333" materialMaterialModel="" volume="101831.000000" unitUnitId="" price="1.567082" entrysum="159577.476227" sort="5" lastUpdatedStamp="2012-08-09 15:42:09.0" lastUpdatedTxStamp="2012-08-09 15:42:09.0" createdStamp="2012-08-09 15:42:09.0" createdTxStamp="2012-08-09 15:42:09.0"/>
    <WorkshopWarehousingEntry id="d1c4f997-c802-45a8-873d-9b28ba1d6f37" parentId="3caf850b-a2f1-44da-92f9-f143a029eedd" warehouseWarehouseId="c3db8103-e5d1-495e-9d3a-8cbe87b51662" bomId="d56a2c34-c952-4199-a8f8-c570767f6927" materialMaterialModel="" volume="1151.000000" unitUnitId="36927a08-ba89-438b-bb0d-3013c64a0341" price="73.627400" entrysum="84745.137400" sort="1" lastUpdatedStamp="2012-08-10 14:05:42.0" lastUpdatedTxStamp="2012-08-10 14:05:41.0" createdStamp="2012-08-10 14:04:27.0" createdTxStamp="2012-08-10 14:04:27.0"/>
    <WorkshopWarehousingEntry id="d22f0468-756c-4e04-b1e1-1309d10f0ab7" parentId="3bf7fa37-8b38-40a1-a916-95a18cc5c71c" warehouseWarehouseId="59a924e6-212b-47e4-8ba4-238b9ab0cdb5" bomId="e8260885-e7e5-4ede-a514-0d2135d8ddef" materialMaterialModel="" volume="290.000000" unitUnitId="3632a300-6fc2-4894-a077-64fb441df7fd" price="0.000000" entrysum="0.000000" sort="1" lastUpdatedStamp="2012-08-20 15:29:01.0" lastUpdatedTxStamp="2012-08-20 15:29:01.0" createdStamp="2012-08-20 15:29:01.0" createdTxStamp="2012-08-20 15:29:01.0"/>
    <WorkshopWarehousingEntry id="d3b98562-bc8d-40f2-be74-e8b8baf8166e" parentId="1e0eaa57-0d5f-4bda-8e38-595bf981d18a" warehouseWarehouseId="c3db8103-e5d1-495e-9d3a-8cbe87b51662" bomId="acadf475-ac0c-477f-9aee-6c45e71d8382" materialMaterialModel="" volume="19854.000000" unitUnitId="36927a08-ba89-438b-bb0d-3013c64a0341" price="2.012472" entrysum="39955.619088" lastUpdatedStamp="2012-08-21 08:50:37.0" lastUpdatedTxStamp="2012-08-21 08:50:37.0" createdStamp="2012-07-24 20:38:08.0" createdTxStamp="2012-07-24 20:38:08.0"/>
    <WorkshopWarehousingEntry id="d3dc1990-6548-4ee0-8772-cf49ff04e0be" parentId="cac48c7b-0130-4091-81f1-8dd49f99898a" warehouseWarehouseId="59a924e6-212b-47e4-8ba4-238b9ab0cdb5" bomId="b6b7c2cb-81bb-49c9-b3a3-f3b0cc7a0fcb" materialMaterialModel="" volume="60768.000000" unitUnitId="" price="0.000000" entrysum="0.000000" sort="1" lastUpdatedStamp="2012-08-20 15:06:58.0" lastUpdatedTxStamp="2012-08-20 15:06:58.0" createdStamp="2012-08-20 15:06:58.0" createdTxStamp="2012-08-20 15:06:58.0"/>
    <WorkshopWarehousingEntry id="d3f4c419-3c1f-4742-894f-4b4e6ef597b3" parentId="9849481c-b20b-4f46-8d3f-bb38e7ea1782" warehouseWarehouseId="59a924e6-212b-47e4-8ba4-238b9ab0cdb5" bomId="0952e6cb-6124-46c1-a19e-8859182b5dba" materialMaterialModel="" volume="3696.000000" unitUnitId="3632a300-6fc2-4894-a077-64fb441df7fd" price="0.000000" entrysum="0.000000" sort="1" lastUpdatedStamp="2012-08-20 15:33:39.0" lastUpdatedTxStamp="2012-08-20 15:33:39.0" createdStamp="2012-08-20 15:33:39.0" createdTxStamp="2012-08-20 15:33:39.0"/>
    <WorkshopWarehousingEntry id="d40578f1-2511-44b4-a3bc-d13d4563cd30" parentId="660a4180-0786-4eca-9427-cf16bf2dd2b7" warehouseWarehouseId="59a924e6-212b-47e4-8ba4-238b9ab0cdb5" bomId="e4f1e0b6-fd8d-42f3-89e4-e8ca676fe574" materialMaterialModel="" volume="2640.000000" unitUnitId="3632a300-6fc2-4894-a077-64fb441df7fd" price="0.000000" entrysum="0.000000" sort="1" lastUpdatedStamp="2012-08-20 14:59:06.0" lastUpdatedTxStamp="2012-08-20 14:59:06.0" createdStamp="2012-08-20 14:59:06.0" createdTxStamp="2012-08-20 14:59:06.0"/>
    <WorkshopWarehousingEntry id="d7a1f07b-7e7c-412a-9b62-56fe5ede02a3" parentId="439c3cfd-fd0d-44a8-bda5-85ff6147d6db" warehouseWarehouseId="6bcf5cbe-a816-4aac-91cd-45a1b1bdcb75" bomId="168242e5-bae4-438e-b69d-74d5a58cff7b" materialMaterialModel="" volume="69073.000000" unitUnitId="" price="1.739405" entrysum="120145.907750" sort="6" lastUpdatedStamp="2012-08-09 15:42:09.0" lastUpdatedTxStamp="2012-08-09 15:42:09.0" createdStamp="2012-08-09 15:42:09.0" createdTxStamp="2012-08-09 15:42:09.0"/>
    <WorkshopWarehousingEntry id="d8c6a142-e1a7-4380-ab6e-b4c4af92b120" parentId="00320302-5973-4f05-a9ae-a7a887a4644d" warehouseWarehouseId="59a924e6-212b-47e4-8ba4-238b9ab0cdb5" bomId="920781e1-fbd1-40d9-a2f3-abf6206648c9" materialMaterialModel="" volume="2040.000000" unitUnitId="3632a300-6fc2-4894-a077-64fb441df7fd" price="0.000000" entrysum="0.000000" sort="1" lastUpdatedStamp="2012-08-20 15:09:46.0" lastUpdatedTxStamp="2012-08-20 15:09:46.0" createdStamp="2012-08-20 15:09:46.0" createdTxStamp="2012-08-20 15:09:46.0"/>
    <WorkshopWarehousingEntry id="de4ee666-40f7-49b2-bb56-6c46191978b5" parentId="3d6f9ce2-fc5c-47ec-abf5-f70eb1c80dc7" warehouseWarehouseId="59a924e6-212b-47e4-8ba4-238b9ab0cdb5" bomId="532aa723-7b78-4bc5-b208-201d28a50728" materialMaterialModel="" volume="330.000000" unitUnitId="3632a300-6fc2-4894-a077-64fb441df7fd" price="0.000000" entrysum="0.000000" sort="1" lastUpdatedStamp="2012-08-20 15:32:00.0" lastUpdatedTxStamp="2012-08-20 15:32:00.0" createdStamp="2012-08-20 15:32:00.0" createdTxStamp="2012-08-20 15:32:00.0"/>
    <WorkshopWarehousingEntry id="e0caba03-dbde-48d2-a80d-5f81c02dbb6b" parentId="54897bed-0d94-41e5-9e76-23543c25197d" warehouseWarehouseId="59a924e6-212b-47e4-8ba4-238b9ab0cdb5" bomId="f5952107-d6bf-43fa-8a9f-24df8169cfe1" materialMaterialModel="" volume="290.000000" unitUnitId="" price="0.000000" entrysum="0.000000" sort="1" lastUpdatedStamp="2012-08-20 15:13:03.0" lastUpdatedTxStamp="2012-08-20 15:13:03.0" createdStamp="2012-08-20 15:13:03.0" createdTxStamp="2012-08-20 15:13:03.0"/>
    <WorkshopWarehousingEntry id="e1497508-58b2-43b5-baf2-80f5738046f4" parentId="184c1117-4759-4e93-8aa5-e9295f575198" warehouseWarehouseId="59a924e6-212b-47e4-8ba4-238b9ab0cdb5" bomId="34ee0c13-6c17-4ba6-87f9-0c565b23436e" materialMaterialModel="" volume="9729.000000" unitUnitId="3632a300-6fc2-4894-a077-64fb441df7fd" price="0.000000" entrysum="0.000000" sort="1" lastUpdatedStamp="2012-08-20 15:32:23.0" lastUpdatedTxStamp="2012-08-20 15:32:23.0" createdStamp="2012-08-20 15:32:23.0" createdTxStamp="2012-08-20 15:32:23.0"/>
    <WorkshopWarehousingEntry id="e1a48edd-b304-4a16-9bec-18a80db4f3d4" parentId="1e0eaa57-0d5f-4bda-8e38-595bf981d18a" warehouseWarehouseId="c3db8103-e5d1-495e-9d3a-8cbe87b51662" bomId="88874620-6ce8-475d-aae4-7d2c7534b618" materialMaterialModel="" volume="29117.000000" unitUnitId="36927a08-ba89-438b-bb0d-3013c64a0341" price="1.164925" entrysum="33919.106667" lastUpdatedStamp="2012-08-21 08:50:37.0" lastUpdatedTxStamp="2012-08-21 08:50:37.0" createdStamp="2012-07-24 20:38:08.0" createdTxStamp="2012-07-24 20:38:08.0"/>
    <WorkshopWarehousingEntry id="e33ab51a-8165-4bb9-9336-bc9ec4c6fb6b" parentId="4b67ba65-c00c-450e-976e-740188d5aeb7" warehouseWarehouseId="c3db8103-e5d1-495e-9d3a-8cbe87b51662" bomId="ed5e7517-aedb-4e25-b5d0-66bd64e436ef" materialMaterialModel="" volume="5740.000000" unitUnitId="36927a08-ba89-438b-bb0d-3013c64a0341" price="21.947300" entrysum="125977.502000" sort="3" lastUpdatedStamp="2012-08-10 14:02:37.0" lastUpdatedTxStamp="2012-08-10 14:02:36.0" createdStamp="2012-08-10 14:02:36.0" createdTxStamp="2012-08-10 14:02:36.0"/>
    <WorkshopWarehousingEntry id="e53fa620-7188-4328-bb35-1bb1c969366f" parentId="0469eaeb-a937-403d-a523-b68731fc4416" warehouseWarehouseId="59a924e6-212b-47e4-8ba4-238b9ab0cdb5" bomId="b1354429-cfb2-46ba-9dc3-4642cf12f3d3" materialMaterialModel="" volume="3584.000000" unitUnitId="3632a300-6fc2-4894-a077-64fb441df7fd" price="0.000000" entrysum="0.000000" sort="1" lastUpdatedStamp="2012-08-20 15:28:36.0" lastUpdatedTxStamp="2012-08-20 15:28:36.0" createdStamp="2012-08-20 15:28:36.0" createdTxStamp="2012-08-20 15:28:36.0"/>
    <WorkshopWarehousingEntry id="e5d85807-c371-42eb-ba10-06349d21f923" parentId="b05aeef5-0b96-40fe-8355-f65dfad6de73" warehouseWarehouseId="c3db8103-e5d1-495e-9d3a-8cbe87b51662" bomId="93a5807d-2e34-4222-9fa1-7e08f9e9da0f" materialMaterialModel="" volume="48537.000000" unitUnitId="" price="-20.892000" entrysum="-1014035.004000" sort="6" lastUpdatedStamp="2012-08-10 15:02:57.0" lastUpdatedTxStamp="2012-08-10 15:02:57.0" createdStamp="2012-08-10 15:02:57.0" createdTxStamp="2012-08-10 15:02:57.0"/>
    <WorkshopWarehousingEntry id="e68b77ca-e84a-43e6-9697-3b77b8fd6609" parentId="065cef1b-8ab7-4494-81df-755548bc1ee8" warehouseWarehouseId="59a924e6-212b-47e4-8ba4-238b9ab0cdb5" bomId="4b728898-1178-46bf-b6f4-d74ee56078b0" materialMaterialModel="" volume="1860.000000" unitUnitId="" price="0.000000" entrysum="0.000000" sort="1" lastUpdatedStamp="2012-08-20 15:10:01.0" lastUpdatedTxStamp="2012-08-20 15:10:01.0" createdStamp="2012-08-20 15:10:01.0" createdTxStamp="2012-08-20 15:10:01.0"/>
    <WorkshopWarehousingEntry id="e860c3d2-6a7f-4bb4-9de4-0fe896e1bee5" parentId="f88f68b2-af05-40fb-a364-a540a1f23365" warehouseWarehouseId="59a924e6-212b-47e4-8ba4-238b9ab0cdb5" bomId="6a4dda58-dcec-49e5-b4f1-97e109c51bfb" materialMaterialModel="" volume="7888.000000" unitUnitId="3632a300-6fc2-4894-a077-64fb441df7fd" price="0.000000" entrysum="0.000000" sort="1" lastUpdatedStamp="2012-08-20 15:29:35.0" lastUpdatedTxStamp="2012-08-20 15:29:35.0" createdStamp="2012-08-20 15:29:35.0" createdTxStamp="2012-08-20 15:29:35.0"/>
    <WorkshopWarehousingEntry id="eaedb1fc-8d7a-45ec-87f9-c217d79b39d3" parentId="24455ca5-95b6-4cb3-9e68-31580d7429ae" warehouseWarehouseId="59a924e6-212b-47e4-8ba4-238b9ab0cdb5" bomId="0d8ec801-8251-49b0-bce2-cfb7663ec813" materialMaterialModel="" volume="1696.000000" unitUnitId="" price="0.000000" entrysum="0.000000" sort="1" lastUpdatedStamp="2012-08-20 14:59:57.0" lastUpdatedTxStamp="2012-08-20 14:59:57.0" createdStamp="2012-08-20 14:59:57.0" createdTxStamp="2012-08-20 14:59:57.0"/>
    <WorkshopWarehousingEntry id="eb15a954-8877-40b7-b516-61047c77850f" parentId="122f5ac7-3516-4952-95d4-8587154ed56c" warehouseWarehouseId="59a924e6-212b-47e4-8ba4-238b9ab0cdb5" bomId="b6492843-61b8-44fe-bf60-322a33842137" materialMaterialModel="" volume="2304.000000" unitUnitId="" price="0.000000" entrysum="0.000000" sort="1" lastUpdatedStamp="2012-08-20 15:02:13.0" lastUpdatedTxStamp="2012-08-20 15:02:13.0" createdStamp="2012-08-20 15:02:13.0" createdTxStamp="2012-08-20 15:02:13.0"/>
    <WorkshopWarehousingEntry id="eb727613-8fb4-491c-bf0a-6c3e1bf17c6a" parentId="da225877-81fd-4f58-adb2-29fadacd08b2" warehouseWarehouseId="59a924e6-212b-47e4-8ba4-238b9ab0cdb5" bomId="e1370f46-dc28-4c9d-80e6-117b6d27ce5b" materialMaterialModel="" volume="8255.000000" unitUnitId="" price="0.000000" entrysum="0.000000" sort="1" lastUpdatedStamp="2012-08-20 15:10:41.0" lastUpdatedTxStamp="2012-08-20 15:10:41.0" createdStamp="2012-08-20 15:10:41.0" createdTxStamp="2012-08-20 15:10:41.0"/>
    <WorkshopWarehousingEntry id="ec339d55-0542-4129-9807-e5d8179aca50" parentId="0e16a660-8905-4d30-877a-cbd5b2ae4da0" warehouseWarehouseId="59a924e6-212b-47e4-8ba4-238b9ab0cdb5" bomId="6b6d62eb-a23b-44fd-8ab2-a9ab269c437f" materialMaterialModel="" volume="104.000000" unitUnitId="" price="0.000000" entrysum="0.000000" sort="1" lastUpdatedStamp="2012-08-20 15:12:12.0" lastUpdatedTxStamp="2012-08-20 15:12:12.0" createdStamp="2012-08-20 15:12:12.0" createdTxStamp="2012-08-20 15:12:12.0"/>
    <WorkshopWarehousingEntry id="ed5d53fe-5273-42fe-b0e4-a6b2e26c1c54" parentId="fd5d7031-9c6f-4243-aea5-1994d06d530e" warehouseWarehouseId="59a924e6-212b-47e4-8ba4-238b9ab0cdb5" bomId="c9aa0514-e3b7-4ec5-bb83-d1a6b882daa1" materialMaterialModel="" volume="630.000000" unitUnitId="3632a300-6fc2-4894-a077-64fb441df7fd" price="0.000000" entrysum="0.000000" sort="1" lastUpdatedStamp="2012-08-20 15:10:39.0" lastUpdatedTxStamp="2012-08-20 15:10:39.0" createdStamp="2012-08-20 15:10:39.0" createdTxStamp="2012-08-20 15:10:39.0"/>
    <WorkshopWarehousingEntry id="f0304655-3cf8-46b5-b21b-3497b9d7df23" parentId="491d9fd7-4480-4961-bd13-52d05953bac0" warehouseWarehouseId="59a924e6-212b-47e4-8ba4-238b9ab0cdb5" bomId="bc45a3f0-8d8f-4e18-b91e-eb4f273adf04" materialMaterialModel="" volume="810.000000" unitUnitId="3632a300-6fc2-4894-a077-64fb441df7fd" price="0.000000" entrysum="0.000000" sort="1" lastUpdatedStamp="2012-08-20 15:22:47.0" lastUpdatedTxStamp="2012-08-20 15:22:47.0" createdStamp="2012-08-20 15:22:47.0" createdTxStamp="2012-08-20 15:22:47.0"/>
    <WorkshopWarehousingEntry id="f0d154a6-012a-413c-a5db-deef83f16c3c" parentId="17afddf0-21ed-4612-b2bc-c9009c5aae3a" warehouseWarehouseId="59a924e6-212b-47e4-8ba4-238b9ab0cdb5" bomId="4768ac2b-779e-48ca-90ec-639a87efae4c" materialMaterialModel="" volume="27048.000000" unitUnitId="" price="0.000000" entrysum="0.000000" sort="1" lastUpdatedStamp="2012-08-20 15:05:57.0" lastUpdatedTxStamp="2012-08-20 15:05:57.0" createdStamp="2012-08-20 15:05:57.0" createdTxStamp="2012-08-20 15:05:57.0"/>
    <WorkshopWarehousingEntry id="f68b052e-c4b8-44e2-86b1-7a912942fd2b" parentId="fd9d7cc4-241d-49e1-829c-47058cc49ee7" warehouseWarehouseId="59a924e6-212b-47e4-8ba4-238b9ab0cdb5" bomId="9e35167a-1b39-429c-8360-fa9d45028968" materialMaterialModel="" volume="1792.000000" unitUnitId="3632a300-6fc2-4894-a077-64fb441df7fd" price="0.000000" entrysum="0.000000" sort="1" lastUpdatedStamp="2012-08-20 14:49:17.0" lastUpdatedTxStamp="2012-08-20 14:49:17.0" createdStamp="2012-08-20 14:49:17.0" createdTxStamp="2012-08-20 14:49:17.0"/>
    <WorkshopWarehousingEntry id="f7275746-90fe-4cea-a59b-3f763149c65b" parentId="91da65b1-8145-4239-9702-f10cc57db4cd" warehouseWarehouseId="c3db8103-e5d1-495e-9d3a-8cbe87b51662" bomId="426f0752-faa1-4fa4-a907-e23b3c1ce743" materialMaterialModel="" volume="20100.000000" unitUnitId="" price="24.707155" entrysum="496613.819520" sort="9" lastUpdatedStamp="2012-08-09 16:59:27.0" lastUpdatedTxStamp="2012-08-09 16:59:25.0" createdStamp="2012-08-09 16:57:49.0" createdTxStamp="2012-08-09 16:57:49.0"/>
    <WorkshopWarehousingEntry id="f7c06830-aa36-43da-81fc-c5bdc2a7b614" parentId="c7f96beb-2674-4ca9-a5a3-f75d49cca37e" warehouseWarehouseId="c3db8103-e5d1-495e-9d3a-8cbe87b51662" bomId="1e54ae06-428d-4daf-a085-7d615aa03147" materialMaterialModel="" volume="731.000000" unitUnitId="36927a08-ba89-438b-bb0d-3013c64a0341" price="19.689800" entrysum="14393.243800" sort="6" lastUpdatedStamp="2012-08-10 14:58:55.0" lastUpdatedTxStamp="2012-08-10 14:58:54.0" createdStamp="2012-08-10 14:57:40.0" createdTxStamp="2012-08-10 14:57:40.0"/>
    <WorkshopWarehousingEntry id="fb29c5a7-84ed-4f77-9a35-24b54bbe3b3c" parentId="b36060da-e379-453b-97fb-42600b3864bd" warehouseWarehouseId="c3db8103-e5d1-495e-9d3a-8cbe87b51662" bomId="eb4a6dad-53c5-46d1-b36e-751102f46f0d" materialMaterialModel="" volume="32037.000000" unitUnitId="36927a08-ba89-438b-bb0d-3013c64a0341" price="1.133007" entrysum="36298.145259" sort="3" lastUpdatedStamp="2012-08-10 15:22:35.0" lastUpdatedTxStamp="2012-08-10 15:22:34.0" createdStamp="2012-08-09 14:32:44.0" createdTxStamp="2012-08-09 14:32:44.0"/>
    <WorkshopWarehousingEntry id="fba13413-c04a-441d-9035-8a3e6a6aa0e6" parentId="2b06fa4c-1b74-4581-a520-04fc4ed59c2f" warehouseWarehouseId="59a924e6-212b-47e4-8ba4-238b9ab0cdb5" bomId="09b105db-3a7f-44ff-9330-6324cfde08da" materialMaterialModel="" volume="1672.000000" unitUnitId="3632a300-6fc2-4894-a077-64fb441df7fd" price="0.000000" entrysum="0.000000" sort="1" lastUpdatedStamp="2012-08-20 15:32:33.0" lastUpdatedTxStamp="2012-08-20 15:32:33.0" createdStamp="2012-08-20 15:32:33.0" createdTxStamp="2012-08-20 15:32:33.0"/>
</entity-engine-xml>
