<?xml version="1.0" encoding="UTF-8"?>
<entity-engine-xml>
    <WorkshopWarehousing id="00320302-5973-4f05-a9ae-a7a887a4644d" number="WWS20120820100033" bizDate="2012-07-31 08:00:00.0" workshopWorkshopId="f981f9cc-0283-4bd2-8d9e-5eb1d49144cb" checkerSystemUserId="05230e72-730e-4a4e-9be8-3789eee2bc85" submitterSystemUserId="" totalsum="0.000000" note="" status="0" createdStamp="2012-08-20 15:09:46.0" lastUpdatedStamp="2012-08-20 15:09:46.0" lastUpdatedTxStamp="2012-08-20 15:09:46.0" createdTxStamp="2012-08-20 15:09:46.0"/>
    <WorkshopWarehousing id="01f93688-71d7-4eec-b305-de26a97b3459" number="WWS20120820100057" bizDate="2012-07-31 08:00:00.0" workshopWorkshopId="f981f9cc-0283-4bd2-8d9e-5eb1d49144cb" checkerSystemUserId="037d78c8-a536-4086-933a-d17791e621d8" submitterSystemUserId="" totalsum="0.000000" note="" status="0" createdStamp="2012-08-20 15:30:31.0" lastUpdatedStamp="2012-08-20 15:30:31.0" lastUpdatedTxStamp="2012-08-20 15:30:31.0" createdTxStamp="2012-08-20 15:30:31.0"/>
    <WorkshopWarehousing id="02efdcdd-efda-4828-8df3-28027b1300a8" number="WWS20120820100018" bizDate="2012-07-31 08:00:00.0" workshopWorkshopId="f981f9cc-0283-4bd2-8d9e-5eb1d49144cb" checkerSystemUserId="037d78c8-a536-4086-933a-d17791e621d8" submitterSystemUserId="" totalsum="0.000000" note="" status="0" createdStamp="2012-08-20 15:03:51.0" lastUpdatedStamp="2012-08-20 15:03:51.0" lastUpdatedTxStamp="2012-08-20 15:03:51.0" createdTxStamp="2012-08-20 15:03:51.0"/>
    <WorkshopWarehousing id="0469eaeb-a937-403d-a523-b68731fc4416" number="WWS20120820100051" bizDate="2012-07-31 08:00:00.0" workshopWorkshopId="f981f9cc-0283-4bd2-8d9e-5eb1d49144cb" checkerSystemUserId="037d78c8-a536-4086-933a-d17791e621d8" submitterSystemUserId="" totalsum="0.000000" note="" status="0" createdStamp="2012-08-20 15:28:36.0" lastUpdatedStamp="2012-08-20 15:28:36.0" lastUpdatedTxStamp="2012-08-20 15:28:36.0" createdTxStamp="2012-08-20 15:28:36.0"/>
    <WorkshopWarehousing id="04cb7491-b811-43b2-908d-a8df5e939a14" number="WWS20120806100002" bizDate="2012-07-31 08:00:00.0" workshopWorkshopId="f981f9cc-0283-4bd2-8d9e-5eb1d49144cb" checkerSystemUserId="037d78c8-a536-4086-933a-d17791e621d8" submitterSystemUserId="037d78c8-a536-4086-933a-d17791e621d8" totalsum="480887.819042" note="" status="4" createdStamp="2012-08-06 11:48:39.0" lastUpdatedStamp="2012-08-20 15:26:21.0" submitStamp="2012-08-20 15:26:21.0" lastUpdatedTxStamp="2012-08-20 15:26:20.0" createdTxStamp="2012-08-06 11:48:39.0"/>
    <WorkshopWarehousing id="04d97e33-195d-41bf-9287-fb55de665cb7" number="WWS20120820100048" bizDate="2012-07-31 08:00:00.0" workshopWorkshopId="f981f9cc-0283-4bd2-8d9e-5eb1d49144cb" checkerSystemUserId="05230e72-730e-4a4e-9be8-3789eee2bc85" submitterSystemUserId="" totalsum="0.000000" note="" status="0" createdStamp="2012-08-20 15:27:07.0" lastUpdatedStamp="2012-08-20 15:27:07.0" lastUpdatedTxStamp="2012-08-20 15:27:07.0" createdTxStamp="2012-08-20 15:27:07.0"/>
    <WorkshopWarehousing id="065cef1b-8ab7-4494-81df-755548bc1ee8" number="WWS20120820100034" bizDate="2012-07-31 08:00:00.0" workshopWorkshopId="f981f9cc-0283-4bd2-8d9e-5eb1d49144cb" checkerSystemUserId="037d78c8-a536-4086-933a-d17791e621d8" submitterSystemUserId="" totalsum="0.000000" note="" status="0" createdStamp="2012-08-20 15:10:01.0" lastUpdatedStamp="2012-08-20 15:10:01.0" lastUpdatedTxStamp="2012-08-20 15:10:01.0" createdTxStamp="2012-08-20 15:10:01.0"/>
    <WorkshopWarehousing id="08f464c1-73fd-41d6-9e86-d846eeb31cfd" number="WWS20120810100002" bizDate="2012-07-31 08:00:00.0" workshopWorkshopId="3d026e7b-ff54-47d3-b8e8-1934ded5448b" checkerSystemUserId="52aeb32b-3313-46bc-b811-ce42df5da8f6" submitterSystemUserId="52aeb32b-3313-46bc-b811-ce42df5da8f6" totalsum="1198582.726580" note="" status="4" createdStamp="2012-08-10 14:09:48.0" lastUpdatedStamp="2012-08-10 14:09:49.0" submitStamp="2012-08-10 14:09:49.0" lastUpdatedTxStamp="2012-08-10 14:09:49.0" createdTxStamp="2012-08-10 14:09:48.0"/>
    <WorkshopWarehousing id="0e16a660-8905-4d30-877a-cbd5b2ae4da0" number="WWS20120820100038" bizDate="2012-07-31 08:00:00.0" workshopWorkshopId="f981f9cc-0283-4bd2-8d9e-5eb1d49144cb" checkerSystemUserId="037d78c8-a536-4086-933a-d17791e621d8" submitterSystemUserId="" totalsum="0.000000" note="" status="0" createdStamp="2012-08-20 15:12:12.0" lastUpdatedStamp="2012-08-20 15:12:12.0" lastUpdatedTxStamp="2012-08-20 15:12:12.0" createdTxStamp="2012-08-20 15:12:12.0"/>
    <WorkshopWarehousing id="122f5ac7-3516-4952-95d4-8587154ed56c" number="WWS20120820100014" bizDate="2012-07-31 08:00:00.0" workshopWorkshopId="f981f9cc-0283-4bd2-8d9e-5eb1d49144cb" checkerSystemUserId="037d78c8-a536-4086-933a-d17791e621d8" submitterSystemUserId="" totalsum="0.000000" note="" status="0" createdStamp="2012-08-20 15:02:13.0" lastUpdatedStamp="2012-08-20 15:02:13.0" lastUpdatedTxStamp="2012-08-20 15:02:13.0" createdTxStamp="2012-08-20 15:02:13.0"/>
    <WorkshopWarehousing id="165118ff-6d3e-4429-a8f0-a17d88559211" number="WWS20120820100002" bizDate="2012-07-31 08:00:00.0" workshopWorkshopId="f981f9cc-0283-4bd2-8d9e-5eb1d49144cb" checkerSystemUserId="037d78c8-a536-4086-933a-d17791e621d8" submitterSystemUserId="" totalsum="0.000000" note="" status="0" createdStamp="2012-08-20 14:52:37.0" lastUpdatedStamp="2012-08-20 14:52:37.0" lastUpdatedTxStamp="2012-08-20 14:52:37.0" createdTxStamp="2012-08-20 14:52:37.0"/>
    <WorkshopWarehousing id="17afddf0-21ed-4612-b2bc-c9009c5aae3a" number="WWS20120820100023" bizDate="2012-07-31 08:00:00.0" workshopWorkshopId="f981f9cc-0283-4bd2-8d9e-5eb1d49144cb" checkerSystemUserId="037d78c8-a536-4086-933a-d17791e621d8" submitterSystemUserId="" totalsum="0.000000" note="" status="0" createdStamp="2012-08-20 15:05:57.0" lastUpdatedStamp="2012-08-20 15:05:57.0" lastUpdatedTxStamp="2012-08-20 15:05:57.0" createdTxStamp="2012-08-20 15:05:57.0"/>
    <WorkshopWarehousing id="184c1117-4759-4e93-8aa5-e9295f575198" number="WWS20120820100063" bizDate="2012-07-31 08:00:00.0" workshopWorkshopId="f981f9cc-0283-4bd2-8d9e-5eb1d49144cb" checkerSystemUserId="05230e72-730e-4a4e-9be8-3789eee2bc85" submitterSystemUserId="" totalsum="0.000000" note="" status="0" createdStamp="2012-08-20 15:32:23.0" lastUpdatedStamp="2012-08-20 15:32:23.0" lastUpdatedTxStamp="2012-08-20 15:32:23.0" createdTxStamp="2012-08-20 15:32:23.0"/>
    <WorkshopWarehousing id="1e0eaa57-0d5f-4bda-8e38-595bf981d18a" number="WWS20120724100002" bizDate="2012-07-24 08:00:00.0" workshopWorkshopId="3d026e7b-ff54-47d3-b8e8-1934ded5448b" checkerSystemUserId="52aeb32b-3313-46bc-b811-ce42df5da8f6" submitterSystemUserId="52aeb32b-3313-46bc-b811-ce42df5da8f6" totalsum="-66489.373496" note="" status="4" createdStamp="2012-07-24 20:38:08.0" lastUpdatedStamp="2012-08-21 08:50:37.0" submitStamp="2012-08-21 08:50:37.0" lastUpdatedTxStamp="2012-08-21 08:50:37.0" createdTxStamp="2012-07-24 20:38:08.0"/>
    <WorkshopWarehousing id="20e18486-b11d-4a63-b756-3e3a144d2c1d" number="WWS20120820100050" bizDate="2012-07-31 08:00:00.0" workshopWorkshopId="f981f9cc-0283-4bd2-8d9e-5eb1d49144cb" checkerSystemUserId="05230e72-730e-4a4e-9be8-3789eee2bc85" submitterSystemUserId="" totalsum="0.000000" note="" status="0" createdStamp="2012-08-20 15:28:27.0" lastUpdatedStamp="2012-08-20 15:28:27.0" lastUpdatedTxStamp="2012-08-20 15:28:27.0" createdTxStamp="2012-08-20 15:28:27.0"/>
    <WorkshopWarehousing id="24455ca5-95b6-4cb3-9e68-31580d7429ae" number="WWS20120820100007" bizDate="2012-07-31 08:00:00.0" workshopWorkshopId="f981f9cc-0283-4bd2-8d9e-5eb1d49144cb" checkerSystemUserId="037d78c8-a536-4086-933a-d17791e621d8" submitterSystemUserId="" totalsum="0.000000" note="" status="0" createdStamp="2012-08-20 14:59:57.0" lastUpdatedStamp="2012-08-20 14:59:57.0" lastUpdatedTxStamp="2012-08-20 14:59:57.0" createdTxStamp="2012-08-20 14:59:57.0"/>
    <WorkshopWarehousing id="2a477948-b577-4791-81a1-25f07b15478d" number="WWS20120820100037" bizDate="2012-07-31 08:00:00.0" workshopWorkshopId="f981f9cc-0283-4bd2-8d9e-5eb1d49144cb" checkerSystemUserId="037d78c8-a536-4086-933a-d17791e621d8" submitterSystemUserId="" totalsum="0.000000" note="" status="0" createdStamp="2012-08-20 15:11:28.0" lastUpdatedStamp="2012-08-20 15:11:28.0" lastUpdatedTxStamp="2012-08-20 15:11:28.0" createdTxStamp="2012-08-20 15:11:28.0"/>
    <WorkshopWarehousing id="2b06fa4c-1b74-4581-a520-04fc4ed59c2f" number="WWS20120820100064" bizDate="2012-07-31 08:00:00.0" workshopWorkshopId="f981f9cc-0283-4bd2-8d9e-5eb1d49144cb" checkerSystemUserId="037d78c8-a536-4086-933a-d17791e621d8" submitterSystemUserId="" totalsum="0.000000" note="" status="0" createdStamp="2012-08-20 15:32:33.0" lastUpdatedStamp="2012-08-20 15:32:33.0" lastUpdatedTxStamp="2012-08-20 15:32:33.0" createdTxStamp="2012-08-20 15:32:33.0"/>
    <WorkshopWarehousing id="2b346ceb-e2fb-40b0-aa36-50a0afcaf941" number="WWS20120810100003" bizDate="2012-07-31 08:00:00.0" workshopWorkshopId="3d026e7b-ff54-47d3-b8e8-1934ded5448b" checkerSystemUserId="52aeb32b-3313-46bc-b811-ce42df5da8f6" submitterSystemUserId="52aeb32b-3313-46bc-b811-ce42df5da8f6" totalsum="282618.783607" note="" status="4" createdStamp="2012-08-10 14:17:42.0" lastUpdatedStamp="2012-08-10 14:17:44.0" submitStamp="2012-08-10 14:17:44.0" lastUpdatedTxStamp="2012-08-10 14:17:42.0" createdTxStamp="2012-08-10 14:17:42.0"/>
    <WorkshopWarehousing id="2d57cef1-3f03-4649-a8ce-8d7b579cb636" number="WWS20120810100006" bizDate="2012-07-31 08:00:00.0" workshopWorkshopId="3d026e7b-ff54-47d3-b8e8-1934ded5448b" checkerSystemUserId="52aeb32b-3313-46bc-b811-ce42df5da8f6" submitterSystemUserId="52aeb32b-3313-46bc-b811-ce42df5da8f6" totalsum="1515827.547991" note="" status="4" createdStamp="2012-08-10 15:09:40.0" lastUpdatedStamp="2012-08-10 15:09:42.0" submitStamp="2012-08-10 15:09:42.0" lastUpdatedTxStamp="2012-08-10 15:09:40.0" createdTxStamp="2012-08-10 15:09:40.0"/>
    <WorkshopWarehousing id="323943dc-2d94-4074-8608-d857f16f20b1" number="WWS20120809100003" bizDate="2012-07-31 08:00:00.0" workshopWorkshopId="3d026e7b-ff54-47d3-b8e8-1934ded5448b" checkerSystemUserId="52aeb32b-3313-46bc-b811-ce42df5da8f6" submitterSystemUserId="52aeb32b-3313-46bc-b811-ce42df5da8f6" totalsum="259250.138857" note="" status="4" createdStamp="2012-08-09 14:49:30.0" lastUpdatedStamp="2012-08-10 15:22:28.0" submitStamp="2012-08-10 15:22:28.0" lastUpdatedTxStamp="2012-08-10 15:22:28.0" createdTxStamp="2012-08-09 14:49:30.0"/>
    <WorkshopWarehousing id="34ffebc9-41f5-4123-b587-f5eee82cc36a" number="WWS20120820100040" bizDate="2012-07-31 08:00:00.0" workshopWorkshopId="f981f9cc-0283-4bd2-8d9e-5eb1d49144cb" checkerSystemUserId="037d78c8-a536-4086-933a-d17791e621d8" submitterSystemUserId="" totalsum="0.000000" note="" status="0" createdStamp="2012-08-20 15:13:37.0" lastUpdatedStamp="2012-08-20 15:13:37.0" lastUpdatedTxStamp="2012-08-20 15:13:36.0" createdTxStamp="2012-08-20 15:13:36.0"/>
    <WorkshopWarehousing id="3bf7fa37-8b38-40a1-a916-95a18cc5c71c" number="WWS20120820100053" bizDate="2012-07-31 08:00:00.0" workshopWorkshopId="f981f9cc-0283-4bd2-8d9e-5eb1d49144cb" checkerSystemUserId="05230e72-730e-4a4e-9be8-3789eee2bc85" submitterSystemUserId="" totalsum="0.000000" note="" status="0" createdStamp="2012-08-20 15:29:01.0" lastUpdatedStamp="2012-08-20 15:29:01.0" lastUpdatedTxStamp="2012-08-20 15:29:01.0" createdTxStamp="2012-08-20 15:29:01.0"/>
    <WorkshopWarehousing id="3caf850b-a2f1-44da-92f9-f143a029eedd" number="WWS20120810100001" bizDate="2012-07-31 08:00:00.0" workshopWorkshopId="3d026e7b-ff54-47d3-b8e8-1934ded5448b" checkerSystemUserId="52aeb32b-3313-46bc-b811-ce42df5da8f6" submitterSystemUserId="52aeb32b-3313-46bc-b811-ce42df5da8f6" totalsum="265618.958985" note="" status="4" createdStamp="2012-08-10 14:04:27.0" lastUpdatedStamp="2012-08-10 14:05:42.0" submitStamp="2012-08-10 14:05:42.0" lastUpdatedTxStamp="2012-08-10 14:05:41.0" createdTxStamp="2012-08-10 14:04:27.0"/>
    <WorkshopWarehousing id="3d6f9ce2-fc5c-47ec-abf5-f70eb1c80dc7" number="WWS20120820100062" bizDate="2012-07-31 08:00:00.0" workshopWorkshopId="f981f9cc-0283-4bd2-8d9e-5eb1d49144cb" checkerSystemUserId="037d78c8-a536-4086-933a-d17791e621d8" submitterSystemUserId="" totalsum="0.000000" note="" status="0" createdStamp="2012-08-20 15:32:00.0" lastUpdatedStamp="2012-08-20 15:32:00.0" lastUpdatedTxStamp="2012-08-20 15:32:00.0" createdTxStamp="2012-08-20 15:32:00.0"/>
    <WorkshopWarehousing id="3e943389-84fa-4aaf-a591-ad18f6ab3abe" number="WWS20120820100046" bizDate="2012-07-31 08:00:00.0" workshopWorkshopId="f981f9cc-0283-4bd2-8d9e-5eb1d49144cb" checkerSystemUserId="05230e72-730e-4a4e-9be8-3789eee2bc85" submitterSystemUserId="" totalsum="0.000000" note="" status="0" createdStamp="2012-08-20 15:24:27.0" lastUpdatedStamp="2012-08-20 15:24:27.0" lastUpdatedTxStamp="2012-08-20 15:24:27.0" createdTxStamp="2012-08-20 15:24:27.0"/>
    <WorkshopWarehousing id="402065ae-d648-4f7a-8074-296e291062c7" number="WWS20120820100024" bizDate="2012-07-31 08:00:00.0" workshopWorkshopId="f981f9cc-0283-4bd2-8d9e-5eb1d49144cb" checkerSystemUserId="037d78c8-a536-4086-933a-d17791e621d8" submitterSystemUserId="" totalsum="0.000000" note="" status="0" createdStamp="2012-08-20 15:06:22.0" lastUpdatedStamp="2012-08-20 15:06:22.0" lastUpdatedTxStamp="2012-08-20 15:06:22.0" createdTxStamp="2012-08-20 15:06:22.0"/>
    <WorkshopWarehousing id="439a4d68-0b5e-45c6-8800-2fc64ddbf93a" number="WWS20120820100043" bizDate="2012-07-31 08:00:00.0" workshopWorkshopId="f981f9cc-0283-4bd2-8d9e-5eb1d49144cb" checkerSystemUserId="05230e72-730e-4a4e-9be8-3789eee2bc85" submitterSystemUserId="" totalsum="0.000000" note="" status="0" createdStamp="2012-08-20 15:22:10.0" lastUpdatedStamp="2012-08-20 15:22:10.0" lastUpdatedTxStamp="2012-08-20 15:22:10.0" createdTxStamp="2012-08-20 15:22:10.0"/>
    <WorkshopWarehousing id="439c3cfd-fd0d-44a8-bda5-85ff6147d6db" number="WWS20120809100006" bizDate="2012-07-31 08:00:00.0" workshopWorkshopId="3d026e7b-ff54-47d3-b8e8-1934ded5448b" checkerSystemUserId="52aeb32b-3313-46bc-b811-ce42df5da8f6" submitterSystemUserId="52aeb32b-3313-46bc-b811-ce42df5da8f6" totalsum="365376.374153" note="" status="4" createdStamp="2012-08-09 15:31:10.0" lastUpdatedStamp="2012-08-09 15:42:09.0" submitStamp="2012-08-09 15:42:09.0" lastUpdatedTxStamp="2012-08-09 15:42:09.0" createdTxStamp="2012-08-09 15:31:10.0"/>
    <WorkshopWarehousing id="482fd16b-cb45-41c1-9126-67f004b99aef" number="WWS20120820100045" bizDate="2012-07-31 08:00:00.0" workshopWorkshopId="f981f9cc-0283-4bd2-8d9e-5eb1d49144cb" checkerSystemUserId="05230e72-730e-4a4e-9be8-3789eee2bc85" submitterSystemUserId="" totalsum="0.000000" note="" status="0" createdStamp="2012-08-20 15:23:39.0" lastUpdatedStamp="2012-08-20 15:23:39.0" lastUpdatedTxStamp="2012-08-20 15:23:39.0" createdTxStamp="2012-08-20 15:23:39.0"/>
    <WorkshopWarehousing id="491d9fd7-4480-4961-bd13-52d05953bac0" number="WWS20120820100044" bizDate="2012-07-31 08:00:00.0" workshopWorkshopId="f981f9cc-0283-4bd2-8d9e-5eb1d49144cb" checkerSystemUserId="05230e72-730e-4a4e-9be8-3789eee2bc85" submitterSystemUserId="" totalsum="0.000000" note="" status="0" createdStamp="2012-08-20 15:22:47.0" lastUpdatedStamp="2012-08-20 15:22:47.0" lastUpdatedTxStamp="2012-08-20 15:22:47.0" createdTxStamp="2012-08-20 15:22:47.0"/>
    <WorkshopWarehousing id="4b67ba65-c00c-450e-976e-740188d5aeb7" number="WWS20120809100007" bizDate="2012-07-31 08:00:00.0" workshopWorkshopId="3d026e7b-ff54-47d3-b8e8-1934ded5448b" checkerSystemUserId="52aeb32b-3313-46bc-b811-ce42df5da8f6" submitterSystemUserId="52aeb32b-3313-46bc-b811-ce42df5da8f6" totalsum="1122341.049963" note="" status="4" createdStamp="2012-08-09 16:10:03.0" lastUpdatedStamp="2012-08-10 14:02:37.0" submitStamp="2012-08-10 14:02:37.0" lastUpdatedTxStamp="2012-08-10 14:02:36.0" createdTxStamp="2012-08-09 16:10:03.0"/>
    <WorkshopWarehousing id="4c258eb7-fc6b-4a0b-89e1-67d421c5f847" number="WWS20120820100009" bizDate="2012-07-31 08:00:00.0" workshopWorkshopId="f981f9cc-0283-4bd2-8d9e-5eb1d49144cb" checkerSystemUserId="037d78c8-a536-4086-933a-d17791e621d8" submitterSystemUserId="" totalsum="0.000000" note="" status="0" createdStamp="2012-08-20 15:00:43.0" lastUpdatedStamp="2012-08-20 15:00:43.0" lastUpdatedTxStamp="2012-08-20 15:00:43.0" createdTxStamp="2012-08-20 15:00:43.0"/>
    <WorkshopWarehousing id="4da091b8-7960-4e44-aa2d-6ef6ed8bf247" number="WWS20120820100017" bizDate="2012-07-31 08:00:00.0" workshopWorkshopId="f981f9cc-0283-4bd2-8d9e-5eb1d49144cb" checkerSystemUserId="037d78c8-a536-4086-933a-d17791e621d8" submitterSystemUserId="" totalsum="0.000000" note="" status="0" createdStamp="2012-08-20 15:03:19.0" lastUpdatedStamp="2012-08-20 15:03:19.0" lastUpdatedTxStamp="2012-08-20 15:03:19.0" createdTxStamp="2012-08-20 15:03:19.0"/>
    <WorkshopWarehousing id="4fb9a4c1-ce62-4d63-b450-f5f8b445775a" number="WWS20120820100041" bizDate="2012-07-31 08:00:00.0" workshopWorkshopId="f981f9cc-0283-4bd2-8d9e-5eb1d49144cb" checkerSystemUserId="037d78c8-a536-4086-933a-d17791e621d8" submitterSystemUserId="" totalsum="0.000000" note="" status="0" createdStamp="2012-08-20 15:14:03.0" lastUpdatedStamp="2012-08-20 15:14:03.0" lastUpdatedTxStamp="2012-08-20 15:14:03.0" createdTxStamp="2012-08-20 15:14:03.0"/>
    <WorkshopWarehousing id="5039dc39-0da3-4f09-85a5-717fdea9ead1" number="WWS20120820100031" bizDate="2012-07-31 08:00:00.0" workshopWorkshopId="f981f9cc-0283-4bd2-8d9e-5eb1d49144cb" checkerSystemUserId="037d78c8-a536-4086-933a-d17791e621d8" submitterSystemUserId="" totalsum="0.000000" note="" status="0" createdStamp="2012-08-20 15:08:57.0" lastUpdatedStamp="2012-08-20 15:08:57.0" lastUpdatedTxStamp="2012-08-20 15:08:57.0" createdTxStamp="2012-08-20 15:08:57.0"/>
    <WorkshopWarehousing id="51d302f9-c07f-488c-92d1-d99cab96a9c2" number="WWS20120820100042" bizDate="2012-07-31 08:00:00.0" workshopWorkshopId="f981f9cc-0283-4bd2-8d9e-5eb1d49144cb" checkerSystemUserId="037d78c8-a536-4086-933a-d17791e621d8" submitterSystemUserId="" totalsum="0.000000" note="" status="0" createdStamp="2012-08-20 15:14:41.0" lastUpdatedStamp="2012-08-20 15:14:41.0" lastUpdatedTxStamp="2012-08-20 15:14:41.0" createdTxStamp="2012-08-20 15:14:41.0"/>
    <WorkshopWarehousing id="54897bed-0d94-41e5-9e76-23543c25197d" number="WWS20120820100039" bizDate="2012-07-31 08:00:00.0" workshopWorkshopId="f981f9cc-0283-4bd2-8d9e-5eb1d49144cb" checkerSystemUserId="037d78c8-a536-4086-933a-d17791e621d8" submitterSystemUserId="" totalsum="0.000000" note="" status="0" createdStamp="2012-08-20 15:13:03.0" lastUpdatedStamp="2012-08-20 15:13:03.0" lastUpdatedTxStamp="2012-08-20 15:13:03.0" createdTxStamp="2012-08-20 15:13:03.0"/>
    <WorkshopWarehousing id="56464a21-3564-46dd-9474-ba1fbc0fb186" number="WWS20120820100058" bizDate="2012-07-31 08:00:00.0" workshopWorkshopId="f981f9cc-0283-4bd2-8d9e-5eb1d49144cb" checkerSystemUserId="05230e72-730e-4a4e-9be8-3789eee2bc85" submitterSystemUserId="" totalsum="0.000000" note="" status="0" createdStamp="2012-08-20 15:30:38.0" lastUpdatedStamp="2012-08-20 15:30:38.0" lastUpdatedTxStamp="2012-08-20 15:30:38.0" createdTxStamp="2012-08-20 15:30:38.0"/>
    <WorkshopWarehousing id="5d4e752b-40dc-433c-9814-5567a20c49ca" number="WWS20120820100030" bizDate="2012-07-31 08:00:00.0" workshopWorkshopId="f981f9cc-0283-4bd2-8d9e-5eb1d49144cb" checkerSystemUserId="05230e72-730e-4a4e-9be8-3789eee2bc85" submitterSystemUserId="" totalsum="0.000000" note="" status="0" createdStamp="2012-08-20 15:08:30.0" lastUpdatedStamp="2012-08-20 15:08:30.0" lastUpdatedTxStamp="2012-08-20 15:08:30.0" createdTxStamp="2012-08-20 15:08:30.0"/>
    <WorkshopWarehousing id="5d78786b-6e4a-4cc7-8213-ac9cde732846" number="WWS20120820100003" bizDate="2012-07-31 08:00:00.0" workshopWorkshopId="f981f9cc-0283-4bd2-8d9e-5eb1d49144cb" checkerSystemUserId="037d78c8-a536-4086-933a-d17791e621d8" submitterSystemUserId="" totalsum="0.000000" note="" status="0" createdStamp="2012-08-20 14:54:42.0" lastUpdatedStamp="2012-08-20 17:01:07.0" lastUpdatedTxStamp="2012-08-20 17:01:07.0" createdTxStamp="2012-08-20 14:54:42.0"/>
    <WorkshopWarehousing id="5e9add13-52c4-43f4-8694-c9e13788eda8" number="WWS20120820100052" bizDate="2012-07-31 08:00:00.0" workshopWorkshopId="f981f9cc-0283-4bd2-8d9e-5eb1d49144cb" checkerSystemUserId="037d78c8-a536-4086-933a-d17791e621d8" submitterSystemUserId="" totalsum="0.000000" note="" status="0" createdStamp="2012-08-20 15:28:59.0" lastUpdatedStamp="2012-08-20 15:28:59.0" lastUpdatedTxStamp="2012-08-20 15:28:59.0" createdTxStamp="2012-08-20 15:28:59.0"/>
    <WorkshopWarehousing id="624873cb-70b9-4b73-8bd3-e162a7abe116" number="WWS20120820100028" bizDate="2012-07-31 08:00:00.0" workshopWorkshopId="f981f9cc-0283-4bd2-8d9e-5eb1d49144cb" checkerSystemUserId="05230e72-730e-4a4e-9be8-3789eee2bc85" submitterSystemUserId="" totalsum="0.000000" note="" status="0" createdStamp="2012-08-20 15:07:48.0" lastUpdatedStamp="2012-08-20 15:07:48.0" lastUpdatedTxStamp="2012-08-20 15:07:48.0" createdTxStamp="2012-08-20 15:07:48.0"/>
    <WorkshopWarehousing id="660a4180-0786-4eca-9427-cf16bf2dd2b7" number="WWS20120820100005" bizDate="2012-07-31 08:00:00.0" workshopWorkshopId="f981f9cc-0283-4bd2-8d9e-5eb1d49144cb" checkerSystemUserId="05230e72-730e-4a4e-9be8-3789eee2bc85" submitterSystemUserId="" totalsum="0.000000" note="" status="0" createdStamp="2012-08-20 14:59:06.0" lastUpdatedStamp="2012-08-20 14:59:06.0" lastUpdatedTxStamp="2012-08-20 14:59:06.0" createdTxStamp="2012-08-20 14:59:06.0"/>
    <WorkshopWarehousing id="6d15bb99-e438-42c7-81c7-1fa9eaddf285" number="WWS20120820100055" bizDate="2012-07-31 08:00:00.0" workshopWorkshopId="f981f9cc-0283-4bd2-8d9e-5eb1d49144cb" checkerSystemUserId="037d78c8-a536-4086-933a-d17791e621d8" submitterSystemUserId="" totalsum="0.000000" note="" status="0" createdStamp="2012-08-20 15:29:38.0" lastUpdatedStamp="2012-08-20 15:29:38.0" lastUpdatedTxStamp="2012-08-20 15:29:38.0" createdTxStamp="2012-08-20 15:29:38.0"/>
    <WorkshopWarehousing id="6e50762d-14e3-4cc8-b071-a3e62468c5a9" number="WWS20120810100009" bizDate="2012-07-31 08:00:00.0" workshopWorkshopId="3d026e7b-ff54-47d3-b8e8-1934ded5448b" checkerSystemUserId="52aeb32b-3313-46bc-b811-ce42df5da8f6" submitterSystemUserId="52aeb32b-3313-46bc-b811-ce42df5da8f6" totalsum="760908.692584" note="" status="4" createdStamp="2012-08-10 15:43:39.0" lastUpdatedStamp="2012-08-10 15:43:39.0" submitStamp="2012-08-10 15:43:39.0" lastUpdatedTxStamp="2012-08-10 15:43:39.0" createdTxStamp="2012-08-10 15:43:39.0"/>
    <WorkshopWarehousing id="73bea4b5-2bb0-46a3-9fdb-28b562c857c2" number="WWS20120820100059" bizDate="2012-07-31 08:00:00.0" workshopWorkshopId="f981f9cc-0283-4bd2-8d9e-5eb1d49144cb" checkerSystemUserId="037d78c8-a536-4086-933a-d17791e621d8" submitterSystemUserId="" totalsum="0.000000" note="" status="0" createdStamp="2012-08-20 15:31:02.0" lastUpdatedStamp="2012-08-20 15:31:02.0" lastUpdatedTxStamp="2012-08-20 15:31:02.0" createdTxStamp="2012-08-20 15:31:02.0"/>
    <WorkshopWarehousing id="794dbfed-f9a3-4c92-84eb-7dc90cdd40a9" number="WWS20120820100068" bizDate="2012-07-31 08:00:00.0" workshopWorkshopId="f981f9cc-0283-4bd2-8d9e-5eb1d49144cb" checkerSystemUserId="037d78c8-a536-4086-933a-d17791e621d8" submitterSystemUserId="" totalsum="0.000000" note="" status="0" createdStamp="2012-08-20 15:34:18.0" lastUpdatedStamp="2012-08-20 15:34:18.0" lastUpdatedTxStamp="2012-08-20 15:34:18.0" createdTxStamp="2012-08-20 15:34:18.0"/>
    <WorkshopWarehousing id="79c588b2-7a52-4d41-925d-bf994d068512" number="WWS20120724100001" bizDate="2012-07-24 08:00:00.0" workshopWorkshopId="3d026e7b-ff54-47d3-b8e8-1934ded5448b" checkerSystemUserId="52aeb32b-3313-46bc-b811-ce42df5da8f6" submitterSystemUserId="52aeb32b-3313-46bc-b811-ce42df5da8f6" totalsum="4700.258640" note="" status="4" createdStamp="2012-07-24 19:27:22.0" lastUpdatedStamp="2012-08-21 08:50:41.0" submitStamp="2012-08-21 08:50:41.0" lastUpdatedTxStamp="2012-08-21 08:50:41.0" createdTxStamp="2012-07-24 19:27:22.0"/>
    <WorkshopWarehousing id="7a92b123-ec8d-4feb-b1ff-06b965c5ec8d" number="WWS20120820100072" bizDate="2012-07-31 08:00:00.0" workshopWorkshopId="f981f9cc-0283-4bd2-8d9e-5eb1d49144cb" checkerSystemUserId="037d78c8-a536-4086-933a-d17791e621d8" submitterSystemUserId="" totalsum="0.000000" note="" status="0" createdStamp="2012-08-20 15:40:10.0" lastUpdatedStamp="2012-08-20 15:40:10.0" lastUpdatedTxStamp="2012-08-20 15:40:10.0" createdTxStamp="2012-08-20 15:40:10.0"/>
    <WorkshopWarehousing id="8364d129-d9fb-4b20-8020-16dfff9b5299" number="WWS20120820100027" bizDate="2012-07-31 08:00:00.0" workshopWorkshopId="f981f9cc-0283-4bd2-8d9e-5eb1d49144cb" checkerSystemUserId="037d78c8-a536-4086-933a-d17791e621d8" submitterSystemUserId="" totalsum="0.000000" note="" status="0" createdStamp="2012-08-20 15:07:36.0" lastUpdatedStamp="2012-08-20 15:07:36.0" lastUpdatedTxStamp="2012-08-20 15:07:36.0" createdTxStamp="2012-08-20 15:07:36.0"/>
    <WorkshopWarehousing id="88e2c16a-27b6-4cef-8406-e651243aa310" number="WWS20120820100056" bizDate="2012-07-31 08:00:00.0" workshopWorkshopId="f981f9cc-0283-4bd2-8d9e-5eb1d49144cb" checkerSystemUserId="037d78c8-a536-4086-933a-d17791e621d8" submitterSystemUserId="" totalsum="0.000000" note="" status="0" createdStamp="2012-08-20 15:30:07.0" lastUpdatedStamp="2012-08-20 15:30:07.0" lastUpdatedTxStamp="2012-08-20 15:30:07.0" createdTxStamp="2012-08-20 15:30:07.0"/>
    <WorkshopWarehousing id="89406b51-8271-4502-a023-1f4a502dee4f" number="WWS20120820100004" bizDate="2012-07-31 08:00:00.0" workshopWorkshopId="f981f9cc-0283-4bd2-8d9e-5eb1d49144cb" checkerSystemUserId="037d78c8-a536-4086-933a-d17791e621d8" submitterSystemUserId="" totalsum="0.000000" note="" status="0" createdStamp="2012-08-20 14:55:44.0" lastUpdatedStamp="2012-08-20 17:01:33.0" lastUpdatedTxStamp="2012-08-20 17:01:33.0" createdTxStamp="2012-08-20 14:55:44.0"/>
    <WorkshopWarehousing id="8a738ae2-5d70-47e1-b19b-743ee36369ef" number="WWS20120821100002" bizDate="2012-07-31 08:00:00.0" workshopWorkshopId="f6aa47b9-d6e8-4921-9e0c-757ac4091d7e" checkerSystemUserId="52aeb32b-3313-46bc-b811-ce42df5da8f6" submitterSystemUserId="" totalsum="0.000000" note="" status="0" createdStamp="2012-08-21 09:03:25.0" lastUpdatedStamp="2012-08-21 09:03:25.0" lastUpdatedTxStamp="2012-08-21 09:03:25.0" createdTxStamp="2012-08-21 09:03:25.0"/>
    <WorkshopWarehousing id="907e1702-6518-4602-9038-d0429b5f855b" number="WWS20120820100022" bizDate="2012-07-31 08:00:00.0" workshopWorkshopId="f981f9cc-0283-4bd2-8d9e-5eb1d49144cb" checkerSystemUserId="037d78c8-a536-4086-933a-d17791e621d8" submitterSystemUserId="" totalsum="0.000000" note="" status="0" createdStamp="2012-08-20 15:05:26.0" lastUpdatedStamp="2012-08-20 15:05:26.0" lastUpdatedTxStamp="2012-08-20 15:05:26.0" createdTxStamp="2012-08-20 15:05:26.0"/>
    <WorkshopWarehousing id="91da65b1-8145-4239-9702-f10cc57db4cd" number="WWS20120809100008" bizDate="2012-07-31 08:00:00.0" workshopWorkshopId="3d026e7b-ff54-47d3-b8e8-1934ded5448b" checkerSystemUserId="52aeb32b-3313-46bc-b811-ce42df5da8f6" submitterSystemUserId="52aeb32b-3313-46bc-b811-ce42df5da8f6" totalsum="4837292.640119" note="" status="4" createdStamp="2012-08-09 16:42:29.0" lastUpdatedStamp="2012-08-09 16:59:27.0" submitStamp="2012-08-09 16:59:27.0" lastUpdatedTxStamp="2012-08-09 16:59:25.0" createdTxStamp="2012-08-09 16:42:29.0"/>
    <WorkshopWarehousing id="92d687d3-3263-4cd4-8038-4961abdd5315" number="WWS20120820100049" bizDate="2012-07-31 08:00:00.0" workshopWorkshopId="f981f9cc-0283-4bd2-8d9e-5eb1d49144cb" checkerSystemUserId="05230e72-730e-4a4e-9be8-3789eee2bc85" submitterSystemUserId="" totalsum="0.000000" note="" status="0" createdStamp="2012-08-20 15:27:42.0" lastUpdatedStamp="2012-08-20 15:27:42.0" lastUpdatedTxStamp="2012-08-20 15:27:42.0" createdTxStamp="2012-08-20 15:27:42.0"/>
    <WorkshopWarehousing id="958dc863-7990-4347-99fe-0325e21e07c7" number="WWS20120820100021" bizDate="2012-07-31 08:00:00.0" workshopWorkshopId="f981f9cc-0283-4bd2-8d9e-5eb1d49144cb" checkerSystemUserId="037d78c8-a536-4086-933a-d17791e621d8" submitterSystemUserId="" totalsum="0.000000" note="" status="0" createdStamp="2012-08-20 15:05:03.0" lastUpdatedStamp="2012-08-20 15:05:03.0" lastUpdatedTxStamp="2012-08-20 15:05:03.0" createdTxStamp="2012-08-20 15:05:03.0"/>
    <WorkshopWarehousing id="9849481c-b20b-4f46-8d3f-bb38e7ea1782" number="WWS20120820100067" bizDate="2012-07-31 08:00:00.0" workshopWorkshopId="f981f9cc-0283-4bd2-8d9e-5eb1d49144cb" checkerSystemUserId="037d78c8-a536-4086-933a-d17791e621d8" submitterSystemUserId="" totalsum="0.000000" note="" status="0" createdStamp="2012-08-20 15:33:39.0" lastUpdatedStamp="2012-08-20 15:33:39.0" lastUpdatedTxStamp="2012-08-20 15:33:39.0" createdTxStamp="2012-08-20 15:33:39.0"/>
    <WorkshopWarehousing id="a27dea7f-d3e1-4800-b76a-e7a4b79a2818" number="WWS20120810100007" bizDate="2012-07-31 08:00:00.0" workshopWorkshopId="3d026e7b-ff54-47d3-b8e8-1934ded5448b" checkerSystemUserId="52aeb32b-3313-46bc-b811-ce42df5da8f6" submitterSystemUserId="52aeb32b-3313-46bc-b811-ce42df5da8f6" totalsum="69291.565029" note="" status="4" createdStamp="2012-08-10 15:13:53.0" lastUpdatedStamp="2012-08-11 08:29:59.0" submitStamp="2012-08-11 08:29:59.0" lastUpdatedTxStamp="2012-08-11 08:29:59.0" createdTxStamp="2012-08-10 15:13:53.0"/>
    <WorkshopWarehousing id="a4f6db0c-4220-4c3b-bc96-135ec241d97d" number="WWS20120820100071" bizDate="2012-07-31 08:00:00.0" workshopWorkshopId="f981f9cc-0283-4bd2-8d9e-5eb1d49144cb" checkerSystemUserId="037d78c8-a536-4086-933a-d17791e621d8" submitterSystemUserId="" totalsum="0.000000" note="" status="0" createdStamp="2012-08-20 15:39:41.0" lastUpdatedStamp="2012-08-20 15:39:41.0" lastUpdatedTxStamp="2012-08-20 15:39:41.0" createdTxStamp="2012-08-20 15:39:41.0"/>
    <WorkshopWarehousing id="a5f2971f-6533-4905-93f4-bf39d5aa02c9" number="WWS20120820100070" bizDate="2012-07-31 08:00:00.0" workshopWorkshopId="f981f9cc-0283-4bd2-8d9e-5eb1d49144cb" checkerSystemUserId="037d78c8-a536-4086-933a-d17791e621d8" submitterSystemUserId="" totalsum="0.000000" note="" status="0" createdStamp="2012-08-20 15:35:14.0" lastUpdatedStamp="2012-08-20 15:35:14.0" lastUpdatedTxStamp="2012-08-20 15:35:14.0" createdTxStamp="2012-08-20 15:35:14.0"/>
    <WorkshopWarehousing id="aec8e0cf-9380-42a6-be16-658baa563010" number="WWS20120820100061" bizDate="2012-07-31 08:00:00.0" workshopWorkshopId="f981f9cc-0283-4bd2-8d9e-5eb1d49144cb" checkerSystemUserId="05230e72-730e-4a4e-9be8-3789eee2bc85" submitterSystemUserId="" totalsum="0.000000" note="" status="0" createdStamp="2012-08-20 15:31:41.0" lastUpdatedStamp="2012-08-20 15:31:41.0" lastUpdatedTxStamp="2012-08-20 15:31:41.0" createdTxStamp="2012-08-20 15:31:41.0"/>
    <WorkshopWarehousing id="b05aeef5-0b96-40fe-8355-f65dfad6de73" number="WWS20120810100005" bizDate="2012-07-31 08:00:00.0" workshopWorkshopId="3d026e7b-ff54-47d3-b8e8-1934ded5448b" checkerSystemUserId="52aeb32b-3313-46bc-b811-ce42df5da8f6" submitterSystemUserId="52aeb32b-3313-46bc-b811-ce42df5da8f6" totalsum="10403212.980525" note="" status="4" createdStamp="2012-08-10 14:58:41.0" lastUpdatedStamp="2012-08-10 15:02:57.0" submitStamp="2012-08-10 15:02:57.0" lastUpdatedTxStamp="2012-08-10 15:02:57.0" createdTxStamp="2012-08-10 14:58:41.0"/>
    <WorkshopWarehousing id="b36060da-e379-453b-97fb-42600b3864bd" number="WWS20120809100002" bizDate="2012-07-31 08:00:00.0" workshopWorkshopId="3d026e7b-ff54-47d3-b8e8-1934ded5448b" checkerSystemUserId="52aeb32b-3313-46bc-b811-ce42df5da8f6" submitterSystemUserId="52aeb32b-3313-46bc-b811-ce42df5da8f6" totalsum="1689953.722760" note="" status="4" createdStamp="2012-08-09 13:55:08.0" lastUpdatedStamp="2012-08-10 15:22:35.0" submitStamp="2012-08-10 15:22:35.0" lastUpdatedTxStamp="2012-08-10 15:22:34.0" createdTxStamp="2012-08-09 13:55:08.0"/>
    <WorkshopWarehousing id="bc073e54-075e-4212-808b-80d3a698fd26" number="WWS20120820100015" bizDate="2012-07-31 08:00:00.0" workshopWorkshopId="f981f9cc-0283-4bd2-8d9e-5eb1d49144cb" checkerSystemUserId="05230e72-730e-4a4e-9be8-3789eee2bc85" submitterSystemUserId="" totalsum="0.000000" note="" status="0" createdStamp="2012-08-20 15:02:37.0" lastUpdatedStamp="2012-08-20 15:02:37.0" lastUpdatedTxStamp="2012-08-20 15:02:37.0" createdTxStamp="2012-08-20 15:02:37.0"/>
    <WorkshopWarehousing id="bffb5f7d-462f-499a-b4fb-d532f7d3f788" number="WWS20120820100020" bizDate="2012-07-31 08:00:00.0" workshopWorkshopId="f981f9cc-0283-4bd2-8d9e-5eb1d49144cb" checkerSystemUserId="037d78c8-a536-4086-933a-d17791e621d8" submitterSystemUserId="" totalsum="0.000000" note="" status="0" createdStamp="2012-08-20 15:04:25.0" lastUpdatedStamp="2012-08-20 15:04:25.0" lastUpdatedTxStamp="2012-08-20 15:04:25.0" createdTxStamp="2012-08-20 15:04:25.0"/>
    <WorkshopWarehousing id="c3d21d3e-accc-4bb7-a082-90effa474ed9" number="WWS20120820100012" bizDate="2012-07-31 08:00:00.0" workshopWorkshopId="f981f9cc-0283-4bd2-8d9e-5eb1d49144cb" checkerSystemUserId="037d78c8-a536-4086-933a-d17791e621d8" submitterSystemUserId="" totalsum="0.000000" note="" status="0" createdStamp="2012-08-20 15:01:45.0" lastUpdatedStamp="2012-08-21 14:01:21.0" lastUpdatedTxStamp="2012-08-21 14:01:21.0" createdTxStamp="2012-08-20 15:01:45.0"/>
    <WorkshopWarehousing id="c404f59b-9dae-4a47-a59b-8aa038cef14f" number="WWS20120820100006" bizDate="2012-07-31 08:00:00.0" workshopWorkshopId="f981f9cc-0283-4bd2-8d9e-5eb1d49144cb" checkerSystemUserId="037d78c8-a536-4086-933a-d17791e621d8" submitterSystemUserId="" totalsum="0.000000" note="" status="0" createdStamp="2012-08-20 14:59:26.0" lastUpdatedStamp="2012-08-20 14:59:26.0" lastUpdatedTxStamp="2012-08-20 14:59:26.0" createdTxStamp="2012-08-20 14:59:26.0"/>
    <WorkshopWarehousing id="c54f6976-e7a7-4064-8ca5-8865bcc31156" number="WWS20120820100008" bizDate="2012-07-31 08:00:00.0" workshopWorkshopId="f981f9cc-0283-4bd2-8d9e-5eb1d49144cb" checkerSystemUserId="05230e72-730e-4a4e-9be8-3789eee2bc85" submitterSystemUserId="" totalsum="0.000000" note="" status="0" createdStamp="2012-08-20 15:00:12.0" lastUpdatedStamp="2012-08-20 15:00:12.0" lastUpdatedTxStamp="2012-08-20 15:00:12.0" createdTxStamp="2012-08-20 15:00:12.0"/>
    <WorkshopWarehousing id="c7f96beb-2674-4ca9-a5a3-f75d49cca37e" number="WWS20120810100004" bizDate="2012-07-31 08:00:00.0" workshopWorkshopId="3d026e7b-ff54-47d3-b8e8-1934ded5448b" checkerSystemUserId="52aeb32b-3313-46bc-b811-ce42df5da8f6" submitterSystemUserId="52aeb32b-3313-46bc-b811-ce42df5da8f6" totalsum="138880.999897" note="" status="4" createdStamp="2012-08-10 14:57:40.0" lastUpdatedStamp="2012-08-10 14:58:55.0" submitStamp="2012-08-10 14:58:55.0" lastUpdatedTxStamp="2012-08-10 14:58:54.0" createdTxStamp="2012-08-10 14:57:40.0"/>
    <WorkshopWarehousing id="c8d0abb5-4755-4dfa-a628-f37e975f489e" number="WWS20120820100010" bizDate="2012-07-31 08:00:00.0" workshopWorkshopId="f981f9cc-0283-4bd2-8d9e-5eb1d49144cb" checkerSystemUserId="05230e72-730e-4a4e-9be8-3789eee2bc85" submitterSystemUserId="" totalsum="0.000000" note="" status="0" createdStamp="2012-08-20 15:00:57.0" lastUpdatedStamp="2012-08-20 15:00:57.0" lastUpdatedTxStamp="2012-08-20 15:00:57.0" createdTxStamp="2012-08-20 15:00:57.0"/>
    <WorkshopWarehousing id="c9022ac7-9ac1-4fb6-bcce-0d1743c75ab7" number="WWS20120820100011" bizDate="2012-07-31 08:00:00.0" workshopWorkshopId="f981f9cc-0283-4bd2-8d9e-5eb1d49144cb" checkerSystemUserId="037d78c8-a536-4086-933a-d17791e621d8" submitterSystemUserId="" totalsum="0.000000" note="" status="0" createdStamp="2012-08-20 15:01:14.0" lastUpdatedStamp="2012-08-20 15:01:14.0" lastUpdatedTxStamp="2012-08-20 15:01:14.0" createdTxStamp="2012-08-20 15:01:14.0"/>
    <WorkshopWarehousing id="c9bfb9cd-1cfa-443c-bf29-8fefd54d548b" number="WWS20120820100016" bizDate="2012-07-31 08:00:00.0" workshopWorkshopId="f981f9cc-0283-4bd2-8d9e-5eb1d49144cb" checkerSystemUserId="037d78c8-a536-4086-933a-d17791e621d8" submitterSystemUserId="" totalsum="0.000000" note="" status="0" createdStamp="2012-08-20 15:02:49.0" lastUpdatedStamp="2012-08-20 15:02:49.0" lastUpdatedTxStamp="2012-08-20 15:02:49.0" createdTxStamp="2012-08-20 15:02:49.0"/>
    <WorkshopWarehousing id="cac48c7b-0130-4091-81f1-8dd49f99898a" number="WWS20120820100026" bizDate="2012-07-31 08:00:00.0" workshopWorkshopId="f981f9cc-0283-4bd2-8d9e-5eb1d49144cb" checkerSystemUserId="037d78c8-a536-4086-933a-d17791e621d8" submitterSystemUserId="" totalsum="0.000000" note="" status="0" createdStamp="2012-08-20 15:06:58.0" lastUpdatedStamp="2012-08-20 15:06:58.0" lastUpdatedTxStamp="2012-08-20 15:06:58.0" createdTxStamp="2012-08-20 15:06:58.0"/>
    <WorkshopWarehousing id="d2d51231-b529-414b-a2ae-c9bd3afa144d" number="WWS20120808100001" bizDate="2012-07-31 08:00:00.0" workshopWorkshopId="3d026e7b-ff54-47d3-b8e8-1934ded5448b" checkerSystemUserId="52aeb32b-3313-46bc-b811-ce42df5da8f6" submitterSystemUserId="52aeb32b-3313-46bc-b811-ce42df5da8f6" totalsum="379843.897096" note="" status="4" createdStamp="2012-08-08 21:19:17.0" lastUpdatedStamp="2012-08-10 15:37:41.0" submitStamp="2012-08-10 15:37:41.0" lastUpdatedTxStamp="2012-08-10 15:37:40.0" createdTxStamp="2012-08-08 21:19:17.0"/>
    <WorkshopWarehousing id="d40b1f6a-cb7d-493b-8046-0172cb036cc9" number="WWS20120820100060" bizDate="2012-07-31 08:00:00.0" workshopWorkshopId="f981f9cc-0283-4bd2-8d9e-5eb1d49144cb" checkerSystemUserId="037d78c8-a536-4086-933a-d17791e621d8" submitterSystemUserId="" totalsum="0.000000" note="" status="0" createdStamp="2012-08-20 15:31:37.0" lastUpdatedStamp="2012-08-20 15:31:37.0" lastUpdatedTxStamp="2012-08-20 15:31:37.0" createdTxStamp="2012-08-20 15:31:37.0"/>
    <WorkshopWarehousing id="d6c9b8ee-bd75-438e-90a4-efa24056124b" number="WWS20120821100001" bizDate="2012-07-31 08:00:00.0" workshopWorkshopId="3d026e7b-ff54-47d3-b8e8-1934ded5448b" checkerSystemUserId="52aeb32b-3313-46bc-b811-ce42df5da8f6" submitterSystemUserId="52aeb32b-3313-46bc-b811-ce42df5da8f6" totalsum="162970.326431" note="" status="4" createdStamp="2012-08-21 09:00:22.0" lastUpdatedStamp="2012-08-21 09:02:30.0" submitStamp="2012-08-21 09:02:30.0" lastUpdatedTxStamp="2012-08-21 09:02:29.0" createdTxStamp="2012-08-21 09:00:22.0"/>
    <WorkshopWarehousing id="da225877-81fd-4f58-adb2-29fadacd08b2" number="WWS20120820100036" bizDate="2012-07-31 08:00:00.0" workshopWorkshopId="f981f9cc-0283-4bd2-8d9e-5eb1d49144cb" checkerSystemUserId="037d78c8-a536-4086-933a-d17791e621d8" submitterSystemUserId="" totalsum="0.000000" note="" status="0" createdStamp="2012-08-20 15:10:41.0" lastUpdatedStamp="2012-08-20 15:10:41.0" lastUpdatedTxStamp="2012-08-20 15:10:41.0" createdTxStamp="2012-08-20 15:10:41.0"/>
    <WorkshopWarehousing id="dfba6779-a69e-460b-acba-ad4682528092" number="WWS20120810100008" bizDate="2012-07-31 08:00:00.0" workshopWorkshopId="3d026e7b-ff54-47d3-b8e8-1934ded5448b" checkerSystemUserId="52aeb32b-3313-46bc-b811-ce42df5da8f6" submitterSystemUserId="52aeb32b-3313-46bc-b811-ce42df5da8f6" totalsum="887984.375571" note="" status="4" createdStamp="2012-08-10 15:38:18.0" lastUpdatedStamp="2012-08-10 15:40:47.0" submitStamp="2012-08-10 15:40:47.0" lastUpdatedTxStamp="2012-08-10 15:40:47.0" createdTxStamp="2012-08-10 15:38:18.0"/>
    <WorkshopWarehousing id="e0afc830-4031-4d43-8972-2d21a8567782" number="WWS20120820100019" bizDate="2012-07-31 08:00:00.0" workshopWorkshopId="f981f9cc-0283-4bd2-8d9e-5eb1d49144cb" checkerSystemUserId="05230e72-730e-4a4e-9be8-3789eee2bc85" submitterSystemUserId="" totalsum="0.000000" note="" status="0" createdStamp="2012-08-20 15:04:20.0" lastUpdatedStamp="2012-08-20 15:04:20.0" lastUpdatedTxStamp="2012-08-20 15:04:20.0" createdTxStamp="2012-08-20 15:04:20.0"/>
    <WorkshopWarehousing id="e247defd-3f46-49d8-8223-45325615d14e" number="WWS20120820100025" bizDate="2012-07-31 08:00:00.0" workshopWorkshopId="f981f9cc-0283-4bd2-8d9e-5eb1d49144cb" checkerSystemUserId="05230e72-730e-4a4e-9be8-3789eee2bc85" submitterSystemUserId="" totalsum="0.000000" note="" status="0" createdStamp="2012-08-20 15:06:57.0" lastUpdatedStamp="2012-08-20 15:06:57.0" lastUpdatedTxStamp="2012-08-20 15:06:57.0" createdTxStamp="2012-08-20 15:06:57.0"/>
    <WorkshopWarehousing id="e296d6dc-fc66-4e38-b69e-517345c3516b" number="WWS20120820100047" bizDate="2012-07-31 08:00:00.0" workshopWorkshopId="f981f9cc-0283-4bd2-8d9e-5eb1d49144cb" checkerSystemUserId="05230e72-730e-4a4e-9be8-3789eee2bc85" submitterSystemUserId="" totalsum="0.000000" note="" status="0" createdStamp="2012-08-20 15:25:04.0" lastUpdatedStamp="2012-08-20 15:25:04.0" lastUpdatedTxStamp="2012-08-20 15:25:04.0" createdTxStamp="2012-08-20 15:25:04.0"/>
    <WorkshopWarehousing id="e8421bd0-9676-49aa-8d61-29cd2d9e4da9" number="WWS20120820100029" bizDate="2012-07-31 08:00:00.0" workshopWorkshopId="f981f9cc-0283-4bd2-8d9e-5eb1d49144cb" checkerSystemUserId="037d78c8-a536-4086-933a-d17791e621d8" submitterSystemUserId="" totalsum="0.000000" note="" status="0" createdStamp="2012-08-20 15:08:26.0" lastUpdatedStamp="2012-08-20 15:08:26.0" lastUpdatedTxStamp="2012-08-20 15:08:26.0" createdTxStamp="2012-08-20 15:08:26.0"/>
    <WorkshopWarehousing id="ec8b379a-29c7-4b65-b68f-2e6f9e169718" number="WWS20120820100066" bizDate="2012-07-31 08:00:00.0" workshopWorkshopId="f981f9cc-0283-4bd2-8d9e-5eb1d49144cb" checkerSystemUserId="037d78c8-a536-4086-933a-d17791e621d8" submitterSystemUserId="" totalsum="0.000000" note="" status="0" createdStamp="2012-08-20 15:33:02.0" lastUpdatedStamp="2012-08-20 15:33:02.0" lastUpdatedTxStamp="2012-08-20 15:33:01.0" createdTxStamp="2012-08-20 15:33:01.0"/>
    <WorkshopWarehousing id="f172cc50-ae16-49d1-855b-d9ccc7ed56d4" number="WWS20120820100013" bizDate="2012-07-31 08:00:00.0" workshopWorkshopId="f981f9cc-0283-4bd2-8d9e-5eb1d49144cb" checkerSystemUserId="05230e72-730e-4a4e-9be8-3789eee2bc85" submitterSystemUserId="" totalsum="0.000000" note="" status="0" createdStamp="2012-08-20 15:01:53.0" lastUpdatedStamp="2012-08-20 15:01:53.0" lastUpdatedTxStamp="2012-08-20 15:01:53.0" createdTxStamp="2012-08-20 15:01:53.0"/>
    <WorkshopWarehousing id="f2286b4c-9a4d-46ba-bed1-11b9b872e9bb" number="WWS20120820100032" bizDate="2012-07-31 08:00:00.0" workshopWorkshopId="f981f9cc-0283-4bd2-8d9e-5eb1d49144cb" checkerSystemUserId="037d78c8-a536-4086-933a-d17791e621d8" submitterSystemUserId="" totalsum="0.000000" note="" status="0" createdStamp="2012-08-20 15:09:35.0" lastUpdatedStamp="2012-08-20 15:09:35.0" lastUpdatedTxStamp="2012-08-20 15:09:35.0" createdTxStamp="2012-08-20 15:09:35.0"/>
    <WorkshopWarehousing id="f51addfc-0a7f-4b63-8775-c6f0295f2bbe" number="WWS20120820100069" bizDate="2012-07-31 08:00:00.0" workshopWorkshopId="f981f9cc-0283-4bd2-8d9e-5eb1d49144cb" checkerSystemUserId="037d78c8-a536-4086-933a-d17791e621d8" submitterSystemUserId="" totalsum="0.000000" note="" status="0" createdStamp="2012-08-20 15:34:49.0" lastUpdatedStamp="2012-08-20 15:35:42.0" lastUpdatedTxStamp="2012-08-20 15:35:42.0" createdTxStamp="2012-08-20 15:34:49.0"/>
    <WorkshopWarehousing id="f88f68b2-af05-40fb-a364-a540a1f23365" number="WWS20120820100054" bizDate="2012-07-31 08:00:00.0" workshopWorkshopId="f981f9cc-0283-4bd2-8d9e-5eb1d49144cb" checkerSystemUserId="05230e72-730e-4a4e-9be8-3789eee2bc85" submitterSystemUserId="" totalsum="0.000000" note="" status="0" createdStamp="2012-08-20 15:29:35.0" lastUpdatedStamp="2012-08-20 15:29:35.0" lastUpdatedTxStamp="2012-08-20 15:29:35.0" createdTxStamp="2012-08-20 15:29:35.0"/>
    <WorkshopWarehousing id="fd5d7031-9c6f-4243-aea5-1994d06d530e" number="WWS20120820100035" bizDate="2012-07-31 08:00:00.0" workshopWorkshopId="f981f9cc-0283-4bd2-8d9e-5eb1d49144cb" checkerSystemUserId="05230e72-730e-4a4e-9be8-3789eee2bc85" submitterSystemUserId="" totalsum="0.000000" note="" status="0" createdStamp="2012-08-20 15:10:39.0" lastUpdatedStamp="2012-08-20 15:10:39.0" lastUpdatedTxStamp="2012-08-20 15:10:39.0" createdTxStamp="2012-08-20 15:10:39.0"/>
    <WorkshopWarehousing id="fd9d7cc4-241d-49e1-829c-47058cc49ee7" number="WWS20120820100001" bizDate="2012-07-31 08:00:00.0" workshopWorkshopId="f981f9cc-0283-4bd2-8d9e-5eb1d49144cb" checkerSystemUserId="037d78c8-a536-4086-933a-d17791e621d8" submitterSystemUserId="" totalsum="0.000000" note="" status="0" createdStamp="2012-08-20 14:49:17.0" lastUpdatedStamp="2012-08-20 14:49:17.0" lastUpdatedTxStamp="2012-08-20 14:49:17.0" createdTxStamp="2012-08-20 14:49:17.0"/>
    <WorkshopWarehousing id="ff46870d-ace6-4c80-9ef3-925a8be89c7c" number="WWS20120820100065" bizDate="2012-07-31 08:00:00.0" workshopWorkshopId="f981f9cc-0283-4bd2-8d9e-5eb1d49144cb" checkerSystemUserId="05230e72-730e-4a4e-9be8-3789eee2bc85" submitterSystemUserId="" totalsum="0.000000" note="" status="0" createdStamp="2012-08-20 15:32:58.0" lastUpdatedStamp="2012-08-20 15:32:58.0" lastUpdatedTxStamp="2012-08-20 15:32:58.0" createdTxStamp="2012-08-20 15:32:58.0"/>
</entity-engine-xml>
