<?xml version="1.0" encoding="UTF-8"?>
<entity-engine-xml>
    <WorkshopReturnMaterialEntry id="1091c26e-ff2d-4a26-95b9-42e1769fab0e" parentId="38a059ee-6405-43e1-9770-e41783bb6c76" warehouseWarehouseId="ec28df2b-7e42-4f2a-bbf4-b0f4ee5f9731" materialMaterialId="598a1356-2b7b-4492-83e6-ddbecb45c2b6" materialMaterialModel="" volume="2051.000000" unitUnitId="c374d34a-0590-42f1-a683-afcd04b3689e" price="0.000000" entrysum="0.000000" lastUpdatedStamp="2012-07-24 15:37:11.0" lastUpdatedTxStamp="2012-07-24 15:37:11.0" createdStamp="2012-07-24 15:37:11.0" createdTxStamp="2012-07-24 15:37:11.0"/>
    <WorkshopReturnMaterialEntry id="188be707-3de2-4958-97a3-0b88873685d8" parentId="94f2b451-b062-438b-b658-da50ef7cb9e8" warehouseWarehouseId="ec28df2b-7e42-4f2a-bbf4-b0f4ee5f9731" materialMaterialId="5f67c10e-c9e8-4598-8a99-96405a254565" materialMaterialModel="1630*690*100" volume="24.000000" unitUnitId="" price="0.000000" entrysum="0.000000" lastUpdatedStamp="2012-07-24 15:40:09.0" lastUpdatedTxStamp="2012-07-24 15:40:09.0" createdStamp="2012-07-24 15:40:09.0" createdTxStamp="2012-07-24 15:40:09.0"/>
    <WorkshopReturnMaterialEntry id="26b3af97-3415-4f35-986b-37d7783cc912" parentId="94f2b451-b062-438b-b658-da50ef7cb9e8" warehouseWarehouseId="ec28df2b-7e42-4f2a-bbf4-b0f4ee5f9731" materialMaterialId="ec21fedc-54f4-40ad-84d3-8540e8174f58" materialMaterialModel="1500*690*520" volume="33.000000" unitUnitId="c374d34a-0590-42f1-a683-afcd04b3689e" price="0.000000" entrysum="0.000000" lastUpdatedStamp="2012-07-24 15:40:09.0" lastUpdatedTxStamp="2012-07-24 15:40:09.0" createdStamp="2012-07-24 15:40:09.0" createdTxStamp="2012-07-24 15:40:09.0"/>
    <WorkshopReturnMaterialEntry id="2ef744d8-50e0-49aa-960a-01c70e5c409b" parentId="94f2b451-b062-438b-b658-da50ef7cb9e8" warehouseWarehouseId="ec28df2b-7e42-4f2a-bbf4-b0f4ee5f9731" materialMaterialId="334b040b-8391-40df-8b38-99611bd80c0b" materialMaterialModel="1940*790*100" volume="4.000000" unitUnitId="c374d34a-0590-42f1-a683-afcd04b3689e" price="0.000000" entrysum="0.000000" lastUpdatedStamp="2012-07-24 15:40:09.0" lastUpdatedTxStamp="2012-07-24 15:40:09.0" createdStamp="2012-07-24 15:40:09.0" createdTxStamp="2012-07-24 15:40:09.0"/>
    <WorkshopReturnMaterialEntry id="45853a43-1277-498f-ad7f-a277a976ade4" parentId="38a059ee-6405-43e1-9770-e41783bb6c76" warehouseWarehouseId="ec28df2b-7e42-4f2a-bbf4-b0f4ee5f9731" materialMaterialId="9aea75c9-262e-41ca-93e7-4e38dfffacda" materialMaterialModel="595*285" volume="1022.000000" unitUnitId="" price="0.000000" entrysum="0.000000" lastUpdatedStamp="2012-07-24 15:37:11.0" lastUpdatedTxStamp="2012-07-24 15:37:11.0" createdStamp="2012-07-24 15:37:11.0" createdTxStamp="2012-07-24 15:37:11.0"/>
    <WorkshopReturnMaterialEntry id="6f690ce1-e37a-4317-be04-cd3649abe215" parentId="38a059ee-6405-43e1-9770-e41783bb6c76" warehouseWarehouseId="ec28df2b-7e42-4f2a-bbf4-b0f4ee5f9731" materialMaterialId="ed7535cf-a7da-4661-90c8-44193f138cee" materialMaterialModel="" volume="60.000000" unitUnitId="" price="0.000000" entrysum="0.000000" lastUpdatedStamp="2012-07-24 15:37:11.0" lastUpdatedTxStamp="2012-07-24 15:37:11.0" createdStamp="2012-07-24 15:37:11.0" createdTxStamp="2012-07-24 15:37:11.0"/>
    <WorkshopReturnMaterialEntry id="6fc1b1b9-0c21-4cce-8d8a-a4113358d7e4" parentId="94f2b451-b062-438b-b658-da50ef7cb9e8" warehouseWarehouseId="ec28df2b-7e42-4f2a-bbf4-b0f4ee5f9731" materialMaterialId="7c7eed4f-d201-45eb-973f-787a667a0f90" materialMaterialModel="1940*640*120" volume="13.000000" unitUnitId="" price="0.000000" entrysum="0.000000" lastUpdatedStamp="2012-07-24 15:40:09.0" lastUpdatedTxStamp="2012-07-24 15:40:09.0" createdStamp="2012-07-24 15:40:09.0" createdTxStamp="2012-07-24 15:40:09.0"/>
    <WorkshopReturnMaterialEntry id="7d12e7ba-005c-4d78-bbdd-757223a73ceb" parentId="f2a9eb76-4fc5-4742-aadf-0d4f3b67aa32" warehouseWarehouseId="ec28df2b-7e42-4f2a-bbf4-b0f4ee5f9731" materialMaterialId="52e0cf59-ac98-41d9-a504-ebfb14114ccd" materialMaterialModel="6*25&#32039;&#23450;&#34746;&#19997;(&#27490;&#20184;&#34746;&#19997;)" volume="15464.000000" unitUnitId="36927a08-ba89-438b-bb0d-3013c64a0341" price="0.075000" entrysum="1159.800000" lastUpdatedStamp="2012-07-27 09:24:10.0" lastUpdatedTxStamp="2012-07-27 09:24:10.0" createdStamp="2012-07-27 09:24:10.0" createdTxStamp="2012-07-27 09:24:10.0"/>
    <WorkshopReturnMaterialEntry id="87106e98-d883-4c75-810b-8ca492b01bf4" parentId="94f2b451-b062-438b-b658-da50ef7cb9e8" warehouseWarehouseId="ec28df2b-7e42-4f2a-bbf4-b0f4ee5f9731" materialMaterialId="e83aa804-830c-4da7-86f1-cc3440bf43f1" materialMaterialModel="1500*690*100" volume="28.000000" unitUnitId="" price="0.000000" entrysum="0.000000" lastUpdatedStamp="2012-07-24 15:40:09.0" lastUpdatedTxStamp="2012-07-24 15:40:09.0" createdStamp="2012-07-24 15:40:09.0" createdTxStamp="2012-07-24 15:40:09.0"/>
    <WorkshopReturnMaterialEntry id="abb17e19-29ad-4b0a-8c4c-6978d7215a8e" parentId="38a059ee-6405-43e1-9770-e41783bb6c76" warehouseWarehouseId="ec28df2b-7e42-4f2a-bbf4-b0f4ee5f9731" materialMaterialId="d92c6914-d754-42be-a05d-3549e442903f" materialMaterialModel="" volume="90.000000" unitUnitId="" price="0.000000" entrysum="0.000000" lastUpdatedStamp="2012-07-24 15:37:11.0" lastUpdatedTxStamp="2012-07-24 15:37:11.0" createdStamp="2012-07-24 15:37:11.0" createdTxStamp="2012-07-24 15:37:11.0"/>
    <WorkshopReturnMaterialEntry id="abcb35ee-0a9d-4487-aad0-0ec63c0d65fe" parentId="38a059ee-6405-43e1-9770-e41783bb6c76" warehouseWarehouseId="ec28df2b-7e42-4f2a-bbf4-b0f4ee5f9731" materialMaterialId="a3631e45-1c9e-4c73-8925-2fe882d8d402" materialMaterialModel="" volume="28.000000" unitUnitId="" price="0.000000" entrysum="0.000000" lastUpdatedStamp="2012-07-24 15:37:11.0" lastUpdatedTxStamp="2012-07-24 15:37:11.0" createdStamp="2012-07-24 15:37:11.0" createdTxStamp="2012-07-24 15:37:11.0"/>
    <WorkshopReturnMaterialEntry id="af7a85cc-492b-4548-a2e4-b98c1a018da7" parentId="94f2b451-b062-438b-b658-da50ef7cb9e8" warehouseWarehouseId="ec28df2b-7e42-4f2a-bbf4-b0f4ee5f9731" materialMaterialId="076fcb89-d134-4966-a212-72f2586adf6b" materialMaterialModel="1510*700*60" volume="8.000000" unitUnitId="" price="0.000000" entrysum="0.000000" lastUpdatedStamp="2012-07-24 15:40:09.0" lastUpdatedTxStamp="2012-07-24 15:40:09.0" createdStamp="2012-07-24 15:40:09.0" createdTxStamp="2012-07-24 15:40:09.0"/>
    <WorkshopReturnMaterialEntry id="b8bec61c-1f2a-4f96-bf20-74f532af4b3a" parentId="38a059ee-6405-43e1-9770-e41783bb6c76" warehouseWarehouseId="ec28df2b-7e42-4f2a-bbf4-b0f4ee5f9731" materialMaterialId="4d9d94e6-ed0c-4db3-b085-b8703be5f60b" materialMaterialModel="1480*875*110" volume="93.000000" unitUnitId="" price="0.000000" entrysum="0.000000" lastUpdatedStamp="2012-07-24 15:37:11.0" lastUpdatedTxStamp="2012-07-24 15:37:11.0" createdStamp="2012-07-24 15:37:11.0" createdTxStamp="2012-07-24 15:37:11.0"/>
    <WorkshopReturnMaterialEntry id="c7c280a7-2e24-4ee1-b46f-ea8fbae71b76" parentId="38a059ee-6405-43e1-9770-e41783bb6c76" warehouseWarehouseId="ec28df2b-7e42-4f2a-bbf4-b0f4ee5f9731" materialMaterialId="d5d45acb-16a7-47d7-ae37-2d991c1762f9" materialMaterialModel="3.2*15(4-6)" volume="1000.000000" unitUnitId="36927a08-ba89-438b-bb0d-3013c64a0341" price="0.000000" entrysum="0.000000" lastUpdatedStamp="2012-07-24 15:37:11.0" lastUpdatedTxStamp="2012-07-24 15:37:11.0" createdStamp="2012-07-24 15:37:11.0" createdTxStamp="2012-07-24 15:37:11.0"/>
    <WorkshopReturnMaterialEntry id="ce519762-21d3-410f-bcee-a24bca69c99c" parentId="94f2b451-b062-438b-b658-da50ef7cb9e8" warehouseWarehouseId="ec28df2b-7e42-4f2a-bbf4-b0f4ee5f9731" materialMaterialId="e0a8f87e-bedd-436c-b132-626e93789a9b" materialMaterialModel="2050*640*120" volume="8.000000" unitUnitId="" price="0.000000" entrysum="0.000000" lastUpdatedStamp="2012-07-24 15:40:09.0" lastUpdatedTxStamp="2012-07-24 15:40:09.0" createdStamp="2012-07-24 15:40:09.0" createdTxStamp="2012-07-24 15:40:09.0"/>
    <WorkshopReturnMaterialEntry id="f2ca3cf5-fb6d-4a74-a438-0c18357c5aca" parentId="38a059ee-6405-43e1-9770-e41783bb6c76" warehouseWarehouseId="ec28df2b-7e42-4f2a-bbf4-b0f4ee5f9731" materialMaterialId="8e728f9c-f272-423d-9dd6-ed6f288755de" materialMaterialModel="1470*865*105" volume="118.000000" unitUnitId="c374d34a-0590-42f1-a683-afcd04b3689e" price="0.000000" entrysum="0.000000" lastUpdatedStamp="2012-07-24 15:37:11.0" lastUpdatedTxStamp="2012-07-24 15:37:11.0" createdStamp="2012-07-24 15:37:11.0" createdTxStamp="2012-07-24 15:37:11.0"/>
</entity-engine-xml>
