<?xml version="1.0" encoding="UTF-8"?>
<!-- Licensed to the Apache Software Foundation (ASF) under one or more contributor license agreements. See the NOTICE file distributed with this work for additional information regarding copyright ownership. The ASF licenses this file to you under the Apache License, Version 2.0 (the "License"); you 
	may not use this file except in compliance with the License. You may obtain a copy of the License at http://www.apache.org/licenses/LICENSE-2.0 Unless required by applicable law or agreed to in writing, software distributed under the License is distributed on an "AS IS" BASIS, WITHOUT WARRANTIES OR CONDITIONS 
	OF ANY KIND, either express or implied. See the License for the specific language governing permissions and limitations under the License. -->
<entity-engine-xml>
	<TSystemLogType id='4b5d8d9e-e3b3-41fe-8208-57f835ca1893' number='LOG100001' name='仓库管理' operateType='登录' keyWord='checkLogin' valid='1' />
	<TSystemLogType id='892c1d30-ca33-4398-9684-1f80dc0e45b7' number='LOG100002' name='仓库管理' operateType='注销' keyWord='logout' valid='1' />
	<TSystemLogType id='8a65f5d2-3863-499f-92d8-bfa334f446c3' number='LOG100003' name='客户资料维护' operateType='查看' keyWord='getUserPermissions?menuId=custInfoMaintaince' valid='0' />
	<TSystemLogType id='1331ffd2-32b2-47c6-ab8d-2704a762138e' number='LOG100004' name='客户资料维护' operateType='修改' keyWord='updateJsonData?entity=Customer' valid='1' />
	<TSystemLogType id='485350e0-8cfa-47f5-aa5a-532d1627e8de' number='LOG100005' name='客户资料维护' operateType='新增' keyWord='addnewJsonData?entity=Customer' valid='1' />
	<TSystemLogType id='9c9d548b-f7f3-40b0-a80c-4666229c215a' number='LOG100006' name='客户资料维护' operateType='删除' keyWord='deleteJsonData?entity=Customer' valid='1' />
	<TSystemLogType id='973d5bb7-d7af-4d39-a757-5f04478db418' number='LOG100007' name='仓库资料维护' operateType='查看' keyWord='getUserPermissions?menuId=warehouseInfoMaintaince' valid='0' />
	<TSystemLogType id='9d3a8daf-f524-4263-97d7-762ed667a696' number='LOG100008' name='仓库资料维护' operateType='修改' keyWord='updateJsonData?entity=Warehouse' valid='1' />
	<TSystemLogType id='42aba7a4-84b2-42cf-8eaf-1053f2fc012c' number='LOG100009' name='仓库资料维护' operateType='新增' keyWord='addnewJsonData?entity=Warehouse' valid='1' />
	<TSystemLogType id='1d929d48-6827-41f3-a74b-b05ba7720cc4' number='LOG100010' name='仓库资料维护' operateType='删除' keyWord='deleteJsonData?entity=Warehouse' valid='1' />
	<TSystemLogType id='f6984c9c-1f4f-4da4-bb6e-098498f61fcd' number='LOG100011' name='料品资料维护' operateType='查看' keyWord='getUserPermissions?menuId=materialInfoMaintaince' valid='0' />
	<TSystemLogType id='49b56708-53cb-42c1-9a10-f8a4e3e35b5b' number='LOG100012' name='料品资料维护' operateType='修改' keyWord='updateJsonData?entity=TMaterial' valid='1' />
	<TSystemLogType id='80b79178-e06c-4596-997e-93d15af5c385' number='LOG100013' name='料品资料维护' operateType='新增' keyWord='addnewJsonData?entity=TMaterial' valid='1' />
	<TSystemLogType id='3ae7cf3a-dd6b-45a4-93af-6278198dab23' number='LOG100014' name='料品资料维护' operateType='删除' keyWord='deleteJsonData?entity=TMaterial' valid='1' />
	<TSystemLogType id='e04d8c1e-c3e2-4c29-b080-582c81f435a0' number='LOG100015' name='部门资料维护' operateType='查看' keyWord='getUserPermissions?menuId=departmentInfoMaintaince' valid='0' />
	<TSystemLogType id='c4b1dfa5-9590-4377-b34d-aa876d6f47cd' number='LOG100016' name='部门资料维护' operateType='修改' keyWord='updateJsonData?entity=Department' valid='1' />
	<TSystemLogType id='a9dd0ad8-97fa-426c-a9c0-bc97a0f15d01' number='LOG100017' name='部门资料维护' operateType='新增' keyWord='addnewJsonData?entity=Department' valid='1' />
	<TSystemLogType id='3b5c9c20-4875-4040-a3ac-c7b6a737534f' number='LOG100018' name='部门资料维护' operateType='删除' keyWord='deleteJsonData?entity=Department' valid='1' />
	<TSystemLogType id='9694ab6a-ec74-4111-88d4-d4c64b0d7cd9' number='LOG100019' name='BOM单资料维护' operateType='查看' keyWord='getUserPermissions?menuId=BOMBillInfoMaintaince' valid='0' />
	<TSystemLogType id='2020727b-272f-4bc3-9a65-6150cbb0b146' number='LOG100020' name='BOM单资料维护' operateType='修改' keyWord='updateWithEntry?headEntity=MaterialBom&amp;entryEntity=MaterialBomEntry' valid='1' />
	<TSystemLogType id='123e3858-b9f8-408b-8553-3cb7486c8711' number='LOG100021' name='BOM单资料维护' operateType='新增' keyWord='createWithEntry?headEntity=MaterialBom&amp;entryEntity=MaterialBomEntry' valid='1' />
	<TSystemLogType id='f8b310c6-975c-49f4-8350-ef64eb627896' number='LOG100022' name='BOM单资料维护' operateType='删除' keyWord='deleteWithEntry?headEntity=MaterialBom&amp;entryEntity=MaterialBomEntry' valid='1' />
	<TSystemLogType id='687cbd62-6582-49c1-a237-1132c14e3e7f' number='LOG100023' name='计量单位维护' operateType='查看' keyWord='getUserPermissions?menuId=UnitMaintaince' valid='0' />
	<TSystemLogType id='c53e5a61-cd61-43d1-adf2-9e496d162997' number='LOG100024' name='计量单位维护' operateType='修改' keyWord='updateJsonData?entity=Unit' valid='1' />
	<TSystemLogType id='f42285dc-8785-45d6-bfba-26d6982daead' number='LOG100025' name='计量单位维护' operateType='新增' keyWord='addnewJsonData?entity=Unit' valid='1' />
	<TSystemLogType id='81df9fac-5c25-4386-a382-8b356d8c0ce4' number='LOG100026' name='计量单位维护' operateType='删除' keyWord='deleteJsonData?entity=Unit' valid='1' />
	<TSystemLogType id='6973a3e7-e95f-43c7-9ce9-b22a9ff5abf0' number='LOG100027' name='仓库类型维护' operateType='查看' keyWord='getUserPermissions?menuId=WarehousetTypeMaintaince' valid='0' />
	<TSystemLogType id='a84bc660-2f52-483f-b5dd-84940df99bc3' number='LOG100028' name='仓库类型维护' operateType='修改' keyWord='updateJsonData?entity=WarehouseType' valid='1' />
	<TSystemLogType id='b48dde07-40f5-45ee-bd5f-ae4761b59514' number='LOG100029' name='仓库类型维护' operateType='新增' keyWord='addnewJsonData?entity=WarehouseType' valid='1' />
	<TSystemLogType id='7ca02a81-6cb9-4005-8a3a-035caafc70df' number='LOG100030' name='仓库类型维护' operateType='删除' keyWord='deleteJsonData?entity=WarehouseType' valid='1' />
	<TSystemLogType id='db714d47-8680-40c7-82df-87890576268e' number='LOG100031' name='供应商资料维护' operateType='查看' keyWord='getUserPermissions?menuId=SupplierMaintaince' valid='0' />
	<TSystemLogType id='93c07911-c271-4776-86bd-4ae6868a884e' number='LOG100032' name='供应商资料维护' operateType='修改' keyWord='updateJsonData?entity=Supplier' valid='1' />
	<TSystemLogType id='f3583897-6186-408f-bfe6-c9e3ccf6f406' number='LOG100033' name='供应商资料维护' operateType='新增' keyWord='addnewJsonData?entity=Supplier' valid='1' />
	<TSystemLogType id='145353ba-51b9-4383-a6ec-7405af9762fc' number='LOG100034' name='供应商资料维护' operateType='删除' keyWord='deleteJsonData?entity=Supplier' valid='1' />
	<TSystemLogType id='54c0a653-48c7-41e4-8ba7-4569fcc8a34f' number='LOG100035' name='车间资料维护' operateType='查看' keyWord='getUserPermissions?menuId=WorkshopMaintaince' valid='0' />
	<TSystemLogType id='3fe4a6db-6d12-4e60-a551-0c1f764c6021' number='LOG100036' name='车间资料维护' operateType='修改' keyWord='updateJsonData?entity=Workshop' valid='1' />
	<TSystemLogType id='ca5d2d54-8b12-42b3-937d-8639a6d43b26' number='LOG100037' name='车间资料维护' operateType='新增' keyWord='addnewJsonData?entity=Workshop' valid='1' />
	<TSystemLogType id='3e6b3a76-8ca5-4f5d-a478-2fed6ed9cdc1' number='LOG100038' name='车间资料维护' operateType='删除' keyWord='deleteJsonData?entity=Workshop' valid='1' />
	<TSystemLogType id='8b982fc7-4789-4cb0-ab73-89b70f29438a' number='LOG100039' name='地区表维护' operateType='查看' keyWord='getUserPermissions?menuId=RegionMaintaince' valid='0' />
	<TSystemLogType id='15f8af2f-1b0c-44b7-aac9-d7b07b66bed0' number='LOG100040' name='地区表维护' operateType='修改' keyWord='updateJsonData?entity=Region' valid='1' />
	<TSystemLogType id='41273f64-4e9d-40f5-890c-8ea68c77deba' number='LOG100041' name='地区表维护' operateType='新增' keyWord='addnewJsonData?entity=Region' valid='1' />
	<TSystemLogType id='fb179225-ffa5-4f9e-bdde-68bb9e4b9e4c' number='LOG100042' name='地区表维护' operateType='删除' keyWord='deleteJsonData?entity=Region' valid='1' />
	<TSystemLogType id='bb576764-97ca-4c88-8ecb-0618a9a8d561' number='LOG100043' name='产品资料表维护' operateType='查看' keyWord='getUserPermissions?menuId=ProductMapMaintaince' valid='' />
	<TSystemLogType id='c6ac99d3-7f1a-4633-a641-797cd49be1f8' number='LOG100044' name='产品资料表维护' operateType='修改' keyWord='updateJsonData?entity=ProductMap' valid='' />
	<TSystemLogType id='410d12dd-67e9-42c8-af98-c63910801402' number='LOG100045' name='产品资料表维护' operateType='新增' keyWord='addnewJsonData?entity=ProductMap' valid='' />
	<TSystemLogType id='7ebff590-70f9-463b-86ba-f745a82d581e' number='LOG100046' name='产品资料表维护' operateType='删除' keyWord='deleteJsonData?entity=ProductMap' valid='' />
	<TSystemLogType id='53492908-dcd7-4d47-8067-a7e4ea13fece' number='LOG100047' name='用户管理' operateType='查看' keyWord='getUserPermissions?menuId=userManagement' valid='0' />
	<TSystemLogType id='d2e2427e-7615-4d51-a5dc-3e0c32dd25a9' number='LOG100048' name='用户管理' operateType='新增' keyWord='createUserLogin' valid='1' />
	<TSystemLogType id='22c3b10a-b545-4489-9012-1babb9c418cf' number='LOG100049' name='用户管理' operateType='修改' keyWord='updateUserLogin' valid='1' />
	<TSystemLogType id='d5f9d6ec-fda7-488d-aeab-8a2c74a7e9e3' number='LOG100050' name='用户管理' operateType='删除' keyWord='deleteUserLogin' valid='1' />
	<TSystemLogType id='1228e353-a1df-4420-935e-2f3a531c311c' number='LOG100051' name='采购单管理' operateType='查看' keyWord='getUserPermissions?menuId=purchaseBillManagement' valid='0' />
	<TSystemLogType id='32ee793e-6b1c-4222-84fc-2212fad37ea1' number='LOG100052' name='采购单管理' operateType='新增' keyWord='createWithEntry?headEntity=PurchaseBill&amp;entryEntity=PurchaseBillEntry' valid='1' />
	<TSystemLogType id='f64d4618-528e-493a-82ec-7b4811b039bf' number='LOG100053' name='采购单管理' operateType='修改' keyWord='updateWithEntry?headEntity=PurchaseBill&amp;entryEntity=PurchaseBillEntry' valid='1' />
	<TSystemLogType id='6699cb97-2ff7-4686-9fd7-aa8d0840c683' number='LOG100054' name='采购单管理' operateType='删除' keyWord='deleteWithEntry?headEntity=PurchaseBill&amp;entryEntity=PurchaseBillEntry' valid='1' />
	<TSystemLogType id='939b0f65-3a92-472f-aedb-dd72ca90562c' number='LOG100055' name='采购单管理' operateType='审核' keyWord='/auditPurchaseBill' valid='1' />
	<TSystemLogType id='7c1a7035-0593-42d3-8186-9acff3776971' number='LOG100056' name='采购单管理' operateType='反审核' keyWord='/unauditPurchaseBill' valid='1' />
	<TSystemLogType id='d71bc12e-0692-4517-a472-04da9a9e991e' number='LOG100057' name='采购入库' operateType='查看' keyWord='getUserPermissions?menuId=purchaseWarehousing' valid='0' />
	<TSystemLogType id='7c899214-cd63-4f48-b6f0-d42e4bb38007' number='LOG100058' name='采购入库' operateType='新增' keyWord='createWithEntry?headEntity=PurchaseWarehousing&amp;entryEntity=PurchaseWarehousingEntry' valid='1' />
	<TSystemLogType id='33cf0f33-23a2-4348-8268-80b8a30b72b4' number='LOG100059' name='采购入库' operateType='修改' keyWord='updateWithEntry?headEntity=PurchaseWarehousing&amp;entryEntity=PurchaseWarehousingEntry' valid='1' />
	<TSystemLogType id='1d3989cc-fa0d-4423-8ae4-447a80362758' number='LOG100060' name='采购入库' operateType='删除' keyWord='deleteWithEntry?headEntity=PurchaseWarehousing&amp;entryEntity=PurchaseWarehousingEntry' valid='1' />
	<TSystemLogType id='f90e90b6-6fcf-42f3-8073-1d2efb8e9f68' number='LOG100061' name='采购入库' operateType='提交' keyWord='submitInspective' valid='1' />
	<TSystemLogType id='2ae78edf-f811-485f-8444-b89b8928d28e' number='LOG100062' name='采购入库' operateType='撤销' keyWord='rollbackInspective' valid='1' />
	<TSystemLogType id='0ef20293-ec7f-4c9e-8b91-b1dbf432d9b4' number='LOG100063' name='采购退货' operateType='查看' keyWord='getUserPermissions?menuId=purchaseReturn' valid='0' />
	<TSystemLogType id='3207f3a3-a108-45db-931c-d8853a74ca9a' number='LOG100064' name='采购退货' operateType='新增' keyWord='createWithEntry?headEntity=PurchaseReturn&amp;entryEntity=PurchaseReturnEntry' valid='1' />
	<TSystemLogType id='6043e7c5-a797-44d1-b9db-704dfe0fd0a3' number='LOG100065' name='采购退货' operateType='修改' keyWord='updateWithEntry?headEntity=PurchaseReturn&amp;entryEntity=PurchaseReturnEntry' valid='1' />
	<TSystemLogType id='2a0dbbdd-16cc-48a0-ae3c-8044bb864e40' number='LOG100066' name='采购退货' operateType='删除' keyWord='deleteWithEntry?headEntity=PurchaseReturn&amp;entryEntity=PurchaseReturnEntry' valid='1' />
	<TSystemLogType id='700d7f7c-757c-4d13-b56f-4499b096f491' number='LOG100067' name='采购退货' operateType='提交' keyWord='submitPurchaseReturn' valid='1' />
	<TSystemLogType id='0f3691b4-30c0-4ae3-95d5-c93ae0414020' number='LOG100068' name='采购退货' operateType='撤销' keyWord='rollbackPurchaseReturn' valid='1' />
	<TSystemLogType id='b6930417-363a-48ac-b0a5-80286c30442f' number='LOG100069' name='委外领料' operateType='查看' keyWord='getUserPermissions?menuId=consignDrawMaterial' valid='0' />
	<TSystemLogType id='a8bdb743-acac-40fb-80a4-685a211ba533' number='LOG100070' name='委外领料' operateType='新增' keyWord='createWithEntry?headEntity=ConsignDrawMaterial&amp;entryEntity=ConsignDrawMaterialEntry' valid='1' />
	<TSystemLogType id='294bccec-5f49-41b1-9cc9-86c484b6da1d' number='LOG100071' name='委外领料' operateType='修改' keyWord='updateWithEntry?headEntity=ConsignDrawMaterial&amp;entryEntity=ConsignDrawMaterialEntry' valid='1' />
	<TSystemLogType id='46c2e71a-ecbc-4ee2-b210-70b28e96aaf9' number='LOG100072' name='委外领料' operateType='删除' keyWord='deleteWithEntry?headEntity=ConsignDrawMaterial&amp;entryEntity=ConsignDrawMaterialEntry' valid='1' />
	<TSystemLogType id='68a481a8-9499-40bc-a438-7f31cd76e482' number='LOG100073' name='委外领料' operateType='提交' keyWord='submitConsignDramMaterial' valid='1' />
	<TSystemLogType id='e8cba53a-840b-4bca-acaf-6d1a1925a43e' number='LOG100074' name='委外领料' operateType='撤销' keyWord='rollbackConsignDramMaterial' valid='1' />
	<TSystemLogType id='ba0cb7d2-6719-48c1-bb25-3836485e6010' number='LOG100075' name='委外退料' operateType='查看' keyWord='getUserPermissions?menuId=consignReturnMaterial' valid='0' />
	<TSystemLogType id='60183f38-ecaf-4ff4-94dd-8f9746f4be0b' number='LOG100076' name='委外退料' operateType='新增' keyWord='createWithEntry?headEntity=ConsignReturnMaterial&amp;entryEntity=ConsignReturnMaterialEntry' valid='1' />
	<TSystemLogType id='42e57f73-d3bc-4670-9c7e-82e681400262' number='LOG100077' name='委外退料' operateType='修改' keyWord='updateWithEntry?headEntity=ConsignReturnMaterial&amp;entryEntity=ConsignReturnMaterialEntry' valid='1' />
	<TSystemLogType id='1cd0328e-fb71-484e-ad53-318768b3dbc9' number='LOG100078' name='委外退料' operateType='删除' keyWord='deleteWithEntry?headEntity=ConsignReturnMaterial&amp;entryEntity=ConsignReturnMaterialEntry' valid='1' />
	<TSystemLogType id='425f30cb-2833-48c8-82fa-ffda94eaf1f6' number='LOG100079' name='委外退料' operateType='提交' keyWord='submitConsignReturnMaterial' valid='1' />
	<TSystemLogType id='8e921380-5ca5-49bc-aa0f-cc9e5779c5b1' number='LOG100080' name='委外退料' operateType='撤销' keyWord='rollbackConsignReturnMaterial' valid='1' />
	<TSystemLogType id='1abd8cfa-1a69-4dae-8b2d-028b07a4d562' number='LOG100081' name='委外入库' operateType='查看' keyWord='getUserPermissions?menuId=consignWarehousing' valid='0' />
	<TSystemLogType id='7e133352-4872-4fa5-8ca8-96717e1b05d7' number='LOG100082' name='委外入库' operateType='新增' keyWord='createWithEntry?headEntity=ConsignWarehousing&amp;entryEntity=ConsignWarehousingEntry' valid='1' />
	<TSystemLogType id='b1c3b63b-582d-4954-acb6-7af7f4bc9bfb' number='LOG100083' name='委外入库' operateType='修改' keyWord='updateWithEntry?headEntity=ConsignWarehousing&amp;entryEntity=ConsignWarehousingEntry' valid='1' />
	<TSystemLogType id='6de80196-9c13-4106-9a78-95576edff56e' number='LOG100084' name='委外入库' operateType='删除' keyWord='deleteWithEntry?headEntity=ConsignWarehousing&amp;entryEntity=ConsignWarehousingEntry' valid='1' />
	<TSystemLogType id='beeffacf-14f7-4f00-8297-4e456397accc' number='LOG100085' name='委外入库' operateType='提交' keyWord='submitConsignWarehousing' valid='1' />
	<TSystemLogType id='26c48d93-3377-4562-8bed-32c4e8e8f023' number='LOG100086' name='委外入库' operateType='撤销' keyWord='rollbackConsignWarehousing' valid='1' />
	<TSystemLogType id='ce7118f2-19fd-485c-97b2-b661bce48b46' number='LOG100087' name='委外退货' operateType='查看' keyWord='getUserPermissions?menuId=consignReturnProduct' valid='0' />
	<TSystemLogType id='a78bb6d5-f592-4e14-a55e-27c024b190b2' number='LOG100088' name='委外退货' operateType='新增' keyWord='createWithEntry?headEntity=ConsignReturnProduct&amp;entryEntity=ConsignReturnProductEntry' valid='1' />
	<TSystemLogType id='62818ad2-2dc2-40f1-810d-e89bb3c6cd04' number='LOG100089' name='委外退货' operateType='修改' keyWord='updateWithEntry?headEntity=ConsignReturnProduct&amp;entryEntity=ConsignReturnProductEntry' valid='1' />
	<TSystemLogType id='fea5e600-15a1-4162-be49-86010011747d' number='LOG100090' name='委外退货' operateType='删除' keyWord='deleteWithEntry?headEntity=ConsignReturnProduct&amp;entryEntity=ConsignReturnProductEntry' valid='1' />
	<TSystemLogType id='1687c3d6-dc00-406a-8783-acec5d54e20d' number='LOG100091' name='委外退货' operateType='提交' keyWord='submitConsignReturnProduct' valid='1' />
	<TSystemLogType id='2cf6073b-97b1-4cf8-a236-a11b6d94967d' number='LOG100092' name='委外退货' operateType='撤销' keyWord='rollbackConsignReturnProduct' valid='1' />
	<TSystemLogType id='5593b75f-4f16-4d73-8a8a-e0fcce1d85fc' number='LOG100093' name='制造领料' operateType='查看' keyWord='getUserPermissions?menuId=workshopDrawMaterial' valid='0' />
	<TSystemLogType id='6962cbdd-c5a9-46e8-9c90-f6f3f46bd2d6' number='LOG100094' name='制造领料' operateType='新增' keyWord='createWithEntry?headEntity=WorkshopDrawMaterial&amp;entryEntity=WorkshopDrawMaterialEntry' valid='1' />
	<TSystemLogType id='cd81b0d7-242e-447f-85e1-8d1e80265489' number='LOG100095' name='制造领料' operateType='修改' keyWord='updateWithEntry?headEntity=WorkshopDrawMaterial&amp;entryEntity=WorkshopDrawMaterialEntry' valid='1' />
	<TSystemLogType id='50ae9e48-726b-457a-8aa9-67cb05c14b3f' number='LOG100096' name='制造领料' operateType='删除' keyWord='deleteWithEntry?headEntity=WorkshopDrawMaterial&amp;entryEntity=WorkshopDrawMaterialEntry' valid='1' />
	<TSystemLogType id='f213d7ff-22e7-4606-b3c1-ba96af6dca1a' number='LOG100097' name='制造领料' operateType='提交' keyWord='submitWorkshopDramMaterial' valid='1' />
	<TSystemLogType id='cbb423ce-99fd-4e3f-bc95-54610777ebc5' number='LOG100098' name='制造领料' operateType='撤销' keyWord='rollbackWorkshopDramMaterial' valid='1' />
	<TSystemLogType id='78cfe16f-05ed-400a-9b0f-3d9f178c65a1' number='LOG100099' name='制造退料' operateType='查看' keyWord='getUserPermissions?menuId=workshopReturnMaterial' valid='0' />
	<TSystemLogType id='a95790dc-60f6-4798-ba0b-9be67eb1cbdc' number='LOG100100' name='制造退料' operateType='新增' keyWord='createWithEntry?headEntity=WorkshopReturnMaterial&amp;entryEntity=WorkshopReturnMaterialEntry' valid='1' />
	<TSystemLogType id='707f5908-1cc3-4cca-a119-22970adeb46c' number='LOG100101' name='制造退料' operateType='修改' keyWord='updateWithEntry?headEntity=WorkshopReturnMaterial&amp;entryEntity=WorkshopReturnMaterialEntry' valid='1' />
	<TSystemLogType id='5c7084c1-a5a7-47c2-91ff-7c36356378da' number='LOG100102' name='制造退料' operateType='删除' keyWord='deleteWithEntry?headEntity=WorkshopReturnMaterial&amp;entryEntity=WorkshopReturnMaterialEntry' valid='1' />
	<TSystemLogType id='dfdf4ad3-a65c-4461-b64f-6b358be45bad' number='LOG100103' name='制造退料' operateType='提交' keyWord='submitWorkshopReturnMaterial' valid='1' />
	<TSystemLogType id='6314f1ea-d3b0-4e72-8474-bb7e23f82f97' number='LOG100104' name='制造退料' operateType='撤销' keyWord='rollbackWorkshopReturnMaterial' valid='1' />
	<TSystemLogType id='3ca40803-c31c-4e28-a622-ee9f9d36a720' number='LOG100105' name='制造入库' operateType='查看' keyWord='getUserPermissions?menuId=workshopWarehousing' valid='0' />
	<TSystemLogType id='f0ce6da2-a478-4023-84fe-c9eb864a7706' number='LOG100106' name='制造入库' operateType='新增' keyWord='createWithEntry?headEntity=WorkshopWarehousing&amp;entryEntity=WorkshopWarehousingEntry' valid='1' />
	<TSystemLogType id='0f97cb3b-e0af-455d-9248-a2460830c11e' number='LOG100107' name='制造入库' operateType='修改' keyWord='updateWithEntry?headEntity=WorkshopWarehousing&amp;entryEntity=WorkshopWarehousingEntry' valid='1' />
	<TSystemLogType id='9ec0ef30-9a38-4a67-86cb-5976621462e8' number='LOG100108' name='制造入库' operateType='删除' keyWord='deleteWithEntry?headEntity=WorkshopWarehousing&amp;entryEntity=WorkshopWarehousingEntry' valid='1' />
	<TSystemLogType id='7caa7d76-f736-4ed9-81ee-829fd5973a5a' number='LOG100109' name='制造入库' operateType='提交' keyWord='submitWorkshopWarehousing' valid='1' />
	<TSystemLogType id='4f694686-ffc7-4fd0-9e55-c3f46ac5f48e' number='LOG100110' name='制造入库' operateType='撤销' keyWord='rollbackWorkshopWarehousing' valid='1' />
	<TSystemLogType id='151b1e6f-c703-4427-8f88-f0dbe63857eb' number='LOG100111' name='制造退货' operateType='查看' keyWord='getUserPermissions?menuId=workshopReturnProduct' valid='0' />
	<TSystemLogType id='3b5d149e-9acf-44c6-a12f-cb60ba67bd1c' number='LOG100112' name='制造退货' operateType='新增' keyWord='createWithEntry?headEntity=WorkshopReturnProduct&amp;entryEntity=WorkshopReturnProductEntry' valid='1' />
	<TSystemLogType id='4144e7d6-82a5-45d8-a6fe-d838a025d8aa' number='LOG100113' name='制造退货' operateType='修改' keyWord='updateWithEntry?headEntity=WorkshopReturnProduct&amp;entryEntity=WorkshopReturnProductEntry' valid='1' />
	<TSystemLogType id='d748ccf8-a790-493d-b74e-fcbf376445cc' number='LOG100114' name='制造退货' operateType='删除' keyWord='deleteWithEntry?headEntity=WorkshopReturnProduct&amp;entryEntity=WorkshopReturnProductEntry' valid='1' />
	<TSystemLogType id='da1cc917-287e-4600-8687-3b9dbfff9d77' number='LOG100115' name='制造退货' operateType='提交' keyWord='submitWorkshopReturnProduct' valid='1' />
	<TSystemLogType id='a01fbd94-1bde-4104-a496-b8a699d08c32' number='LOG100116' name='制造退货' operateType='撤销' keyWord='rollbackWorkshopReturnProduct' valid='1' />
	<TSystemLogType id='2d840e51-dbfe-4a10-a5fe-7014a5cc9a11' number='LOG100117' name='成品进仓单' operateType='查看' keyWord='getUserPermissions?menuId=productInwarehouse' valid='0' />
	<TSystemLogType id='be9684f5-4545-4fc2-95df-5035e8237897' number='LOG100118' name='成品进仓单' operateType='新增' keyWord='createWithEntry?headEntity=productInwarehouse&amp;entryEntity=ProductInwarehouseEntry' valid='1' />
	<TSystemLogType id='8dd936d1-f020-414c-84b3-ff4fc4125942' number='LOG100119' name='成品进仓单' operateType='修改' keyWord='updateWithEntry?headEntity=productInwarehouse&amp;entryEntity=ProductInwarehouseEntry' valid='1' />
	<TSystemLogType id='86152121-b01a-45b5-81fa-7b4eeb77c213' number='LOG100120' name='成品进仓单' operateType='删除' keyWord='deleteWithEntry?headEntity=productInwarehouse&amp;entryEntity=ProductInwarehouseEntry' valid='1' />
	<TSystemLogType id='81e57375-cbab-4858-9e1f-b604c0c6f3c2' number='LOG100121' name='成品进仓单' operateType='提交' keyWord='submitProductInwarehouse' valid='1' />
	<TSystemLogType id='b172c74d-db93-4789-937e-ed11265c8a8f' number='LOG100122' name='成品进仓单' operateType='撤销' keyWord='rollbackProductInwarehouse' valid='1' />
	<TSystemLogType id='d9fe0d7b-2d9c-4d45-9aeb-d57a4ff67a01' number='LOG100123' name='成品进仓确认单' operateType='查看' keyWord='getUserPermissions?menuId=productInwarehouseConfirm' valid='0' />
	<TSystemLogType id='7a357294-ff34-482f-8c3b-61510ec3b76d' number='LOG100124' name='成品进仓确认单' operateType='同步' keyWord='syncProductInwarehouseConfirm' valid='1' />
	<TSystemLogType id='67145957-cfcd-486e-9bbc-c8e447ef7eb4' number='LOG100125' name='成品进仓确认单' operateType='提交' keyWord='submitProductInwarehouseConfirm' valid='1' />
	<TSystemLogType id='02ed3871-6c2e-4cd9-ba32-08cddbe0a229' number='LOG100126' name='成品出仓单' operateType='查看' keyWord='getUserPermissions?menuId=productOutwarehouse' valid='0' />
	<TSystemLogType id='ad4f3f64-dc1d-46a5-a2c7-dfd044c6eab3' number='LOG100127' name='成品出仓单' operateType='新增' keyWord='createWithEntry?headEntity=ProductOutwarehouse&amp;entryEntity=ProductOutwarehouseEntry' valid='1' />
	<TSystemLogType id='1248788a-1745-4b71-9587-9a3f42452674' number='LOG100128' name='成品出仓单' operateType='修改' keyWord='updateWithEntry?headEntity=ProductOutwarehouse&amp;entryEntity=ProductOutwarehouseEntry' valid='1' />
	<TSystemLogType id='b67b6c78-0c5d-4d2a-9900-7d0ee8e351c7' number='LOG100129' name='成品出仓单' operateType='删除' keyWord='deleteWithEntry?headEntity=ProductOutwarehouse&amp;entryEntity=ProductOutwarehouseEntry' valid='1' />
	<TSystemLogType id='3c925fae-8a12-48f9-a860-2c8e8febeb6e' number='LOG100130' name='成品出仓单' operateType='提交' keyWord='submitProductInwarehouse' valid='1' />
	<TSystemLogType id='ecc2d717-501b-4b14-974c-3e95991190ca' number='LOG100131' name='成品出仓单' operateType='撤销' keyWord='rollbackProductInwarehouse' valid='1' />
	<TSystemLogType id='8b3c57c8-0501-4d35-a946-3dee6a9bc4e5' number='LOG100132' name='成品出仓确认单' operateType='查看' keyWord='getUserPermissions?menuId=productOutwarehouseConfirm' valid='0' />
	<TSystemLogType id='aa42a873-6812-497f-8f44-e849cdfb43a7' number='LOG100133' name='成品出仓确认单' operateType='同步' keyWord='syncProductOutwarehouseConfirm' valid='1' />
	<TSystemLogType id='aff6aa9b-5002-43fe-9c80-76899948956a' number='LOG100134' name='成品出仓确认单' operateType='提交' keyWord='submitProductOutwarehouseConfirm' valid='1' />
	<TSystemLogType id='e6514ca0-188f-40d3-b78a-689ccc82a0a7' number='LOG100135' name='出货通知单' operateType='查看' keyWord='getUserPermissions?menuId=productOutNotification' valid='0' />
	<TSystemLogType id='e4bd2e90-6548-4196-8915-a4776cbdd6ae' number='LOG100136' name='出货通知单' operateType='新增' keyWord='createWithEntry?headEntity=ProductOutNotification&amp;entryEntity=ProductOutNotificationEntry' valid='1' />
	<TSystemLogType id='a73c837d-f04c-4bd6-b883-bff82fcb060d' number='LOG100137' name='出货通知单' operateType='修改' keyWord='updateWithEntry?headEntity=ProductOutNotification&amp;entryEntity=ProductOutNotificationEntry' valid='1' />
	<TSystemLogType id='cf8be175-0961-4634-bdd3-8fe4a7b1cc81' number='LOG100138' name='出货通知单' operateType='删除' keyWord='deleteWithEntry?headEntity=ProductOutNotification&amp;entryEntity=ProductOutNotificationEntry' valid='1' />
	<TSystemLogType id='08c6281b-c246-4d1b-90d2-ff2d9f83e011' number='LOG100139' name='出货通知单' operateType='提交' keyWord='submitProductOutNotification' valid='1' />
	<TSystemLogType id='60cf8523-1d00-4110-8698-f84f7975b75e' number='LOG100140' name='出货通知单' operateType='撤销' keyWord='rollbackProductOutNotification' valid='1' />
	<TSystemLogType id='2ca695f8-f3b1-4879-9127-f80d19b4914e' number='LOG100141' name='仓库调整单' operateType='查看' keyWord='getUserPermissions?menuId=stockAdjust' valid='0' />
	<TSystemLogType id='7c23fb29-a614-4553-911a-6cca2c4e6fc7' number='LOG100142' name='仓库调整单' operateType='新增' keyWord='createWithEntry?headEntity=StockAdjust&amp;entryEntity=StockAdjustEntry' valid='1' />
	<TSystemLogType id='f4041106-67de-4206-8dfb-84bf511ce04b' number='LOG100143' name='仓库调整单' operateType='修改' keyWord='updateWithEntry?headEntity=StockAdjust&amp;entryEntity=StockAdjustEntry' valid='1' />
	<TSystemLogType id='b1d4254d-e8d7-449e-b6b7-9b7804dedcae' number='LOG100144' name='仓库调整单' operateType='删除' keyWord='deleteWithEntry?headEntity=StockAdjust&amp;entryEntity=StockAdjustEntry' valid='1' />
	<TSystemLogType id='f5ae6a2b-ec84-40ac-bf3c-c24b742d4e06' number='LOG100145' name='仓库调整单' operateType='提交' keyWord='submitStockAdjust' valid='1' />
	<TSystemLogType id='d87eb80d-b164-49a7-9fa4-c4cd06fcf14f' number='LOG100146' name='仓库调整单' operateType='撤销' keyWord='rollbackStockAdjust' valid='1' />
	<TSystemLogType id='43172ac8-95c4-4703-b058-99c856a0646b' number='LOG100147' name='车间调整单' operateType='查看' keyWord='getUserPermissions?menuId=workshopStockAdjust' valid='0' />
	<TSystemLogType id='6abd836b-56e3-485e-9d37-ae84d16cc7f0' number='LOG100148' name='车间调整单' operateType='新增' keyWord='createWithEntry?headEntity=WorkshopStockAdjust&amp;entryEntity=WorkshopStockAdjustEntry' valid='1' />
	<TSystemLogType id='546eccc6-403f-4c68-9c5e-4d6e8b34f633' number='LOG100149' name='车间调整单' operateType='修改' keyWord='updateWithEntry?headEntity=WorkshopStockAdjust&amp;entryEntity=WorkshopStockAdjustEntry' valid='1' />
	<TSystemLogType id='27ec51b6-f681-4172-aba9-7ed83bd04441' number='LOG100150' name='车间调整单' operateType='删除' keyWord='deleteWithEntry?headEntity=WorkshopStockAdjust&amp;entryEntity=WorkshopStockAdjustEntry' valid='1' />
	<TSystemLogType id='28d85d8c-92fe-4817-b73c-9b408d67fb9b' number='LOG100151' name='车间调整单' operateType='提交' keyWord='submitWorkshopStockAdjust' valid='1' />
	<TSystemLogType id='4aa859e6-0e99-4485-9050-ff8c4b83167a' number='LOG100152' name='车间调整单' operateType='撤销' keyWord='rollbackWorkshopStockAdjust' valid='1' />
	<TSystemLogType id='4ed830d1-1583-43f1-ae2b-fafcbe425e26' number='LOG100153' name='供应商调整单' operateType='查看' keyWord='getUserPermissions?menuId=supplierStockAdjust' valid='0' />
	<TSystemLogType id='d48f5060-6012-4ed9-a825-60d075a9e5e3' number='LOG100154' name='供应商调整单' operateType='新增' keyWord='createWithEntry?headEntity=SupplierStockAdjust&amp;entryEntity=SupplierStockAdjustEntry' valid='1' />
	<TSystemLogType id='37cc263d-08cf-4b95-bf66-039fd8db8f3b' number='LOG100155' name='供应商调整单' operateType='修改' keyWord='updateWithEntry?headEntity=SupplierStockAdjust&amp;entryEntity=SupplierStockAdjustEntry' valid='1' />
	<TSystemLogType id='1272976e-54a7-4e41-9a07-af412a478437' number='LOG100156' name='供应商调整单' operateType='删除' keyWord='deleteWithEntry?headEntity=SupplierStockAdjust&amp;entryEntity=SupplierStockAdjustEntry' valid='1' />
	<TSystemLogType id='c937b76e-64d6-46af-81cb-1320cbe08593' number='LOG100157' name='供应商调整单' operateType='提交' keyWord='submitSupplierStockAdjust' valid='1' />
	<TSystemLogType id='c70e0f72-63e9-48ea-a27d-eb136b9547ba' number='LOG100158' name='供应商调整单' operateType='撤销' keyWord='rollbackSupplierStockAdjust' valid='1' />
	<TSystemLogType id='d3a0162f-36a2-4033-945f-a2cbe462813f' number='LOG100159' name='存货核算' operateType='查看' keyWord='getUserPermissions?menuId=stockSettle' valid='0' />
	<TSystemLogType id='3c210202-619a-4b26-9e34-24d325decc82' number='LOG100160' name='存货核算' operateType='结算' keyWord='monthlySettle' valid='1' />
	<TSystemLogType id='315fef38-ddaa-4cf6-b92a-9f976606b2c7' number='LOG100161' name='存货核算' operateType='反结算' keyWord='rollbackSettle' valid='1' />
	<TSystemLogType id='133bbf37-8709-4378-b66c-b2807e27c025' number='LOG100162' name='生产计划' operateType='查看' keyWord='getUserPermissions?menuId=productionPlan' valid='0' />
	<TSystemLogType id='1e29aee9-2d5e-40ce-80e6-50a8ed4eb3d4' number='LOG100163' name='库存情况' operateType='查看' keyWord='getUserPermissions?menuId=stockDetail' valid='0' />
	<TSystemLogType id='cba1c0c4-b982-4895-aa79-e0aaa2137dc1' number='LOG100164' name='黑坯材料耗用表' operateType='查看' keyWord='getUserPermissions?menuId=semiProductCostReport' valid='0' />
	<TSystemLogType id='db255aaf-07c2-4d6d-9ca0-b6166f955ff9' number='LOG100165' name='发外加工对数表' operateType='查看' keyWord='getUserPermissions?menuId=consignProcessMatchingReport' valid='0' />
	<TSystemLogType id='068c2e4a-7b8b-4b18-8540-4b08e984e2e3' number='LOG100166' name='安装包装材料表' operateType='查看' keyWord='getUserPermissions?menuId=packingMaterialReport' valid='0' />
	<TSystemLogType id='a2d9c581-a806-4941-a598-2f4ef2a9441f' number='LOG100167' name='车间储备情况' operateType='查看' keyWord='getUserPermissions?menuId=workshopStockDetail' valid='0' />
	<TSystemLogType id='636ac96d-9a98-46b5-a58c-d2cee17da36c' number='LOG100168' name='采购对数表' operateType='查看' keyWord='getUserPermissions?menuId=purchaseMatchingReport' valid='0' />
	<TSystemLogType id='a0eb8083-2093-4bde-8f67-9580ef921822' number='LOG100169' name='综合出货欠数表' operateType='查看' keyWord='getUserPermissions?menuId=productStaticsReport' valid='0' />
	<TSystemLogType id='96cf32f5-19e4-4888-85fe-633ab8b2e884' number='LOG100170' name='综合成品帐' operateType='查看' keyWord='getUserPermissions?menuId=productSendOweReport' valid='0' />
	<TSystemLogType id='9b83c2df-956a-43fc-94f3-6e4687eb2edc' number='LOG100171' name='成品报表' operateType='查看' keyWord='getUserPermissions?menuId=productReport' valid='0' />
	<TSystemLogType id='62dab477-87db-4322-a1b0-cffe92fb773f' number='LOG100172' name='日志管理' operateType='查看' keyWord='getUserPermissions?menuId=logManagement' valid='0' />
	<TSystemLogType id='24b65202-63e3-4c9f-9c1b-db417e984125' number='LOG100173' name='个人资料维护' operateType='查看' keyWord='getUserPermissions?menuId=userInfo' valid='0' />
	<TSystemLogType id='5fa4e4c8-4af6-4a96-ac4f-6d0a54b12910' number='LOG100174' name='个人资料维护' operateType='修改' keyWord='updateUserLogin' valid='1' />
</entity-engine-xml>