<?xml version="1.0" encoding="UTF-8"?>
<entity-engine-xml>
    <UserLoginHistory userLoginId="admin" visitId="10022" fromDate="2012-08-20 13:33:15.0" successfulLogin="Y" lastUpdatedStamp="2012-08-20 13:33:15.0" lastUpdatedTxStamp="2012-08-20 13:33:15.0" createdStamp="2012-08-20 13:33:15.0" createdTxStamp="2012-08-20 13:33:15.0"/>
    <UserLoginHistory userLoginId="LUXIANRU" visitId="10025" fromDate="2012-08-21 08:15:58.0" successfulLogin="Y" lastUpdatedStamp="2012-08-21 08:15:58.0" lastUpdatedTxStamp="2012-08-21 08:15:58.0" createdStamp="2012-08-21 08:15:58.0" createdTxStamp="2012-08-21 08:15:58.0"/>
    <UserLoginHistory userLoginId="LUXIANRU" visitId="10026" fromDate="2012-08-21 14:40:54.0" successfulLogin="Y" lastUpdatedStamp="2012-08-21 14:40:54.0" lastUpdatedTxStamp="2012-08-21 14:40:54.0" createdStamp="2012-08-21 14:40:54.0" createdTxStamp="2012-08-21 14:40:54.0"/>
    <UserLoginHistory userLoginId="LUXIANRU" visitId="10027" fromDate="2012-08-21 14:41:34.0" successfulLogin="Y" lastUpdatedStamp="2012-08-21 14:41:34.0" lastUpdatedTxStamp="2012-08-21 14:41:34.0" createdStamp="2012-08-21 14:41:34.0" createdTxStamp="2012-08-21 14:41:34.0"/>
    <UserLoginHistory userLoginId="LUXIANRU" visitId="10028" fromDate="2012-08-21 15:27:21.0" successfulLogin="Y" lastUpdatedStamp="2012-08-21 15:27:21.0" lastUpdatedTxStamp="2012-08-21 15:27:21.0" createdStamp="2012-08-21 15:27:21.0" createdTxStamp="2012-08-21 15:27:21.0"/>
    <UserLoginHistory userLoginId="LUXIANRU" visitId="10029" fromDate="2012-08-21 17:15:08.0" successfulLogin="Y" lastUpdatedStamp="2012-08-21 17:15:08.0" lastUpdatedTxStamp="2012-08-21 17:15:08.0" createdStamp="2012-08-21 17:15:08.0" createdTxStamp="2012-08-21 17:15:08.0"/>
    <UserLoginHistory userLoginId="LUXIANRU" visitId="10030" fromDate="2012-08-21 17:19:52.0" successfulLogin="Y" lastUpdatedStamp="2012-08-21 17:19:52.0" lastUpdatedTxStamp="2012-08-21 17:19:52.0" createdStamp="2012-08-21 17:19:52.0" createdTxStamp="2012-08-21 17:19:52.0"/>
    <UserLoginHistory userLoginId="LUXIANRU" visitId="10031" fromDate="2012-08-22 09:01:24.0" successfulLogin="Y" lastUpdatedStamp="2012-08-22 09:01:24.0" lastUpdatedTxStamp="2012-08-22 09:01:24.0" createdStamp="2012-08-22 09:01:24.0" createdTxStamp="2012-08-22 09:01:24.0"/>
    <UserLoginHistory userLoginId="LUXIANRU" visitId="10033" fromDate="2012-08-22 10:40:54.0" successfulLogin="Y" lastUpdatedStamp="2012-08-22 10:40:54.0" lastUpdatedTxStamp="2012-08-22 10:40:54.0" createdStamp="2012-08-22 10:40:54.0" createdTxStamp="2012-08-22 10:40:54.0"/>
    <UserLoginHistory userLoginId="LUXIANRU" visitId="10036" fromDate="2012-08-22 15:35:52.0" successfulLogin="Y" lastUpdatedStamp="2012-08-22 15:35:52.0" lastUpdatedTxStamp="2012-08-22 15:35:52.0" createdStamp="2012-08-22 15:35:52.0" createdTxStamp="2012-08-22 15:35:52.0"/>
    <UserLoginHistory userLoginId="LUXIANRU" visitId="10038" fromDate="2012-08-23 10:27:31.0" successfulLogin="Y" lastUpdatedStamp="2012-08-23 10:27:31.0" lastUpdatedTxStamp="2012-08-23 10:27:31.0" createdStamp="2012-08-23 10:27:31.0" createdTxStamp="2012-08-23 10:27:31.0"/>
    <UserLoginHistory userLoginId="LUXIANRU" visitId="10039" fromDate="2012-08-23 11:38:16.0" successfulLogin="Y" lastUpdatedStamp="2012-08-23 11:38:16.0" lastUpdatedTxStamp="2012-08-23 11:38:16.0" createdStamp="2012-08-23 11:38:16.0" createdTxStamp="2012-08-23 11:38:16.0"/>
    <UserLoginHistory userLoginId="LUXIANRU" visitId="10040" fromDate="2012-08-23 16:49:28.0" successfulLogin="Y" lastUpdatedStamp="2012-08-23 16:49:28.0" lastUpdatedTxStamp="2012-08-23 16:49:28.0" createdStamp="2012-08-23 16:49:28.0" createdTxStamp="2012-08-23 16:49:28.0"/>
    <UserLoginHistory userLoginId="LUXIANRU" visitId="10069" fromDate="2012-08-24 16:44:42.0" successfulLogin="Y" lastUpdatedStamp="2012-08-24 16:44:42.0" lastUpdatedTxStamp="2012-08-24 16:44:42.0" createdStamp="2012-08-24 16:44:42.0" createdTxStamp="2012-08-24 16:44:42.0"/>
    <UserLoginHistory userLoginId="LUXIANRU" visitId="10070" fromDate="2012-08-25 08:19:05.0" successfulLogin="Y" lastUpdatedStamp="2012-08-25 08:19:05.0" lastUpdatedTxStamp="2012-08-25 08:19:05.0" createdStamp="2012-08-25 08:19:05.0" createdTxStamp="2012-08-25 08:19:05.0"/>
    <UserLoginHistory userLoginId="LUXIANRU" visitId="10072" fromDate="2012-08-25 10:40:54.0" successfulLogin="Y" lastUpdatedStamp="2012-08-25 10:40:54.0" lastUpdatedTxStamp="2012-08-25 10:40:54.0" createdStamp="2012-08-25 10:40:54.0" createdTxStamp="2012-08-25 10:40:54.0"/>
    <UserLoginHistory userLoginId="LUXIANRU" visitId="10075" fromDate="2012-08-25 13:40:51.0" successfulLogin="Y" lastUpdatedStamp="2012-08-25 13:40:51.0" lastUpdatedTxStamp="2012-08-25 13:40:51.0" createdStamp="2012-08-25 13:40:51.0" createdTxStamp="2012-08-25 13:40:51.0"/>
    <UserLoginHistory userLoginId="LUXIANRU" visitId="10079" fromDate="2012-08-25 16:19:35.0" successfulLogin="Y" lastUpdatedStamp="2012-08-25 16:19:35.0" lastUpdatedTxStamp="2012-08-25 16:19:35.0" createdStamp="2012-08-25 16:19:35.0" createdTxStamp="2012-08-25 16:19:35.0"/>
    <UserLoginHistory userLoginId="LUXIANRU" visitId="10080" fromDate="2012-08-25 16:43:34.0" successfulLogin="Y" lastUpdatedStamp="2012-08-25 16:43:34.0" lastUpdatedTxStamp="2012-08-25 16:43:34.0" createdStamp="2012-08-25 16:43:34.0" createdTxStamp="2012-08-25 16:43:34.0"/>
    <UserLoginHistory userLoginId="luyanyi" visitId="10035" fromDate="2012-08-22 15:12:54.0" successfulLogin="Y" lastUpdatedStamp="2012-08-22 15:12:54.0" lastUpdatedTxStamp="2012-08-22 15:12:54.0" createdStamp="2012-08-22 15:12:54.0" createdTxStamp="2012-08-22 15:12:54.0"/>
    <UserLoginHistory userLoginId="LUYANYI" visitId="10037" fromDate="2012-08-23 09:01:36.0" successfulLogin="Y" lastUpdatedStamp="2012-08-23 09:01:36.0" lastUpdatedTxStamp="2012-08-23 09:01:36.0" createdStamp="2012-08-23 09:01:36.0" createdTxStamp="2012-08-23 09:01:36.0"/>
    <UserLoginHistory userLoginId="LUYANYI" visitId="10068" fromDate="2012-08-24 14:20:20.0" successfulLogin="Y" lastUpdatedStamp="2012-08-24 14:20:20.0" lastUpdatedTxStamp="2012-08-24 14:20:20.0" createdStamp="2012-08-24 14:20:20.0" createdTxStamp="2012-08-24 14:20:20.0"/>
    <UserLoginHistory userLoginId="luyanyi" visitId="10071" fromDate="2012-08-25 10:20:10.0" successfulLogin="Y" lastUpdatedStamp="2012-08-25 10:20:10.0" lastUpdatedTxStamp="2012-08-25 10:20:10.0" createdStamp="2012-08-25 10:20:10.0" createdTxStamp="2012-08-25 10:20:10.0"/>
    <UserLoginHistory userLoginId="luyanyi" visitId="10073" fromDate="2012-08-25 11:27:16.0" successfulLogin="Y" lastUpdatedStamp="2012-08-25 11:27:16.0" lastUpdatedTxStamp="2012-08-25 11:27:16.0" createdStamp="2012-08-25 11:27:16.0" createdTxStamp="2012-08-25 11:27:16.0"/>
    <UserLoginHistory userLoginId="luyanyi" visitId="10074" fromDate="2012-08-25 13:30:58.0" successfulLogin="Y" lastUpdatedStamp="2012-08-25 13:30:58.0" lastUpdatedTxStamp="2012-08-25 13:30:58.0" createdStamp="2012-08-25 13:30:58.0" createdTxStamp="2012-08-25 13:30:58.0"/>
    <UserLoginHistory userLoginId="luyanyi" visitId="10076" fromDate="2012-08-25 14:09:38.0" successfulLogin="Y" lastUpdatedStamp="2012-08-25 14:09:38.0" lastUpdatedTxStamp="2012-08-25 14:09:38.0" createdStamp="2012-08-25 14:09:38.0" createdTxStamp="2012-08-25 14:09:38.0"/>
    <UserLoginHistory userLoginId="luyanyi" visitId="10077" fromDate="2012-08-25 14:28:19.0" successfulLogin="Y" lastUpdatedStamp="2012-08-25 14:28:19.0" lastUpdatedTxStamp="2012-08-25 14:28:19.0" createdStamp="2012-08-25 14:28:19.0" createdTxStamp="2012-08-25 14:28:19.0"/>
    <UserLoginHistory userLoginId="luyanyi" visitId="10078" fromDate="2012-08-25 15:32:11.0" successfulLogin="Y" lastUpdatedStamp="2012-08-25 15:32:11.0" lastUpdatedTxStamp="2012-08-25 15:32:11.0" createdStamp="2012-08-25 15:32:11.0" createdTxStamp="2012-08-25 15:32:11.0"/>
    <UserLoginHistory userLoginId="LUYANYI" visitId="10082" fromDate="2012-08-27 08:32:02.0" successfulLogin="Y" lastUpdatedStamp="2012-08-27 08:32:02.0" lastUpdatedTxStamp="2012-08-27 08:32:02.0" createdStamp="2012-08-27 08:32:02.0" createdTxStamp="2012-08-27 08:32:02.0"/>
    <UserLoginHistory userLoginId="luyanyi" visitId="10083" fromDate="2012-08-27 09:50:46.0" successfulLogin="Y" lastUpdatedStamp="2012-08-27 09:50:46.0" lastUpdatedTxStamp="2012-08-27 09:50:46.0" createdStamp="2012-08-27 09:50:46.0" createdTxStamp="2012-08-27 09:50:46.0"/>
    <UserLoginHistory userLoginId="luyanyi" visitId="10084" fromDate="2012-08-27 11:14:03.0" successfulLogin="Y" lastUpdatedStamp="2012-08-27 11:14:03.0" lastUpdatedTxStamp="2012-08-27 11:14:03.0" createdStamp="2012-08-27 11:14:03.0" createdTxStamp="2012-08-27 11:14:03.0"/>
    <UserLoginHistory userLoginId="luyanyi" visitId="10085" fromDate="2012-08-27 13:45:16.0" successfulLogin="Y" lastUpdatedStamp="2012-08-27 13:45:16.0" lastUpdatedTxStamp="2012-08-27 13:45:16.0" createdStamp="2012-08-27 13:45:16.0" createdTxStamp="2012-08-27 13:45:16.0"/>
    <UserLoginHistory userLoginId="LUYANYI" visitId="10086" fromDate="2012-08-27 14:17:11.0" successfulLogin="Y" lastUpdatedStamp="2012-08-27 14:17:11.0" lastUpdatedTxStamp="2012-08-27 14:17:11.0" createdStamp="2012-08-27 14:17:11.0" createdTxStamp="2012-08-27 14:17:11.0"/>
    <UserLoginHistory userLoginId="LUYANYI" visitId="10087" fromDate="2012-08-27 14:43:13.0" successfulLogin="Y" lastUpdatedStamp="2012-08-27 14:43:13.0" lastUpdatedTxStamp="2012-08-27 14:43:13.0" createdStamp="2012-08-27 14:43:13.0" createdTxStamp="2012-08-27 14:43:13.0"/>
    <UserLoginHistory userLoginId="luyanyi" visitId="10088" fromDate="2012-08-28 09:49:59.0" successfulLogin="Y" lastUpdatedStamp="2012-08-28 09:49:59.0" lastUpdatedTxStamp="2012-08-28 09:49:59.0" createdStamp="2012-08-28 09:49:59.0" createdTxStamp="2012-08-28 09:49:59.0"/>
    <UserLoginHistory userLoginId="luyanyi" visitId="10089" fromDate="2012-08-28 10:32:51.0" successfulLogin="Y" lastUpdatedStamp="2012-08-28 10:32:51.0" lastUpdatedTxStamp="2012-08-28 10:32:51.0" createdStamp="2012-08-28 10:32:51.0" createdTxStamp="2012-08-28 10:32:51.0"/>
    <UserLoginHistory userLoginId="LUYANYI" visitId="10090" fromDate="2012-08-28 19:17:32.0" successfulLogin="Y" lastUpdatedStamp="2012-08-28 19:17:32.0" lastUpdatedTxStamp="2012-08-28 19:17:32.0" createdStamp="2012-08-28 19:17:32.0" createdTxStamp="2012-08-28 19:17:32.0"/>
    <UserLoginHistory userLoginId="luyanyi" visitId="10091" fromDate="2012-08-28 19:44:44.0" successfulLogin="Y" lastUpdatedStamp="2012-08-28 19:44:44.0" lastUpdatedTxStamp="2012-08-28 19:44:44.0" createdStamp="2012-08-28 19:44:44.0" createdTxStamp="2012-08-28 19:44:44.0"/>
    <UserLoginHistory userLoginId="LUYANYI" visitId="10092" fromDate="2012-08-29 09:19:32.0" successfulLogin="Y" lastUpdatedStamp="2012-08-29 09:19:32.0" lastUpdatedTxStamp="2012-08-29 09:19:32.0" createdStamp="2012-08-29 09:19:32.0" createdTxStamp="2012-08-29 09:19:32.0"/>
    <UserLoginHistory userLoginId="luyanyi" visitId="10093" fromDate="2012-08-30 11:02:54.0" successfulLogin="Y" lastUpdatedStamp="2012-08-30 11:02:54.0" lastUpdatedTxStamp="2012-08-30 11:02:54.0" createdStamp="2012-08-30 11:02:54.0" createdTxStamp="2012-08-30 11:02:54.0"/>
    <UserLoginHistory userLoginId="LUYANYI" visitId="10095" fromDate="2012-08-31 15:34:53.0" successfulLogin="Y" lastUpdatedStamp="2012-08-31 15:34:53.0" lastUpdatedTxStamp="2012-08-31 15:34:53.0" createdStamp="2012-08-31 15:34:53.0" createdTxStamp="2012-08-31 15:34:53.0"/>
    <UserLoginHistory userLoginId="luyanyi" visitId="10101" fromDate="2012-09-03 09:37:44.0" successfulLogin="Y" lastUpdatedStamp="2012-09-03 09:37:44.0" lastUpdatedTxStamp="2012-09-03 09:37:44.0" createdStamp="2012-09-03 09:37:44.0" createdTxStamp="2012-09-03 09:37:44.0"/>
    <UserLoginHistory userLoginId="luyanyi" visitId="10102" fromDate="2012-09-04 19:33:07.0" successfulLogin="Y" lastUpdatedStamp="2012-09-04 19:33:07.0" lastUpdatedTxStamp="2012-09-04 19:33:07.0" createdStamp="2012-09-04 19:33:07.0" createdTxStamp="2012-09-04 19:33:07.0"/>
    <UserLoginHistory userLoginId="luyanyi" visitId="10103" fromDate="2012-09-04 19:51:46.0" successfulLogin="Y" lastUpdatedStamp="2012-09-04 19:51:46.0" lastUpdatedTxStamp="2012-09-04 19:51:46.0" createdStamp="2012-09-04 19:51:46.0" createdTxStamp="2012-09-04 19:51:46.0"/>
</entity-engine-xml>
