<?xml version="1.0" encoding="UTF-8"?>
<entity-engine-xml>
    <ProductMap id="00f78266-3eed-42f9-89e6-4c49de4f7a26" number="PM100041" ikeaId="20141872" materialId="e6f4a035-1862-47b0-918f-ecf90b4632a6" boardCount="5" entryMaterialId="5cac8201-0b14-4f3e-b6b8-8bdcf8cd9d9d"/>
    <ProductMap id="0204caa1-c1d1-40f1-93ee-1486fdccbbf5" number="PM100070" ikeaId="70177632" materialId="e217e085-5f10-46ae-8094-afd75ee116ed" boardCount="40" entryMaterialId="87c2ba0b-e8b1-40b4-abef-7d4c79b3c697"/>
    <ProductMap id="06e001e1-bcd3-42e5-a4d3-c7fde5cdea17" number="PM100149" ikeaId="60204438" materialId="10381ed8-4957-40e5-ad10-c6249c82a56e" boardCount="8" entryMaterialId="719c0d2c-8dc2-4180-b6e4-063fd4c98985"/>
    <ProductMap id="06eade8e-53dd-4a30-8f00-6cdc0cc2ec45" number="PM100005" ikeaId="60099791" materialId="6ca0e002-0ca5-4c44-96e7-653cd5e823d4" boardCount="128" entryMaterialId="90c9ab4a-1727-454c-9eef-f8617e1af6d8"/>
    <ProductMap id="0727229f-8b36-4875-9da2-2bdf29723bc5" number="PM100104" ikeaId="10233099" materialId="eff43c9d-172d-4fb9-9576-2b560cd827be" boardCount="30" entryMaterialId="4e6b42e3-76e3-43d6-b7ba-0699802434e1"/>
    <ProductMap id="08fe2eb7-b43e-4bc1-891e-53e49c503efe" number="PM100148" ikeaId="80204437" materialId="acfe2474-101d-47a5-a4b2-5bbc9832e11d" boardCount="4" entryMaterialId="ab348f38-5039-4871-9d58-4d74d891f7dd"/>
    <ProductMap id="0f0f8033-14f6-49cf-9d98-17ccd3cbd2a6" number="PM100035" ikeaId="90181746" materialId="ca6b2026-8741-4af5-b8a2-a27f325d9ed7" boardCount="120" entryMaterialId="8a60a2e8-fea2-4e13-809c-9314e8102e70"/>
    <ProductMap id="0f28d996-eccb-4497-a45b-477ffc84b3fd" number="PM100012" ikeaId="80099790" materialId="f29477ac-fa4c-4a87-bca2-4435429083eb" boardCount="39" entryMaterialId="e96328b6-6ebd-4918-aafb-3468819412ed"/>
    <ProductMap id="104d2b8b-4616-43df-a9bf-f5c8b0f9ae41" number="PM100088" ikeaId="90233104" materialId="010f8fcc-c252-418f-8be4-963e87c3bec4" boardCount="33" entryMaterialId="a7e6a2c1-c157-4486-a29b-43204dc1c035"/>
    <ProductMap id="111d2651-251a-4573-ac9c-149822b0aa95" number="PM100062" ikeaId="20056915" materialId="4bee1abd-ea03-4316-97be-4c6d32778b92" boardCount="48" entryMaterialId="9869eaf0-0eb0-4251-a753-70f101ffe1a7"/>
    <ProductMap id="13a64fc2-3400-439c-8e5b-12c62d46e758" number="PM100068" ikeaId="10177630" materialId="44b0c097-9a7d-4e91-854a-9163f6e26ae0" boardCount="40" entryMaterialId="1513dcad-cefa-44d7-ba90-2c060f01723d"/>
    <ProductMap id="15a1bee8-9026-4673-a80a-67e4ccf66b14" number="PM100137" ikeaId="40204439" materialId="c3e98a6f-f41e-47e8-8dc3-517b440909f2" boardCount="8" entryMaterialId="40f611ad-e377-4124-b658-e355f5f04a96"/>
    <ProductMap id="15c56702-6afb-494a-84c9-a8434d2aae7f" number="PM100097" ikeaId="60219661" materialId="07be815d-1d75-4b1d-88ae-bc564ced8c1b" boardCount="33" entryMaterialId="dd1df6d3-7bc1-41aa-a0f0-db74f3d8c271"/>
    <ProductMap id="15e2ff50-3ff1-4310-ac24-340fa174276f" number="PM100023" ikeaId="60161580" materialId="0fcb4225-5f9c-4a4d-89e5-f3840235a47e" boardCount="54" entryMaterialId="24f2c904-ae83-43d1-afda-f09f26a048aa"/>
    <ProductMap id="18178415-dfe6-49fd-a68f-6c170889bea6" number="PM100136" ikeaId="70218524" materialId="d1690aa9-4a01-4497-a1f9-f446ce2c3bfe" boardCount="24" entryMaterialId="b74cd77c-a313-4f6d-8f1d-c3301d941247"/>
    <ProductMap id="19df5c73-9f54-4bda-961e-fce999bd36c9" number="PM100125" ikeaId="10219135" materialId="a18332b1-6645-44e3-8578-e6efcacd4ac8" boardCount="18" entryMaterialId="bb79d297-7f64-4ca5-9246-6a0645681e3a"/>
    <ProductMap id="1b1e744f-d6a2-4dbb-a14e-9b7768521c89" number="PM100076" ikeaId="40222985" materialId="441c76fc-74b2-4e65-aae9-3bb0aade9ffa" boardCount="6" entryMaterialId="9e1ab952-6a66-4c4d-8b1e-8bcfcaf08ea4"/>
    <ProductMap id="1b521eec-4fbb-4ddc-b9e7-6ee10a71822d" number="PM100095" ikeaId="80219660" materialId="d6a6e14b-2c1c-45d1-878c-93e267bd867a" boardCount="36" entryMaterialId="2a2c9b5a-7c77-4c28-a46a-3c27e889cdd8"/>
    <ProductMap id="1beebe22-06c9-4339-bd37-dabb15b4061a" number="PM100144" ikeaId="80204442" materialId="b1f6e8d2-59d7-4bbe-9fa2-7b7ee8b4e9e7" boardCount="4" entryMaterialId="caff5018-1705-4300-8b5e-bbd0ffc18c3a"/>
    <ProductMap id="1d172a43-80a5-4cbb-bb7e-9417b0821fac" number="PM100040" ikeaId="20141872" materialId="55aa37c6-3f3a-4a5c-b7a5-b4808ac2008a" boardCount="10" entryMaterialId="5cac8201-0b14-4f3e-b6b8-8bdcf8cd9d9d"/>
    <ProductMap id="1f25f2f6-931d-4eac-afa4-fa6b8758ef42" number="PM100063" ikeaId="20056915" materialId="e257fbb7-2ee4-45c2-9a77-b3497ce77e3d" boardCount="56" entryMaterialId="9869eaf0-0eb0-4251-a753-70f101ffe1a7"/>
    <ProductMap id="250cb7a0-4bd1-4d74-a78a-9e66dfb399e6" number="PM100101" ikeaId="30233098" materialId="10292468-4b0e-4b30-a5cf-a610fad19d26" boardCount="30" entryMaterialId="68125e04-72e6-459a-b61e-8aa4db4bba99"/>
    <ProductMap id="25128b3d-c786-4ad6-95df-349521590948" number="PM100146" ikeaId="00204436" materialId="e09057c1-064b-4a1b-8289-b0ac89e7d1bf" boardCount="4" entryMaterialId="41d0cfda-a8d7-43d1-9e9c-c37a89343f13"/>
    <ProductMap id="251af1b2-890f-48b7-bc8b-671f429a98a4" number="PM100064" ikeaId="30186474" materialId="2ad28ebc-74f8-4d9e-b1cf-0a8022338bee" boardCount="104" entryMaterialId="e1d5f1ec-531b-4274-b3db-2eb5b2912dcc"/>
    <ProductMap id="25a5569f-a599-490e-aed3-5a2e58ffaa36" number="PM100051" ikeaId="40141871" materialId="3c7a63d2-c53d-4877-b4b5-b4752e06136c" boardCount="5" entryMaterialId="8f9eea0c-4c26-4f7b-8351-bcd711577af5"/>
    <ProductMap id="26d6b852-8003-484f-8be0-4975973ca3b6" number="PM100029" ikeaId="50167653" materialId="8602c414-5707-4113-ba12-42a5a35ad85e" boardCount="30" entryMaterialId="b8aad601-955d-4f3c-9e93-9c0be9327a01"/>
    <ProductMap id="28396403-bede-46e4-bf55-883eebf60469" number="PM100090" ikeaId="60233105" materialId="27e654b2-2fac-4151-99e2-8af2dc43efd1" boardCount="69" entryMaterialId="a5c70625-d047-46c5-acc9-348eac8a08e2"/>
    <ProductMap id="28412db8-1cd3-425f-a537-07266cfc6808" number="PM100052" ikeaId="70164837" materialId="a50cc632-df48-44f6-9d2e-cd56515b05f9" boardCount="10" entryMaterialId="92d9e86f-c876-45b0-9647-9c0a219d7e71"/>
    <ProductMap id="29badfc4-9665-42c2-9bee-726ac9fdb73d" number="PM100102" ikeaId="10233099" materialId="56affa9e-af58-4543-8b68-b696b1aea00c" boardCount="58" entryMaterialId="4e6b42e3-76e3-43d6-b7ba-0699802434e1"/>
    <ProductMap id="2a8f480a-479f-40c3-8427-9a386d07b76f" number="PM100037" ikeaId="30181730" materialId="c863dd43-b605-461f-9402-d890d8275d8d" boardCount="720" entryMaterialId="2ed4b789-8c4b-4c1b-9fbd-b0862f071fa4"/>
    <ProductMap id="30b61dcb-8eaa-4854-930e-04f476f29c6a" number="PM100120" ikeaId="10225650" materialId="187b1fc5-c615-466e-974d-cbe9c6b4f1f3" boardCount="54" entryMaterialId="3671f7ad-76ca-44ea-bd46-a145994824d4"/>
    <ProductMap id="30d3c4dd-3309-490f-abb2-1ff18d9b96fe" number="PM100046" ikeaId="60181682" materialId="d3187131-ded9-4070-b8a6-e73de3c2e6bf" boardCount="10" entryMaterialId="a33f19c8-4de2-4757-bf69-2d55d81d9c7c"/>
    <ProductMap id="31e5d511-c5e3-47e5-8376-463c9a2fd6a3" number="PM100021" ikeaId="30125697" materialId="d43a3541-ba31-488b-b8e7-f9d72ecfb3fe" boardCount="26" entryMaterialId="70f8cceb-3842-4030-ac77-5678fb686329"/>
    <ProductMap id="3270b8bb-8793-436d-a5da-a5500a1ad229" number="PM100103" ikeaId="10233099" materialId="651a5f00-a76b-4460-896d-443bf3785074" boardCount="28" entryMaterialId="4e6b42e3-76e3-43d6-b7ba-0699802434e1"/>
    <ProductMap id="336be910-0c67-40d0-9418-9d3ae574c3d9" number="PM100155" ikeaId="50204434" materialId="423979d1-bcf2-4ce3-a1db-77ff0e7becfd" boardCount="28" entryMaterialId="65432446-cf5a-4e63-8a2b-20332e5ee100"/>
    <ProductMap id="33e1e610-2a51-4683-bb55-a8d2eed634f5" number="PM100138" ikeaId="40204439" materialId="29d8b10b-441e-40d4-bccd-34c7d24da33b" boardCount="4" entryMaterialId="40f611ad-e377-4124-b658-e355f5f04a96"/>
    <ProductMap id="340179cf-5f5d-40b0-9dc8-21ed61369db8" number="PM100134" ikeaId="30218521" materialId="17f026e4-a4a1-45c4-a776-0637e6ee7b1f" boardCount="24" entryMaterialId="cb666222-28ed-4628-8f75-f30605f2eb44"/>
    <ProductMap id="36c1b1b3-9bb0-480a-abf0-bbc7ffcf7e49" number="PM100014" ikeaId="30181117" materialId="848d0cf6-64d4-45cf-a303-1383c195b371" boardCount="36" entryMaterialId="61527211-cb59-413a-ad68-35276f21f826"/>
    <ProductMap id="38ad19dc-caca-497d-8148-288042c302f3" number="PM100106" ikeaId="50219143" materialId="86ee2fd5-a4d1-413d-946e-01808efdade3" boardCount="28" entryMaterialId="ca2d8056-7302-4ba9-a8a1-92654fe75dbc"/>
    <ProductMap id="38d0f9a4-7203-4368-bf8c-fefb95d3cd43" number="PM100130" ikeaId="10218522" materialId="e7d75f26-439d-4e45-888e-43960dc3d2f4" boardCount="12" entryMaterialId="346a3364-f80a-44b4-9097-caa4a2035eb3"/>
    <ProductMap id="3925a1fe-25ab-4d9a-9eca-052f4da49d07" number="PM100099" ikeaId="30233098" materialId="0bf56680-a22c-4b58-a117-7c62b4926063" boardCount="58" entryMaterialId="68125e04-72e6-459a-b61e-8aa4db4bba99"/>
    <ProductMap id="3ba17cd2-454d-4dab-91e5-98438e55eef2" number="PM100013" ikeaId="30181117" materialId="35ca8ce6-2a06-498c-9180-307e1bc1a062" boardCount="75" entryMaterialId="61527211-cb59-413a-ad68-35276f21f826"/>
    <ProductMap id="3d76267e-8f27-49ae-9d3d-4816449295be" number="PM100139" ikeaId="20204435" materialId="df54493e-227f-4d70-ae39-135627520edf" boardCount="8" entryMaterialId="f70d0e56-e6b0-4937-9712-50510d9ec1f1"/>
    <ProductMap id="3ee21c2e-c8de-4f42-94db-04a5c2a2a301" number="PM100121" ikeaId="10225650" materialId="a3d92ace-4312-43be-8e90-5708a792ee58" boardCount="26" entryMaterialId="3671f7ad-76ca-44ea-bd46-a145994824d4"/>
    <ProductMap id="3f0a2fa3-db3e-4edd-9a55-61959f3cd58f" number="PM100003" ikeaId="20181113" materialId="6f49ba55-6eb9-4897-96ee-016e8b7bbee1" boardCount="54" entryMaterialId="a77985d1-f5ba-4e16-97a0-79815101c150"/>
    <ProductMap id="40d18bc5-1d6d-4e8b-8ac5-70b0a320c6de" number="PM100151" ikeaId="30204430" materialId="eb98e608-be14-464d-8bce-bebb724fd4dc" boardCount="28" entryMaterialId="7b5a1733-2fa4-44db-b55d-b9da06370281"/>
    <ProductMap id="4133e320-abbe-4d71-853f-9d91aa4f4ad6" number="PM100086" ikeaId="90225646" materialId="94966e58-68f9-4a0f-91bb-7a4ce53bd57e" boardCount="150" entryMaterialId="4b9c933e-0d13-4c45-bca0-ddfb91c56b36"/>
    <ProductMap id="41e9bd8c-ee17-4343-a1ae-7eb8d1c0e734" number="PM100092" ikeaId="60233105" materialId="52448ce7-940c-4121-b68a-b4710fdafc84" boardCount="36" entryMaterialId="a5c70625-d047-46c5-acc9-348eac8a08e2"/>
    <ProductMap id="43fd5056-bac6-4d61-9e11-3a27a6bdd92b" number="PM100077" ikeaId="30222981" materialId="6d9f8d77-b97b-4076-a15b-3a42d716f709" boardCount="6" entryMaterialId="7e9a339e-ba17-45ec-bc06-08375f5ddf80"/>
    <ProductMap id="49f45536-5bb5-4561-9617-9dd458420ea8" number="PM100010" ikeaId="80099790" materialId="b6a594f0-fb8e-45a2-8fa3-56c1b0290acd" boardCount="75" entryMaterialId="e96328b6-6ebd-4918-aafb-3468819412ed"/>
    <ProductMap id="4a9e8b87-777f-4463-8ecc-35938c1e1e41" number="PM100031" ikeaId="70167652" materialId="234e0ec0-e15c-4887-858c-4a380c699225" boardCount="15" entryMaterialId="28daea80-8377-462e-bf7f-03d09939c356"/>
    <ProductMap id="4b11865b-e962-4855-b0fb-5ca7ae69293a" number="PM100044" ikeaId="50141875" materialId="1c96e4a0-9e51-4f1f-9826-002b7037e08e" boardCount="10" entryMaterialId="81006829-fa51-4037-a219-f0a130c3fa44"/>
    <ProductMap id="4b21d7a1-fb3b-44c4-8314-beb7f2d1077f" number="PM100107" ikeaId="50219143" materialId="1d86711c-84b1-4474-80ed-fda77c6fe8b7" boardCount="30" entryMaterialId="ca2d8056-7302-4ba9-a8a1-92654fe75dbc"/>
    <ProductMap id="4d134a0f-d866-4169-8699-03ecf6292fba" number="PM100047" ikeaId="60181682" materialId="4875a0e7-0799-48f3-9bfc-695e983a0bfe" boardCount="5" entryMaterialId="a33f19c8-4de2-4757-bf69-2d55d81d9c7c"/>
    <ProductMap id="4ec48dd5-597a-4e26-8af8-3fe743d33cf8" number="PM100115" ikeaId="50246858" materialId="7d50e5f9-e165-4a91-ad21-47865dba86c9" boardCount="28" entryMaterialId="a3322a46-2995-408b-9d66-64d92da7616f"/>
    <ProductMap id="50636c31-353e-4cd6-a259-26e991b4f422" number="PM100089" ikeaId="90233104" materialId="019d988f-f2cb-4d5a-9407-da99b00d54be" boardCount="36" entryMaterialId="a7e6a2c1-c157-4486-a29b-43204dc1c035"/>
    <ProductMap id="557f2d27-5e8c-4266-a640-f82607369fda" number="PM100127" ikeaId="90219136" materialId="2d836ff5-71da-470b-a5bd-02c057251fd6" boardCount="17" entryMaterialId="99e94bfe-1f53-487b-8b99-13f552c91dcf"/>
    <ProductMap id="569cd200-5b6c-49e7-9432-fbf728139832" number="PM100091" ikeaId="60233105" materialId="f21f0963-76e0-4f4b-9d8c-fae296b07c4d" boardCount="33" entryMaterialId="a5c70625-d047-46c5-acc9-348eac8a08e2"/>
    <ProductMap id="58966536-32cb-4924-b9c9-824d2d0fce5f" number="PM100060" ikeaId="30141876" materialId="4e74235f-13bb-482c-928d-41c3692bdc94" boardCount="28" entryMaterialId="38993aee-43e3-47d9-bb73-5b7d7e5c89a3"/>
    <ProductMap id="5dd81150-2de6-449a-8730-ad3f5a52921b" number="PM100058" ikeaId="30142003" materialId="4d9b52f3-a6cc-4d2a-a4c8-19a8350cab32" boardCount="28" entryMaterialId="fdb65b7e-0b11-4982-a5da-4cb8eaf1e788"/>
    <ProductMap id="62b1f5b8-ff3a-4553-a074-da4a251a84f6" number="PM100147" ikeaId="80204437" materialId="c003d5a9-2974-448a-99ce-047931ea0960" boardCount="8" entryMaterialId="ab348f38-5039-4871-9d58-4d74d891f7dd"/>
    <ProductMap id="636ff2ef-4aa7-45ad-bdcc-03df2dca242b" number="PM100087" ikeaId="90233104" materialId="23379e0c-0f68-4f63-82a0-38a083b31a63" boardCount="69" entryMaterialId="a7e6a2c1-c157-4486-a29b-43204dc1c035"/>
    <ProductMap id="637bd9aa-aaeb-459c-98cb-c28b0c8da701" number="PM100132" ikeaId="90218523" materialId="308da1b7-34e9-4f2c-a95a-c3ec8fd499b4" boardCount="12" entryMaterialId="c3c9f0c4-a2c4-43fc-b55e-ff35ea8bedb1"/>
    <ProductMap id="646701be-9550-4b46-a9c7-a6d96acadeb5" number="PM100128" ikeaId="90219136" materialId="28b7c660-7bdd-4bb3-87d5-e31cfcb458e5" boardCount="18" entryMaterialId="99e94bfe-1f53-487b-8b99-13f552c91dcf"/>
    <ProductMap id="6512225b-d0e9-4b01-8c8d-3e3f9f00d943" number="PM100026" ikeaId="20157108" materialId="8302dfe5-b267-4e79-9929-411cd4f9f8aa" boardCount="30" entryMaterialId="18ed089b-d3cd-4f12-9b7d-ea20597025a2"/>
    <ProductMap id="65c1d67c-538c-476f-88bf-ee401ad7bb8e" number="PM100133" ikeaId="30218521" materialId="50fe55e1-a66d-4e15-85c2-7cd0c47c459a" boardCount="48" entryMaterialId="cb666222-28ed-4628-8f75-f30605f2eb44"/>
    <ProductMap id="677ccd87-3985-44bc-8e77-4cfb4b02da3c" number="PM100001" ikeaId="40099792" materialId="ed6c2956-2789-4fde-a089-e2110189dfe9" boardCount="54" entryMaterialId="a58c925e-3887-42e8-a011-b4690e4df77f"/>
    <ProductMap id="6859972f-3041-455e-a975-b7ffd73cc126" number="PM100067" ikeaId="10177630" materialId="1eac0420-4b44-4ba5-b723-5bd15ea47333" boardCount="80" entryMaterialId="1513dcad-cefa-44d7-ba90-2c060f01723d"/>
    <ProductMap id="6e6a91d1-42e7-4402-8383-9d9d8ed85ca0" number="PM100057" ikeaId="10142004" materialId="300bce30-e9a1-44e9-9e4e-3033f628ae31" boardCount="28" entryMaterialId="d29d6771-2f04-47c6-96f8-9b2da9797b7b"/>
    <ProductMap id="6ff2e21a-1087-4037-941a-c79446627699" number="PM100110" ikeaId="30219144" materialId="087a15b1-fc94-4192-9f49-5854058e5bbe" boardCount="30" entryMaterialId="7ceaf8b0-6c99-4571-874f-f556f1eebe1e"/>
    <ProductMap id="70e19fa6-14e3-4029-8d27-9007f19b5097" number="PM100084" ikeaId="10227913" materialId="549489d8-4d45-40c6-b4a6-6575a1eea845" boardCount="16" entryMaterialId="687ee869-20ca-4884-bf40-ca1450fa219b"/>
    <ProductMap id="71880ed1-f488-4b93-8940-4394a575df7b" number="PM100075" ikeaId="70222979" materialId="e006a36b-a37d-4525-b95a-4ab8b83d7b4b" boardCount="15" entryMaterialId="70a8895b-ff70-4c52-8ba5-d19174741a54"/>
    <ProductMap id="72b0f580-e1ba-43a8-8eb7-eb0d90bc0de0" number="PM100007" ikeaId="00181114" materialId="985b77a6-9793-46e8-8578-5fe9d4aa5630" boardCount="128" entryMaterialId="cbfd7e8e-af74-4a2f-9bbf-7c485e0dfac1"/>
    <ProductMap id="73380c14-1b2b-4fb8-a9a1-1257ff70b1b9" number="PM100111" ikeaId="70246857" materialId="9ba31c0e-afa9-4568-9c9e-072d20f1e531" boardCount="58" entryMaterialId="91198641-2840-47a6-ac92-7ca976d77601"/>
    <ProductMap id="73f59d1b-3e68-4c12-a3e7-acb1b3fd887b" number="PM100056" ikeaId="80141874" materialId="072cbb28-b552-41a3-a5cf-d0cf8e6ca47b" boardCount="28" entryMaterialId="9d572c00-7f86-4ff2-8998-1b1ed1d5e831"/>
    <ProductMap id="74b0ee92-cbd4-4ea2-ab7d-7f3f514aa2f8" number="PM100033" ikeaId="90167651" materialId="d6c2ac24-922b-4ef3-a6bc-7b0b281f87c1" boardCount="15" entryMaterialId="d1c7a07a-fb51-4585-a5fe-69814bf8d880"/>
    <ProductMap id="75585467-53d0-4978-ad5b-a77d2221dba5" number="PM100105" ikeaId="50219143" materialId="2cacc4e9-6317-4d4d-b71f-b9410a11f618" boardCount="58" entryMaterialId="ca2d8056-7302-4ba9-a8a1-92654fe75dbc"/>
    <ProductMap id="76e24ebd-d015-4b41-8679-7b9259ab3189" number="PM100085" ikeaId="10225645" materialId="c31a598c-a481-4b07-bdae-40454a4482c0" boardCount="150" entryMaterialId="09116ce3-daa9-45a1-95a7-632e900941c6"/>
    <ProductMap id="7704e10c-74f7-49f4-bafd-0e4ca416d7cc" number="PM100135" ikeaId="70218524" materialId="35fad9e7-e859-4bf6-912d-1b125cb38f59" boardCount="48" entryMaterialId="b74cd77c-a313-4f6d-8f1d-c3301d941247"/>
    <ProductMap id="77902820-cf2f-4d90-95ed-3d093114b1ef" number="PM100141" ikeaId="00204441" materialId="48e46997-4ed7-4b7b-8d77-52f8cc0d2fba" boardCount="8" entryMaterialId="0c10457f-47c3-46b3-901a-62ec76164f24"/>
    <ProductMap id="779155cc-5353-4095-b11f-aa319b94a418" number="PM100045" ikeaId="50141875" materialId="6bc36dc2-3ec3-4a84-b432-7a2fe1b844c7" boardCount="5" entryMaterialId="81006829-fa51-4037-a219-f0a130c3fa44"/>
    <ProductMap id="77e29469-148a-44ca-b6a1-42b81f6a54ca" number="PM100011" ikeaId="80099790" materialId="9cb95905-de4a-4942-8b7a-cd31d6102222" boardCount="36" entryMaterialId="e96328b6-6ebd-4918-aafb-3468819412ed"/>
    <ProductMap id="786032e2-eab1-4030-bcbe-97f8d73add1f" number="PM100114" ikeaId="50246858" materialId="e3ab14de-24d4-47dd-89a7-63a93ac52a56" boardCount="58" entryMaterialId="a3322a46-2995-408b-9d66-64d92da7616f"/>
    <ProductMap id="7c5326af-9f33-49de-820d-11567c081864" number="PM100078" ikeaId="80222988" materialId="a30d7e40-7b1c-4d60-9ddb-51b89cc5710b" boardCount="6" entryMaterialId="617a874f-f53c-429f-8258-78c2006d7e6f"/>
    <ProductMap id="7cb191fd-fff1-4150-85b5-7c6748f1a873" number="PM100083" ikeaId="30227912" materialId="961507bf-54c5-48bb-aaa6-2f4c44d6346e" boardCount="16" entryMaterialId="8a79ecff-f676-47a5-8ec1-533cdbffac6d"/>
    <ProductMap id="7e9fb4d7-4974-445c-8e0a-448e0c3c79b5" number="PM100048" ikeaId="60141870" materialId="976a1726-e626-442d-8ae4-37c287a437e4" boardCount="10" entryMaterialId="e5dfb43f-e3a7-466f-a829-3c46fae3d91c"/>
    <ProductMap id="7f9a95ed-c207-4077-84dc-f3267d5aa286" number="PM100081" ikeaId="90222983" materialId="58f37d75-8eae-4f70-9157-6b68342b8c70" boardCount="6" entryMaterialId="123bf5e7-fe75-4dc4-9422-c73a22d7933b"/>
    <ProductMap id="82f48119-09df-4d52-8563-e63f20458419" number="PM100028" ikeaId="10157104" materialId="2f062440-d2f9-45f1-9237-9af8129d5845" boardCount="30" entryMaterialId="23360276-da04-414b-be36-a62ff050a671"/>
    <ProductMap id="84673f58-a335-4bd3-9c2b-f92f95f70648" number="PM100154" ikeaId="90204432" materialId="f77b5a58-6c21-48b6-83b4-a1b3e5e10f53" boardCount="28" entryMaterialId="190bdb64-1cad-4df9-938c-5c2031933efb"/>
    <ProductMap id="852734fc-1533-4ec1-b96f-b6bf4bdb3f31" number="PM100039" ikeaId="70181747" materialId="5ef7ff4a-d252-46c5-95b7-552aaf94ed3e" boardCount="160" entryMaterialId="820945ad-7d9e-42f6-b036-34a33136167a"/>
    <ProductMap id="863ac079-5d7b-4a7a-9d52-007dd244c1f5" number="PM100065" ikeaId="30186474" materialId="f9267588-fc44-4faf-9337-7ce60e46e837" boardCount="48" entryMaterialId="e1d5f1ec-531b-4274-b3db-2eb5b2912dcc"/>
    <ProductMap id="87247650-30fd-4c56-b9ba-0a5e0fed43eb" number="PM100015" ikeaId="30181117" materialId="b32eb75f-15de-4701-a4f8-71edaff51df1" boardCount="39" entryMaterialId="61527211-cb59-413a-ad68-35276f21f826"/>
    <ProductMap id="8785ec2d-605a-4e34-9d12-4b6b4df523e3" number="PM100006" ikeaId="60099791" materialId="995e722f-6dca-4a8d-8cca-ab3c7b573dc1" boardCount="32" entryMaterialId="90c9ab4a-1727-454c-9eef-f8617e1af6d8"/>
    <ProductMap id="88e958ec-f007-45f5-bd5c-026c0b7d493b" number="PM100108" ikeaId="30219144" materialId="36094427-868d-4f2e-8405-ac44bda0cc41" boardCount="58" entryMaterialId="7ceaf8b0-6c99-4571-874f-f556f1eebe1e"/>
    <ProductMap id="8af8cf7d-6117-4e51-9db5-98f5be06a46f" number="PM100143" ikeaId="80204442" materialId="7590fb8c-a49c-431f-8973-5d963c3e8333" boardCount="8" entryMaterialId="caff5018-1705-4300-8b5e-bbd0ffc18c3a"/>
    <ProductMap id="8c13b270-9d3f-43ab-abef-0b313bfb70ad" number="PM100027" ikeaId="30167654" materialId="081e08b7-1b93-4acc-a0aa-69e1a4b573d0" boardCount="30" entryMaterialId="b6a952c9-fd37-4c67-9377-9b3b879d7637"/>
    <ProductMap id="8d8b0055-eca0-4bc9-bce8-f20a5a273629" number="PM100072" ikeaId="30222976" materialId="5a0926bd-99da-451c-8f67-83c05ae38529" boardCount="15" entryMaterialId="ca75c9d1-a632-4a2f-a2cb-4ebb67a62905"/>
    <ProductMap id="8dcd5c54-baf5-4f63-b706-4f35d5121f36" number="PM100066" ikeaId="30186474" materialId="870c3a49-9e1a-4999-846e-125a1cbbafd9" boardCount="56" entryMaterialId="e1d5f1ec-531b-4274-b3db-2eb5b2912dcc"/>
    <ProductMap id="8ee4a156-c557-40c4-b828-9d71b9aa7b2d" number="PM100025" ikeaId="60161580" materialId="2dde3d42-4848-4ea3-90bd-a007de04a962" boardCount="28" entryMaterialId="24f2c904-ae83-43d1-afda-f09f26a048aa"/>
    <ProductMap id="8fb23588-344e-4391-9800-6c24f7e7f6cf" number="PM100080" ikeaId="10222982" materialId="ca6e2b2e-bbb1-4857-a052-e28ab4d6c912" boardCount="6" entryMaterialId="78b4bfc6-aac8-48cf-8450-6dc1d7c99924"/>
    <ProductMap id="9319fea6-6644-40c9-801f-5136866e67cc" number="PM100018" ikeaId="70181115" materialId="5914ff29-2219-44b4-9884-60ca64b5e1e1" boardCount="48" entryMaterialId="9fd22e05-eba1-497f-b5cf-785e1de353fb"/>
    <ProductMap id="9550670b-f12e-4754-bcc6-9d2c95ce9649" number="PM100129" ikeaId="10218522" materialId="9365854d-a9e0-4bf3-a1aa-8cc81c53cf01" boardCount="24" entryMaterialId="346a3364-f80a-44b4-9097-caa4a2035eb3"/>
    <ProductMap id="96ea2577-1270-43d8-b882-c767324a80e1" number="PM100038" ikeaId="20134188" materialId="15fae650-ed75-487e-9b66-c6c3bf7265e2" boardCount="160" entryMaterialId="fb1dd9dc-548e-4a10-8531-2c45ea5050dd"/>
    <ProductMap id="9d3c085a-bb6b-484b-b315-c9136a0ad515" number="PM100100" ikeaId="30233098" materialId="a0890626-8e14-4d57-80f7-3e1dacfadab1" boardCount="28" entryMaterialId="68125e04-72e6-459a-b61e-8aa4db4bba99"/>
    <ProductMap id="9e61cc66-ae3a-4167-8296-554e70748838" number="PM100117" ikeaId="30225649" materialId="07eeb85e-ab21-4c19-a06e-14d18de67988" boardCount="54" entryMaterialId="2377e0ab-2b73-4b56-a932-1ec6afdd1ed4"/>
    <ProductMap id="9ebf63ef-3249-4abf-8732-ed13634de42d" number="PM100019" ikeaId="70181115" materialId="0c85a887-71d5-44c8-9468-8f97db3afa6c" boardCount="24" entryMaterialId="9fd22e05-eba1-497f-b5cf-785e1de353fb"/>
    <ProductMap id="a0d81efb-3a43-41da-86b5-e80d73d4ea90" number="PM100020" ikeaId="30125697" materialId="6b942648-9ca5-485d-92eb-5ee24d8a1396" boardCount="54" entryMaterialId="70f8cceb-3842-4030-ac77-5678fb686329"/>
    <ProductMap id="a0df5ff0-0fe3-4be0-a433-7d5e028012da" number="PM100126" ikeaId="90219136" materialId="cadf01a5-cc59-465b-9f75-353cae88edf4" boardCount="35" entryMaterialId="99e94bfe-1f53-487b-8b99-13f552c91dcf"/>
    <ProductMap id="a29d5521-2630-4147-adf5-2d0fdafcb3b3" number="PM100152" ikeaId="10204431" materialId="3cf0dfb1-9cbc-497b-b8f5-4970106513a5" boardCount="28" entryMaterialId="66516263-cbf8-4839-a848-915100ccd7d7"/>
    <ProductMap id="aa09944c-d694-4d33-a970-5aa1b85adc60" number="PM100043" ikeaId="80141869" materialId="39175792-5247-401a-be33-fc2c34350ec1" boardCount="5" entryMaterialId="59ac2d37-3316-4280-b3f7-045c91bd59a8"/>
    <ProductMap id="ae99a752-a5d5-40ff-8982-66e80d7d051b" number="PM100030" ikeaId="30157103" materialId="8783829d-b722-4ae0-b822-f65efe7c975b" boardCount="15" entryMaterialId="cf6b6b66-bb8c-48b7-9d91-82b819572c94"/>
    <ProductMap id="b34a7f4a-ac27-4078-a6da-2c3279f518fd" number="PM100054" ikeaId="00141873" materialId="ecce606d-7d69-4bd7-9d27-ecc0fdf6fb3d" boardCount="10" entryMaterialId="d32693a1-d22b-4588-8b6f-64196df04298"/>
    <ProductMap id="b4ff5c20-57b8-429f-8b51-f50793efb303" number="PM100094" ikeaId="80219660" materialId="8b9f76d7-06fa-498f-ac11-d883bbce667e" boardCount="33" entryMaterialId="2a2c9b5a-7c77-4c28-a46a-3c27e889cdd8"/>
    <ProductMap id="b8d95904-07c5-44c9-9b9f-3a4ba74d1f8b" number="PM100022" ikeaId="30125697" materialId="4ec1d85e-b4d3-4602-a439-16acb6ac1136" boardCount="28" entryMaterialId="70f8cceb-3842-4030-ac77-5678fb686329"/>
    <ProductMap id="bd37d04d-1414-443e-9ba7-978eb5d905c3" number="PM100069" ikeaId="70177632" materialId="18ffbd78-0461-443a-a6b2-c088a3135411" boardCount="80" entryMaterialId="87c2ba0b-e8b1-40b4-abef-7d4c79b3c697"/>
    <ProductMap id="bdce12d1-2563-46e4-976a-d18806bbcfc0" number="PM100145" ikeaId="00204436" materialId="8f62aad7-0093-40db-96ae-a96702e4455f" boardCount="8" entryMaterialId="41d0cfda-a8d7-43d1-9e9c-c37a89343f13"/>
    <ProductMap id="bf902cbc-81af-448f-ba26-1b9591198568" number="PM100140" ikeaId="20204435" materialId="fb64feba-3de0-4010-952a-a94112acac96" boardCount="4" entryMaterialId="f70d0e56-e6b0-4937-9712-50510d9ec1f1"/>
    <ProductMap id="c052036f-6e80-491b-9a9a-31b67cd23821" number="PM100008" ikeaId="50138199" materialId="dfc6a993-e198-412c-9c8b-583ad896e056" boardCount="192" entryMaterialId="73612022-4f95-4dcf-af9b-2e7ac41df5fc"/>
    <ProductMap id="c0ce82c0-286f-4593-b61c-ae02e8f95397" number="PM100049" ikeaId="60141870" materialId="27a72311-569b-4b76-9e47-82918c1c908b" boardCount="5" entryMaterialId="e5dfb43f-e3a7-466f-a829-3c46fae3d91c"/>
    <ProductMap id="c0e00f5d-d6fe-4466-8609-1966adc476ee" number="PM100131" ikeaId="90218523" materialId="cef3346f-512b-41de-8246-9f02b92a5ef7" boardCount="24" entryMaterialId="c3c9f0c4-a2c4-43fc-b55e-ff35ea8bedb1"/>
    <ProductMap id="c1a1b930-4d58-4686-ad8a-7eed11d1f0c0" number="PM100116" ikeaId="50246858" materialId="345b5f2a-4e7c-4206-b4f2-6e472c1f3f47" boardCount="30" entryMaterialId="a3322a46-2995-408b-9d66-64d92da7616f"/>
    <ProductMap id="c3dcedc3-d7b0-4755-8977-ee1322a5f333" number="PM100024" ikeaId="60161580" materialId="3ecbd43f-e857-4862-8bf3-7546ba91d30d" boardCount="26" entryMaterialId="24f2c904-ae83-43d1-afda-f09f26a048aa"/>
    <ProductMap id="c81e83ac-edeb-4406-b22a-7b893a9c5c91" number="PM100032" ikeaId="40157107" materialId="ce8a7fd6-7f70-4e3b-bf83-4c330e748b05" boardCount="15" entryMaterialId="55be64be-8db9-477f-82fa-151a35f2a0ec"/>
    <ProductMap id="c8222c9d-6e3f-416f-b973-bcf0e0e55ced" number="PM100118" ikeaId="30225649" materialId="6cbe8149-fad9-45f8-94e4-c35e482cc943" boardCount="26" entryMaterialId="2377e0ab-2b73-4b56-a932-1ec6afdd1ed4"/>
    <ProductMap id="c8508a16-ffde-4947-9e2c-88db623ecde6" number="PM100153" ikeaId="70204433" materialId="77c541a8-5cab-40ed-92d0-73e98cf46259" boardCount="28" entryMaterialId="5de8c09b-d795-4eb1-903a-5f1112806a96"/>
    <ProductMap id="c8834505-4e48-4052-8cb4-12d78e8057e2" number="PM100109" ikeaId="30219144" materialId="c4af8de7-b2c4-41f7-a7c8-9470dd043e7d" boardCount="28" entryMaterialId="7ceaf8b0-6c99-4571-874f-f556f1eebe1e"/>
    <ProductMap id="ca6ea70c-0723-443a-a270-4c777a9916d7" number="PM100098" ikeaId="60219661" materialId="753a4d1a-7834-4ede-a47e-1611c88fd784" boardCount="36" entryMaterialId="dd1df6d3-7bc1-41aa-a0f0-db74f3d8c271"/>
    <ProductMap id="ce4d8472-8c29-4eb8-a1db-6fd4d7dc4ac0" number="PM100082" ikeaId="70222984" materialId="c362195d-79e1-467b-99a2-4c4a017bad31" boardCount="6" entryMaterialId="13027a1c-107d-4c11-8f3d-7d864f6fa541"/>
    <ProductMap id="cfd8dbda-cbed-41a8-93d4-3246ea39acb5" number="PM100112" ikeaId="70246857" materialId="324fc577-f1e2-44c1-a89d-142bab51ff0a" boardCount="28" entryMaterialId="91198641-2840-47a6-ac92-7ca976d77601"/>
    <ProductMap id="cff138a5-dd9f-480e-be50-e64e0cedfcd7" number="PM100150" ikeaId="60204438" materialId="6b34736e-5884-4d5d-ab21-67e796093c79" boardCount="4" entryMaterialId="719c0d2c-8dc2-4180-b6e4-063fd4c98985"/>
    <ProductMap id="d2d9cc86-6871-489c-8d29-ad760a1b1820" number="PM100050" ikeaId="40141871" materialId="c03ea3f2-f560-4a46-9aae-effd5902a14f" boardCount="10" entryMaterialId="8f9eea0c-4c26-4f7b-8351-bcd711577af5"/>
    <ProductMap id="d461932c-c052-4d8c-9839-766f2abb4820" number="PM100042" ikeaId="80141869" materialId="fa635b1b-d9ff-4a07-b150-2af75c74dc78" boardCount="10" entryMaterialId="59ac2d37-3316-4280-b3f7-045c91bd59a8"/>
    <ProductMap id="d46d6919-036b-46c0-b41c-88ce752074c1" number="PM100124" ikeaId="10219135" materialId="201babd5-c80f-4457-ad8d-a16abcc12f32" boardCount="17" entryMaterialId="bb79d297-7f64-4ca5-9246-6a0645681e3a"/>
    <ProductMap id="d6589794-a52a-4b54-a2b6-2922dcad9e64" number="PM100059" ikeaId="90164836" materialId="0f5bc729-3f11-49ab-bd35-20bcc3b28ad8" boardCount="28" entryMaterialId="9150653f-2e6e-42e8-80df-f8a0ce91cb0f"/>
    <ProductMap id="d69d7377-1535-4a95-bd51-62f262aef274" number="PM100074" ikeaId="10222977" materialId="ee12278f-7d2e-42ec-bee6-8bf81d4af185" boardCount="15" entryMaterialId="7f0f9bc8-6137-42be-abc4-d63233126b9b"/>
    <ProductMap id="d736c0a1-b904-4cff-b13f-e5b8850b490b" number="PM100009" ikeaId="60167822" materialId="4943fc4a-c6c9-43d4-a61e-87f927a5f512" boardCount="192" entryMaterialId="a0a00c75-bca8-41fc-b128-4d85e152dacb"/>
    <ProductMap id="dec6788a-608a-416c-aa06-c25f26e15d1b" number="PM100119" ikeaId="30225649" materialId="86d689a1-cd4e-4f33-8b70-87af337bc065" boardCount="28" entryMaterialId="2377e0ab-2b73-4b56-a932-1ec6afdd1ed4"/>
    <ProductMap id="e22433bf-36c1-4b03-a20d-6acfa8123339" number="PM100079" ikeaId="00222987" materialId="631912ef-085f-4e78-b5a1-52d6e2ca775f" boardCount="6" entryMaterialId="d41ad8b4-1601-4bf3-b0fe-b5e28a37a76d"/>
    <ProductMap id="e2fd01d7-3fac-43b4-98e0-4e1e3155d714" number="PM100096" ikeaId="60219661" materialId="98c2a725-3270-4e8c-99e2-4243baa333fe" boardCount="69" entryMaterialId="dd1df6d3-7bc1-41aa-a0f0-db74f3d8c271"/>
    <ProductMap id="e8528de7-5642-4991-8c4d-bcb045c6cea2" number="PM100123" ikeaId="10219135" materialId="76e91703-69bd-4b3b-9d43-a66ed4e4c7c7" boardCount="35" entryMaterialId="bb79d297-7f64-4ca5-9246-6a0645681e3a"/>
    <ProductMap id="e9de1792-1d5f-47e5-b0b5-a06093a8b5a8" number="PM100122" ikeaId="10225650" materialId="651c8e9a-a7ea-49c7-a314-3a420eb596c4" boardCount="28" entryMaterialId="3671f7ad-76ca-44ea-bd46-a145994824d4"/>
    <ProductMap id="ec6750c7-91db-4aa3-a661-e594b3982f83" number="PM100016" ikeaId="00099789" materialId="afc7149e-7443-45df-96c6-ac68cfa3a1e4" boardCount="48" entryMaterialId="ee7a9426-4215-4a96-a8ad-afae17b13a27"/>
    <ProductMap id="ecf53e2b-2e01-4e1a-901a-22047d70c8ba" number="PM100004" ikeaId="20181113" materialId="3e49d21f-6111-479d-b389-abe1ef36f213" boardCount="27" entryMaterialId="a77985d1-f5ba-4e16-97a0-79815101c150"/>
    <ProductMap id="edbe493c-5a03-4a02-a835-0f263e6f4f49" number="PM100055" ikeaId="00141873" materialId="37457e79-d36b-426d-8883-831e39d7d763" boardCount="5" entryMaterialId="d32693a1-d22b-4588-8b6f-64196df04298"/>
    <ProductMap id="ef0cf83c-ad28-497c-be54-7c69b92e79cc" number="PM100113" ikeaId="70246857" materialId="16ced6e0-377a-4b33-913d-fc5cef3a7e03" boardCount="30" entryMaterialId="91198641-2840-47a6-ac92-7ca976d77601"/>
    <ProductMap id="f00fd6cb-3440-4e3e-a406-c797a7fc55de" number="PM100053" ikeaId="70164837" materialId="98ed2623-fecc-4577-a82e-c2f54e569707" boardCount="5" entryMaterialId="92d9e86f-c876-45b0-9647-9c0a219d7e71"/>
    <ProductMap id="f0c3a9c6-2e69-4e63-b493-e302d90712cd" number="PM100034" ikeaId="00134189" materialId="cf64c651-0115-469a-b47d-732bf1b0881e" boardCount="120" entryMaterialId="2315535b-762d-48d0-aef1-782d7ea8456c"/>
    <ProductMap id="f1aa7efe-4dbc-4b28-a4bd-08de0cb67b6d" number="PM100093" ikeaId="80219660" materialId="b275d059-a46a-443f-9920-6a91ee7b56ad" boardCount="69" entryMaterialId="2a2c9b5a-7c77-4c28-a46a-3c27e889cdd8"/>
    <ProductMap id="f1f3109a-22f9-405c-a2c8-2e41d1a5f7a6" number="PM100036" ikeaId="80134190" materialId="bcafeae3-ee8e-463f-a5bd-015059cfcb2f" boardCount="720" entryMaterialId="f9d8be68-8be8-45c9-9fc4-17e24c8a2e1d"/>
    <ProductMap id="f243974d-2808-412f-8135-44b75e8dd9ed" number="PM100017" ikeaId="00099789" materialId="1837c2b8-3d45-42d5-968a-18958c994b7e" boardCount="24" entryMaterialId="ee7a9426-4215-4a96-a8ad-afae17b13a27"/>
    <ProductMap id="f704015c-c76b-45d0-be1f-20bcac6247e2" number="PM100061" ikeaId="20056915" materialId="7d2525a0-7b7c-431d-a114-a828e4f02659" boardCount="104" entryMaterialId="9869eaf0-0eb0-4251-a753-70f101ffe1a7"/>
    <ProductMap id="f7ab4aea-f3ac-49ca-af57-95b1068d902c" number="PM100142" ikeaId="00204441" materialId="251dce13-4a12-49e1-9ebb-fff8b3454d3d" boardCount="4" entryMaterialId="0c10457f-47c3-46b3-901a-62ec76164f24"/>
    <ProductMap id="fa4a8e49-0536-4fb5-bc56-bf87551f8b0c" number="PM100073" ikeaId="90222978" materialId="e7713226-6b94-444a-97ef-71128e9ab3b4" boardCount="15" entryMaterialId="18a3d8d0-40db-4bf7-8479-66cf6ec3b181"/>
    <ProductMap id="fc0766ba-5b83-47e0-bbda-8e011a0088ff" number="PM100071" ikeaId="50222975" materialId="2a1fdf00-3dce-42c3-b352-1e8a8f573c43" boardCount="15" entryMaterialId="22b18260-2da3-4633-a9e6-4c4fed76e91b"/>
    <ProductMap id="fd1066b8-9c6e-4a32-9361-f9bad0256cd1" number="PM100002" ikeaId="40099792" materialId="4359bbe2-58d0-449e-8b53-dee03d3620e2" boardCount="27" entryMaterialId="a58c925e-3887-42e8-a011-b4690e4df77f"/>
</entity-engine-xml>
