<?xml version="1.0" encoding="UTF-8"?>
<entity-engine-xml>
    <UserPreference userLoginId="admin" userPrefTypeId="javaScriptEnabled" userPrefGroupTypeId="GLOBAL_PREFERENCES" userPrefValue="N" lastUpdatedStamp="2012-08-31 14:14:50.0" lastUpdatedTxStamp="2012-08-31 14:14:50.0" createdStamp="2012-07-02 22:44:11.0" createdTxStamp="2012-07-02 22:44:11.0"/>
    <UserPreference userLoginId="chenaihong" userPrefTypeId="javaScriptEnabled" userPrefGroupTypeId="GLOBAL_PREFERENCES" userPrefValue="N" lastUpdatedStamp="2012-08-31 14:21:31.0" lastUpdatedTxStamp="2012-08-31 14:21:31.0" createdStamp="2012-07-14 13:52:54.0" createdTxStamp="2012-07-14 13:52:54.0"/>
    <UserPreference userLoginId="chenjinyao" userPrefTypeId="javaScriptEnabled" userPrefGroupTypeId="GLOBAL_PREFERENCES" userPrefValue="N" lastUpdatedStamp="2012-08-23 09:47:18.0" lastUpdatedTxStamp="2012-08-23 09:47:18.0" createdStamp="2012-08-04 08:24:09.0" createdTxStamp="2012-08-04 08:24:09.0"/>
    <UserPreference userLoginId="liangjianjin" userPrefTypeId="javaScriptEnabled" userPrefGroupTypeId="GLOBAL_PREFERENCES" userPrefValue="N" lastUpdatedStamp="2012-08-14 09:47:55.0" lastUpdatedTxStamp="2012-08-14 09:47:55.0" createdStamp="2012-07-16 14:17:29.0" createdTxStamp="2012-07-16 14:17:29.0"/>
    <UserPreference userLoginId="licunlan" userPrefTypeId="javaScriptEnabled" userPrefGroupTypeId="GLOBAL_PREFERENCES" userPrefValue="N" lastUpdatedStamp="2012-09-04 16:38:56.0" lastUpdatedTxStamp="2012-09-04 16:38:56.0" createdStamp="2012-07-05 11:46:42.0" createdTxStamp="2012-07-05 11:46:42.0"/>
    <UserPreference userLoginId="lijuan" userPrefTypeId="javaScriptEnabled" userPrefGroupTypeId="GLOBAL_PREFERENCES" userPrefValue="N" lastUpdatedStamp="2012-08-22 20:48:01.0" lastUpdatedTxStamp="2012-08-22 20:48:01.0" createdStamp="2012-07-16 14:35:29.0" createdTxStamp="2012-07-16 14:35:29.0"/>
    <UserPreference userLoginId="linjianxin" userPrefTypeId="javaScriptEnabled" userPrefGroupTypeId="GLOBAL_PREFERENCES" userPrefValue="N" lastUpdatedStamp="2012-08-21 10:29:38.0" lastUpdatedTxStamp="2012-08-21 10:29:38.0" createdStamp="2012-07-14 08:39:49.0" createdTxStamp="2012-07-14 08:39:49.0"/>
    <UserPreference userLoginId="liyuan" userPrefTypeId="javaScriptEnabled" userPrefGroupTypeId="GLOBAL_PREFERENCES" userPrefValue="N" lastUpdatedStamp="2012-08-24 18:39:13.0" lastUpdatedTxStamp="2012-08-24 18:39:13.0" createdStamp="2012-07-10 19:42:42.0" createdTxStamp="2012-07-10 19:42:42.0"/>
    <UserPreference userLoginId="luhuiling" userPrefTypeId="javaScriptEnabled" userPrefGroupTypeId="GLOBAL_PREFERENCES" userPrefValue="N" lastUpdatedStamp="2012-08-23 14:06:01.0" lastUpdatedTxStamp="2012-08-23 14:06:01.0" createdStamp="2012-07-09 09:50:33.0" createdTxStamp="2012-07-09 09:50:33.0"/>
    <UserPreference userLoginId="lujian" userPrefTypeId="javaScriptEnabled" userPrefGroupTypeId="GLOBAL_PREFERENCES" userPrefValue="N" lastUpdatedStamp="2012-08-23 13:39:28.0" lastUpdatedTxStamp="2012-08-23 13:39:28.0" createdStamp="2012-08-04 08:39:31.0" createdTxStamp="2012-08-04 08:39:31.0"/>
    <UserPreference userLoginId="lujianbi" userPrefTypeId="javaScriptEnabled" userPrefGroupTypeId="GLOBAL_PREFERENCES" userPrefValue="N" lastUpdatedStamp="2012-08-11 15:12:56.0" lastUpdatedTxStamp="2012-08-11 15:12:56.0" createdStamp="2012-08-04 08:59:29.0" createdTxStamp="2012-08-04 08:59:29.0"/>
    <UserPreference userLoginId="panyanying" userPrefTypeId="javaScriptEnabled" userPrefGroupTypeId="GLOBAL_PREFERENCES" userPrefValue="N" lastUpdatedStamp="2012-09-04 16:39:38.0" lastUpdatedTxStamp="2012-09-04 16:39:38.0" createdStamp="2012-07-21 16:36:16.0" createdTxStamp="2012-07-21 16:36:16.0"/>
    <UserPreference userLoginId="_NA_" userPrefTypeId="VISUAL_THEME" userPrefGroupTypeId="GLOBAL_PREFERENCES" userPrefValue="DEFAULT" lastUpdatedStamp="2012-07-01 22:07:07.0" lastUpdatedTxStamp="2012-07-01 22:07:07.0" createdStamp="2012-07-01 22:07:07.0" createdTxStamp="2012-07-01 22:07:07.0"/>
</entity-engine-xml>
