<?xml version="1.0" encoding="UTF-8"?>
<entity-engine-xml>
    <UserLogin userLoginId="admin" currentPassword="{SHA}40bd001563085fc35165329ea1ff5c5ecbdbbeef" isSystem="Y" enabled="Y" hasLoggedOut="N" disabledDateTime="2012-07-27 16:34:51.0" successiveFailedLogins="0" lastUpdatedStamp="2012-08-13 23:58:35.0" lastUpdatedTxStamp="2012-08-13 23:58:35.0" createdStamp="2012-07-02 20:43:56.0" createdTxStamp="2012-07-02 20:43:56.0"/>
    <UserLogin userLoginId="anonymous" enabled="N" lastUpdatedStamp="2012-07-01 22:07:07.0" lastUpdatedTxStamp="2012-07-01 22:07:06.0" createdStamp="2012-07-01 22:07:07.0" createdTxStamp="2012-07-01 22:07:06.0"/>
    <UserLogin userLoginId="cgjl" currentPassword="{SHA}40bd001563085fc35165329ea1ff5c5ecbdbbeef" isSystem="Y" enabled="Y" lastUpdatedStamp="2012-07-02 20:43:56.0" lastUpdatedTxStamp="2012-07-02 20:43:56.0" createdStamp="2012-07-02 20:43:56.0" createdTxStamp="2012-07-02 20:43:56.0"/>
    <UserLogin userLoginId="cgy" currentPassword="{SHA}40bd001563085fc35165329ea1ff5c5ecbdbbeef" isSystem="Y" enabled="Y" lastUpdatedStamp="2012-07-02 20:43:56.0" lastUpdatedTxStamp="2012-07-02 20:43:56.0" createdStamp="2012-07-02 20:43:56.0" createdTxStamp="2012-07-02 20:43:56.0"/>
    <UserLogin userLoginId="chenaihong" currentPassword="{SHA}854b4437aeb0a4b9a9777bf5052525090ce7da28" enabled="Y" hasLoggedOut="N" successiveFailedLogins="0" lastUpdatedStamp="2012-08-21 15:58:51.0" lastUpdatedTxStamp="2012-08-21 15:58:51.0" createdStamp="2012-07-05 11:05:42.0" createdTxStamp="2012-07-05 11:05:42.0"/>
    <UserLogin userLoginId="chenjinyao" currentPassword="{SHA}7c4a8d09ca3762af61e59520943dc26494f8941b" enabled="Y" successiveFailedLogins="0" lastUpdatedStamp="2012-08-09 20:33:44.0" lastUpdatedTxStamp="2012-08-09 20:33:44.0" createdStamp="2012-08-04 08:23:57.0" createdTxStamp="2012-08-04 08:23:57.0"/>
    <UserLogin userLoginId="liangjianjin" currentPassword="{SHA}7c4a8d09ca3762af61e59520943dc26494f8941b" enabled="Y" hasLoggedOut="N" successiveFailedLogins="0" lastUpdatedStamp="2012-08-08 14:59:17.0" lastUpdatedTxStamp="2012-08-08 14:59:17.0" createdStamp="2012-07-05 11:08:42.0" createdTxStamp="2012-07-05 11:08:42.0"/>
    <UserLogin userLoginId="licunlan" currentPassword="{SHA}7c4a8d09ca3762af61e59520943dc26494f8941b" enabled="Y" hasLoggedOut="N" lastUpdatedStamp="2012-08-09 11:39:12.0" lastUpdatedTxStamp="2012-08-09 11:39:12.0" createdStamp="2012-07-05 11:08:02.0" createdTxStamp="2012-07-05 11:08:02.0"/>
    <UserLogin userLoginId="lijianming" currentPassword="{SHA}7c4a8d09ca3762af61e59520943dc26494f8941b" enabled="Y" lastUpdatedStamp="2012-07-05 11:13:42.0" lastUpdatedTxStamp="2012-07-05 11:13:42.0" createdStamp="2012-07-05 11:13:42.0" createdTxStamp="2012-07-05 11:13:42.0"/>
    <UserLogin userLoginId="lijuan" currentPassword="{SHA}7c4a8d09ca3762af61e59520943dc26494f8941b" enabled="Y" hasLoggedOut="N" successiveFailedLogins="0" lastUpdatedStamp="2012-08-21 08:57:43.0" lastUpdatedTxStamp="2012-08-21 08:57:43.0" createdStamp="2012-07-16 14:22:22.0" createdTxStamp="2012-07-16 14:22:22.0"/>
    <UserLogin userLoginId="linjianxin" currentPassword="{SHA}7c4a8d09ca3762af61e59520943dc26494f8941b" enabled="Y" successiveFailedLogins="0" lastUpdatedStamp="2012-07-17 14:48:18.0" lastUpdatedTxStamp="2012-07-17 14:48:18.0" createdStamp="2012-07-05 11:09:42.0" createdTxStamp="2012-07-05 11:09:42.0"/>
    <UserLogin userLoginId="liyuan" currentPassword="{SHA}7c4a8d09ca3762af61e59520943dc26494f8941b" enabled="Y" successiveFailedLogins="0" lastUpdatedStamp="2012-08-10 09:08:37.0" lastUpdatedTxStamp="2012-08-10 09:08:37.0" createdStamp="2012-07-05 11:06:42.0" createdTxStamp="2012-07-05 11:06:42.0"/>
    <UserLogin userLoginId="luhuiling" currentPassword="{SHA}d4e64972cd03edb77f4fee310f7eb53409804a66" enabled="Y" hasLoggedOut="N" disabledDateTime="2012-08-10 08:35:27.0" successiveFailedLogins="0" lastUpdatedStamp="2012-08-20 10:49:24.0" lastUpdatedTxStamp="2012-08-20 10:49:24.0" createdStamp="2012-07-05 11:07:22.0" createdTxStamp="2012-07-05 11:07:22.0"/>
    <UserLogin userLoginId="lujian" currentPassword="{SHA}7c4a8d09ca3762af61e59520943dc26494f8941b" enabled="Y" lastUpdatedStamp="2012-08-04 08:35:37.0" lastUpdatedTxStamp="2012-08-04 08:35:37.0" createdStamp="2012-08-04 08:35:37.0" createdTxStamp="2012-08-04 08:35:37.0"/>
    <UserLogin userLoginId="lujianbi" currentPassword="{SHA}7c4a8d09ca3762af61e59520943dc26494f8941b" enabled="Y" lastUpdatedStamp="2012-08-04 08:36:37.0" lastUpdatedTxStamp="2012-08-04 08:36:37.0" createdStamp="2012-08-04 08:36:37.0" createdTxStamp="2012-08-04 08:36:37.0"/>
    <UserLogin userLoginId="luweirong" currentPassword="{SHA}7c4a8d09ca3762af61e59520943dc26494f8941b" enabled="Y" lastUpdatedStamp="2012-07-05 11:16:02.0" lastUpdatedTxStamp="2012-07-05 11:16:02.0" createdStamp="2012-07-05 11:16:02.0" createdTxStamp="2012-07-05 11:16:02.0"/>
    <UserLogin userLoginId="panyanying" currentPassword="{SHA}7c4a8d09ca3762af61e59520943dc26494f8941b" enabled="Y" hasLoggedOut="N" successiveFailedLogins="0" lastUpdatedStamp="2012-08-18 14:18:51.0" lastUpdatedTxStamp="2012-08-18 14:18:51.0" createdStamp="2012-07-21 16:35:13.0" createdTxStamp="2012-07-21 16:35:13.0"/>
    <UserLogin userLoginId="scgly" currentPassword="{SHA}40bd001563085fc35165329ea1ff5c5ecbdbbeef" isSystem="Y" enabled="Y" lastUpdatedStamp="2012-07-02 20:43:56.0" lastUpdatedTxStamp="2012-07-02 20:43:56.0" createdStamp="2012-07-02 20:43:56.0" createdTxStamp="2012-07-02 20:43:56.0"/>
    <UserLogin userLoginId="sjlry" currentPassword="{SHA}40bd001563085fc35165329ea1ff5c5ecbdbbeef" isSystem="Y" enabled="Y" lastUpdatedStamp="2012-07-02 20:43:56.0" lastUpdatedTxStamp="2012-07-02 20:43:56.0" createdStamp="2012-07-02 20:43:56.0" createdTxStamp="2012-07-02 20:43:56.0"/>
    <UserLogin userLoginId="system" isSystem="Y" enabled="N" lastUpdatedStamp="2012-07-01 22:07:06.0" lastUpdatedTxStamp="2012-07-01 22:07:06.0" createdStamp="2012-07-01 22:07:06.0" createdTxStamp="2012-07-01 22:07:06.0"/>
</entity-engine-xml>
