<?xml version="1.0" encoding="UTF-8"?>
<!-- Licensed to the Apache Software Foundation (ASF) under one or more contributor license agreements. See the NOTICE file distributed with this work for additional information regarding copyright ownership. The ASF licenses this file to you under the Apache License, Version 2.0 (the "License"); you 
	may not use this file except in compliance with the License. You may obtain a copy of the License at http://www.apache.org/licenses/LICENSE-2.0 Unless required by applicable law or agreed to in writing, software distributed under the License is distributed on an "AS IS" BASIS, WITHOUT WARRANTIES OR CONDITIONS 
	OF ANY KIND, either express or implied. See the License for the specific language governing permissions and limitations under the License. -->
<entitymodel xmlns:xsi="http://www.w3.org/2001/XMLSchema-instance" xsi:noNamespaceSchemaLocation="http://ofbiz.apache.org/dtds/entitymodel.xsd">
	<!-- ========================================================= -->
	<!-- ======================== Defaults ======================= -->
	<!-- ========================================================= -->
	<title>Entity of an Open For Business Project Component</title>
	<description>None</description>
	<copyright>Copyright 2001-2009 The Apache Software Foundation</copyright>
	<author>None</author>
	<version>1.0</version>
	<!-- 表头 -->
	<entity entity-name="ProductOutwarehouseConfirm" package-name="org.ofbiz.scm.ProductOutwarehouse" title="ProductOutwarehouseConfirm Entity">
		<field name="id" type="id-long"></field>
		<field name="number" type="name"></field>
		<field name="bizDate" type="date-time"></field>
		<field name="warehouseWarehouseId" type="id-long"></field>
		<field name="workshopWorkshopId" type="id-long"></field>
		<field name="prdWeek" type="id"></field>
		<field name="materialMaterialId" type="id-long"></field>
		<field name="volume" type="fixed-point"></field>
		<field name="unitUnitId" type="id-long"></field>
		<field name="price" type="fixed-point"></field>
		<field name="entrysum" type="fixed-point"></field>
		<field name="barcode1" type="value"></field>
		<field name="barcode2" type="value"></field>
		<field name="outwarehouseType" type="value"></field>
		<field name="submitterSystemUserId" type="id-long"></field>
		<field name="qantity" type="numeric"></field><!-- 板数量 -->
		<field name="goodNumber" type="id-long"></field><!-- 货号 -->
		<field name="destinhouseNumber" type="id-long"></field><!-- 订舱号 -->
		<field name="status" type="int"></field><!-- 状态 0：已保存，4：已提交 -->
		<field name="productOutwarehouseId" type="id-long"></field>
		<field name="productOutwarehouseEntryId" type="id-long"></field>
		<field name="note" type="description"></field>
		<field name="createdStamp" type="date-time"></field>
		<field name="lastUpdatedStamp" type="date-time"></field>
		<prim-key field="id" />
	</entity>
	<!-- 表头视图 -->
	<view-entity entity-name="ProductOutwarehouseConfirmView" package-name="org.ofbiz.scm.ProductOutwarehouse" title="ProductOutwarehouseConfirm  Entity">
		<member-entity entity-alias="ProductOutwarehouseConfirmV" entity-name="ProductOutwarehouseConfirm"></member-entity>
		<member-entity entity-alias="workshopWorkshopV" entity-name="Workshop"></member-entity>
		<member-entity entity-alias="warehouseWarehouseV" entity-name="Warehouse"></member-entity>
		<member-entity entity-alias="materialMaterialV" entity-name="TMaterial"></member-entity>
		<member-entity entity-alias="unitUnitV" entity-name="Unit"></member-entity>
		<member-entity entity-alias="submitterSystemUserV" entity-name="SystemUser"></member-entity>
		<alias-all entity-alias="ProductOutwarehouseConfirmV"></alias-all>
		<alias name="workshopWorkshopName" entity-alias="workshopWorkshopV" field="name"></alias>
		<alias name="warehouseWarehouseName" entity-alias="warehouseWarehouseV" field="name"></alias>
		<alias name="materialMaterialNumber" entity-alias="materialMaterialV" field="number"></alias>
		<alias name="materialMaterialName" entity-alias="materialMaterialV" field="name"></alias>
		<alias name="materialMaterialModel" entity-alias="materialMaterialV" field="model"></alias>
		<alias name="unitUnitName" entity-alias="unitUnitV" field="name"></alias>
		<alias name="submitterSystemUserName" entity-alias="submitterSystemUserV" field="name"></alias>
		<view-link entity-alias="ProductOutwarehouseConfirmV" rel-entity-alias="workshopWorkshopV" rel-optional="true">
			<key-map field-name="workshopWorkshopId" rel-field-name="id" />
		</view-link>
		<view-link entity-alias="ProductOutwarehouseConfirmV" rel-entity-alias="warehouseWarehouseV" rel-optional="true">
			<key-map field-name="warehouseWarehouseId" rel-field-name="id" />
		</view-link>
		<view-link entity-alias="ProductOutwarehouseConfirmV" rel-entity-alias="materialMaterialV" rel-optional="true">
			<key-map field-name="materialMaterialId" rel-field-name="id" />
		</view-link>
		<view-link entity-alias="ProductOutwarehouseConfirmV" rel-entity-alias="unitUnitV" rel-optional="true">
			<key-map field-name="unitUnitId" rel-field-name="id" />
		</view-link>
		<view-link entity-alias="ProductOutwarehouseConfirmV" rel-entity-alias="submitterSystemUserV" rel-optional="true">
			<key-map field-name="submitterSystemUserId" rel-field-name="id" />
		</view-link>
	</view-entity>
</entitymodel>