<?xml version="1.0" encoding="UTF-8"?>
<!--
Licensed to the Apache Software Foundation (ASF) under one
or more contributor license agreements.  See the NOTICE file
distributed with this work for additional information
regarding copyright ownership.  The ASF licenses this file
to you under the Apache License, Version 2.0 (the
"License"); you may not use this file except in compliance
with the License.  You may obtain a copy of the License at

http://www.apache.org/licenses/LICENSE-2.0

Unless required by applicable law or agreed to in writing,
software distributed under the License is distributed on an
"AS IS" BASIS, WITHOUT WARRANTIES OR CONDITIONS OF ANY
KIND, either express or implied.  See the License for the
specific language governing permissions and limitations
under the License.
-->

<entitymodel xmlns:xsi="http://www.w3.org/2001/XMLSchema-instance"
    xsi:noNamespaceSchemaLocation="http://ofbiz.apache.org/dtds/entitymodel.xsd">
  <!-- ========================================================= -->
  <!-- ======================== Defaults ======================= -->
  <!-- ========================================================= -->
    <title>Entity of monthly settle module of  partner scm </title>
    <description>None</description>
    <copyright>Copyright 2011-2012 The Partner</copyright>
    <author></author>
    <version>1.0</version>

    <!-- 采购单，供应商采购入库情况表-->
    <entity entity-name="PurPlanBalance"
            package-name="org.ofbiz.scm.purplan"
            title="PurPlanBalance Entity">
      <field name="supplierId" type="id-long"></field>
      <field name="materialId" type="id-long"></field>
      <field name="balance" type="fixed-point"></field>
      <prim-key field="supplierId" />
      <prim-key field="materialId" />
    </entity>
</entitymodel>
    