<?xml version="1.0" encoding="UTF-8"?>
<!-- Licensed to the Apache Software Foundation (ASF) under one or more contributor license agreements. See the NOTICE file distributed with this work for additional information regarding copyright ownership. The ASF licenses this file to you under the Apache License, Version 2.0 (the "License"); you 
	may not use this file except in compliance with the License. You may obtain a copy of the License at http://www.apache.org/licenses/LICENSE-2.0 Unless required by applicable law or agreed to in writing, software distributed under the License is distributed on an "AS IS" BASIS, WITHOUT WARRANTIES OR CONDITIONS 
	OF ANY KIND, either express or implied. See the License for the specific language governing permissions and limitations under the License. -->
<entitymodel xmlns:xsi="http://www.w3.org/2001/XMLSchema-instance" xsi:noNamespaceSchemaLocation="http://ofbiz.apache.org/dtds/entitymodel.xsd">
	<!-- ========================================================= -->
	<!-- ======================== Defaults ======================= -->
	<!-- ========================================================= -->
	<title>Entity of an Open For Business Project Component</title>
	<description>None</description>
	<copyright>Copyright 2001-2009 The Apache Software Foundation</copyright>
	<author>None</author>
	<version>1.0</version>
	<!-- 表头 -->
	<entity entity-name="WorkshopOtherDrawBill" package-name="org.ofbiz.scm.WorkshopOtherDrawBill" title="WorkshopOtherDrawBill Entity">
		<field name="id" type="id-long"></field>
		<field name="number" type="name" not-null="true"></field>
		<field name="bizDate" type="date-time"></field>
		<field name="workshopWorkshopId" type="id-long"></field>
		<field name="buyerSystemUserId" type="id-long"></field>
		<field name="submitterSystemUserId" type="id-long"></field>
		<field name="totalsum" type="fixed-point"></field>
		<field name="note" type="description"></field>
		<field name="status" type="int"></field>
		<field name="createdStamp" type="date-time"></field>
		<field name="lastUpdatedStamp" type="date-time"></field>
		<prim-key field="id" />
		<index name="NUMBER_UNIQUE_IDX" unique="true">
			<index-field name="number" />
		</index>
	</entity>
	<!-- 分录 -->
	<entity entity-name="WorkshopOtherDrawBillEntry" package-name="org.ofbiz.scm.WorkshopOtherDrawBill" title="WorkshopOtherDrawBillEntry Entity">
		<field name="id" type="id-long"></field>
		<field name="parentId" type="id-long"></field>
		<field name="warehouseWarehouseId" type="id-long"></field>
		<field name="materialMaterialId" type="id-long"></field>
		<field name="materialMaterialModel" type="value"></field>
		<field name="volume" type="fixed-point"></field>
		<field name="unitUnitId" type="id-long"></field>
		<field name="price" type="fixed-point"></field>
		<field name="refPrice" type="fixed-point"></field>
		<field name="entrysum" type="fixed-point"></field>
		<field name="sort" type="int"></field>
		<prim-key field="id" />
	</entity>
	<!-- 表头视图 -->
	<view-entity entity-name="WorkshopOtherDrawBillView" package-name="org.ofbiz.scm.WorkshopOtherDrawBill" title="WorkshopOtherDrawBillView  Entity">
		<member-entity entity-alias="WorkshopOtherDrawBillV" entity-name="WorkshopOtherDrawBill"></member-entity>
		<member-entity entity-alias="WorkshopOtherDrawBillEntryV" entity-name="WorkshopOtherDrawBillEntry"></member-entity>
		<member-entity entity-alias="materialMaterialV" entity-name="TMaterial"></member-entity>
		<member-entity entity-alias="workshopWorkshopV" entity-name="Workshop"></member-entity>
		<member-entity entity-alias="buyerSystemUserV" entity-name="SystemUser"></member-entity>
		<member-entity entity-alias="submitterSystemUserV" entity-name="SystemUser"></member-entity>
		<alias-all entity-alias="WorkshopOtherDrawBillV"></alias-all>
		<alias name="materialMaterialId" entity-alias="WorkshopOtherDrawBillEntryV" field="materialMaterialId"></alias>
		<alias name="workshopWorkshopName" entity-alias="workshopWorkshopV" field="name"></alias>
		<alias name="buyerSystemUserName" entity-alias="buyerSystemUserV" field="name"></alias>
		<alias name="submitterSystemUserName" entity-alias="submitterSystemUserV" field="name"></alias>
		
		<!-- 查询条件需要取物料编码、物料名称，在查询数据中需要distinct -->
		<view-link entity-alias="WorkshopOtherDrawBillV" rel-entity-alias="WorkshopOtherDrawBillEntryV" rel-optional="true">
			<key-map field-name="id" rel-field-name="parentId" />
		</view-link>
		<view-link entity-alias="WorkshopOtherDrawBillEntryV" rel-entity-alias="materialMaterialV" rel-optional="true">
			<key-map field-name="materialMaterialId" rel-field-name="id" />
		</view-link>
		<!-- 查询条件需要取物料编码、物料名称，在查询数据中需要distinct -->
		
		<view-link entity-alias="WorkshopOtherDrawBillV" rel-entity-alias="workshopWorkshopV" rel-optional="true">
			<key-map field-name="workshopWorkshopId" rel-field-name="id" />
		</view-link>
		<view-link entity-alias="WorkshopOtherDrawBillV" rel-entity-alias="buyerSystemUserV" rel-optional="true">
			<key-map field-name="buyerSystemUserId" rel-field-name="id" />
		</view-link>
		<view-link entity-alias="WorkshopOtherDrawBillV" rel-entity-alias="submitterSystemUserV" rel-optional="true">
			<key-map field-name="submitterSystemUserId" rel-field-name="id" />
		</view-link>
	</view-entity>
	<!-- 导出视图 -->
	<view-entity entity-name="WorkshopOtherDrawBillExportView" package-name="org.ofbiz.scm.WorkshopOtherDrawBill" title="WorkshopOtherDrawBillExportView  Entity">
		<member-entity entity-alias="WorkshopOtherDrawBillV" entity-name="WorkshopOtherDrawBill"></member-entity>
		<member-entity entity-alias="WorkshopOtherDrawBillEntryV" entity-name="WorkshopOtherDrawBillEntry"></member-entity>
		<member-entity entity-alias="materialMaterialV" entity-name="TMaterial"></member-entity>
		<member-entity entity-alias="workshopWorkshopV" entity-name="Workshop"></member-entity>
		<member-entity entity-alias="buyerSystemUserV" entity-name="SystemUser"></member-entity>
		<member-entity entity-alias="submitterSystemUserV" entity-name="SystemUser"></member-entity>
		<alias-all entity-alias="WorkshopOtherDrawBillV"></alias-all>

		<alias name="workshopWorkshopName" entity-alias="workshopWorkshopV" field="name"></alias>
		<alias name="buyerSystemUserName" entity-alias="buyerSystemUserV" field="name"></alias>
		<alias name="submitterSystemUserName" entity-alias="submitterSystemUserV" field="name"></alias>
		
		<!-- 查询条件需要取物料编码、物料名称，在查询数据中需要distinct -->
		<view-link entity-alias="WorkshopOtherDrawBillV" rel-entity-alias="WorkshopOtherDrawBillEntryV" rel-optional="true">
			<key-map field-name="id" rel-field-name="parentId" />
		</view-link>
		<view-link entity-alias="WorkshopOtherDrawBillEntryV" rel-entity-alias="materialMaterialV" rel-optional="true">
			<key-map field-name="materialMaterialId" rel-field-name="id" />
		</view-link>
		<!-- 查询条件需要取物料编码、物料名称，在查询数据中需要distinct -->
		
		<view-link entity-alias="WorkshopOtherDrawBillV" rel-entity-alias="workshopWorkshopV" rel-optional="true">
			<key-map field-name="workshopWorkshopId" rel-field-name="id" />
		</view-link>
		<view-link entity-alias="WorkshopOtherDrawBillV" rel-entity-alias="buyerSystemUserV" rel-optional="true">
			<key-map field-name="buyerSystemUserId" rel-field-name="id" />
		</view-link>
		<view-link entity-alias="WorkshopOtherDrawBillV" rel-entity-alias="submitterSystemUserV" rel-optional="true">
			<key-map field-name="submitterSystemUserId" rel-field-name="id" />
		</view-link>
	</view-entity>
	<!--表体视图 -->
	<view-entity entity-name="WorkshopOtherDrawBillEntryView" package-name="org.ofbiz.scm.WorkshopOtherDrawBill" title="WorkshopOtherDrawBillEntryView  Entity">
		<member-entity entity-alias="WorkshopOtherDrawBillEntryV" entity-name="WorkshopOtherDrawBillEntry"></member-entity>
		<member-entity entity-alias="warehouseWarehouseV" entity-name="Warehouse"></member-entity>
		<member-entity entity-alias="materialMaterialV" entity-name="Material"></member-entity>
		<member-entity entity-alias="unitUnitV" entity-name="Unit"></member-entity>
		<alias-all entity-alias="WorkshopOtherDrawBillEntryV"></alias-all>
		<alias name="warehouseWarehouseName" entity-alias="warehouseWarehouseV" field="name"></alias>
		<alias name="materialMaterialName" entity-alias="materialMaterialV" field="name"></alias>
		<alias name="unitUnitName" entity-alias="unitUnitV" field="name"></alias>
		<view-link entity-alias="WorkshopOtherDrawBillEntryV" rel-entity-alias="warehouseWarehouseV" rel-optional="true">
			<key-map field-name="warehouseWarehouseId" rel-field-name="id" />
		</view-link>
		<view-link entity-alias="WorkshopOtherDrawBillEntryV" rel-entity-alias="materialMaterialV" rel-optional="true">
			<key-map field-name="materialMaterialId" rel-field-name="id" />
		</view-link>
		<view-link entity-alias="WorkshopOtherDrawBillEntryV" rel-entity-alias="unitUnitV" rel-optional="true">
			<key-map field-name="unitUnitId" rel-field-name="id" />
		</view-link>
	</view-entity>
</entitymodel>