<?xml version="1.0" encoding="UTF-8"?>
<entity-engine-xml>
    <CurMaterialBalance year="2012" month="9" warehouseId="dabd4ec3-33ea-4f89-bd72-6d0fe449f5ff" materialId="012cfeef-03f4-4b87-ab58-834e97abaed8" beginvolume="169.296000" beginsum="915.383472" inVolume="0.000000" inSum="0.000000" outVolume="0.000000" outSum="0.000000" volume="169.296000" totalSum="915.383472" lastUpdatedStamp="2012-09-07 23:31:23.0" lastUpdatedTxStamp="2012-09-07 23:31:23.0" createdStamp="2012-09-07 23:31:23.0" createdTxStamp="2012-09-07 23:31:23.0"/>
    <CurMaterialBalance year="2012" month="9" warehouseId="dabd4ec3-33ea-4f89-bd72-6d0fe449f5ff" materialId="0132e3ef-4008-495a-9c4b-5c9f392dea00" beginvolume="465.060000" beginsum="2345.297580" inVolume="0.000000" inSum="0.000000" outVolume="0.000000" outSum="0.000000" volume="465.060000" totalSum="2345.297580" lastUpdatedStamp="2012-09-07 23:31:23.0" lastUpdatedTxStamp="2012-09-07 23:31:23.0" createdStamp="2012-09-07 23:31:23.0" createdTxStamp="2012-09-07 23:31:23.0"/>
    <CurMaterialBalance year="2012" month="9" warehouseId="dabd4ec3-33ea-4f89-bd72-6d0fe449f5ff" materialId="015a7e5b-9864-49bc-af49-663dcf676d76" beginvolume="1077.525600" beginsum="5845.899638" inVolume="0.000000" inSum="0.000000" outVolume="0.000000" outSum="0.000000" volume="1077.525600" totalSum="5845.899638" lastUpdatedStamp="2012-09-07 23:31:23.0" lastUpdatedTxStamp="2012-09-07 23:31:23.0" createdStamp="2012-09-07 23:31:23.0" createdTxStamp="2012-09-07 23:31:23.0"/>
    <CurMaterialBalance year="2012" month="9" warehouseId="dabd4ec3-33ea-4f89-bd72-6d0fe449f5ff" materialId="02b0353f-067c-455c-8eac-78ba402e26dd" beginvolume="251.210000" beginsum="1309.155794" inVolume="0.000000" inSum="0.000000" outVolume="0.000000" outSum="0.000000" volume="251.210000" totalSum="1309.155794" lastUpdatedStamp="2012-09-07 23:31:23.0" lastUpdatedTxStamp="2012-09-07 23:31:23.0" createdStamp="2012-09-07 23:31:23.0" createdTxStamp="2012-09-07 23:31:23.0"/>
    <CurMaterialBalance year="2012" month="9" warehouseId="dabd4ec3-33ea-4f89-bd72-6d0fe449f5ff" materialId="05ec6d6f-7cdd-41d0-8431-e82e659ae61e" beginvolume="200.000000" beginsum="1014.000000" inVolume="0.000000" inSum="0.000000" outVolume="0.000000" outSum="0.000000" volume="200.000000" totalSum="1014.000000" lastUpdatedStamp="2012-09-07 23:31:23.0" lastUpdatedTxStamp="2012-09-07 23:31:23.0" createdStamp="2012-09-07 23:31:23.0" createdTxStamp="2012-09-07 23:31:23.0"/>
    <CurMaterialBalance year="2012" month="9" warehouseId="dabd4ec3-33ea-4f89-bd72-6d0fe449f5ff" materialId="0828a8b9-e68f-484a-b708-1c96cfb52e17" beginvolume="364.742000" beginsum="2101.971672" inVolume="0.000000" inSum="0.000000" outVolume="0.000000" outSum="0.000000" volume="364.742000" totalSum="2101.971672" lastUpdatedStamp="2012-09-07 23:31:23.0" lastUpdatedTxStamp="2012-09-07 23:31:23.0" createdStamp="2012-09-07 23:31:23.0" createdTxStamp="2012-09-07 23:31:23.0"/>
    <CurMaterialBalance year="2012" month="9" warehouseId="dabd4ec3-33ea-4f89-bd72-6d0fe449f5ff" materialId="09402d38-276f-4408-81f6-3d574c98d5e0" beginvolume="50057.786800" beginsum="268029.413600" inVolume="0.000000" inSum="0.000000" outVolume="0.000000" outSum="0.000000" volume="50057.786800" totalSum="268029.413600" lastUpdatedStamp="2012-09-07 23:31:23.0" lastUpdatedTxStamp="2012-09-07 23:31:23.0" createdStamp="2012-09-07 23:31:23.0" createdTxStamp="2012-09-07 23:31:23.0"/>
    <CurMaterialBalance year="2012" month="9" warehouseId="dabd4ec3-33ea-4f89-bd72-6d0fe449f5ff" materialId="0c248ebe-1a50-4f28-9294-36e76392f603" beginvolume="690.000000" beginsum="3767.400000" inVolume="0.000000" inSum="0.000000" outVolume="0.000000" outSum="0.000000" volume="690.000000" totalSum="3767.400000" lastUpdatedStamp="2012-09-07 23:31:23.0" lastUpdatedTxStamp="2012-09-07 23:31:23.0" createdStamp="2012-09-07 23:31:23.0" createdTxStamp="2012-09-07 23:31:23.0"/>
    <CurMaterialBalance year="2012" month="9" warehouseId="dabd4ec3-33ea-4f89-bd72-6d0fe449f5ff" materialId="0e9fffda-6b7b-433b-899b-2ffb9bfc2e8a" beginvolume="70111.070300" beginsum="365559.120500" inVolume="0.000000" inSum="0.000000" outVolume="0.000000" outSum="0.000000" volume="70111.070300" totalSum="365559.120500" lastUpdatedStamp="2012-09-07 23:31:23.0" lastUpdatedTxStamp="2012-09-07 23:31:23.0" createdStamp="2012-09-07 23:31:23.0" createdTxStamp="2012-09-07 23:31:23.0"/>
    <CurMaterialBalance year="2012" month="9" warehouseId="dabd4ec3-33ea-4f89-bd72-6d0fe449f5ff" materialId="16941838-f992-4d73-ac8a-c53d2a33d426" beginvolume="960.000000" beginsum="0.000000" inVolume="0.000000" inSum="0.000000" outVolume="0.000000" outSum="0.000000" volume="960.000000" totalSum="0.000000" lastUpdatedStamp="2012-09-07 23:31:23.0" lastUpdatedTxStamp="2012-09-07 23:31:23.0" createdStamp="2012-09-07 23:31:23.0" createdTxStamp="2012-09-07 23:31:23.0"/>
    <CurMaterialBalance year="2012" month="9" warehouseId="dabd4ec3-33ea-4f89-bd72-6d0fe449f5ff" materialId="16c3e859-773f-40cb-966a-e4db8c1aa96a" beginvolume="3458.717800" beginsum="17853.901280" inVolume="0.000000" inSum="0.000000" outVolume="0.000000" outSum="0.000000" volume="3458.717800" totalSum="17853.901280" lastUpdatedStamp="2012-09-07 23:31:23.0" lastUpdatedTxStamp="2012-09-07 23:31:23.0" createdStamp="2012-09-07 23:31:23.0" createdTxStamp="2012-09-07 23:31:23.0"/>
    <CurMaterialBalance year="2012" month="9" warehouseId="dabd4ec3-33ea-4f89-bd72-6d0fe449f5ff" materialId="1f17ab7e-cb1c-4462-9dfb-d3761340141d" beginvolume="781.570000" beginsum="4068.071850" inVolume="0.000000" inSum="0.000000" outVolume="0.000000" outSum="0.000000" volume="781.570000" totalSum="4068.071850" lastUpdatedStamp="2012-09-07 23:31:23.0" lastUpdatedTxStamp="2012-09-07 23:31:23.0" createdStamp="2012-09-07 23:31:23.0" createdTxStamp="2012-09-07 23:31:23.0"/>
    <CurMaterialBalance year="2012" month="9" warehouseId="dabd4ec3-33ea-4f89-bd72-6d0fe449f5ff" materialId="26ee3f37-b6d3-4a8a-aea2-e47ec66d5e8e" beginvolume="2282.798000" beginsum="11824.893640" inVolume="0.000000" inSum="0.000000" outVolume="0.000000" outSum="0.000000" volume="2282.798000" totalSum="11824.893640" lastUpdatedStamp="2012-09-07 23:31:23.0" lastUpdatedTxStamp="2012-09-07 23:31:23.0" createdStamp="2012-09-07 23:31:23.0" createdTxStamp="2012-09-07 23:31:23.0"/>
    <CurMaterialBalance year="2012" month="9" warehouseId="dabd4ec3-33ea-4f89-bd72-6d0fe449f5ff" materialId="2a21b219-b1d4-4c61-acfa-0687e5724486" beginvolume="554.949800" beginsum="3248.676129" inVolume="0.000000" inSum="0.000000" outVolume="0.000000" outSum="0.000000" volume="554.949800" totalSum="3248.676129" lastUpdatedStamp="2012-09-07 23:31:23.0" lastUpdatedTxStamp="2012-09-07 23:31:23.0" createdStamp="2012-09-07 23:31:23.0" createdTxStamp="2012-09-07 23:31:23.0"/>
    <CurMaterialBalance year="2012" month="9" warehouseId="dabd4ec3-33ea-4f89-bd72-6d0fe449f5ff" materialId="2b1e196f-340e-4bda-8cd9-b6223aae97ed" beginvolume="1905.673800" beginsum="0.000000" inVolume="0.000000" inSum="0.000000" outVolume="0.000000" outSum="0.000000" volume="1905.673800" totalSum="0.000000" lastUpdatedStamp="2012-09-07 23:31:23.0" lastUpdatedTxStamp="2012-09-07 23:31:23.0" createdStamp="2012-09-07 23:31:23.0" createdTxStamp="2012-09-07 23:31:23.0"/>
    <CurMaterialBalance year="2012" month="9" warehouseId="dabd4ec3-33ea-4f89-bd72-6d0fe449f5ff" materialId="2d3215c1-4f87-428b-985f-c3331a87f096" beginvolume="1204.000000" beginsum="5900.924400" inVolume="0.000000" inSum="0.000000" outVolume="0.000000" outSum="0.000000" volume="1204.000000" totalSum="5900.924400" lastUpdatedStamp="2012-09-07 23:31:23.0" lastUpdatedTxStamp="2012-09-07 23:31:23.0" createdStamp="2012-09-07 23:31:23.0" createdTxStamp="2012-09-07 23:31:23.0"/>
    <CurMaterialBalance year="2012" month="9" warehouseId="dabd4ec3-33ea-4f89-bd72-6d0fe449f5ff" materialId="38bcf118-f80a-4c63-82e0-3d8ec30a30b4" beginvolume="654.000000" beginsum="3699.678000" inVolume="0.000000" inSum="0.000000" outVolume="0.000000" outSum="0.000000" volume="654.000000" totalSum="3699.678000" lastUpdatedStamp="2012-09-07 23:31:23.0" lastUpdatedTxStamp="2012-09-07 23:31:23.0" createdStamp="2012-09-07 23:31:23.0" createdTxStamp="2012-09-07 23:31:23.0"/>
    <CurMaterialBalance year="2012" month="9" warehouseId="dabd4ec3-33ea-4f89-bd72-6d0fe449f5ff" materialId="3d7fb107-a06c-4bfc-8f7a-38ae7a823de9" beginvolume="168.171200" beginsum="948.367848" inVolume="0.000000" inSum="0.000000" outVolume="0.000000" outSum="0.000000" volume="168.171200" totalSum="948.367848" lastUpdatedStamp="2012-09-07 23:31:23.0" lastUpdatedTxStamp="2012-09-07 23:31:23.0" createdStamp="2012-09-07 23:31:23.0" createdTxStamp="2012-09-07 23:31:23.0"/>
    <CurMaterialBalance year="2012" month="9" warehouseId="dabd4ec3-33ea-4f89-bd72-6d0fe449f5ff" materialId="3e6b458b-713b-4730-a30f-30ec92fbffed" beginvolume="4553.270500" beginsum="23686.113140" inVolume="0.000000" inSum="0.000000" outVolume="0.000000" outSum="0.000000" volume="4553.270500" totalSum="23686.113140" lastUpdatedStamp="2012-09-07 23:31:23.0" lastUpdatedTxStamp="2012-09-07 23:31:23.0" createdStamp="2012-09-07 23:31:23.0" createdTxStamp="2012-09-07 23:31:23.0"/>
    <CurMaterialBalance year="2012" month="9" warehouseId="dabd4ec3-33ea-4f89-bd72-6d0fe449f5ff" materialId="3ec2d254-ce3a-440b-936a-4feff8f95c87" beginvolume="2729.180400" beginsum="14268.155130" inVolume="0.000000" inSum="0.000000" outVolume="0.000000" outSum="0.000000" volume="2729.180400" totalSum="14268.155130" lastUpdatedStamp="2012-09-07 23:31:23.0" lastUpdatedTxStamp="2012-09-07 23:31:23.0" createdStamp="2012-09-07 23:31:23.0" createdTxStamp="2012-09-07 23:31:23.0"/>
    <CurMaterialBalance year="2012" month="9" warehouseId="dabd4ec3-33ea-4f89-bd72-6d0fe449f5ff" materialId="3fb659fa-50ce-45d4-8bce-57f64bfef013" beginvolume="1196.720000" beginsum="6737.533600" inVolume="0.000000" inSum="0.000000" outVolume="0.000000" outSum="0.000000" volume="1196.720000" totalSum="6737.533600" lastUpdatedStamp="2012-09-07 23:31:23.0" lastUpdatedTxStamp="2012-09-07 23:31:23.0" createdStamp="2012-09-07 23:31:23.0" createdTxStamp="2012-09-07 23:31:23.0"/>
    <CurMaterialBalance year="2012" month="9" warehouseId="dabd4ec3-33ea-4f89-bd72-6d0fe449f5ff" materialId="40d508dc-ee76-42b8-9ff1-f6958d270f76" beginvolume="12372.234100" beginsum="63097.156690" inVolume="0.000000" inSum="0.000000" outVolume="0.000000" outSum="0.000000" volume="12372.234100" totalSum="63097.156690" lastUpdatedStamp="2012-09-07 23:31:23.0" lastUpdatedTxStamp="2012-09-07 23:31:23.0" createdStamp="2012-09-07 23:31:23.0" createdTxStamp="2012-09-07 23:31:23.0"/>
    <CurMaterialBalance year="2012" month="9" warehouseId="dabd4ec3-33ea-4f89-bd72-6d0fe449f5ff" materialId="41de4540-9bff-461c-995b-897a24756864" beginvolume="12372.234100" beginsum="62842.288660" inVolume="0.000000" inSum="0.000000" outVolume="0.000000" outSum="0.000000" volume="12372.234100" totalSum="62842.288660" lastUpdatedStamp="2012-09-07 23:31:23.0" lastUpdatedTxStamp="2012-09-07 23:31:23.0" createdStamp="2012-09-07 23:31:23.0" createdTxStamp="2012-09-07 23:31:23.0"/>
    <CurMaterialBalance year="2012" month="9" warehouseId="dabd4ec3-33ea-4f89-bd72-6d0fe449f5ff" materialId="444837bf-cec5-49a1-93bb-3400ef481bef" beginvolume="2739.337200" beginsum="0.000000" inVolume="0.000000" inSum="0.000000" outVolume="0.000000" outSum="0.000000" volume="2739.337200" totalSum="0.000000" lastUpdatedStamp="2012-09-07 23:31:23.0" lastUpdatedTxStamp="2012-09-07 23:31:23.0" createdStamp="2012-09-07 23:31:23.0" createdTxStamp="2012-09-07 23:31:23.0"/>
    <CurMaterialBalance year="2012" month="9" warehouseId="dabd4ec3-33ea-4f89-bd72-6d0fe449f5ff" materialId="4a259e0d-fa73-4941-95ee-1c3190664090" beginvolume="342.000000" beginsum="1979.154000" inVolume="0.000000" inSum="0.000000" outVolume="0.000000" outSum="0.000000" volume="342.000000" totalSum="1979.154000" lastUpdatedStamp="2012-09-07 23:31:23.0" lastUpdatedTxStamp="2012-09-07 23:31:23.0" createdStamp="2012-09-07 23:31:23.0" createdTxStamp="2012-09-07 23:31:23.0"/>
    <CurMaterialBalance year="2012" month="9" warehouseId="dabd4ec3-33ea-4f89-bd72-6d0fe449f5ff" materialId="4e8d99fd-ae30-433c-9400-018c5d5ee5d7" beginvolume="44076.000000" beginsum="357015.600000" inVolume="0.000000" inSum="0.000000" outVolume="0.000000" outSum="0.000000" volume="44076.000000" totalSum="357015.600000" lastUpdatedStamp="2012-09-07 23:31:23.0" lastUpdatedTxStamp="2012-09-07 23:31:23.0" createdStamp="2012-09-07 23:31:23.0" createdTxStamp="2012-09-07 23:31:23.0"/>
    <CurMaterialBalance year="2012" month="9" warehouseId="dabd4ec3-33ea-4f89-bd72-6d0fe449f5ff" materialId="4efa0302-7073-47fa-9f8f-a9df0cb4bc88" beginvolume="1132.000000" beginsum="5863.760000" inVolume="0.000000" inSum="0.000000" outVolume="0.000000" outSum="0.000000" volume="1132.000000" totalSum="5863.760000" lastUpdatedStamp="2012-09-07 23:31:23.0" lastUpdatedTxStamp="2012-09-07 23:31:23.0" createdStamp="2012-09-07 23:31:23.0" createdTxStamp="2012-09-07 23:31:23.0"/>
    <CurMaterialBalance year="2012" month="9" warehouseId="dabd4ec3-33ea-4f89-bd72-6d0fe449f5ff" materialId="5060bb1e-be5f-4371-a8c2-4be9a545ec3e" beginvolume="9576.000000" beginsum="81396.000000" inVolume="0.000000" inSum="0.000000" outVolume="0.000000" outSum="0.000000" volume="9576.000000" totalSum="81396.000000" lastUpdatedStamp="2012-09-07 23:31:23.0" lastUpdatedTxStamp="2012-09-07 23:31:23.0" createdStamp="2012-09-07 23:31:23.0" createdTxStamp="2012-09-07 23:31:23.0"/>
    <CurMaterialBalance year="2012" month="9" warehouseId="dabd4ec3-33ea-4f89-bd72-6d0fe449f5ff" materialId="5072c166-24cb-43f1-aff2-97365c4b43e8" beginvolume="1962.405800" beginsum="10731.062880" inVolume="0.000000" inSum="0.000000" outVolume="0.000000" outSum="0.000000" volume="1962.405800" totalSum="10731.062880" lastUpdatedStamp="2012-09-07 23:31:23.0" lastUpdatedTxStamp="2012-09-07 23:31:23.0" createdStamp="2012-09-07 23:31:23.0" createdTxStamp="2012-09-07 23:31:23.0"/>
    <CurMaterialBalance year="2012" month="9" warehouseId="dabd4ec3-33ea-4f89-bd72-6d0fe449f5ff" materialId="5fe61d30-1969-4f7a-bcf1-fe0a404b640a" beginvolume="5364.646800" beginsum="28915.982720" inVolume="0.000000" inSum="0.000000" outVolume="0.000000" outSum="0.000000" volume="5364.646800" totalSum="28915.982720" lastUpdatedStamp="2012-09-07 23:31:23.0" lastUpdatedTxStamp="2012-09-07 23:31:23.0" createdStamp="2012-09-07 23:31:23.0" createdTxStamp="2012-09-07 23:31:23.0"/>
    <CurMaterialBalance year="2012" month="9" warehouseId="dabd4ec3-33ea-4f89-bd72-6d0fe449f5ff" materialId="600b40ea-1d9b-4617-bdfd-96f81bcf347d" beginvolume="3464.268400" beginsum="19638.937560" inVolume="0.000000" inSum="0.000000" outVolume="0.000000" outSum="0.000000" volume="3464.268400" totalSum="19638.937560" lastUpdatedStamp="2012-09-07 23:31:23.0" lastUpdatedTxStamp="2012-09-07 23:31:23.0" createdStamp="2012-09-07 23:31:23.0" createdTxStamp="2012-09-07 23:31:23.0"/>
    <CurMaterialBalance year="2012" month="9" warehouseId="dabd4ec3-33ea-4f89-bd72-6d0fe449f5ff" materialId="61c8ea02-fb2e-4164-b439-994efdb55763" beginvolume="9173.834200" beginsum="48859.840950" inVolume="0.000000" inSum="0.000000" outVolume="0.000000" outSum="0.000000" volume="9173.834200" totalSum="48859.840950" lastUpdatedStamp="2012-09-07 23:31:23.0" lastUpdatedTxStamp="2012-09-07 23:31:23.0" createdStamp="2012-09-07 23:31:23.0" createdTxStamp="2012-09-07 23:31:23.0"/>
    <CurMaterialBalance year="2012" month="9" warehouseId="dabd4ec3-33ea-4f89-bd72-6d0fe449f5ff" materialId="65ee7180-c53c-4e8f-8782-10ee536d057b" beginvolume="3328.683700" beginsum="18152.643690" inVolume="0.000000" inSum="0.000000" outVolume="0.000000" outSum="0.000000" volume="3328.683700" totalSum="18152.643690" lastUpdatedStamp="2012-09-07 23:31:23.0" lastUpdatedTxStamp="2012-09-07 23:31:23.0" createdStamp="2012-09-07 23:31:23.0" createdTxStamp="2012-09-07 23:31:23.0"/>
    <CurMaterialBalance year="2012" month="9" warehouseId="dabd4ec3-33ea-4f89-bd72-6d0fe449f5ff" materialId="68e3c950-2d39-49eb-bb25-068004102ad6" beginvolume="512.000000" beginsum="2714.624000" inVolume="0.000000" inSum="0.000000" outVolume="0.000000" outSum="0.000000" volume="512.000000" totalSum="2714.624000" lastUpdatedStamp="2012-09-07 23:31:23.0" lastUpdatedTxStamp="2012-09-07 23:31:23.0" createdStamp="2012-09-07 23:31:23.0" createdTxStamp="2012-09-07 23:31:23.0"/>
    <CurMaterialBalance year="2012" month="9" warehouseId="dabd4ec3-33ea-4f89-bd72-6d0fe449f5ff" materialId="6b677183-8ede-43b4-bf30-33a0a5bf7519" beginvolume="3483.185000" beginsum="17736.378020" inVolume="0.000000" inSum="0.000000" outVolume="0.000000" outSum="0.000000" volume="3483.185000" totalSum="17736.378020" lastUpdatedStamp="2012-09-07 23:31:23.0" lastUpdatedTxStamp="2012-09-07 23:31:23.0" createdStamp="2012-09-07 23:31:23.0" createdTxStamp="2012-09-07 23:31:23.0"/>
    <CurMaterialBalance year="2012" month="9" warehouseId="dabd4ec3-33ea-4f89-bd72-6d0fe449f5ff" materialId="6d0988c3-6913-4a5b-8c12-cfffb7882ef6" beginvolume="1664.612000" beginsum="8775.834464" inVolume="0.000000" inSum="0.000000" outVolume="0.000000" outSum="0.000000" volume="1664.612000" totalSum="8775.834464" lastUpdatedStamp="2012-09-07 23:31:23.0" lastUpdatedTxStamp="2012-09-07 23:31:23.0" createdStamp="2012-09-07 23:31:23.0" createdTxStamp="2012-09-07 23:31:23.0"/>
    <CurMaterialBalance year="2012" month="9" warehouseId="dabd4ec3-33ea-4f89-bd72-6d0fe449f5ff" materialId="7022acf3-42b2-49e1-99f6-120ff991d8ad" beginvolume="140.216000" beginsum="726.599312" inVolume="0.000000" inSum="0.000000" outVolume="0.000000" outSum="0.000000" volume="140.216000" totalSum="726.599312" lastUpdatedStamp="2012-09-07 23:31:23.0" lastUpdatedTxStamp="2012-09-07 23:31:23.0" createdStamp="2012-09-07 23:31:23.0" createdTxStamp="2012-09-07 23:31:23.0"/>
    <CurMaterialBalance year="2012" month="9" warehouseId="dabd4ec3-33ea-4f89-bd72-6d0fe449f5ff" materialId="728c9f50-1fd2-4de0-9497-17d524e41122" beginvolume="6824.371400" beginsum="38484.677640" inVolume="0.000000" inSum="0.000000" outVolume="0.000000" outSum="0.000000" volume="6824.371400" totalSum="38484.677640" lastUpdatedStamp="2012-09-07 23:31:23.0" lastUpdatedTxStamp="2012-09-07 23:31:23.0" createdStamp="2012-09-07 23:31:23.0" createdTxStamp="2012-09-07 23:31:23.0"/>
    <CurMaterialBalance year="2012" month="9" warehouseId="dabd4ec3-33ea-4f89-bd72-6d0fe449f5ff" materialId="78886463-026a-45c4-bd7d-b54749a5b896" beginvolume="8072.000000" beginsum="0.000000" inVolume="0.000000" inSum="0.000000" outVolume="0.000000" outSum="0.000000" volume="8072.000000" totalSum="0.000000" lastUpdatedStamp="2012-09-07 23:31:23.0" lastUpdatedTxStamp="2012-09-07 23:31:23.0" createdStamp="2012-09-07 23:31:23.0" createdTxStamp="2012-09-07 23:31:23.0"/>
    <CurMaterialBalance year="2012" month="9" warehouseId="dabd4ec3-33ea-4f89-bd72-6d0fe449f5ff" materialId="7c8a5e81-4b26-49a3-8766-d032e51b4440" beginvolume="2343.702000" beginsum="12759.113690" inVolume="0.000000" inSum="0.000000" outVolume="0.000000" outSum="0.000000" volume="2343.702000" totalSum="12759.113690" lastUpdatedStamp="2012-09-07 23:31:23.0" lastUpdatedTxStamp="2012-09-07 23:31:23.0" createdStamp="2012-09-07 23:31:23.0" createdTxStamp="2012-09-07 23:31:23.0"/>
    <CurMaterialBalance year="2012" month="9" warehouseId="dabd4ec3-33ea-4f89-bd72-6d0fe449f5ff" materialId="7e64ad06-4cc8-4775-8d84-d414e1386e46" beginvolume="18749.497200" beginsum="99113.592100" inVolume="0.000000" inSum="0.000000" outVolume="0.000000" outSum="0.000000" volume="18749.497200" totalSum="99113.592100" lastUpdatedStamp="2012-09-07 23:31:23.0" lastUpdatedTxStamp="2012-09-07 23:31:23.0" createdStamp="2012-09-07 23:31:23.0" createdTxStamp="2012-09-07 23:31:23.0"/>
    <CurMaterialBalance year="2012" month="9" warehouseId="dabd4ec3-33ea-4f89-bd72-6d0fe449f5ff" materialId="7fcead00-48cd-4e7f-ad83-ce362899a27d" beginvolume="36.350000" beginsum="213.447200" inVolume="0.000000" inSum="0.000000" outVolume="0.000000" outSum="0.000000" volume="36.350000" totalSum="213.447200" lastUpdatedStamp="2012-09-07 23:31:23.0" lastUpdatedTxStamp="2012-09-07 23:31:23.0" createdStamp="2012-09-07 23:31:23.0" createdTxStamp="2012-09-07 23:31:23.0"/>
    <CurMaterialBalance year="2012" month="9" warehouseId="dabd4ec3-33ea-4f89-bd72-6d0fe449f5ff" materialId="8219484a-dd47-4db7-bb54-766a2d860fd4" beginvolume="564.625600" beginsum="3214.978166" inVolume="0.000000" inSum="0.000000" outVolume="0.000000" outSum="0.000000" volume="564.625600" totalSum="3214.978166" lastUpdatedStamp="2012-09-07 23:31:23.0" lastUpdatedTxStamp="2012-09-07 23:31:23.0" createdStamp="2012-09-07 23:31:23.0" createdTxStamp="2012-09-07 23:31:23.0"/>
    <CurMaterialBalance year="2012" month="9" warehouseId="dabd4ec3-33ea-4f89-bd72-6d0fe449f5ff" materialId="840ea310-b921-471b-a572-9710a1db8211" beginvolume="1784.000000" beginsum="9241.120000" inVolume="0.000000" inSum="0.000000" outVolume="0.000000" outSum="0.000000" volume="1784.000000" totalSum="9241.120000" lastUpdatedStamp="2012-09-07 23:31:23.0" lastUpdatedTxStamp="2012-09-07 23:31:23.0" createdStamp="2012-09-07 23:31:23.0" createdTxStamp="2012-09-07 23:31:23.0"/>
    <CurMaterialBalance year="2012" month="9" warehouseId="dabd4ec3-33ea-4f89-bd72-6d0fe449f5ff" materialId="8ea77c05-f90f-414f-a6df-6e18f9eea9a5" beginvolume="656.740000" beginsum="3556.247100" inVolume="0.000000" inSum="0.000000" outVolume="0.000000" outSum="0.000000" volume="656.740000" totalSum="3556.247100" lastUpdatedStamp="2012-09-07 23:31:23.0" lastUpdatedTxStamp="2012-09-07 23:31:23.0" createdStamp="2012-09-07 23:31:23.0" createdTxStamp="2012-09-07 23:31:23.0"/>
    <CurMaterialBalance year="2012" month="9" warehouseId="dabd4ec3-33ea-4f89-bd72-6d0fe449f5ff" materialId="90529720-4fc2-435b-a670-ee580e7a763a" beginvolume="457.930000" beginsum="2642.851409" inVolume="0.000000" inSum="0.000000" outVolume="0.000000" outSum="0.000000" volume="457.930000" totalSum="2642.851409" lastUpdatedStamp="2012-09-07 23:31:23.0" lastUpdatedTxStamp="2012-09-07 23:31:23.0" createdStamp="2012-09-07 23:31:23.0" createdTxStamp="2012-09-07 23:31:23.0"/>
    <CurMaterialBalance year="2012" month="9" warehouseId="dabd4ec3-33ea-4f89-bd72-6d0fe449f5ff" materialId="91a2629a-3d73-4987-9800-31e2b53dda42" beginvolume="522.210000" beginsum="2805.312120" inVolume="0.000000" inSum="0.000000" outVolume="0.000000" outSum="0.000000" volume="522.210000" totalSum="2805.312120" lastUpdatedStamp="2012-09-07 23:31:23.0" lastUpdatedTxStamp="2012-09-07 23:31:23.0" createdStamp="2012-09-07 23:31:23.0" createdTxStamp="2012-09-07 23:31:23.0"/>
    <CurMaterialBalance year="2012" month="9" warehouseId="dabd4ec3-33ea-4f89-bd72-6d0fe449f5ff" materialId="93aef790-956d-4ccb-9d40-0e2bad79dd0d" beginvolume="477.270000" beginsum="2716.143570" inVolume="0.000000" inSum="0.000000" outVolume="0.000000" outSum="0.000000" volume="477.270000" totalSum="2716.143570" lastUpdatedStamp="2012-09-07 23:31:23.0" lastUpdatedTxStamp="2012-09-07 23:31:23.0" createdStamp="2012-09-07 23:31:23.0" createdTxStamp="2012-09-07 23:31:23.0"/>
    <CurMaterialBalance year="2012" month="9" warehouseId="dabd4ec3-33ea-4f89-bd72-6d0fe449f5ff" materialId="93f2992e-0a7c-47fb-b96a-de90e1067312" beginvolume="30570.000000" beginsum="24150.300000" inVolume="0.000000" inSum="0.000000" outVolume="0.000000" outSum="0.000000" volume="30570.000000" totalSum="24150.300000" lastUpdatedStamp="2012-09-07 23:31:23.0" lastUpdatedTxStamp="2012-09-07 23:31:23.0" createdStamp="2012-09-07 23:31:23.0" createdTxStamp="2012-09-07 23:31:23.0"/>
    <CurMaterialBalance year="2012" month="9" warehouseId="dabd4ec3-33ea-4f89-bd72-6d0fe449f5ff" materialId="97932ac6-f93d-41ec-8079-69f8ac149202" beginvolume="2618.075600" beginsum="14990.839080" inVolume="0.000000" inSum="0.000000" outVolume="0.000000" outSum="0.000000" volume="2618.075600" totalSum="14990.839080" lastUpdatedStamp="2012-09-07 23:31:23.0" lastUpdatedTxStamp="2012-09-07 23:31:23.0" createdStamp="2012-09-07 23:31:23.0" createdTxStamp="2012-09-07 23:31:23.0"/>
    <CurMaterialBalance year="2012" month="9" warehouseId="dabd4ec3-33ea-4f89-bd72-6d0fe449f5ff" materialId="9c1d5043-b20b-4d18-b66b-712db1934029" beginvolume="496.783600" beginsum="2718.896643" inVolume="0.000000" inSum="0.000000" outVolume="0.000000" outSum="0.000000" volume="496.783600" totalSum="2718.896643" lastUpdatedStamp="2012-09-07 23:31:23.0" lastUpdatedTxStamp="2012-09-07 23:31:23.0" createdStamp="2012-09-07 23:31:23.0" createdTxStamp="2012-09-07 23:31:23.0"/>
    <CurMaterialBalance year="2012" month="9" warehouseId="dabd4ec3-33ea-4f89-bd72-6d0fe449f5ff" materialId="9f39803d-57ac-48c6-892f-6cc1bddeb637" beginvolume="7696.406000" beginsum="40839.439160" inVolume="0.000000" inSum="0.000000" outVolume="0.000000" outSum="0.000000" volume="7696.406000" totalSum="40839.439160" lastUpdatedStamp="2012-09-07 23:31:23.0" lastUpdatedTxStamp="2012-09-07 23:31:23.0" createdStamp="2012-09-07 23:31:23.0" createdTxStamp="2012-09-07 23:31:23.0"/>
    <CurMaterialBalance year="2012" month="9" warehouseId="dabd4ec3-33ea-4f89-bd72-6d0fe449f5ff" materialId="a3aa3d20-7acd-4df7-a642-ebada4cbdd0e" beginvolume="1026.480000" beginsum="5741.102640" inVolume="0.000000" inSum="0.000000" outVolume="0.000000" outSum="0.000000" volume="1026.480000" totalSum="5741.102640" lastUpdatedStamp="2012-09-07 23:31:23.0" lastUpdatedTxStamp="2012-09-07 23:31:23.0" createdStamp="2012-09-07 23:31:23.0" createdTxStamp="2012-09-07 23:31:23.0"/>
    <CurMaterialBalance year="2012" month="9" warehouseId="dabd4ec3-33ea-4f89-bd72-6d0fe449f5ff" materialId="a4ee2861-ca5b-414b-8106-7389ef36880f" beginvolume="760.000000" beginsum="4309.200000" inVolume="0.000000" inSum="0.000000" outVolume="0.000000" outSum="0.000000" volume="760.000000" totalSum="4309.200000" lastUpdatedStamp="2012-09-07 23:31:23.0" lastUpdatedTxStamp="2012-09-07 23:31:23.0" createdStamp="2012-09-07 23:31:23.0" createdTxStamp="2012-09-07 23:31:23.0"/>
    <CurMaterialBalance year="2012" month="9" warehouseId="dabd4ec3-33ea-4f89-bd72-6d0fe449f5ff" materialId="a58be625-5bd8-4de7-a034-1554a0518a1c" beginvolume="1980.765000" beginsum="0.000000" inVolume="0.000000" inSum="0.000000" outVolume="0.000000" outSum="0.000000" volume="1980.765000" totalSum="0.000000" lastUpdatedStamp="2012-09-07 23:31:23.0" lastUpdatedTxStamp="2012-09-07 23:31:23.0" createdStamp="2012-09-07 23:31:23.0" createdTxStamp="2012-09-07 23:31:23.0"/>
    <CurMaterialBalance year="2012" month="9" warehouseId="dabd4ec3-33ea-4f89-bd72-6d0fe449f5ff" materialId="a5a9d9eb-f655-4dae-8290-f9cb8560862a" beginvolume="502.000000" beginsum="2836.802000" inVolume="0.000000" inSum="0.000000" outVolume="0.000000" outSum="0.000000" volume="502.000000" totalSum="2836.802000" lastUpdatedStamp="2012-09-07 23:31:23.0" lastUpdatedTxStamp="2012-09-07 23:31:23.0" createdStamp="2012-09-07 23:31:23.0" createdTxStamp="2012-09-07 23:31:23.0"/>
    <CurMaterialBalance year="2012" month="9" warehouseId="dabd4ec3-33ea-4f89-bd72-6d0fe449f5ff" materialId="a7233d1f-7362-4c36-b666-ba5b8057aac2" beginvolume="3539.653900" beginsum="17521.286810" inVolume="0.000000" inSum="0.000000" outVolume="0.000000" outSum="0.000000" volume="3539.653900" totalSum="17521.286810" lastUpdatedStamp="2012-09-07 23:31:23.0" lastUpdatedTxStamp="2012-09-07 23:31:23.0" createdStamp="2012-09-07 23:31:23.0" createdTxStamp="2012-09-07 23:31:23.0"/>
    <CurMaterialBalance year="2012" month="9" warehouseId="dabd4ec3-33ea-4f89-bd72-6d0fe449f5ff" materialId="a9dc5d27-11f0-4f0d-b3f6-64e1b1cdba9c" beginvolume="4528.669000" beginsum="26551.586350" inVolume="0.000000" inSum="0.000000" outVolume="0.000000" outSum="0.000000" volume="4528.669000" totalSum="26551.586350" lastUpdatedStamp="2012-09-07 23:31:23.0" lastUpdatedTxStamp="2012-09-07 23:31:23.0" createdStamp="2012-09-07 23:31:23.0" createdTxStamp="2012-09-07 23:31:23.0"/>
    <CurMaterialBalance year="2012" month="9" warehouseId="dabd4ec3-33ea-4f89-bd72-6d0fe449f5ff" materialId="ab84164f-1a0e-48de-97bf-4cf8e8d66141" beginvolume="10123.636900" beginsum="56262.112070" inVolume="0.000000" inSum="0.000000" outVolume="0.000000" outSum="0.000000" volume="10123.636900" totalSum="56262.112070" lastUpdatedStamp="2012-09-07 23:31:23.0" lastUpdatedTxStamp="2012-09-07 23:31:23.0" createdStamp="2012-09-07 23:31:23.0" createdTxStamp="2012-09-07 23:31:23.0"/>
    <CurMaterialBalance year="2012" month="9" warehouseId="dabd4ec3-33ea-4f89-bd72-6d0fe449f5ff" materialId="b037e497-9691-407f-b9de-bc8ef544b6c3" beginvolume="7680.021400" beginsum="41810.036500" inVolume="0.000000" inSum="0.000000" outVolume="0.000000" outSum="0.000000" volume="7680.021400" totalSum="41810.036500" lastUpdatedStamp="2012-09-07 23:31:23.0" lastUpdatedTxStamp="2012-09-07 23:31:23.0" createdStamp="2012-09-07 23:31:23.0" createdTxStamp="2012-09-07 23:31:23.0"/>
    <CurMaterialBalance year="2012" month="9" warehouseId="dabd4ec3-33ea-4f89-bd72-6d0fe449f5ff" materialId="b0b422d0-3ce8-46d0-854f-17c1d50f041c" beginvolume="1084.250000" beginsum="0.000000" inVolume="0.000000" inSum="0.000000" outVolume="0.000000" outSum="0.000000" volume="1084.250000" totalSum="0.000000" lastUpdatedStamp="2012-09-07 23:31:23.0" lastUpdatedTxStamp="2012-09-07 23:31:23.0" createdStamp="2012-09-07 23:31:23.0" createdTxStamp="2012-09-07 23:31:23.0"/>
    <CurMaterialBalance year="2012" month="9" warehouseId="dabd4ec3-33ea-4f89-bd72-6d0fe449f5ff" materialId="b1f4825e-d57a-43d1-9831-74cfa6c2e5b7" beginvolume="1978.602300" beginsum="10500.640270" inVolume="0.000000" inSum="0.000000" outVolume="0.000000" outSum="0.000000" volume="1978.602300" totalSum="10500.640270" lastUpdatedStamp="2012-09-07 23:31:23.0" lastUpdatedTxStamp="2012-09-07 23:31:23.0" createdStamp="2012-09-07 23:31:23.0" createdTxStamp="2012-09-07 23:31:23.0"/>
    <CurMaterialBalance year="2012" month="9" warehouseId="dabd4ec3-33ea-4f89-bd72-6d0fe449f5ff" materialId="b4c19a8e-fec8-42af-b472-80542f66e998" beginvolume="580.590000" beginsum="3140.991900" inVolume="0.000000" inSum="0.000000" outVolume="0.000000" outSum="0.000000" volume="580.590000" totalSum="3140.991900" lastUpdatedStamp="2012-09-07 23:31:23.0" lastUpdatedTxStamp="2012-09-07 23:31:23.0" createdStamp="2012-09-07 23:31:23.0" createdTxStamp="2012-09-07 23:31:23.0"/>
    <CurMaterialBalance year="2012" month="9" warehouseId="dabd4ec3-33ea-4f89-bd72-6d0fe449f5ff" materialId="b8ec9dff-6e38-463a-a073-fbc5fc825b25" beginvolume="309.113500" beginsum="0.000000" inVolume="0.000000" inSum="0.000000" outVolume="0.000000" outSum="0.000000" volume="309.113500" totalSum="0.000000" lastUpdatedStamp="2012-09-07 23:31:23.0" lastUpdatedTxStamp="2012-09-07 23:31:23.0" createdStamp="2012-09-07 23:31:23.0" createdTxStamp="2012-09-07 23:31:23.0"/>
    <CurMaterialBalance year="2012" month="9" warehouseId="dabd4ec3-33ea-4f89-bd72-6d0fe449f5ff" materialId="bcc3fa11-5ce3-4003-9690-604696eea7ac" beginvolume="511.000000" beginsum="3008.461400" inVolume="0.000000" inSum="0.000000" outVolume="0.000000" outSum="0.000000" volume="511.000000" totalSum="3008.461400" lastUpdatedStamp="2012-09-07 23:31:23.0" lastUpdatedTxStamp="2012-09-07 23:31:23.0" createdStamp="2012-09-07 23:31:23.0" createdTxStamp="2012-09-07 23:31:23.0"/>
    <CurMaterialBalance year="2012" month="9" warehouseId="dabd4ec3-33ea-4f89-bd72-6d0fe449f5ff" materialId="c292b2df-005b-44c4-bc9d-a5844505a6c8" beginvolume="2820.615700" beginsum="15321.584480" inVolume="0.000000" inSum="0.000000" outVolume="0.000000" outSum="0.000000" volume="2820.615700" totalSum="15321.584480" lastUpdatedStamp="2012-09-07 23:31:23.0" lastUpdatedTxStamp="2012-09-07 23:31:23.0" createdStamp="2012-09-07 23:31:23.0" createdTxStamp="2012-09-07 23:31:23.0"/>
    <CurMaterialBalance year="2012" month="9" warehouseId="dabd4ec3-33ea-4f89-bd72-6d0fe449f5ff" materialId="c94450f4-b59e-47ae-bf7b-4ed3be515577" beginvolume="25439.811300" beginsum="222499.133600" inVolume="0.000000" inSum="0.000000" outVolume="0.000000" outSum="0.000000" volume="25439.811300" totalSum="222499.133600" lastUpdatedStamp="2012-09-07 23:31:23.0" lastUpdatedTxStamp="2012-09-07 23:31:23.0" createdStamp="2012-09-07 23:31:23.0" createdTxStamp="2012-09-07 23:31:23.0"/>
    <CurMaterialBalance year="2012" month="9" warehouseId="dabd4ec3-33ea-4f89-bd72-6d0fe449f5ff" materialId="d14f540c-a099-4995-9ce1-b7d1afdb64e1" beginvolume="450.000000" beginsum="2598.300000" inVolume="0.000000" inSum="0.000000" outVolume="0.000000" outSum="0.000000" volume="450.000000" totalSum="2598.300000" lastUpdatedStamp="2012-09-07 23:31:23.0" lastUpdatedTxStamp="2012-09-07 23:31:23.0" createdStamp="2012-09-07 23:31:23.0" createdTxStamp="2012-09-07 23:31:23.0"/>
    <CurMaterialBalance year="2012" month="9" warehouseId="dabd4ec3-33ea-4f89-bd72-6d0fe449f5ff" materialId="d2d0ea88-6c77-474e-939e-f65d366c9b08" beginvolume="1244.000000" beginsum="0.000000" inVolume="0.000000" inSum="0.000000" outVolume="0.000000" outSum="0.000000" volume="1244.000000" totalSum="0.000000" lastUpdatedStamp="2012-09-07 23:31:23.0" lastUpdatedTxStamp="2012-09-07 23:31:23.0" createdStamp="2012-09-07 23:31:23.0" createdTxStamp="2012-09-07 23:31:23.0"/>
    <CurMaterialBalance year="2012" month="9" warehouseId="dabd4ec3-33ea-4f89-bd72-6d0fe449f5ff" materialId="d4450bb0-0a74-42fa-a900-7cb880498b58" beginvolume="10658.840800" beginsum="55894.961160" inVolume="0.000000" inSum="0.000000" outVolume="0.000000" outSum="0.000000" volume="10658.840800" totalSum="55894.961160" lastUpdatedStamp="2012-09-07 23:31:23.0" lastUpdatedTxStamp="2012-09-07 23:31:23.0" createdStamp="2012-09-07 23:31:23.0" createdTxStamp="2012-09-07 23:31:23.0"/>
    <CurMaterialBalance year="2012" month="9" warehouseId="dabd4ec3-33ea-4f89-bd72-6d0fe449f5ff" materialId="d5b6c759-50de-4fd0-a3b6-afdedeb94b41" beginvolume="512.060000" beginsum="2768.708420" inVolume="0.000000" inSum="0.000000" outVolume="0.000000" outSum="0.000000" volume="512.060000" totalSum="2768.708420" lastUpdatedStamp="2012-09-07 23:31:23.0" lastUpdatedTxStamp="2012-09-07 23:31:23.0" createdStamp="2012-09-07 23:31:23.0" createdTxStamp="2012-09-07 23:31:23.0"/>
    <CurMaterialBalance year="2012" month="9" warehouseId="dabd4ec3-33ea-4f89-bd72-6d0fe449f5ff" materialId="dab033aa-09ac-4fa6-91a3-b1188d23b97c" beginvolume="343.150000" beginsum="2070.910250" inVolume="0.000000" inSum="0.000000" outVolume="0.000000" outSum="0.000000" volume="343.150000" totalSum="2070.910250" lastUpdatedStamp="2012-09-07 23:31:23.0" lastUpdatedTxStamp="2012-09-07 23:31:23.0" createdStamp="2012-09-07 23:31:23.0" createdTxStamp="2012-09-07 23:31:23.0"/>
    <CurMaterialBalance year="2012" month="9" warehouseId="dabd4ec3-33ea-4f89-bd72-6d0fe449f5ff" materialId="dd14fbfa-836f-4a1a-88a1-bd412950ebb4" beginvolume="3324.960000" beginsum="18729.499680" inVolume="0.000000" inSum="0.000000" outVolume="0.000000" outSum="0.000000" volume="3324.960000" totalSum="18729.499680" lastUpdatedStamp="2012-09-07 23:31:23.0" lastUpdatedTxStamp="2012-09-07 23:31:23.0" createdStamp="2012-09-07 23:31:23.0" createdTxStamp="2012-09-07 23:31:23.0"/>
    <CurMaterialBalance year="2012" month="9" warehouseId="dabd4ec3-33ea-4f89-bd72-6d0fe449f5ff" materialId="e063ff9a-ec1b-447a-87b0-e42575fdfbff" beginvolume="9749.585800" beginsum="55475.143200" inVolume="0.000000" inSum="0.000000" outVolume="0.000000" outSum="0.000000" volume="9749.585800" totalSum="55475.143200" lastUpdatedStamp="2012-09-07 23:31:23.0" lastUpdatedTxStamp="2012-09-07 23:31:23.0" createdStamp="2012-09-07 23:31:23.0" createdTxStamp="2012-09-07 23:31:23.0"/>
    <CurMaterialBalance year="2012" month="9" warehouseId="dabd4ec3-33ea-4f89-bd72-6d0fe449f5ff" materialId="e0f696fe-bcef-40fb-b35d-67583080a82a" beginvolume="2115.095800" beginsum="10037.610140" inVolume="0.000000" inSum="0.000000" outVolume="0.000000" outSum="0.000000" volume="2115.095800" totalSum="10037.610140" lastUpdatedStamp="2012-09-07 23:31:23.0" lastUpdatedTxStamp="2012-09-07 23:31:23.0" createdStamp="2012-09-07 23:31:23.0" createdTxStamp="2012-09-07 23:31:23.0"/>
    <CurMaterialBalance year="2012" month="9" warehouseId="dabd4ec3-33ea-4f89-bd72-6d0fe449f5ff" materialId="e11691a6-b5b7-4957-831a-4e445e18ec62" beginvolume="57845.000000" beginsum="514820.500000" inVolume="0.000000" inSum="0.000000" outVolume="0.000000" outSum="0.000000" volume="57845.000000" totalSum="514820.500000" lastUpdatedStamp="2012-09-07 23:31:23.0" lastUpdatedTxStamp="2012-09-07 23:31:23.0" createdStamp="2012-09-07 23:31:23.0" createdTxStamp="2012-09-07 23:31:23.0"/>
    <CurMaterialBalance year="2012" month="9" warehouseId="dabd4ec3-33ea-4f89-bd72-6d0fe449f5ff" materialId="e41cb2ba-5ffd-4c29-9d89-08aea6153d97" beginvolume="681.993400" beginsum="3724.979751" inVolume="0.000000" inSum="0.000000" outVolume="0.000000" outSum="0.000000" volume="681.993400" totalSum="3724.979751" lastUpdatedStamp="2012-09-07 23:31:23.0" lastUpdatedTxStamp="2012-09-07 23:31:23.0" createdStamp="2012-09-07 23:31:23.0" createdTxStamp="2012-09-07 23:31:23.0"/>
    <CurMaterialBalance year="2012" month="9" warehouseId="dabd4ec3-33ea-4f89-bd72-6d0fe449f5ff" materialId="e6175c15-bc04-45e3-9dd5-a8f6f54851bc" beginvolume="1009.282800" beginsum="5248.472417" inVolume="0.000000" inSum="0.000000" outVolume="0.000000" outSum="0.000000" volume="1009.282800" totalSum="5248.472417" lastUpdatedStamp="2012-09-07 23:31:23.0" lastUpdatedTxStamp="2012-09-07 23:31:23.0" createdStamp="2012-09-07 23:31:23.0" createdTxStamp="2012-09-07 23:31:23.0"/>
    <CurMaterialBalance year="2012" month="9" warehouseId="dabd4ec3-33ea-4f89-bd72-6d0fe449f5ff" materialId="eaef7ad6-890f-4d91-9b9f-78c56d66ef58" beginvolume="9163.621600" beginsum="48567.194480" inVolume="0.000000" inSum="0.000000" outVolume="0.000000" outSum="0.000000" volume="9163.621600" totalSum="48567.194480" lastUpdatedStamp="2012-09-07 23:31:23.0" lastUpdatedTxStamp="2012-09-07 23:31:23.0" createdStamp="2012-09-07 23:31:23.0" createdTxStamp="2012-09-07 23:31:23.0"/>
    <CurMaterialBalance year="2012" month="9" warehouseId="dabd4ec3-33ea-4f89-bd72-6d0fe449f5ff" materialId="fc5e6329-ff31-43ef-b498-ff60a8ff6ada" beginvolume="20000.000000" beginsum="2000.000000" inVolume="0.000000" inSum="0.000000" outVolume="0.000000" outSum="0.000000" volume="20000.000000" totalSum="2000.000000" lastUpdatedStamp="2012-09-07 23:31:23.0" lastUpdatedTxStamp="2012-09-07 23:31:23.0" createdStamp="2012-09-07 23:31:23.0" createdTxStamp="2012-09-07 23:31:23.0"/>
    <CurMaterialBalance year="2012" month="9" warehouseId="dabd4ec3-33ea-4f89-bd72-6d0fe449f5ff" materialId="fca8f9b2-b574-4c26-b265-118a3e4152fc" beginvolume="20.000000" beginsum="120.000000" inVolume="0.000000" inSum="0.000000" outVolume="0.000000" outSum="0.000000" volume="20.000000" totalSum="120.000000" lastUpdatedStamp="2012-09-07 23:31:23.0" lastUpdatedTxStamp="2012-09-07 23:31:23.0" createdStamp="2012-09-07 23:31:23.0" createdTxStamp="2012-09-07 23:31:23.0"/>
</entity-engine-xml>
