<?xml version="1.0" encoding="UTF-8"?>
<!-- Licensed to the Apache Software Foundation (ASF) under one or more contributor license agreements. See the NOTICE file distributed with this work for additional information regarding copyright ownership. The ASF licenses this file to you under the Apache License, Version 2.0 (the "License"); you 
	may not use this file except in compliance with the License. You may obtain a copy of the License at http://www.apache.org/licenses/LICENSE-2.0 Unless required by applicable law or agreed to in writing, software distributed under the License is distributed on an "AS IS" BASIS, WITHOUT WARRANTIES OR CONDITIONS 
	OF ANY KIND, either express or implied. See the License for the specific language governing permissions and limitations under the License. -->
<entity-engine-xml>
<TMaterialType id='68f09725-81c7-4ffc-b0a9-7b4616b12fff' PARENT_ID='' number='MTT100004' name='成品' />
<TMaterialType id='84b03a16-4e84-4142-87bc-2bcebcff485b' PARENT_ID='' number='MTT100003' name='半成品' />
<TMaterialType id='a2aa616b-7e2e-4643-85e6-63b25415003e' PARENT_ID='' number='MTT100001' name='原材料' />
<TMaterialType id='adc8001c-47be-407b-8366-aec93cb27876' PARENT_ID='' number='MTT100005' name='安装包装' />
<TMaterialType id='c85acba2-8f4b-4e03-aa92-9ade076345fd' PARENT_ID='' number='MTT100002' name='黑胚件' />
<TMaterialType id='59528f80-9380-4aa6-8c8e-d84f51620681' parentId='84b03a16-4e84-4142-87bc-2bcebcff485b' number='MTT100006' name='安装半成品' />
<TMaterialType id='f1d10096-9e69-4d07-9e4d-d1ba37378eff' parentId='68f09725-81c7-4ffc-b0a9-7b4616b12fff' number='MTT100007' name='安装成品' />
<TMaterialType id='da2943bc-fd55-4ee3-8126-fc291fb977d2' parentId='c85acba2-8f4b-4e03-aa92-9ade076345fd' number='MTT100008' name='黑胚半成品' />
<TMaterialType id='06634de3-8ffe-4aa6-a250-7dea4e256316' parentId='59528f80-9380-4aa6-8c8e-d84f51620681' number='MTT100009' name='安装半成品加工' />
<TMaterialType id='d7cc0ff5-f8ee-4143-92d3-26694418ce51' parentId='f1d10096-9e69-4d07-9e4d-d1ba37378eff' number='MTT100010' name='安装成品加工' />
<TMaterialType id='696a29ec-94cf-41a5-866a-cb668bd623c7' parentId='da2943bc-fd55-4ee3-8126-fc291fb977d2' number='MTT100011' name='黑胚半成品加工' />
<TMaterialType id='fac8aea0-4aef-452e-8e57-40a311abdede' parentId='06634de3-8ffe-4aa6-a250-7dea4e256316' number='MTT100012' name='电镀件' />
<TMaterialType id='d76a03af-9db2-4526-8fcf-6f875174a10f' parentId='06634de3-8ffe-4aa6-a250-7dea4e256316' number='MTT100013' name='喷涂件' />
<TMaterialType id='4c75796d-f7ca-40c6-9536-51231a5cfca8' parentId='d7cc0ff5-f8ee-4143-92d3-26694418ce51' number='MTT100014' name='包装件' />
<TMaterialType id='edd65fee-f26f-42b1-a6a3-c66b1c0eedca' parentId='696a29ec-94cf-41a5-866a-cb668bd623c7' number='MTT100015' name='黑胚件' />
<TMaterialType id='57933570-6524-46ec-a8d3-48ccb55b21e6' parentId='68f09725-81c7-4ffc-b0a9-7b4616b12fff' number='MTT100016' name='板类' />
<TMaterialType id='bbaa6eba-0b01-40e6-9d03-bdd9136b38ca' parentId='14218d89-7389-4fa7-af2b-36bef68e2004' number='MTT100017' name='扁方管' />
<TMaterialType id='8189f340-0c2b-4047-8ec2-fd6f40d05f26' parentId='14218d89-7389-4fa7-af2b-36bef68e2004' number='MTT100018' name='扁铁' />
<TMaterialType id='c79daf73-992f-4ebd-a255-af0ce7ea4074' parentId='f356f2ea-955f-47eb-b453-7032dc720caa' number='MTT100019' name='标签类' />
<TMaterialType id='eb9f083b-6686-401f-af20-8849550cb08a' parentId='f356f2ea-955f-47eb-b453-7032dc720caa' number='MTT100020' name='玻璃' />
<TMaterialType id='6d18d271-8484-4ee4-947b-acd062abb275' parentId='f356f2ea-955f-47eb-b453-7032dc720caa' number='MTT100021' name='布' />
<TMaterialType id='9f12ef6c-702d-4012-8d28-9bf8c89bdfa3' parentId='f356f2ea-955f-47eb-b453-7032dc720caa' number='MTT100022' name='车缝配件' />
<TMaterialType id='f5a436bd-cead-4957-84fa-3139f5148675' parentId='68f09725-81c7-4ffc-b0a9-7b4616b12fff' number='MTT100023' name='床类' />
<TMaterialType id='06c940b6-041e-4ed0-a146-58c2adee9ca9' parentId='14218d89-7389-4fa7-af2b-36bef68e2004' number='MTT100024' name='带钢' />
<TMaterialType id='65e4a4ec-812d-42b9-a8f4-fd5eeef74d3c' parentId='14218d89-7389-4fa7-af2b-36bef68e2004' number='MTT100025' name='方管' />
<TMaterialType id='893a4c21-456c-409d-812e-8cec2b6eaaef' parentId='f356f2ea-955f-47eb-b453-7032dc720caa' number='MTT100026' name='海绵' />
<TMaterialType id='a3675ec2-cc9d-4de8-8735-59dedec2e27e' parentId='68f09725-81c7-4ffc-b0a9-7b4616b12fff' number='MTT100027' name='架类' />
<TMaterialType id='c3e478c3-c164-4387-9c3b-bffdacb8c13f' parentId='f356f2ea-955f-47eb-b453-7032dc720caa' number='MTT100028' name='胶袋' />
<TMaterialType id='52029b48-9d6b-490d-b906-6c7fc4405b82' parentId='14218d89-7389-4fa7-af2b-36bef68e2004' number='MTT100029' name='角铁' />
<TMaterialType id='62b231dc-ee8d-4fbe-b2f2-99febdf43353' parentId='f356f2ea-955f-47eb-b453-7032dc720caa' number='MTT100030' name='脚轮' />
<TMaterialType id='cdc92518-4a63-4601-b4ad-9e888429bcd9' parentId='f356f2ea-955f-47eb-b453-7032dc720caa' number='MTT100031' name='木制品' />
<TMaterialType id='ba34cd60-fbcc-44d4-813e-e0bde871dd8f' parentId='f356f2ea-955f-47eb-b453-7032dc720caa' number='MTT100032' name='泡沫' />
<TMaterialType id='7a7a1692-0f67-4897-870b-1d1e73246049' parentId='14218d89-7389-4fa7-af2b-36bef68e2004' number='MTT100033' name='平直板' />
<TMaterialType id='37bd93d2-6e17-4bb4-922b-1bf3ffd082d4' parentId='68f09725-81c7-4ffc-b0a9-7b4616b12fff' number='MTT100034' name='其它类' />
<TMaterialType id='cc13b858-2610-4895-9813-6511cc66a5df' parentId='f356f2ea-955f-47eb-b453-7032dc720caa' number='MTT100035' name='塑胶制品' />
<TMaterialType id='0615f018-1442-47db-93e7-766630b58cb3' parentId='68f09725-81c7-4ffc-b0a9-7b4616b12fff' number='MTT100036' name='台类' />
<TMaterialType id='94e241f5-5849-4a30-9fbb-28d820e9d52a' parentId='14218d89-7389-4fa7-af2b-36bef68e2004' number='MTT100037' name='铁线' />
<TMaterialType id='97cf9b41-542a-499d-a282-5ba9c76d5df1' parentId='14218d89-7389-4fa7-af2b-36bef68e2004' number='MTT100038' name='椭圆扁管' />
<TMaterialType id='0f76afff-4031-47eb-b8d6-ad71f73f4ba6' parentId='14218d89-7389-4fa7-af2b-36bef68e2004' number='MTT100039' name='五金配件' />
<TMaterialType id='7c4b2fdf-f92f-42ae-ae2c-c8ba4a561156' parentId='68f09725-81c7-4ffc-b0a9-7b4616b12fff' number='MTT100040' name='椅类' />
<TMaterialType id='feb83198-cc30-4ce3-b084-0905d8fae142' parentId='14218d89-7389-4fa7-af2b-36bef68e2004' number='MTT100041' name='异形管' />
<TMaterialType id='612d8ffe-4a58-4685-9528-b1362097d46f' parentId='14218d89-7389-4fa7-af2b-36bef68e2004' number='MTT100042' name='圆管' />
<TMaterialType id='302e71e0-db8a-4f25-90f7-c2c4f6db4d14' parentId='f356f2ea-955f-47eb-b453-7032dc720caa' number='MTT100043' name='珍珠棉' />
<TMaterialType id='2945652c-4b38-4d42-b5b4-1c07d0c43cbd' parentId='f356f2ea-955f-47eb-b453-7032dc720caa' number='MTT100044' name='织带' />
<TMaterialType id='8e7d204d-e61a-4924-bdad-e5c92ee9dfe1' parentId='f356f2ea-955f-47eb-b453-7032dc720caa' number='MTT100045' name='纸制品' />
<TMaterialType id='f356f2ea-955f-47eb-b453-7032dc720caa' parentId='a2aa616b-7e2e-4643-85e6-63b25415003e' number='MTT100046' name='安装材料' />
<TMaterialType id='14218d89-7389-4fa7-af2b-36bef68e2004' parentId='a2aa616b-7e2e-4643-85e6-63b25415003e' number='MTT100047' name='黑胚原材料' />
</entity-engine-xml>