<?xml version="1.0" encoding="UTF-8"?>
<entity-engine-xml>
    <TSystemUserOfRole id="08bb9197-0eed-4271-82f3-aeca2cc644fb" userId="lucaiqun" roleId="04a1e33b-6715-4651-be60-b57fcc479cae" lastUpdatedStamp="2012-08-19 15:00:49.0" lastUpdatedTxStamp="2012-08-19 15:00:49.0" createdStamp="2012-08-19 15:00:49.0" createdTxStamp="2012-08-19 15:00:49.0"/>
    <TSystemUserOfRole id="092d0cca-a4cb-4fea-9ed6-a2717aec76cc" userId="luxuemei" roleId="5eb8a565-7f0a-4233-8ff0-d6704daa5492" lastUpdatedStamp="2012-08-19 15:00:49.0" lastUpdatedTxStamp="2012-08-19 15:00:49.0" createdStamp="2012-08-19 15:00:49.0" createdTxStamp="2012-08-19 15:00:49.0"/>
    <TSystemUserOfRole id="1599be42-a542-4f47-9ab0-e012095f3d7a" userId="lucaiqun" roleId="102a37a5-0022-4d50-af90-f61b03ea1eb4" lastUpdatedStamp="2012-08-19 15:00:49.0" lastUpdatedTxStamp="2012-08-19 15:00:49.0" createdStamp="2012-08-19 15:00:49.0" createdTxStamp="2012-08-19 15:00:49.0"/>
    <TSystemUserOfRole id="24a75660-4e80-4e74-8436-abd0bab60ea4" userId="luxuemei" roleId="04a1e33b-6715-4651-be60-b57fcc479cae" lastUpdatedStamp="2012-08-19 15:00:49.0" lastUpdatedTxStamp="2012-08-19 15:00:49.0" createdStamp="2012-08-19 15:00:49.0" createdTxStamp="2012-08-19 15:00:49.0"/>
    <TSystemUserOfRole id="31c5a3fd-8b43-4a5f-b6b4-8d0822f1e567" userId="luweirong" roleId="102a37a5-0022-4d50-af90-f61b03ea1eb4" lastUpdatedStamp="2012-08-19 15:00:49.0" lastUpdatedTxStamp="2012-08-19 15:00:49.0" createdStamp="2012-08-19 15:00:49.0" createdTxStamp="2012-08-19 15:00:49.0"/>
    <TSystemUserOfRole id="348d1029-e33c-4e89-9c85-1c3f8566db91" userId="chenzhiwei" roleId="5eb8a565-7f0a-4233-8ff0-d6704daa5492" lastUpdatedStamp="2012-08-19 15:00:49.0" lastUpdatedTxStamp="2012-08-19 15:00:49.0" createdStamp="2012-08-19 15:00:49.0" createdTxStamp="2012-08-19 15:00:49.0"/>
    <TSystemUserOfRole id="41eb4b66-907b-4f4d-860c-db5b02546ca8" userId="chenzhiwei" roleId="04a1e33b-6715-4651-be60-b57fcc479cae" lastUpdatedStamp="2012-08-19 15:00:49.0" lastUpdatedTxStamp="2012-08-19 15:00:49.0" createdStamp="2012-08-19 15:00:49.0" createdTxStamp="2012-08-19 15:00:49.0"/>
    <TSystemUserOfRole id="43280c00-3a52-447a-bf70-36ec3f0e21f2" userId="scgly" roleId="04a1e33b-6715-4651-be60-b57fcc479cae" lastUpdatedStamp="2012-08-19 15:00:49.0" lastUpdatedTxStamp="2012-08-19 15:00:49.0" createdStamp="2012-08-19 15:00:49.0" createdTxStamp="2012-08-19 15:00:49.0"/>
    <TSystemUserOfRole id="43f1f05b-0828-4218-b04a-462d4254542e" userId="daifurong" roleId="5eb8a565-7f0a-4233-8ff0-d6704daa5492" lastUpdatedStamp="2012-08-19 15:00:49.0" lastUpdatedTxStamp="2012-08-19 15:00:49.0" createdStamp="2012-08-19 15:00:49.0" createdTxStamp="2012-08-19 15:00:49.0"/>
    <TSystemUserOfRole id="542561b5-e3e9-4e5c-8aaa-42cc241fb53b" userId="cgy" roleId="102a37a5-0022-4d50-af90-f61b03ea1eb4" lastUpdatedStamp="2012-08-19 15:00:49.0" lastUpdatedTxStamp="2012-08-19 15:00:49.0" createdStamp="2012-08-19 15:00:49.0" createdTxStamp="2012-08-19 15:00:49.0"/>
    <TSystemUserOfRole id="59df4d54-69ef-4725-9dc3-44ed5e4deb9c" userId="panxingfang" roleId="102a37a5-0022-4d50-af90-f61b03ea1eb4" lastUpdatedStamp="2012-08-19 15:00:49.0" lastUpdatedTxStamp="2012-08-19 15:00:49.0" createdStamp="2012-08-19 15:00:49.0" createdTxStamp="2012-08-19 15:00:49.0"/>
    <TSystemUserOfRole id="608cc584-2aa2-4eb9-b407-e37cdacd788e" userId="panxingfang" roleId="5eb8a565-7f0a-4233-8ff0-d6704daa5492" lastUpdatedStamp="2012-08-19 15:00:49.0" lastUpdatedTxStamp="2012-08-19 15:00:49.0" createdStamp="2012-08-19 15:00:49.0" createdTxStamp="2012-08-19 15:00:49.0"/>
    <TSystemUserOfRole id="6408fa80-277f-4f3b-a548-0a1e8371b750" userId="luweirong" roleId="04a1e33b-6715-4651-be60-b57fcc479cae" lastUpdatedStamp="2012-08-19 15:00:49.0" lastUpdatedTxStamp="2012-08-19 15:00:49.0" createdStamp="2012-08-19 15:00:49.0" createdTxStamp="2012-08-19 15:00:49.0"/>
    <TSystemUserOfRole id="72289ec8-3f97-49eb-b567-c8c67e8c75b5" userId="liweiliang" roleId="bb13cf14-fd7d-498a-a5bf-4bf0fa1e00ea" lastUpdatedStamp="2012-08-19 15:00:49.0" lastUpdatedTxStamp="2012-08-19 15:00:49.0" createdStamp="2012-08-19 15:00:49.0" createdTxStamp="2012-08-19 15:00:49.0"/>
    <TSystemUserOfRole id="8123817c-983d-454c-b1c1-7199a91b68c3" userId="cgytester" roleId="102a37a5-0022-4d50-af90-f61b03ea1eb4" lastUpdatedStamp="2012-08-19 15:00:49.0" lastUpdatedTxStamp="2012-08-19 15:00:49.0" createdStamp="2012-08-19 15:00:49.0" createdTxStamp="2012-08-19 15:00:49.0"/>
    <TSystemUserOfRole id="8a7dd7e5-a3d3-4baf-a485-d112f3fe1ad9" userId="chenzhiwei" roleId="18f85a5d-1c39-44f4-9f2f-e7d64056ff8b" lastUpdatedStamp="2012-08-19 15:00:49.0" lastUpdatedTxStamp="2012-08-19 15:00:49.0" createdStamp="2012-08-19 15:00:49.0" createdTxStamp="2012-08-19 15:00:49.0"/>
    <TSystemUserOfRole id="94594729-abfe-4004-a08b-d7cdf1d483f8" userId="hhyang" roleId="bb13cf14-fd7d-498a-a5bf-4bf0fa1e00ea" lastUpdatedStamp="2012-08-19 15:00:49.0" lastUpdatedTxStamp="2012-08-19 15:00:49.0" createdStamp="2012-08-19 15:00:49.0" createdTxStamp="2012-08-19 15:00:49.0"/>
    <TSystemUserOfRole id="9c5d6cc1-22e6-4c61-a606-c0681cc08876" userId="lucaiqun" roleId="5eb8a565-7f0a-4233-8ff0-d6704daa5492" lastUpdatedStamp="2012-08-19 15:00:49.0" lastUpdatedTxStamp="2012-08-19 15:00:49.0" createdStamp="2012-08-19 15:00:49.0" createdTxStamp="2012-08-19 15:00:49.0"/>
    <TSystemUserOfRole id="a2333cf6-c4a2-4a7f-854a-65e726beebd3" userId="luweirong" roleId="18f85a5d-1c39-44f4-9f2f-e7d64056ff8b" lastUpdatedStamp="2012-08-19 15:00:49.0" lastUpdatedTxStamp="2012-08-19 15:00:49.0" createdStamp="2012-08-19 15:00:49.0" createdTxStamp="2012-08-19 15:00:49.0"/>
    <TSystemUserOfRole id="a2b2c1d1-891a-42b8-80b0-44ac94ea8f17" userId="lupeie" roleId="5eb8a565-7f0a-4233-8ff0-d6704daa5492" lastUpdatedStamp="2012-08-19 15:00:49.0" lastUpdatedTxStamp="2012-08-19 15:00:49.0" createdStamp="2012-08-19 15:00:49.0" createdTxStamp="2012-08-19 15:00:49.0"/>
    <TSystemUserOfRole id="a2ed64c6-9c55-4ff5-b722-08817295be43" userId="chenzhiwei" roleId="102a37a5-0022-4d50-af90-f61b03ea1eb4" lastUpdatedStamp="2012-08-19 15:00:49.0" lastUpdatedTxStamp="2012-08-19 15:00:49.0" createdStamp="2012-08-19 15:00:49.0" createdTxStamp="2012-08-19 15:00:49.0"/>
    <TSystemUserOfRole id="aa4c08ef-2ba8-4579-a208-83d2a9793274" userId="sjlry" roleId="5eb8a565-7f0a-4233-8ff0-d6704daa5492" lastUpdatedStamp="2012-08-19 15:00:49.0" lastUpdatedTxStamp="2012-08-19 15:00:49.0" createdStamp="2012-08-19 15:00:49.0" createdTxStamp="2012-08-19 15:00:49.0"/>
    <TSystemUserOfRole id="b2b4fea8-6ff7-4058-b7bb-191fc0195a68" userId="daifurong" roleId="102a37a5-0022-4d50-af90-f61b03ea1eb4" lastUpdatedStamp="2012-08-19 15:00:49.0" lastUpdatedTxStamp="2012-08-19 15:00:49.0" createdStamp="2012-08-19 15:00:49.0" createdTxStamp="2012-08-19 15:00:49.0"/>
    <TSystemUserOfRole id="bebfc203-2efb-40b0-9991-f91b6258643f" userId="cgjl" roleId="bb13cf14-fd7d-498a-a5bf-4bf0fa1e00ea" lastUpdatedStamp="2012-08-19 15:00:49.0" lastUpdatedTxStamp="2012-08-19 15:00:49.0" createdStamp="2012-08-19 15:00:49.0" createdTxStamp="2012-08-19 15:00:49.0"/>
    <TSystemUserOfRole id="c4e978a2-9617-4343-809f-81236d98dc3c" userId="admin" roleId="18f85a5d-1c39-44f4-9f2f-e7d64056ff8b" lastUpdatedStamp="2012-08-19 15:00:49.0" lastUpdatedTxStamp="2012-08-19 15:00:49.0" createdStamp="2012-08-19 15:00:49.0" createdTxStamp="2012-08-19 15:00:49.0"/>
    <TSystemUserOfRole id="d01fd976-ccee-4f00-a9ee-3e8e860c7458" userId="hhyang" roleId="04a1e33b-6715-4651-be60-b57fcc479cae" lastUpdatedStamp="2012-08-19 15:00:49.0" lastUpdatedTxStamp="2012-08-19 15:00:49.0" createdStamp="2012-08-19 15:00:49.0" createdTxStamp="2012-08-19 15:00:49.0"/>
    <TSystemUserOfRole id="d0b49636-e490-4d52-a2fb-402ea00f2147" userId="daifurong" roleId="04a1e33b-6715-4651-be60-b57fcc479cae" lastUpdatedStamp="2012-08-19 15:00:49.0" lastUpdatedTxStamp="2012-08-19 15:00:49.0" createdStamp="2012-08-19 15:00:49.0" createdTxStamp="2012-08-19 15:00:49.0"/>
    <TSystemUserOfRole id="d405cb33-a0e5-497d-ade9-23e711353987" userId="luweirong" roleId="bb13cf14-fd7d-498a-a5bf-4bf0fa1e00ea" lastUpdatedStamp="2012-08-19 15:00:49.0" lastUpdatedTxStamp="2012-08-19 15:00:49.0" createdStamp="2012-08-19 15:00:49.0" createdTxStamp="2012-08-19 15:00:49.0"/>
    <TSystemUserOfRole id="fadd0983-d5de-4b52-9cdb-8fd0fe280e88" userId="luweirong" roleId="5eb8a565-7f0a-4233-8ff0-d6704daa5492" lastUpdatedStamp="2012-08-19 15:00:49.0" lastUpdatedTxStamp="2012-08-19 15:00:49.0" createdStamp="2012-08-19 15:00:49.0" createdTxStamp="2012-08-19 15:00:49.0"/>
</entity-engine-xml>
