<?xml version="1.0" encoding="UTF-8"?>
<entity-engine-xml>
    <UserLogin userLoginId="admin" currentPassword="{SHA}40bd001563085fc35165329ea1ff5c5ecbdbbeef" isSystem="Y" enabled="Y" lastUpdatedStamp="2012-08-19 15:00:49.0" lastUpdatedTxStamp="2012-08-19 15:00:49.0" createdStamp="2012-08-19 15:00:49.0" createdTxStamp="2012-08-19 15:00:49.0"/>
    <UserLogin userLoginId="anonymous" isSystem="Y" enabled="N" lastUpdatedStamp="2012-08-19 15:00:49.0" lastUpdatedTxStamp="2012-08-19 15:00:49.0" createdStamp="2012-08-19 15:00:32.0" createdTxStamp="2012-08-19 15:00:32.0"/>
    <UserLogin userLoginId="cgjl" currentPassword="{SHA}40bd001563085fc35165329ea1ff5c5ecbdbbeef" isSystem="Y" enabled="Y" lastUpdatedStamp="2012-08-19 15:00:49.0" lastUpdatedTxStamp="2012-08-19 15:00:49.0" createdStamp="2012-08-19 15:00:49.0" createdTxStamp="2012-08-19 15:00:49.0"/>
    <UserLogin userLoginId="cgy" currentPassword="{SHA}40bd001563085fc35165329ea1ff5c5ecbdbbeef" isSystem="Y" enabled="Y" lastUpdatedStamp="2012-08-19 15:00:49.0" lastUpdatedTxStamp="2012-08-19 15:00:49.0" createdStamp="2012-08-19 15:00:49.0" createdTxStamp="2012-08-19 15:00:49.0"/>
    <UserLogin userLoginId="cgytester" currentPassword="{SHA}7c4a8d09ca3762af61e59520943dc26494f8941b" isSystem="Y" enabled="Y" lastUpdatedStamp="2012-08-19 15:00:49.0" lastUpdatedTxStamp="2012-08-19 15:00:49.0" createdStamp="2012-08-19 15:00:49.0" createdTxStamp="2012-08-19 15:00:49.0"/>
    <UserLogin userLoginId="chenzhiwei" currentPassword="{SHA}7c4a8d09ca3762af61e59520943dc26494f8941b" isSystem="Y" enabled="Y" hasLoggedOut="N" successiveFailedLogins="0" lastUpdatedStamp="2012-08-29 09:59:57.0" lastUpdatedTxStamp="2012-08-29 09:59:57.0" createdStamp="2012-08-19 15:00:49.0" createdTxStamp="2012-08-19 15:00:49.0"/>
    <UserLogin userLoginId="daifurong" currentPassword="{SHA}7c4a8d09ca3762af61e59520943dc26494f8941b" isSystem="Y" enabled="Y" lastUpdatedStamp="2012-08-19 15:00:49.0" lastUpdatedTxStamp="2012-08-19 15:00:49.0" createdStamp="2012-08-19 15:00:49.0" createdTxStamp="2012-08-19 15:00:49.0"/>
    <UserLogin userLoginId="hhyang" currentPassword="{SHA}7c4a8d09ca3762af61e59520943dc26494f8941b" isSystem="Y" enabled="Y" hasLoggedOut="Y" lastUpdatedStamp="2012-08-27 11:32:45.0" lastUpdatedTxStamp="2012-08-27 11:32:45.0" createdStamp="2012-08-19 15:00:49.0" createdTxStamp="2012-08-19 15:00:49.0"/>
    <UserLogin userLoginId="liweiliang" currentPassword="{SHA}7c4a8d09ca3762af61e59520943dc26494f8941b" isSystem="Y" enabled="Y" lastUpdatedStamp="2012-08-19 15:00:49.0" lastUpdatedTxStamp="2012-08-19 15:00:49.0" createdStamp="2012-08-19 15:00:49.0" createdTxStamp="2012-08-19 15:00:49.0"/>
    <UserLogin userLoginId="lucaiqun" currentPassword="{SHA}7c4a8d09ca3762af61e59520943dc26494f8941b" isSystem="Y" enabled="Y" hasLoggedOut="N" successiveFailedLogins="0" lastUpdatedStamp="2012-08-29 14:29:16.0" lastUpdatedTxStamp="2012-08-29 14:29:16.0" createdStamp="2012-08-19 15:00:49.0" createdTxStamp="2012-08-19 15:00:49.0"/>
    <UserLogin userLoginId="lupeie" currentPassword="{SHA}7c4a8d09ca3762af61e59520943dc26494f8941b" isSystem="Y" enabled="Y" lastUpdatedStamp="2012-08-19 15:00:49.0" lastUpdatedTxStamp="2012-08-19 15:00:49.0" createdStamp="2012-08-19 15:00:49.0" createdTxStamp="2012-08-19 15:00:49.0"/>
    <UserLogin userLoginId="luweirong" currentPassword="{SHA}7c4a8d09ca3762af61e59520943dc26494f8941b" isSystem="Y" enabled="Y" lastUpdatedStamp="2012-08-19 15:00:49.0" lastUpdatedTxStamp="2012-08-19 15:00:49.0" createdStamp="2012-08-19 15:00:49.0" createdTxStamp="2012-08-19 15:00:49.0"/>
    <UserLogin userLoginId="luxuemei" currentPassword="{SHA}7c4a8d09ca3762af61e59520943dc26494f8941b" isSystem="Y" enabled="Y" lastUpdatedStamp="2012-08-19 15:00:49.0" lastUpdatedTxStamp="2012-08-19 15:00:49.0" createdStamp="2012-08-19 15:00:49.0" createdTxStamp="2012-08-19 15:00:49.0"/>
    <UserLogin userLoginId="panxingfang" currentPassword="{SHA}7c4a8d09ca3762af61e59520943dc26494f8941b" isSystem="Y" enabled="Y" lastUpdatedStamp="2012-08-19 15:00:49.0" lastUpdatedTxStamp="2012-08-19 15:00:49.0" createdStamp="2012-08-19 15:00:49.0" createdTxStamp="2012-08-19 15:00:49.0"/>
    <UserLogin userLoginId="scgly" currentPassword="{SHA}40bd001563085fc35165329ea1ff5c5ecbdbbeef" isSystem="Y" enabled="Y" lastUpdatedStamp="2012-08-19 15:00:49.0" lastUpdatedTxStamp="2012-08-19 15:00:49.0" createdStamp="2012-08-19 15:00:49.0" createdTxStamp="2012-08-19 15:00:49.0"/>
    <UserLogin userLoginId="sjlry" currentPassword="{SHA}40bd001563085fc35165329ea1ff5c5ecbdbbeef" isSystem="Y" enabled="N" lastUpdatedStamp="2012-08-19 15:00:49.0" lastUpdatedTxStamp="2012-08-19 15:00:49.0" createdStamp="2012-08-19 15:00:49.0" createdTxStamp="2012-08-19 15:00:49.0"/>
    <UserLogin userLoginId="system" isSystem="Y" enabled="N" lastUpdatedStamp="2012-08-19 15:00:32.0" lastUpdatedTxStamp="2012-08-19 15:00:32.0" createdStamp="2012-08-19 15:00:32.0" createdTxStamp="2012-08-19 15:00:32.0"/>
</entity-engine-xml>
