<?xml version="1.0" encoding="UTF-8"?>
<entity-engine-xml>
    <DataSource dataSourceId="CONTEXT_INDUCTION" dataSourceTypeId="CONTENT_CREATION" description="Context Induction" lastUpdatedStamp="2012-08-19 14:37:44.0" lastUpdatedTxStamp="2012-08-19 14:37:44.0" createdStamp="2012-08-19 14:37:44.0" createdTxStamp="2012-08-19 14:37:44.0"/>
    <DataSource dataSourceId="CSR_ENTRY" dataSourceTypeId="ADMIN_ENTRY" description="Customer Service Rep Data Entry" lastUpdatedStamp="2012-08-19 14:37:44.0" lastUpdatedTxStamp="2012-08-19 14:37:44.0" createdStamp="2012-08-19 14:37:44.0" createdTxStamp="2012-08-19 14:37:44.0"/>
    <DataSource dataSourceId="ECOMMERCE_SITE" dataSourceTypeId="WEBSITE_ENTRY" description="eCommerce Site Profile Maintenance" lastUpdatedStamp="2012-08-19 14:37:44.0" lastUpdatedTxStamp="2012-08-19 14:37:44.0" createdStamp="2012-08-19 14:37:44.0" createdTxStamp="2012-08-19 14:37:44.0"/>
    <DataSource dataSourceId="GENERAL_MAILING" dataSourceTypeId="MAILING_LIST_SIGNUP" description="General Interest Mailing List Signup" lastUpdatedStamp="2012-08-19 14:37:44.0" lastUpdatedTxStamp="2012-08-19 14:37:44.0" createdStamp="2012-08-19 14:37:44.0" createdTxStamp="2012-08-19 14:37:44.0"/>
    <DataSource dataSourceId="GEN_ADMIN" dataSourceTypeId="ADMIN_ENTRY" description="General Administrative Data Entry" lastUpdatedStamp="2012-08-19 14:37:44.0" lastUpdatedTxStamp="2012-08-19 14:37:44.0" createdStamp="2012-08-19 14:37:44.0" createdTxStamp="2012-08-19 14:37:44.0"/>
    <DataSource dataSourceId="GEOPT_GOOGLE" dataSourceTypeId="GEOPOINT_SUPPLIER" description="Google as GeoPoint supplier" lastUpdatedStamp="2012-08-19 14:37:44.0" lastUpdatedTxStamp="2012-08-19 14:37:44.0" createdStamp="2012-08-19 14:37:44.0" createdTxStamp="2012-08-19 14:37:44.0"/>
    <DataSource dataSourceId="GEOPT_MAPTP" dataSourceTypeId="GEOPOINT_SUPPLIER" description="MapTP a GeoPoint supplier" lastUpdatedStamp="2012-08-19 14:37:44.0" lastUpdatedTxStamp="2012-08-19 14:37:44.0" createdStamp="2012-08-19 14:37:44.0" createdTxStamp="2012-08-19 14:37:44.0"/>
    <DataSource dataSourceId="GEOPT_MICROSOFT" dataSourceTypeId="GEOPOINT_SUPPLIER" description="Microsoft as GeoPoint supplier" lastUpdatedStamp="2012-08-19 14:37:44.0" lastUpdatedTxStamp="2012-08-19 14:37:44.0" createdStamp="2012-08-19 14:37:44.0" createdTxStamp="2012-08-19 14:37:44.0"/>
    <DataSource dataSourceId="GEOPT_YAHOO" dataSourceTypeId="GEOPOINT_SUPPLIER" description="Yahoo as GeoPoint supplier" lastUpdatedStamp="2012-08-19 14:37:44.0" lastUpdatedTxStamp="2012-08-19 14:37:44.0" createdStamp="2012-08-19 14:37:44.0" createdTxStamp="2012-08-19 14:37:44.0"/>
    <DataSource dataSourceId="MY_PORTAL" dataSourceTypeId="MY_PORTAL" description="My Portal Registration" lastUpdatedStamp="2012-08-19 14:37:44.0" lastUpdatedTxStamp="2012-08-19 14:37:44.0" createdStamp="2012-08-19 14:37:44.0" createdTxStamp="2012-08-19 14:37:44.0"/>
    <DataSource dataSourceId="USER_ENTRY" dataSourceTypeId="CONTENT_CREATION" description="User Entry" lastUpdatedStamp="2012-08-19 14:37:44.0" lastUpdatedTxStamp="2012-08-19 14:37:44.0" createdStamp="2012-08-19 14:37:44.0" createdTxStamp="2012-08-19 14:37:44.0"/>
</entity-engine-xml>
