<?xml version="1.0" encoding="UTF-8"?>
<entity-engine-xml>
    <EntitySyncRemove entitySyncRemoveId="10110" lastUpdatedStamp="2012-09-07 10:55:25.0" lastUpdatedTxStamp="2012-09-07 10:55:25.0" createdStamp="2012-09-07 10:55:25.0" createdTxStamp="2012-09-07 10:55:25.0">
        <primaryKeyRemoved><![CDATA[<?xml version="1.0" encoding="UTF-8"?><ofbiz-ser>
    <eepk-JobSandbox jobId="10048"/>
</ofbiz-ser>
]]></primaryKeyRemoved>
    </EntitySyncRemove>
    <EntitySyncRemove entitySyncRemoveId="10111" lastUpdatedStamp="2012-09-07 10:55:25.0" lastUpdatedTxStamp="2012-09-07 10:55:25.0" createdStamp="2012-09-07 10:55:25.0" createdTxStamp="2012-09-07 10:55:25.0">
        <primaryKeyRemoved><![CDATA[<?xml version="1.0" encoding="UTF-8"?><ofbiz-ser>
    <eepk-JobSandbox jobId="10049"/>
</ofbiz-ser>
]]></primaryKeyRemoved>
    </EntitySyncRemove>
    <EntitySyncRemove entitySyncRemoveId="10112" lastUpdatedStamp="2012-09-07 10:55:25.0" lastUpdatedTxStamp="2012-09-07 10:55:25.0" createdStamp="2012-09-07 10:55:25.0" createdTxStamp="2012-09-07 10:55:25.0">
        <primaryKeyRemoved><![CDATA[<?xml version="1.0" encoding="UTF-8"?><ofbiz-ser>
    <eepk-JobSandbox jobId="10050"/>
</ofbiz-ser>
]]></primaryKeyRemoved>
    </EntitySyncRemove>
    <EntitySyncRemove entitySyncRemoveId="10113" lastUpdatedStamp="2012-09-07 10:55:26.0" lastUpdatedTxStamp="2012-09-07 10:55:26.0" createdStamp="2012-09-07 10:55:26.0" createdTxStamp="2012-09-07 10:55:26.0">
        <primaryKeyRemoved><![CDATA[<?xml version="1.0" encoding="UTF-8"?><ofbiz-ser>
    <eepk-JobSandbox jobId="10060"/>
</ofbiz-ser>
]]></primaryKeyRemoved>
    </EntitySyncRemove>
    <EntitySyncRemove entitySyncRemoveId="10114" lastUpdatedStamp="2012-09-07 10:55:26.0" lastUpdatedTxStamp="2012-09-07 10:55:26.0" createdStamp="2012-09-07 10:55:26.0" createdTxStamp="2012-09-07 10:55:26.0">
        <primaryKeyRemoved><![CDATA[<?xml version="1.0" encoding="UTF-8"?><ofbiz-ser>
    <eepk-JobSandbox jobId="10061"/>
</ofbiz-ser>
]]></primaryKeyRemoved>
    </EntitySyncRemove>
    <EntitySyncRemove entitySyncRemoveId="10115" lastUpdatedStamp="2012-09-07 10:55:26.0" lastUpdatedTxStamp="2012-09-07 10:55:26.0" createdStamp="2012-09-07 10:55:26.0" createdTxStamp="2012-09-07 10:55:26.0">
        <primaryKeyRemoved><![CDATA[<?xml version="1.0" encoding="UTF-8"?><ofbiz-ser>
    <eepk-JobSandbox jobId="10062"/>
</ofbiz-ser>
]]></primaryKeyRemoved>
    </EntitySyncRemove>
    <EntitySyncRemove entitySyncRemoveId="10116" lastUpdatedStamp="2012-09-07 10:55:26.0" lastUpdatedTxStamp="2012-09-07 10:55:26.0" createdStamp="2012-09-07 10:55:26.0" createdTxStamp="2012-09-07 10:55:26.0">
        <primaryKeyRemoved><![CDATA[<?xml version="1.0" encoding="UTF-8"?><ofbiz-ser>
    <eepk-JobSandbox jobId="10063"/>
</ofbiz-ser>
]]></primaryKeyRemoved>
    </EntitySyncRemove>
    <EntitySyncRemove entitySyncRemoveId="10117" lastUpdatedStamp="2012-09-07 10:55:26.0" lastUpdatedTxStamp="2012-09-07 10:55:26.0" createdStamp="2012-09-07 10:55:26.0" createdTxStamp="2012-09-07 10:55:26.0">
        <primaryKeyRemoved><![CDATA[<?xml version="1.0" encoding="UTF-8"?><ofbiz-ser>
    <eepk-JobSandbox jobId="10064"/>
</ofbiz-ser>
]]></primaryKeyRemoved>
    </EntitySyncRemove>
    <EntitySyncRemove entitySyncRemoveId="10118" lastUpdatedStamp="2012-09-07 10:55:26.0" lastUpdatedTxStamp="2012-09-07 10:55:26.0" createdStamp="2012-09-07 10:55:26.0" createdTxStamp="2012-09-07 10:55:26.0">
        <primaryKeyRemoved><![CDATA[<?xml version="1.0" encoding="UTF-8"?><ofbiz-ser>
    <eepk-JobSandbox jobId="10065"/>
</ofbiz-ser>
]]></primaryKeyRemoved>
    </EntitySyncRemove>
    <EntitySyncRemove entitySyncRemoveId="10119" lastUpdatedStamp="2012-09-07 10:55:26.0" lastUpdatedTxStamp="2012-09-07 10:55:26.0" createdStamp="2012-09-07 10:55:26.0" createdTxStamp="2012-09-07 10:55:26.0">
        <primaryKeyRemoved><![CDATA[<?xml version="1.0" encoding="UTF-8"?><ofbiz-ser>
    <eepk-ServiceSemaphore serviceName="logCleanJobService"/>
</ofbiz-ser>
]]></primaryKeyRemoved>
    </EntitySyncRemove>
    <EntitySyncRemove entitySyncRemoveId="10120" lastUpdatedStamp="2012-09-07 10:55:26.0" lastUpdatedTxStamp="2012-09-07 10:55:26.0" createdStamp="2012-09-07 10:55:26.0" createdTxStamp="2012-09-07 10:55:26.0">
        <primaryKeyRemoved><![CDATA[<?xml version="1.0" encoding="UTF-8"?><ofbiz-ser>
    <eepk-ServiceSemaphore serviceName="purgeOldJobs"/>
</ofbiz-ser>
]]></primaryKeyRemoved>
    </EntitySyncRemove>
</entity-engine-xml>
