<?xml version="1.0" encoding="UTF-8"?>
<entity-engine-xml>
    <Enumeration enumId="ESIA_ALWAYS" enumTypeId="ENTSYNC_INC_APPL" enumCode="ALWAYS" sequenceId="03" description="Always Include" lastUpdatedStamp="2012-08-19 14:37:57.0" lastUpdatedTxStamp="2012-08-19 14:37:57.0" createdStamp="2012-08-19 14:37:57.0" createdTxStamp="2012-08-19 14:37:57.0"/>
    <Enumeration enumId="ESIA_EXCLUDE" enumTypeId="ENTSYNC_INC_APPL" enumCode="EXCLUDE" sequenceId="02" description="Exclude" lastUpdatedStamp="2012-08-19 14:37:57.0" lastUpdatedTxStamp="2012-08-19 14:37:57.0" createdStamp="2012-08-19 14:37:57.0" createdTxStamp="2012-08-19 14:37:57.0"/>
    <Enumeration enumId="ESIA_INCLUDE" enumTypeId="ENTSYNC_INC_APPL" enumCode="INCLUDE" sequenceId="01" description="Include" lastUpdatedStamp="2012-08-19 14:37:57.0" lastUpdatedTxStamp="2012-08-19 14:37:57.0" createdStamp="2012-08-19 14:37:57.0" createdTxStamp="2012-08-19 14:37:57.0"/>
    <Enumeration enumId="EXFTSRC_CUSTOMER" enumTypeId="EXMPL_FEAT_SOURCE" enumCode="CUSTOMER" sequenceId="01" description="Customer" lastUpdatedStamp="2012-08-19 14:37:58.0" lastUpdatedTxStamp="2012-08-19 14:37:58.0" createdStamp="2012-08-19 14:37:58.0" createdTxStamp="2012-08-19 14:37:58.0"/>
    <Enumeration enumId="EXFTSRC_EMPLOYEE" enumTypeId="EXMPL_FEAT_SOURCE" enumCode="EMPLOYEE" sequenceId="03" description="Employee" lastUpdatedStamp="2012-08-19 14:37:58.0" lastUpdatedTxStamp="2012-08-19 14:37:58.0" createdStamp="2012-08-19 14:37:58.0" createdTxStamp="2012-08-19 14:37:58.0"/>
    <Enumeration enumId="EXFTSRC_PARTNER" enumTypeId="EXMPL_FEAT_SOURCE" enumCode="PARTNER" sequenceId="02" description="Partner" lastUpdatedStamp="2012-08-19 14:37:58.0" lastUpdatedTxStamp="2012-08-19 14:37:58.0" createdStamp="2012-08-19 14:37:58.0" createdTxStamp="2012-08-19 14:37:58.0"/>
    <Enumeration enumId="EXTERNAL_CONVERSION" enumTypeId="CONVERSION_PURPOSE" enumCode="EXTERNAL" sequenceId="20" description="External Conversion" lastUpdatedStamp="2012-08-19 14:37:44.0" lastUpdatedTxStamp="2012-08-19 14:37:44.0" createdStamp="2012-08-19 14:37:44.0" createdTxStamp="2012-08-19 14:37:44.0"/>
    <Enumeration enumId="INTERNAL_CONVERSION" enumTypeId="CONVERSION_PURPOSE" enumCode="INTERNAL" sequenceId="10" description="Internal Conversion" lastUpdatedStamp="2012-08-19 14:37:44.0" lastUpdatedTxStamp="2012-08-19 14:37:44.0" createdStamp="2012-08-19 14:37:44.0" createdTxStamp="2012-08-19 14:37:44.0"/>
    <Enumeration enumId="KWTR_BT" enumTypeId="KW_THES_REL" enumCode="BT" sequenceId="05" description="Broader Term" lastUpdatedStamp="2012-08-19 14:37:44.0" lastUpdatedTxStamp="2012-08-19 14:37:44.0" createdStamp="2012-08-19 14:37:44.0" createdTxStamp="2012-08-19 14:37:44.0"/>
    <Enumeration enumId="KWTR_CS" enumTypeId="KW_THES_REL" enumCode="CS" sequenceId="03" description="Correct Spelling" lastUpdatedStamp="2012-08-19 14:37:44.0" lastUpdatedTxStamp="2012-08-19 14:37:44.0" createdStamp="2012-08-19 14:37:44.0" createdTxStamp="2012-08-19 14:37:44.0"/>
    <Enumeration enumId="KWTR_LANG_FR" enumTypeId="KW_THES_REL" enumCode="LANG_FR" sequenceId="22" description="Lang: French" lastUpdatedStamp="2012-08-19 14:37:44.0" lastUpdatedTxStamp="2012-08-19 14:37:44.0" createdStamp="2012-08-19 14:37:44.0" createdTxStamp="2012-08-19 14:37:44.0"/>
    <Enumeration enumId="KWTR_LANG_SP" enumTypeId="KW_THES_REL" enumCode="LANG_SP" sequenceId="21" description="Lang: Spanish" lastUpdatedStamp="2012-08-19 14:37:44.0" lastUpdatedTxStamp="2012-08-19 14:37:44.0" createdStamp="2012-08-19 14:37:44.0" createdTxStamp="2012-08-19 14:37:44.0"/>
    <Enumeration enumId="KWTR_MT" enumTypeId="KW_THES_REL" enumCode="MT" sequenceId="06" description="Micro-thesaurus Term" lastUpdatedStamp="2012-08-19 14:37:44.0" lastUpdatedTxStamp="2012-08-19 14:37:44.0" createdStamp="2012-08-19 14:37:44.0" createdTxStamp="2012-08-19 14:37:44.0"/>
    <Enumeration enumId="KWTR_NT" enumTypeId="KW_THES_REL" enumCode="NT" sequenceId="04" description="Narrower Term" lastUpdatedStamp="2012-08-19 14:37:44.0" lastUpdatedTxStamp="2012-08-19 14:37:44.0" createdStamp="2012-08-19 14:37:44.0" createdTxStamp="2012-08-19 14:37:44.0"/>
    <Enumeration enumId="KWTR_RT" enumTypeId="KW_THES_REL" enumCode="RT" sequenceId="07" description="Related Term" lastUpdatedStamp="2012-08-19 14:37:44.0" lastUpdatedTxStamp="2012-08-19 14:37:44.0" createdStamp="2012-08-19 14:37:44.0" createdTxStamp="2012-08-19 14:37:44.0"/>
    <Enumeration enumId="KWTR_SN" enumTypeId="KW_THES_REL" enumCode="SN" sequenceId="08" description="Scope Notes" lastUpdatedStamp="2012-08-19 14:37:44.0" lastUpdatedTxStamp="2012-08-19 14:37:44.0" createdStamp="2012-08-19 14:37:44.0" createdTxStamp="2012-08-19 14:37:44.0"/>
    <Enumeration enumId="KWTR_UF" enumTypeId="KW_THES_REL" enumCode="UF" sequenceId="01" description="Used For" lastUpdatedStamp="2012-08-19 14:37:44.0" lastUpdatedTxStamp="2012-08-19 14:37:44.0" createdStamp="2012-08-19 14:37:44.0" createdTxStamp="2012-08-19 14:37:44.0"/>
    <Enumeration enumId="KWTR_USE" enumTypeId="KW_THES_REL" enumCode="USE" sequenceId="02" description="Use Instead" lastUpdatedStamp="2012-08-19 14:37:44.0" lastUpdatedTxStamp="2012-08-19 14:37:44.0" createdStamp="2012-08-19 14:37:44.0" createdTxStamp="2012-08-19 14:37:44.0"/>
    <Enumeration enumId="VT_DOCBOOKSTYLESHEET" enumTypeId="VT_RES_TYPE" sequenceId="03" description="Docbook Style Sheet URL" lastUpdatedStamp="2012-08-19 14:37:44.0" lastUpdatedTxStamp="2012-08-19 14:37:44.0" createdStamp="2012-08-19 14:37:44.0" createdTxStamp="2012-08-19 14:37:44.0"/>
    <Enumeration enumId="VT_EXTRA_HEAD" enumTypeId="VT_RES_TYPE" sequenceId="06" description="Additional &lt;tt&gt;&lt;head&gt;&lt;/tt&gt; Element Markup" lastUpdatedStamp="2012-08-19 14:37:44.0" lastUpdatedTxStamp="2012-08-19 14:37:44.0" createdStamp="2012-08-19 14:37:44.0" createdTxStamp="2012-08-19 14:37:44.0"/>
    <Enumeration enumId="VT_FTR_JAVASCRIPT" enumTypeId="VT_RES_TYPE" sequenceId="11" description="Footer JavaScript File URL" lastUpdatedStamp="2012-08-19 14:37:44.0" lastUpdatedTxStamp="2012-08-19 14:37:44.0" createdStamp="2012-08-19 14:37:44.0" createdTxStamp="2012-08-19 14:37:44.0"/>
    <Enumeration enumId="VT_FTR_TMPLT_LOC" enumTypeId="VT_RES_TYPE" sequenceId="10" description="Footer Template Location" lastUpdatedStamp="2012-08-19 14:37:44.0" lastUpdatedTxStamp="2012-08-19 14:37:44.0" createdStamp="2012-08-19 14:37:44.0" createdTxStamp="2012-08-19 14:37:44.0"/>
    <Enumeration enumId="VT_HDR_IMAGE_URL" enumTypeId="VT_RES_TYPE" sequenceId="07" description="Masthead/Branding Logo Image URL" lastUpdatedStamp="2012-08-19 14:37:44.0" lastUpdatedTxStamp="2012-08-19 14:37:44.0" createdStamp="2012-08-19 14:37:44.0" createdTxStamp="2012-08-19 14:37:44.0"/>
    <Enumeration enumId="VT_HDR_JAVASCRIPT" enumTypeId="VT_RES_TYPE" sequenceId="09" description="Header JavaScript File URL" lastUpdatedStamp="2012-08-19 14:37:44.0" lastUpdatedTxStamp="2012-08-19 14:37:44.0" createdStamp="2012-08-19 14:37:44.0" createdTxStamp="2012-08-19 14:37:44.0"/>
    <Enumeration enumId="VT_HDR_TMPLT_LOC" enumTypeId="VT_RES_TYPE" sequenceId="08" description="Header Template Location" lastUpdatedStamp="2012-08-19 14:37:44.0" lastUpdatedTxStamp="2012-08-19 14:37:44.0" createdStamp="2012-08-19 14:37:44.0" createdTxStamp="2012-08-19 14:37:44.0"/>
    <Enumeration enumId="VT_HELPSTYLESHEET" enumTypeId="VT_RES_TYPE" sequenceId="02" description="Help Style Sheet URL" lastUpdatedStamp="2012-08-19 14:37:44.0" lastUpdatedTxStamp="2012-08-19 14:37:44.0" createdStamp="2012-08-19 14:37:44.0" createdTxStamp="2012-08-19 14:37:44.0"/>
    <Enumeration enumId="VT_MSG_TMPLT_LOC" enumTypeId="VT_RES_TYPE" sequenceId="15" description="Main Messages Template Location" lastUpdatedStamp="2012-08-19 14:37:44.0" lastUpdatedTxStamp="2012-08-19 14:37:44.0" createdStamp="2012-08-19 14:37:44.0" createdTxStamp="2012-08-19 14:37:44.0"/>
    <Enumeration enumId="VT_NAME" enumTypeId="VT_RES_TYPE" sequenceId="00" description="Visual Theme name" lastUpdatedStamp="2012-08-19 14:37:44.0" lastUpdatedTxStamp="2012-08-19 14:37:44.0" createdStamp="2012-08-19 14:37:44.0" createdTxStamp="2012-08-19 14:37:44.0"/>
    <Enumeration enumId="VT_NAV_CLOSE_TMPLT" enumTypeId="VT_RES_TYPE" sequenceId="14" description="Closing Navigation Template Location" lastUpdatedStamp="2012-08-19 14:37:44.0" lastUpdatedTxStamp="2012-08-19 14:37:44.0" createdStamp="2012-08-19 14:37:44.0" createdTxStamp="2012-08-19 14:37:44.0"/>
    <Enumeration enumId="VT_NAV_OPEN_TMPLT" enumTypeId="VT_RES_TYPE" sequenceId="13" description="Opening Navigation Template Location" lastUpdatedStamp="2012-08-19 14:37:44.0" lastUpdatedTxStamp="2012-08-19 14:37:44.0" createdStamp="2012-08-19 14:37:44.0" createdTxStamp="2012-08-19 14:37:44.0"/>
    <Enumeration enumId="VT_NAV_TMPLT_LOC" enumTypeId="VT_RES_TYPE" sequenceId="12" description="Main Navigation Template Location" lastUpdatedStamp="2012-08-19 14:37:44.0" lastUpdatedTxStamp="2012-08-19 14:37:44.0" createdStamp="2012-08-19 14:37:44.0" createdTxStamp="2012-08-19 14:37:44.0"/>
    <Enumeration enumId="VT_RTL_STYLESHEET" enumTypeId="VT_RES_TYPE" sequenceId="04" description="Right-to-Left (RTL) Style Sheet URL" lastUpdatedStamp="2012-08-19 14:37:44.0" lastUpdatedTxStamp="2012-08-19 14:37:44.0" createdStamp="2012-08-19 14:37:44.0" createdTxStamp="2012-08-19 14:37:44.0"/>
    <Enumeration enumId="VT_SCREENSHOT" enumTypeId="VT_RES_TYPE" sequenceId="16" description="Theme Preview Screenshot" lastUpdatedStamp="2012-08-19 14:37:44.0" lastUpdatedTxStamp="2012-08-19 14:37:44.0" createdStamp="2012-08-19 14:37:44.0" createdTxStamp="2012-08-19 14:37:44.0"/>
    <Enumeration enumId="VT_SHORTCUT_ICON" enumTypeId="VT_RES_TYPE" sequenceId="05" description="Shortcut Icon URL" lastUpdatedStamp="2012-08-19 14:37:44.0" lastUpdatedTxStamp="2012-08-19 14:37:44.0" createdStamp="2012-08-19 14:37:44.0" createdTxStamp="2012-08-19 14:37:44.0"/>
    <Enumeration enumId="VT_STYLESHEET" enumTypeId="VT_RES_TYPE" sequenceId="01" description="Style Sheet URL" lastUpdatedStamp="2012-08-19 14:37:44.0" lastUpdatedTxStamp="2012-08-19 14:37:44.0" createdStamp="2012-08-19 14:37:44.0" createdTxStamp="2012-08-19 14:37:44.0"/>
    <Enumeration enumId="_00_" enumTypeId="_NA_" enumCode="_00_" sequenceId="0" description="Not Applicable" lastUpdatedStamp="2012-08-19 14:37:44.0" lastUpdatedTxStamp="2012-08-19 14:37:44.0" createdStamp="2012-08-19 14:37:44.0" createdTxStamp="2012-08-19 14:37:44.0"/>
    <Enumeration enumId="_NA_" enumTypeId="_NA_" enumCode="_NA_" sequenceId="0" description="Not Applicable" lastUpdatedStamp="2012-08-19 14:37:44.0" lastUpdatedTxStamp="2012-08-19 14:37:44.0" createdStamp="2012-08-19 14:37:44.0" createdTxStamp="2012-08-19 14:37:44.0"/>
</entity-engine-xml>
