<?xml version="1.0" encoding="UTF-8"?>
<entity-engine-xml>
    <JobSandbox jobId="10066" jobName="Purge Old Jobs" runTime="2012-09-04 00:00:00.0" poolId="pool" statusId="SERVICE_FINISHED" parentJobId="PURGE_OLD_JOBS" previousJobId="10063" serviceName="purgeOldJobs" runAsUser="system" tempExprId="MIDNIGHT_DAILY" maxRecurrenceCount="-1" runByInstanceId="ofbiz1" startDateTime="2012-09-04 00:00:13.0" finishDateTime="2012-09-04 00:00:14.0" lastUpdatedStamp="2012-09-04 00:00:14.0" lastUpdatedTxStamp="2012-09-04 00:00:14.0" createdStamp="2012-09-03 00:00:13.0" createdTxStamp="2012-09-03 00:00:13.0"/>
    <JobSandbox jobId="10067" jobName="Clear EntitySyncRemove Info" runTime="2012-09-04 00:00:00.0" poolId="pool" statusId="SERVICE_FINISHED" parentJobId="8200" previousJobId="10064" serviceName="cleanSyncRemoveInfo" runAsUser="system" tempExprId="MIDNIGHT_DAILY" maxRecurrenceCount="-1" runByInstanceId="ofbiz1" startDateTime="2012-09-04 00:00:13.0" finishDateTime="2012-09-04 00:00:14.0" lastUpdatedStamp="2012-09-04 00:00:14.0" lastUpdatedTxStamp="2012-09-04 00:00:14.0" createdStamp="2012-09-03 00:00:13.0" createdTxStamp="2012-09-03 00:00:13.0"/>
    <JobSandbox jobId="10068" jobName="logCleanJobService" runTime="2012-09-04 00:20:33.0" poolId="pool" statusId="SERVICE_FINISHED" parentJobId="LOG_CLEAN" previousJobId="10065" serviceName="logCleanJobService" runAsUser="system" tempExprId="HOUR_00" maxRecurrenceCount="-1" runByInstanceId="ofbiz1" startDateTime="2012-09-04 00:20:33.0" finishDateTime="2012-09-04 00:20:34.0" lastUpdatedStamp="2012-09-04 00:20:34.0" lastUpdatedTxStamp="2012-09-04 00:20:34.0" createdStamp="2012-09-03 00:20:33.0" createdTxStamp="2012-09-03 00:20:33.0"/>
    <JobSandbox jobId="10069" jobName="Purge Old Jobs" runTime="2012-09-05 00:00:00.0" poolId="pool" statusId="SERVICE_FINISHED" parentJobId="PURGE_OLD_JOBS" previousJobId="10066" serviceName="purgeOldJobs" runAsUser="system" tempExprId="MIDNIGHT_DAILY" maxRecurrenceCount="-1" runByInstanceId="ofbiz1" startDateTime="2012-09-05 00:00:13.0" finishDateTime="2012-09-05 00:00:13.0" lastUpdatedStamp="2012-09-05 00:00:13.0" lastUpdatedTxStamp="2012-09-05 00:00:13.0" createdStamp="2012-09-04 00:00:14.0" createdTxStamp="2012-09-04 00:00:14.0"/>
    <JobSandbox jobId="10070" jobName="Clear EntitySyncRemove Info" runTime="2012-09-05 00:00:00.0" poolId="pool" statusId="SERVICE_FINISHED" parentJobId="8200" previousJobId="10067" serviceName="cleanSyncRemoveInfo" runAsUser="system" tempExprId="MIDNIGHT_DAILY" maxRecurrenceCount="-1" runByInstanceId="ofbiz1" startDateTime="2012-09-05 00:00:13.0" finishDateTime="2012-09-05 00:00:13.0" lastUpdatedStamp="2012-09-05 00:00:13.0" lastUpdatedTxStamp="2012-09-05 00:00:13.0" createdStamp="2012-09-04 00:00:14.0" createdTxStamp="2012-09-04 00:00:14.0"/>
    <JobSandbox jobId="10071" jobName="logCleanJobService" runTime="2012-09-05 00:20:33.0" poolId="pool" statusId="SERVICE_FINISHED" parentJobId="LOG_CLEAN" previousJobId="10068" serviceName="logCleanJobService" runAsUser="system" tempExprId="HOUR_00" maxRecurrenceCount="-1" runByInstanceId="ofbiz1" startDateTime="2012-09-05 00:20:33.0" finishDateTime="2012-09-05 00:20:34.0" lastUpdatedStamp="2012-09-05 00:20:34.0" lastUpdatedTxStamp="2012-09-05 00:20:34.0" createdStamp="2012-09-04 00:20:33.0" createdTxStamp="2012-09-04 00:20:33.0"/>
    <JobSandbox jobId="10072" jobName="Purge Old Jobs" runTime="2012-09-06 00:00:00.0" poolId="pool" statusId="SERVICE_FINISHED" parentJobId="PURGE_OLD_JOBS" previousJobId="10069" serviceName="purgeOldJobs" runAsUser="system" tempExprId="MIDNIGHT_DAILY" maxRecurrenceCount="-1" runByInstanceId="ofbiz1" startDateTime="2012-09-07 10:55:23.0" finishDateTime="2012-09-07 10:55:26.0" lastUpdatedStamp="2012-09-07 10:55:26.0" lastUpdatedTxStamp="2012-09-07 10:55:26.0" createdStamp="2012-09-05 00:00:13.0" createdTxStamp="2012-09-05 00:00:13.0"/>
    <JobSandbox jobId="10073" jobName="Clear EntitySyncRemove Info" runTime="2012-09-06 00:00:00.0" poolId="pool" statusId="SERVICE_FINISHED" parentJobId="8200" previousJobId="10070" serviceName="cleanSyncRemoveInfo" runAsUser="system" tempExprId="MIDNIGHT_DAILY" maxRecurrenceCount="-1" runByInstanceId="ofbiz1" startDateTime="2012-09-07 10:55:23.0" finishDateTime="2012-09-07 10:55:25.0" lastUpdatedStamp="2012-09-07 10:55:25.0" lastUpdatedTxStamp="2012-09-07 10:55:25.0" createdStamp="2012-09-05 00:00:13.0" createdTxStamp="2012-09-05 00:00:13.0"/>
    <JobSandbox jobId="10074" jobName="logCleanJobService" runTime="2012-09-06 00:20:34.0" poolId="pool" statusId="SERVICE_FINISHED" parentJobId="LOG_CLEAN" previousJobId="10071" serviceName="logCleanJobService" runAsUser="system" tempExprId="HOUR_00" maxRecurrenceCount="-1" runByInstanceId="ofbiz1" startDateTime="2012-09-07 10:55:23.0" finishDateTime="2012-09-07 10:55:26.0" lastUpdatedStamp="2012-09-07 10:55:26.0" lastUpdatedTxStamp="2012-09-07 10:55:26.0" createdStamp="2012-09-05 00:20:34.0" createdTxStamp="2012-09-05 00:20:34.0"/>
    <JobSandbox jobId="10080" jobName="1346986519171" runTime="2012-09-07 10:55:19.0" poolId="pool" statusId="SERVICE_FINISHED" serviceName="SCMEntityExportAll" loaderName="partner" maxRetry="-1" runtimeDataId="10010" runByInstanceId="ofbiz1" startDateTime="2012-09-07 10:55:23.0" finishDateTime="2012-09-07 10:55:27.0" lastUpdatedStamp="2012-09-07 10:55:27.0" lastUpdatedTxStamp="2012-09-07 10:55:27.0" createdStamp="2012-09-07 10:55:19.0" createdTxStamp="2012-09-07 10:55:19.0"/>
    <JobSandbox jobId="10081" jobName="Clear EntitySyncRemove Info" runTime="2012-09-08 00:00:00.0" poolId="pool" statusId="SERVICE_PENDING" parentJobId="8200" previousJobId="10073" serviceName="cleanSyncRemoveInfo" runAsUser="system" tempExprId="MIDNIGHT_DAILY" maxRecurrenceCount="-1" lastUpdatedStamp="2012-09-07 10:55:24.0" lastUpdatedTxStamp="2012-09-07 10:55:24.0" createdStamp="2012-09-07 10:55:24.0" createdTxStamp="2012-09-07 10:55:24.0"/>
    <JobSandbox jobId="10082" jobName="Purge Old Jobs" runTime="2012-09-08 00:00:00.0" poolId="pool" statusId="SERVICE_PENDING" parentJobId="PURGE_OLD_JOBS" previousJobId="10072" serviceName="purgeOldJobs" runAsUser="system" tempExprId="MIDNIGHT_DAILY" maxRecurrenceCount="-1" lastUpdatedStamp="2012-09-07 10:55:25.0" lastUpdatedTxStamp="2012-09-07 10:55:25.0" createdStamp="2012-09-07 10:55:25.0" createdTxStamp="2012-09-07 10:55:25.0"/>
    <JobSandbox jobId="10083" jobName="logCleanJobService" runTime="2012-09-08 00:55:24.0" poolId="pool" statusId="SERVICE_PENDING" parentJobId="LOG_CLEAN" previousJobId="10074" serviceName="logCleanJobService" runAsUser="system" tempExprId="HOUR_00" maxRecurrenceCount="-1" lastUpdatedStamp="2012-09-07 10:55:25.0" lastUpdatedTxStamp="2012-09-07 10:55:25.0" createdStamp="2012-09-07 10:55:25.0" createdTxStamp="2012-09-07 10:55:25.0"/>
    <JobSandbox jobId="10090" jobName="1346986870328" runTime="2012-09-07 11:01:10.0" poolId="pool" statusId="SERVICE_RUNNING" serviceName="SCMEntityExportAll" loaderName="partner" maxRetry="-1" runtimeDataId="10020" runByInstanceId="ofbiz1" startDateTime="2012-09-07 11:01:22.0" lastUpdatedStamp="2012-09-07 11:01:22.0" lastUpdatedTxStamp="2012-09-07 11:01:22.0" createdStamp="2012-09-07 11:01:10.0" createdTxStamp="2012-09-07 11:01:10.0"/>
</entity-engine-xml>
