<?xml version="1.0" encoding="UTF-8"?>
<entity-engine-xml>
    <PortalPortlet portalPortletId="EXAMPLE_1" portletName="Example 1" screenName="ExamplePortlet1" screenLocation="component://example/widget/example/PortletScreens.xml" editFormName="ExamplePortlet1Edit" editFormLocation="component://example/widget/example/PortletEditForms.xml" description="Example portlet n. 1" screenshot="/images/ofbiz_logo.gif" lastUpdatedStamp="2012-08-19 14:37:58.0" lastUpdatedTxStamp="2012-08-19 14:37:58.0" createdStamp="2012-08-19 14:37:58.0" createdTxStamp="2012-08-19 14:37:58.0"/>
    <PortalPortlet portalPortletId="EXAMPLE_2" portletName="Example 2" screenName="ExamplePortlet2" screenLocation="component://example/widget/example/PortletScreens.xml" description="Example portlet n. 2" screenshot="/images/opentravelsystem_logo.jpg" lastUpdatedStamp="2012-08-19 14:37:58.0" lastUpdatedTxStamp="2012-08-19 14:37:58.0" createdStamp="2012-08-19 14:37:58.0" createdTxStamp="2012-08-19 14:37:58.0"/>
    <PortalPortlet portalPortletId="EXAMPLE_3" portletName="Example 3" screenName="ExamplePortlet3" screenLocation="component://example/widget/example/PortletScreens.xml" editFormName="ExamplePortlet3Edit" editFormLocation="component://example/widget/example/PortletEditForms.xml" description="Example portlet n. 3" lastUpdatedStamp="2012-08-19 14:37:58.0" lastUpdatedTxStamp="2012-08-19 14:37:58.0" createdStamp="2012-08-19 14:37:58.0" createdTxStamp="2012-08-19 14:37:58.0"/>
    <PortalPortlet portalPortletId="FindGenericEntity" portletName="Entity List simple search criteria" screenName="FindGenericEntity" screenLocation="component://common/widget/PortalPageScreens.xml" editFormName="FindGenericEntityParam" editFormLocation="component://common/widget/PortletEditForms.xml" description="Simple search criteria, only Id (param idName) and description for entityList, result is sent to List${Entity}Area (FindGenericEntityPrtl define this area). This portel has 3 mandatory parameters." securityMainAction="VIEW" lastUpdatedStamp="2012-08-19 14:37:57.0" lastUpdatedTxStamp="2012-08-19 14:37:57.0" createdStamp="2012-08-19 14:37:57.0" createdTxStamp="2012-08-19 14:37:57.0"/>
    <PortalPortlet portalPortletId="GenericPortalPage" portletName="Sub PortalPage" screenName="GenericPortalPage" screenLocation="component://common/widget/PortalPageScreens.xml" editFormName="GenericPortalPageParam" editFormLocation="component://common/widget/PortletEditForms.xml" description="a portlet which included a portalPage to be able to have multiple line, each line being a sub page. This portlet has 1 mandatory parameters." securityMainAction="VIEW" lastUpdatedStamp="2012-08-19 14:37:57.0" lastUpdatedTxStamp="2012-08-19 14:37:57.0" createdStamp="2012-08-19 14:37:57.0" createdTxStamp="2012-08-19 14:37:57.0"/>
    <PortalPortlet portalPortletId="GenericScreenlet" portletName="Screenlet with one screen" screenName="GenericScreenlet" screenLocation="component://common/widget/PortalPageScreens.xml" editFormName="GenericScreenletParam" editFormLocation="component://common/widget/PortletEditForms.xml" description="Simple portlet using screenlet, with one screen. This portlet has 3 mandatory parameters." securityMainAction="VIEW" lastUpdatedStamp="2012-08-19 14:37:57.0" lastUpdatedTxStamp="2012-08-19 14:37:57.0" createdStamp="2012-08-19 14:37:57.0" createdTxStamp="2012-08-19 14:37:57.0"/>
    <PortalPortlet portalPortletId="GenericScreenletAjax" portletName="Screenlet with one screen called by ajax" screenName="GenericScreenletAjax" screenLocation="component://common/widget/PortalPageScreens.xml" editFormName="GenericScreenletAjaxParam" editFormLocation="component://common/widget/PortletEditForms.xml" description="Simple portlet using screenlet, with one screen which was update by ajax process, so with a div. This portlet has 4 mandatory parameters." securityMainAction="VIEW" lastUpdatedStamp="2012-08-19 14:37:57.0" lastUpdatedTxStamp="2012-08-19 14:37:57.0" createdStamp="2012-08-19 14:37:57.0" createdTxStamp="2012-08-19 14:37:57.0"/>
    <PortalPortlet portalPortletId="GricScltAjaxWithMenu" portletName="Screenlet with one screen, and one menu called by ajax" screenName="GenericScreenletAjaxWithMenu" screenLocation="component://common/widget/PortalPageScreens.xml" editFormName="GenericScreenletAjaxWithMenuParam" editFormLocation="component://common/widget/PortletEditForms.xml" description="Simple portlet using screenlet with a menu, with one screen which was update by ajax process, so with a div. This portlet has 6 mandatory parameters." securityMainAction="VIEW" lastUpdatedStamp="2012-08-19 14:37:57.0" lastUpdatedTxStamp="2012-08-19 14:37:57.0" createdStamp="2012-08-19 14:37:57.0" createdTxStamp="2012-08-19 14:37:57.0"/>
</entity-engine-xml>
