<?xml version="1.0" encoding="UTF-8"?>
<entity-engine-xml>
    <PurchaseBill id="11bade8f-116d-4419-b5c0-55478bbd1adb" number="PUR20120822100004" bizDate="2012-08-18 08:00:00.0" supplierSupplierId="2a851286-04c1-4a15-b47c-6e879761332d" submitUserId="9aaa1f53-b782-465a-8b0c-ef7488d2f7c2" buyerSystemUserId="9aaa1f53-b782-465a-8b0c-ef7488d2f7c2" approverSystemUserId="9aaa1f53-b782-465a-8b0c-ef7488d2f7c2" totalsum="1103.520000" receiveStamp="2012-08-22 10:40:44.0" note="" approverNote="OK" status="1" createdStamp="2012-08-22 11:02:26.0" lastUpdatedStamp="2012-08-22 11:02:26.0" lastUpdatedTxStamp="2012-08-22 11:02:26.0" createdTxStamp="2012-08-22 11:02:26.0"/>
    <PurchaseBill id="176ef78a-e2ff-4680-a03b-933c158bf1ad" number="PUR20120821100008" bizDate="2012-08-21 08:00:00.0" supplierSupplierId="2a851286-04c1-4a15-b47c-6e879761332d" submitUserId="9aaa1f53-b782-465a-8b0c-ef7488d2f7c2" buyerSystemUserId="9aaa1f53-b782-465a-8b0c-ef7488d2f7c2" approverSystemUserId="9aaa1f53-b782-465a-8b0c-ef7488d2f7c2" totalsum="135841.950000" receiveStamp="2012-08-21 17:30:00.0" note="" approverNote="ok" status="1" createdStamp="2012-08-21 16:11:06.0" lastUpdatedStamp="2012-08-21 17:04:09.0" lastUpdatedTxStamp="2012-08-21 17:04:09.0" createdTxStamp="2012-08-21 16:11:06.0"/>
    <PurchaseBill id="17ba492d-ea51-4d30-b079-8de07608d107" number="PUR20120825100001" bizDate="2012-08-22 08:00:00.0" supplierSupplierId="2a851286-04c1-4a15-b47c-6e879761332d" submitUserId="9aaa1f53-b782-465a-8b0c-ef7488d2f7c2" buyerSystemUserId="9aaa1f53-b782-465a-8b0c-ef7488d2f7c2" approverSystemUserId="9aaa1f53-b782-465a-8b0c-ef7488d2f7c2" totalsum="26704.200000" receiveStamp="2012-08-25 10:39:08.0" note="" approverNote="OK" status="1" createdStamp="2012-08-25 11:13:39.0" lastUpdatedStamp="2012-08-25 11:13:39.0" lastUpdatedTxStamp="2012-08-25 11:13:39.0" createdTxStamp="2012-08-25 11:13:39.0"/>
    <PurchaseBill id="369676db-8f31-4306-bbc6-2865604d0d25" number="PUR20120822100003" bizDate="2012-08-16 08:00:00.0" supplierSupplierId="21ad7d80-deba-4ca8-ac4b-ae969042e7ad" submitUserId="9aaa1f53-b782-465a-8b0c-ef7488d2f7c2" buyerSystemUserId="9aaa1f53-b782-465a-8b0c-ef7488d2f7c2" approverSystemUserId="9aaa1f53-b782-465a-8b0c-ef7488d2f7c2" totalsum="100443.620000" receiveStamp="2012-08-22 10:40:44.0" note="" approverNote="OK" status="1" createdStamp="2012-08-22 10:51:10.0" lastUpdatedStamp="2012-08-22 10:51:10.0" lastUpdatedTxStamp="2012-08-22 10:51:10.0" createdTxStamp="2012-08-22 10:51:10.0"/>
    <PurchaseBill id="3bc65170-e9f3-47c4-b444-7947ac7d94e7" number="PUR20120824100002" bizDate="2012-08-24 08:00:00.0" supplierSupplierId="23a72c21-a1e4-45d2-bd2a-5857fd2fc918" submitUserId="9aaa1f53-b782-465a-8b0c-ef7488d2f7c2" buyerSystemUserId="9aaa1f53-b782-465a-8b0c-ef7488d2f7c2" approverSystemUserId="9aaa1f53-b782-465a-8b0c-ef7488d2f7c2" totalsum="11371.200000" receiveStamp="2012-08-24 16:44:25.0" note="" approverNote="ok" status="1" createdStamp="2012-08-24 16:45:48.0" lastUpdatedStamp="2012-08-24 16:45:48.0" lastUpdatedTxStamp="2012-08-24 16:45:48.0" createdTxStamp="2012-08-24 16:45:48.0"/>
    <PurchaseBill id="3cfc2c6a-3deb-4c69-be3d-b3e4a4035af4" number="PUR20120822100005" bizDate="2012-08-22 08:00:00.0" supplierSupplierId="21ad7d80-deba-4ca8-ac4b-ae969042e7ad" submitUserId="9aaa1f53-b782-465a-8b0c-ef7488d2f7c2" buyerSystemUserId="9aaa1f53-b782-465a-8b0c-ef7488d2f7c2" approverSystemUserId="9aaa1f53-b782-465a-8b0c-ef7488d2f7c2" totalsum="107118.500000" receiveStamp="2012-08-22 15:35:24.0" note="" approverNote="ok" status="1" createdStamp="2012-08-22 15:36:38.0" lastUpdatedStamp="2012-08-22 15:36:38.0" lastUpdatedTxStamp="2012-08-22 15:36:38.0" createdTxStamp="2012-08-22 15:36:38.0"/>
    <PurchaseBill id="3ebf8ec8-7613-4bcc-a84b-36aff6d1e97a" number="PUR20120821100002" bizDate="2012-08-07 08:00:00.0" supplierSupplierId="3d665d77-aaf8-47f0-9239-4b93f7ae257c" submitUserId="9aaa1f53-b782-465a-8b0c-ef7488d2f7c2" buyerSystemUserId="9aaa1f53-b782-465a-8b0c-ef7488d2f7c2" approverSystemUserId="9aaa1f53-b782-465a-8b0c-ef7488d2f7c2" totalsum="19944.000000" receiveStamp="2012-08-21 17:30:00.0" note="" approverNote="ok" status="1" createdStamp="2012-08-21 15:39:18.0" lastUpdatedStamp="2012-08-21 15:39:18.0" lastUpdatedTxStamp="2012-08-21 15:39:18.0" createdTxStamp="2012-08-21 15:39:18.0"/>
    <PurchaseBill id="561e9537-fe45-4ac6-820d-e71e5c498a2c" number="PUR20120821100003" bizDate="2012-08-09 08:00:00.0" supplierSupplierId="a7981a3d-0f2c-48d2-9cf1-d262fdbbb925" submitUserId="9aaa1f53-b782-465a-8b0c-ef7488d2f7c2" buyerSystemUserId="9aaa1f53-b782-465a-8b0c-ef7488d2f7c2" approverSystemUserId="9aaa1f53-b782-465a-8b0c-ef7488d2f7c2" totalsum="30104.000000" receiveStamp="2012-08-21 15:27:15.0" note="" approverNote="ok" status="1" createdStamp="2012-08-21 15:39:51.0" lastUpdatedStamp="2012-08-21 15:39:51.0" lastUpdatedTxStamp="2012-08-21 15:39:51.0" createdTxStamp="2012-08-21 15:39:51.0"/>
    <PurchaseBill id="687dfc42-9417-4772-adf9-8cc196295366" number="PUR20120821100005" bizDate="2012-08-02 08:00:00.0" supplierSupplierId="23a72c21-a1e4-45d2-bd2a-5857fd2fc918" submitUserId="9aaa1f53-b782-465a-8b0c-ef7488d2f7c2" buyerSystemUserId="9aaa1f53-b782-465a-8b0c-ef7488d2f7c2" approverSystemUserId="9aaa1f53-b782-465a-8b0c-ef7488d2f7c2" totalsum="82301.100000" receiveStamp="2012-08-20 17:30:00.0" note="" approverNote="ok" status="1" createdStamp="2012-08-21 15:47:49.0" lastUpdatedStamp="2012-08-21 15:47:49.0" lastUpdatedTxStamp="2012-08-21 15:47:49.0" createdTxStamp="2012-08-21 15:47:49.0"/>
    <PurchaseBill id="6adc0833-998a-474d-891e-a28ade169a75" number="PUR20120825100004" bizDate="2012-08-25 08:00:00.0" supplierSupplierId="2a851286-04c1-4a15-b47c-6e879761332d" submitUserId="9aaa1f53-b782-465a-8b0c-ef7488d2f7c2" buyerSystemUserId="9aaa1f53-b782-465a-8b0c-ef7488d2f7c2" approverSystemUserId="9aaa1f53-b782-465a-8b0c-ef7488d2f7c2" totalsum="24429.600000" receiveStamp="2012-08-25 10:39:08.0" note="" approverNote="ok" status="1" createdStamp="2012-08-25 12:02:33.0" lastUpdatedStamp="2012-08-25 12:02:33.0" lastUpdatedTxStamp="2012-08-25 12:02:33.0" createdTxStamp="2012-08-25 12:02:33.0"/>
    <PurchaseBill id="6f90d646-c926-47a4-bb48-05e8ba0c6e90" number="PUR20120821100007" bizDate="2012-08-18 08:00:00.0" supplierSupplierId="21ad7d80-deba-4ca8-ac4b-ae969042e7ad" submitUserId="9aaa1f53-b782-465a-8b0c-ef7488d2f7c2" buyerSystemUserId="9aaa1f53-b782-465a-8b0c-ef7488d2f7c2" approverSystemUserId="9aaa1f53-b782-465a-8b0c-ef7488d2f7c2" totalsum="492005.489400" receiveStamp="2012-08-18 00:00:00.0" note="2#13#T&#33151;&#30871;&#20180;192kg&#35268;&#26684;&#20026;:2.86*90*1145&#21333;&#25490;19#&#35268;&#26684;&#20026;1.0*730*1100" approverNote="ok" status="1" createdStamp="2012-08-21 16:02:49.0" lastUpdatedStamp="2012-08-21 16:50:01.0" lastUpdatedTxStamp="2012-08-21 16:50:01.0" createdTxStamp="2012-08-21 16:02:49.0"/>
    <PurchaseBill id="71798567-973a-4934-b6ea-a2e049374088" number="PUR20120821100006" bizDate="2012-08-13 08:00:00.0" supplierSupplierId="4aee925a-049e-41c1-b855-5bb6cc425426" submitUserId="9aaa1f53-b782-465a-8b0c-ef7488d2f7c2" buyerSystemUserId="9aaa1f53-b782-465a-8b0c-ef7488d2f7c2" approverSystemUserId="9aaa1f53-b782-465a-8b0c-ef7488d2f7c2" totalsum="12174.000000" receiveStamp="2012-08-20 00:00:00.0" note="" approverNote="ok" status="1" createdStamp="2012-08-21 15:49:30.0" lastUpdatedStamp="2012-08-21 15:49:30.0" lastUpdatedTxStamp="2012-08-21 15:49:30.0" createdTxStamp="2012-08-21 15:49:30.0"/>
    <PurchaseBill id="905bc797-4b49-4b7d-8e55-2d55545978b9" number="PUR20120825100002" bizDate="2012-08-25 08:00:00.0" supplierSupplierId="3d665d77-aaf8-47f0-9239-4b93f7ae257c" submitUserId="9aaa1f53-b782-465a-8b0c-ef7488d2f7c2" buyerSystemUserId="9aaa1f53-b782-465a-8b0c-ef7488d2f7c2" approverSystemUserId="9aaa1f53-b782-465a-8b0c-ef7488d2f7c2" totalsum="2448.000000" receiveStamp="2012-08-25 10:39:08.0" note="" approverNote="OK" status="1" createdStamp="2012-08-25 11:15:05.0" lastUpdatedStamp="2012-08-25 11:15:05.0" lastUpdatedTxStamp="2012-08-25 11:15:05.0" createdTxStamp="2012-08-25 11:15:05.0"/>
    <PurchaseBill id="9723fb17-c9d0-4873-b680-321fc16aa3f0" number="PUR20120821100001" bizDate="2012-08-10 08:00:00.0" supplierSupplierId="0fad3df1-1544-4500-936c-9219620743cd" submitUserId="9aaa1f53-b782-465a-8b0c-ef7488d2f7c2" buyerSystemUserId="9aaa1f53-b782-465a-8b0c-ef7488d2f7c2" approverSystemUserId="9aaa1f53-b782-465a-8b0c-ef7488d2f7c2" totalsum="15100.000000" receiveStamp="2012-08-18 17:30:00.0" note="" approverNote="ok" status="1" createdStamp="2012-08-21 15:37:15.0" lastUpdatedStamp="2012-08-21 16:16:41.0" lastUpdatedTxStamp="2012-08-21 16:16:41.0" createdTxStamp="2012-08-21 15:37:15.0"/>
    <PurchaseBill id="98875566-7ee0-435e-bdb3-9e8545281dc9" number="PUR20120824100001" bizDate="2012-08-24 08:00:00.0" supplierSupplierId="0fad3df1-1544-4500-936c-9219620743cd" submitUserId="9aaa1f53-b782-465a-8b0c-ef7488d2f7c2" buyerSystemUserId="9aaa1f53-b782-465a-8b0c-ef7488d2f7c2" approverSystemUserId="9aaa1f53-b782-465a-8b0c-ef7488d2f7c2" totalsum="17500.000000" receiveStamp="2012-08-24 16:44:25.0" note="" approverNote="ok" status="1" createdStamp="2012-08-24 16:45:17.0" lastUpdatedStamp="2012-08-24 16:45:17.0" lastUpdatedTxStamp="2012-08-24 16:45:16.0" createdTxStamp="2012-08-24 16:45:16.0"/>
    <PurchaseBill id="adc60f5e-933a-43cc-a280-2d3460772ec7" number="PUR20120823100001" bizDate="2012-08-18 08:00:00.0" supplierSupplierId="2a851286-04c1-4a15-b47c-6e879761332d" submitUserId="9aaa1f53-b782-465a-8b0c-ef7488d2f7c2" buyerSystemUserId="9aaa1f53-b782-465a-8b0c-ef7488d2f7c2" approverSystemUserId="9aaa1f53-b782-465a-8b0c-ef7488d2f7c2" totalsum="55885.500000" receiveStamp="2012-08-18 00:00:00.0" note="" approverNote="ok" status="1" createdStamp="2012-08-23 11:40:02.0" lastUpdatedStamp="2012-08-23 11:40:02.0" lastUpdatedTxStamp="2012-08-23 11:40:02.0" createdTxStamp="2012-08-23 11:40:02.0"/>
    <PurchaseBill id="b18e894f-98db-4415-8647-d802d097481b" number="PUR20120825100003" bizDate="2012-08-23 08:00:00.0" supplierSupplierId="2a851286-04c1-4a15-b47c-6e879761332d" submitUserId="9aaa1f53-b782-465a-8b0c-ef7488d2f7c2" buyerSystemUserId="9aaa1f53-b782-465a-8b0c-ef7488d2f7c2" approverSystemUserId="9aaa1f53-b782-465a-8b0c-ef7488d2f7c2" totalsum="19546.020000" receiveStamp="2012-08-25 10:39:08.0" note="" approverNote="ok" status="1" createdStamp="2012-08-25 11:59:33.0" lastUpdatedStamp="2012-08-25 11:59:33.0" lastUpdatedTxStamp="2012-08-25 11:59:33.0" createdTxStamp="2012-08-25 11:59:33.0"/>
    <PurchaseBill id="dfcf6aaf-d6fa-450b-9863-b8cfc7f46173" number="PUR20120821100004" bizDate="2012-08-15 08:00:00.0" supplierSupplierId="d47d9e25-1862-4645-87f8-5bf9de517a5b" submitUserId="9aaa1f53-b782-465a-8b0c-ef7488d2f7c2" buyerSystemUserId="9aaa1f53-b782-465a-8b0c-ef7488d2f7c2" approverSystemUserId="9aaa1f53-b782-465a-8b0c-ef7488d2f7c2" totalsum="9600.000000" receiveStamp="2012-08-16 17:30:00.0" note="" approverNote="ok" status="1" createdStamp="2012-08-21 15:41:08.0" lastUpdatedStamp="2012-08-21 15:41:08.0" lastUpdatedTxStamp="2012-08-21 15:41:08.0" createdTxStamp="2012-08-21 15:41:08.0"/>
</entity-engine-xml>
