<?xml version="1.0" encoding="UTF-8"?>
<entity-engine-xml>
    <PurPlanBalance supplierId="0fad3df1-1544-4500-936c-9219620743cd" materialId="5481ba18-2391-49f1-8b1e-44cb2da4959f" balance="0.000000" lastUpdatedStamp="2012-08-24 16:47:59.0" lastUpdatedTxStamp="2012-08-24 16:47:59.0" createdStamp="2012-08-21 16:14:23.0" createdTxStamp="2012-08-21 16:14:23.0"/>
    <PurPlanBalance supplierId="0fad3df1-1544-4500-936c-9219620743cd" materialId="7071e96a-1f30-4808-96f2-8f26bd0dc4c2" balance="0.000000" lastUpdatedStamp="2012-08-21 16:17:25.0" lastUpdatedTxStamp="2012-08-21 16:17:25.0" createdStamp="2012-08-21 16:14:23.0" createdTxStamp="2012-08-21 16:14:23.0"/>
    <PurPlanBalance supplierId="21ad7d80-deba-4ca8-ac4b-ae969042e7ad" materialId="11c140d8-7a42-4afe-9205-7720c3d80cbf" balance="0.000000" lastUpdatedStamp="2012-08-21 16:51:37.0" lastUpdatedTxStamp="2012-08-21 16:51:37.0" createdStamp="2012-08-21 16:15:11.0" createdTxStamp="2012-08-21 16:15:11.0"/>
    <PurPlanBalance supplierId="21ad7d80-deba-4ca8-ac4b-ae969042e7ad" materialId="1feeef18-1baa-4c91-8dba-19811da8e84f" balance="0.000000" lastUpdatedStamp="2012-08-22 10:53:48.0" lastUpdatedTxStamp="2012-08-22 10:53:48.0" createdStamp="2012-08-22 10:51:54.0" createdTxStamp="2012-08-22 10:51:54.0"/>
    <PurPlanBalance supplierId="21ad7d80-deba-4ca8-ac4b-ae969042e7ad" materialId="38d10459-0402-468e-b5e1-338f41a74a3f" balance="0.000000" lastUpdatedStamp="2012-08-22 15:37:26.0" lastUpdatedTxStamp="2012-08-22 15:37:26.0" createdStamp="2012-08-21 16:15:11.0" createdTxStamp="2012-08-21 16:15:11.0"/>
    <PurPlanBalance supplierId="21ad7d80-deba-4ca8-ac4b-ae969042e7ad" materialId="4897e74a-7365-49b0-a9c1-1b250e252f67" balance="0.000000" lastUpdatedStamp="2012-08-21 16:51:37.0" lastUpdatedTxStamp="2012-08-21 16:51:37.0" createdStamp="2012-08-21 16:15:11.0" createdTxStamp="2012-08-21 16:15:11.0"/>
    <PurPlanBalance supplierId="21ad7d80-deba-4ca8-ac4b-ae969042e7ad" materialId="7a7c5368-b58e-4fb4-a5c2-7573da5dcd50" balance="0.000000" lastUpdatedStamp="2012-08-21 16:51:34.0" lastUpdatedTxStamp="2012-08-21 16:51:34.0" createdStamp="2012-08-21 16:15:11.0" createdTxStamp="2012-08-21 16:15:11.0"/>
    <PurPlanBalance supplierId="21ad7d80-deba-4ca8-ac4b-ae969042e7ad" materialId="92ff024b-0135-421f-9aa7-ec9ef48d81aa" balance="0.000000" lastUpdatedStamp="2012-08-22 15:37:26.0" lastUpdatedTxStamp="2012-08-22 15:37:26.0" createdStamp="2012-08-21 16:15:11.0" createdTxStamp="2012-08-21 16:15:11.0"/>
    <PurPlanBalance supplierId="21ad7d80-deba-4ca8-ac4b-ae969042e7ad" materialId="930fd355-3054-4983-ac75-037aac9c62dd" balance="0.000000" lastUpdatedStamp="2012-08-22 10:53:48.0" lastUpdatedTxStamp="2012-08-22 10:53:48.0" createdStamp="2012-08-21 16:15:11.0" createdTxStamp="2012-08-21 16:15:11.0"/>
    <PurPlanBalance supplierId="21ad7d80-deba-4ca8-ac4b-ae969042e7ad" materialId="97e72af9-c528-4fd6-9dda-45a7bc2df1dc" balance="0.000000" lastUpdatedStamp="2012-08-21 16:51:28.0" lastUpdatedTxStamp="2012-08-21 16:51:28.0" createdStamp="2012-08-21 16:15:11.0" createdTxStamp="2012-08-21 16:15:11.0"/>
    <PurPlanBalance supplierId="21ad7d80-deba-4ca8-ac4b-ae969042e7ad" materialId="a5f2a22c-811c-421b-8760-b2828c5965c0" balance="0.000000" lastUpdatedStamp="2012-08-21 16:49:37.0" lastUpdatedTxStamp="2012-08-21 16:49:37.0" createdStamp="2012-08-21 16:15:11.0" createdTxStamp="2012-08-21 16:15:11.0"/>
    <PurPlanBalance supplierId="21ad7d80-deba-4ca8-ac4b-ae969042e7ad" materialId="aac79fe3-8e44-41df-99c4-bc302212954c" balance="0.000000" lastUpdatedStamp="2012-08-22 10:53:48.0" lastUpdatedTxStamp="2012-08-22 10:53:48.0" createdStamp="2012-08-21 16:15:11.0" createdTxStamp="2012-08-21 16:15:11.0"/>
    <PurPlanBalance supplierId="21ad7d80-deba-4ca8-ac4b-ae969042e7ad" materialId="c8cbb94c-f99a-4226-b6c9-36c2fe777343" balance="0.000000" lastUpdatedStamp="2012-08-21 16:51:37.0" lastUpdatedTxStamp="2012-08-21 16:51:37.0" createdStamp="2012-08-21 16:15:11.0" createdTxStamp="2012-08-21 16:15:11.0"/>
    <PurPlanBalance supplierId="21ad7d80-deba-4ca8-ac4b-ae969042e7ad" materialId="dda2dc8e-3257-4e16-aed4-4158126999aa" balance="0.000000" lastUpdatedStamp="2012-08-21 16:51:34.0" lastUpdatedTxStamp="2012-08-21 16:51:34.0" createdStamp="2012-08-21 16:15:11.0" createdTxStamp="2012-08-21 16:15:11.0"/>
    <PurPlanBalance supplierId="23a72c21-a1e4-45d2-bd2a-5857fd2fc918" materialId="0dd9fd03-cc5d-4883-80e8-9d44cb019b4d" balance="0.000000" lastUpdatedStamp="2012-08-25 16:23:20.0" lastUpdatedTxStamp="2012-08-25 16:23:20.0" createdStamp="2012-08-24 16:45:55.0" createdTxStamp="2012-08-24 16:45:55.0"/>
    <PurPlanBalance supplierId="23a72c21-a1e4-45d2-bd2a-5857fd2fc918" materialId="4bfbce19-04ac-40e0-a58b-25f0f3fa5f50" balance="0.000000" lastUpdatedStamp="2012-08-21 16:22:07.0" lastUpdatedTxStamp="2012-08-21 16:22:07.0" createdStamp="2012-08-21 16:14:56.0" createdTxStamp="2012-08-21 16:14:56.0"/>
    <PurPlanBalance supplierId="23a72c21-a1e4-45d2-bd2a-5857fd2fc918" materialId="4c37a1f0-d05f-4db8-b0c6-29722a8fe375" balance="0.000000" lastUpdatedStamp="2012-08-21 16:26:23.0" lastUpdatedTxStamp="2012-08-21 16:26:23.0" createdStamp="2012-08-21 16:14:56.0" createdTxStamp="2012-08-21 16:14:56.0"/>
    <PurPlanBalance supplierId="23a72c21-a1e4-45d2-bd2a-5857fd2fc918" materialId="589ac5b6-f0be-4daa-9c1a-1c34c4447f76" balance="0.000000" lastUpdatedStamp="2012-08-21 16:27:35.0" lastUpdatedTxStamp="2012-08-21 16:27:34.0" createdStamp="2012-08-21 16:14:56.0" createdTxStamp="2012-08-21 16:14:56.0"/>
    <PurPlanBalance supplierId="23a72c21-a1e4-45d2-bd2a-5857fd2fc918" materialId="833a6110-495e-4361-86f8-a6b025cdda76" balance="0.000000" lastUpdatedStamp="2012-08-21 16:26:23.0" lastUpdatedTxStamp="2012-08-21 16:26:23.0" createdStamp="2012-08-21 16:14:56.0" createdTxStamp="2012-08-21 16:14:56.0"/>
    <PurPlanBalance supplierId="23a72c21-a1e4-45d2-bd2a-5857fd2fc918" materialId="b2befc65-b3c4-4bfb-ac2f-613cd4aeb92c" balance="0.000000" lastUpdatedStamp="2012-08-21 16:26:23.0" lastUpdatedTxStamp="2012-08-21 16:26:23.0" createdStamp="2012-08-21 16:14:56.0" createdTxStamp="2012-08-21 16:14:56.0"/>
    <PurPlanBalance supplierId="23a72c21-a1e4-45d2-bd2a-5857fd2fc918" materialId="bf6397c7-71e7-4a8c-88f8-1358cae1bea5" balance="0.000000" lastUpdatedStamp="2012-08-21 16:26:54.0" lastUpdatedTxStamp="2012-08-21 16:26:54.0" createdStamp="2012-08-21 16:14:56.0" createdTxStamp="2012-08-21 16:14:56.0"/>
    <PurPlanBalance supplierId="23a72c21-a1e4-45d2-bd2a-5857fd2fc918" materialId="ddfa2349-3ae9-4109-8d7a-3e0bc479bb1b" balance="0.000000" lastUpdatedStamp="2012-08-21 16:27:34.0" lastUpdatedTxStamp="2012-08-21 16:27:34.0" createdStamp="2012-08-21 16:14:56.0" createdTxStamp="2012-08-21 16:14:56.0"/>
    <PurPlanBalance supplierId="2a851286-04c1-4a15-b47c-6e879761332d" materialId="00d92543-11f7-410a-99c1-2c22f793c81b" balance="0.000000" lastUpdatedStamp="2012-08-25 11:14:25.0" lastUpdatedTxStamp="2012-08-25 11:14:25.0" createdStamp="2012-08-21 16:15:18.0" createdTxStamp="2012-08-21 16:15:18.0"/>
    <PurPlanBalance supplierId="2a851286-04c1-4a15-b47c-6e879761332d" materialId="372bb99b-85f7-4c75-af5b-d18b50231e97" balance="0.000000" lastUpdatedStamp="2012-08-25 12:00:44.0" lastUpdatedTxStamp="2012-08-25 12:00:44.0" createdStamp="2012-08-22 11:02:34.0" createdTxStamp="2012-08-22 11:02:34.0"/>
    <PurPlanBalance supplierId="2a851286-04c1-4a15-b47c-6e879761332d" materialId="4505c6ac-d898-4089-9fa5-d5d94f87b2b1" balance="0.000000" lastUpdatedStamp="2012-08-23 16:51:08.0" lastUpdatedTxStamp="2012-08-23 16:51:08.0" createdStamp="2012-08-21 16:15:18.0" createdTxStamp="2012-08-21 16:15:18.0"/>
    <PurPlanBalance supplierId="2a851286-04c1-4a15-b47c-6e879761332d" materialId="4b415b9e-3f8e-4ebb-9b07-ab849e06d0b5" balance="0.000000" lastUpdatedStamp="2012-08-21 17:30:38.0" lastUpdatedTxStamp="2012-08-21 17:30:38.0" createdStamp="2012-08-21 16:15:18.0" createdTxStamp="2012-08-21 16:15:18.0"/>
    <PurPlanBalance supplierId="2a851286-04c1-4a15-b47c-6e879761332d" materialId="5a913840-f923-40fa-94bf-7635539ac5f6" balance="0.000000" lastUpdatedStamp="2012-08-23 16:51:01.0" lastUpdatedTxStamp="2012-08-23 16:51:01.0" createdStamp="2012-08-21 16:15:18.0" createdTxStamp="2012-08-21 16:15:18.0"/>
    <PurPlanBalance supplierId="2a851286-04c1-4a15-b47c-6e879761332d" materialId="84ad4496-31ac-4c42-ba24-8cddac6e6458" balance="0.000000" lastUpdatedStamp="2012-08-25 12:03:16.0" lastUpdatedTxStamp="2012-08-25 12:03:16.0" createdStamp="2012-08-21 16:15:18.0" createdTxStamp="2012-08-21 16:15:18.0"/>
    <PurPlanBalance supplierId="2a851286-04c1-4a15-b47c-6e879761332d" materialId="f9ef889a-0829-4c8e-b7b4-a11a4cb6eba3" balance="0.000000" lastUpdatedStamp="2012-08-23 16:51:08.0" lastUpdatedTxStamp="2012-08-23 16:51:08.0" createdStamp="2012-08-23 11:40:10.0" createdTxStamp="2012-08-23 11:40:10.0"/>
    <PurPlanBalance supplierId="3d665d77-aaf8-47f0-9239-4b93f7ae257c" materialId="39530537-02db-4c67-8c68-a03afd1af9e6" balance="0.000000" lastUpdatedStamp="2012-08-25 11:15:41.0" lastUpdatedTxStamp="2012-08-25 11:15:41.0" createdStamp="2012-08-25 11:15:18.0" createdTxStamp="2012-08-25 11:15:18.0"/>
    <PurPlanBalance supplierId="3d665d77-aaf8-47f0-9239-4b93f7ae257c" materialId="4bfbce19-04ac-40e0-a58b-25f0f3fa5f50" balance="0.000000" lastUpdatedStamp="2012-08-21 16:19:28.0" lastUpdatedTxStamp="2012-08-21 16:19:28.0" createdStamp="2012-08-21 16:14:34.0" createdTxStamp="2012-08-21 16:14:34.0"/>
    <PurPlanBalance supplierId="3d665d77-aaf8-47f0-9239-4b93f7ae257c" materialId="d199f961-c1d9-4406-9243-49e76a1f84c9" balance="0.000000" lastUpdatedStamp="2012-08-21 16:20:20.0" lastUpdatedTxStamp="2012-08-21 16:20:20.0" createdStamp="2012-08-21 16:14:34.0" createdTxStamp="2012-08-21 16:14:34.0"/>
    <PurPlanBalance supplierId="3d665d77-aaf8-47f0-9239-4b93f7ae257c" materialId="e9db393f-41c3-4a82-89b9-e02e9d9d6e9f" balance="0.000000" lastUpdatedStamp="2012-08-21 16:20:20.0" lastUpdatedTxStamp="2012-08-21 16:20:20.0" createdStamp="2012-08-21 16:14:34.0" createdTxStamp="2012-08-21 16:14:34.0"/>
    <PurPlanBalance supplierId="4aee925a-049e-41c1-b855-5bb6cc425426" materialId="372bb99b-85f7-4c75-af5b-d18b50231e97" balance="0.000000" lastUpdatedStamp="2012-08-22 11:09:11.0" lastUpdatedTxStamp="2012-08-22 11:09:11.0" createdStamp="2012-08-22 10:44:52.0" createdTxStamp="2012-08-22 10:44:52.0"/>
    <PurPlanBalance supplierId="4aee925a-049e-41c1-b855-5bb6cc425426" materialId="4505c6ac-d898-4089-9fa5-d5d94f87b2b1" balance="0.000000" lastUpdatedStamp="2012-08-22 11:09:14.0" lastUpdatedTxStamp="2012-08-22 11:09:14.0" createdStamp="2012-08-22 10:42:01.0" createdTxStamp="2012-08-22 10:42:01.0"/>
    <PurPlanBalance supplierId="4aee925a-049e-41c1-b855-5bb6cc425426" materialId="6926f6f6-308a-4080-b4ea-64e94c2fe0ec" balance="0.000000" lastUpdatedStamp="2012-08-21 16:25:12.0" lastUpdatedTxStamp="2012-08-21 16:25:12.0" createdStamp="2012-08-21 16:15:04.0" createdTxStamp="2012-08-21 16:15:04.0"/>
    <PurPlanBalance supplierId="a7981a3d-0f2c-48d2-9cf1-d262fdbbb925" materialId="900098ee-c1b9-430d-b6c2-9fabbe3bd7fc" balance="0.000000" lastUpdatedStamp="2012-08-21 16:20:45.0" lastUpdatedTxStamp="2012-08-21 16:20:45.0" createdStamp="2012-08-21 16:14:42.0" createdTxStamp="2012-08-21 16:14:41.0"/>
    <PurPlanBalance supplierId="d47d9e25-1862-4645-87f8-5bf9de517a5b" materialId="7071e96a-1f30-4808-96f2-8f26bd0dc4c2" balance="0.000000" lastUpdatedStamp="2012-08-21 16:21:25.0" lastUpdatedTxStamp="2012-08-21 16:21:25.0" createdStamp="2012-08-21 16:14:50.0" createdTxStamp="2012-08-21 16:14:50.0"/>
</entity-engine-xml>
