<?xml version="1.0" encoding="UTF-8"?>
<entity-engine-xml>
    <RuntimeData runtimeDataId="10010" lastUpdatedStamp="2012-09-07 10:55:18.0" lastUpdatedTxStamp="2012-09-07 10:55:18.0" createdStamp="2012-09-07 10:55:18.0" createdTxStamp="2012-09-07 10:55:18.0">
        <runtimeInfo><![CDATA[<?xml version="1.0" encoding="UTF-8"?><ofbiz-ser>
    <map-Map>
        <map-Entry>
            <map-Key>
                <std-String value="outpath"/>
            </map-Key>
            <map-Value>
                <std-String value="D:\MyProject\Eclipse\partner\hot-deploy\partner\document\20120907上线\ofbiz2"/>
            </map-Value>
        </map-Entry>
        <map-Entry>
            <map-Key>
                <std-String value="locale"/>
            </map-Key>
            <map-Value>
                <std-Locale value="en"/>
            </map-Value>
        </map-Entry>
    </map-Map>
</ofbiz-ser>
]]></runtimeInfo>
    </RuntimeData>
    <RuntimeData runtimeDataId="10020" lastUpdatedStamp="2012-09-07 11:01:10.0" lastUpdatedTxStamp="2012-09-07 11:01:10.0" createdStamp="2012-09-07 11:01:10.0" createdTxStamp="2012-09-07 11:01:10.0">
        <runtimeInfo><![CDATA[<?xml version="1.0" encoding="UTF-8"?><ofbiz-ser>
    <map-Map>
        <map-Entry>
            <map-Key>
                <std-String value="outpath"/>
            </map-Key>
            <map-Value>
                <std-String value="D:\MyProject\Eclipse\partner\hot-deploy\partner\document\20120907上线\ofbiz2"/>
            </map-Value>
        </map-Entry>
        <map-Entry>
            <map-Key>
                <std-String value="locale"/>
            </map-Key>
            <map-Value>
                <std-Locale value="en"/>
            </map-Value>
        </map-Entry>
    </map-Map>
</ofbiz-ser>
]]></runtimeInfo>
    </RuntimeData>
</entity-engine-xml>
