<?xml version="1.0" encoding="UTF-8"?>
<entity-engine-xml>
    <SecurityGroupPermission groupId="BIZADMIN" permissionId="EXAMPLE_ADMIN" lastUpdatedStamp="2012-08-19 14:37:58.0" lastUpdatedTxStamp="2012-08-19 14:37:58.0" createdStamp="2012-08-19 14:37:58.0" createdTxStamp="2012-08-19 14:37:58.0"/>
    <SecurityGroupPermission groupId="BIZADMIN" permissionId="OFBTOOLS_VIEW" lastUpdatedStamp="2012-08-19 14:37:44.0" lastUpdatedTxStamp="2012-08-19 14:37:43.0" createdStamp="2012-08-19 14:37:44.0" createdTxStamp="2012-08-19 14:37:43.0"/>
    <SecurityGroupPermission groupId="BIZADMIN" permissionId="PERIOD_MAINT" lastUpdatedStamp="2012-08-19 14:37:57.0" lastUpdatedTxStamp="2012-08-19 14:37:57.0" createdStamp="2012-08-19 14:37:57.0" createdTxStamp="2012-08-19 14:37:57.0"/>
    <SecurityGroupPermission groupId="FLEXADMIN" permissionId="ARTIFACT_INFO_VIEW" lastUpdatedStamp="2012-08-19 14:37:57.0" lastUpdatedTxStamp="2012-08-19 14:37:57.0" createdStamp="2012-08-19 14:37:57.0" createdTxStamp="2012-08-19 14:37:57.0"/>
    <SecurityGroupPermission groupId="FLEXADMIN" permissionId="COMMON_CREATE" lastUpdatedStamp="2012-08-19 14:37:44.0" lastUpdatedTxStamp="2012-08-19 14:37:44.0" createdStamp="2012-08-19 14:37:44.0" createdTxStamp="2012-08-19 14:37:44.0"/>
    <SecurityGroupPermission groupId="FLEXADMIN" permissionId="COMMON_DELETE" lastUpdatedStamp="2012-08-19 14:37:44.0" lastUpdatedTxStamp="2012-08-19 14:37:44.0" createdStamp="2012-08-19 14:37:44.0" createdTxStamp="2012-08-19 14:37:44.0"/>
    <SecurityGroupPermission groupId="FLEXADMIN" permissionId="COMMON_UPDATE" lastUpdatedStamp="2012-08-19 14:37:44.0" lastUpdatedTxStamp="2012-08-19 14:37:44.0" createdStamp="2012-08-19 14:37:44.0" createdTxStamp="2012-08-19 14:37:44.0"/>
    <SecurityGroupPermission groupId="FLEXADMIN" permissionId="COMMON_VIEW" lastUpdatedStamp="2012-08-19 14:37:44.0" lastUpdatedTxStamp="2012-08-19 14:37:44.0" createdStamp="2012-08-19 14:37:44.0" createdTxStamp="2012-08-19 14:37:44.0"/>
    <SecurityGroupPermission groupId="FLEXADMIN" permissionId="DATAFILE_MAINT" lastUpdatedStamp="2012-08-19 14:37:57.0" lastUpdatedTxStamp="2012-08-19 14:37:57.0" createdStamp="2012-08-19 14:37:57.0" createdTxStamp="2012-08-19 14:37:57.0"/>
    <SecurityGroupPermission groupId="FLEXADMIN" permissionId="ENTITY_DATA_CREATE" lastUpdatedStamp="2012-08-19 14:37:58.0" lastUpdatedTxStamp="2012-08-19 14:37:57.0" createdStamp="2012-08-19 14:37:58.0" createdTxStamp="2012-08-19 14:37:57.0"/>
    <SecurityGroupPermission groupId="FLEXADMIN" permissionId="ENTITY_DATA_DELETE" lastUpdatedStamp="2012-08-19 14:37:58.0" lastUpdatedTxStamp="2012-08-19 14:37:57.0" createdStamp="2012-08-19 14:37:58.0" createdTxStamp="2012-08-19 14:37:57.0"/>
    <SecurityGroupPermission groupId="FLEXADMIN" permissionId="ENTITY_DATA_UPDATE" lastUpdatedStamp="2012-08-19 14:37:58.0" lastUpdatedTxStamp="2012-08-19 14:37:57.0" createdStamp="2012-08-19 14:37:58.0" createdTxStamp="2012-08-19 14:37:57.0"/>
    <SecurityGroupPermission groupId="FLEXADMIN" permissionId="ENTITY_DATA_VIEW" lastUpdatedStamp="2012-08-19 14:37:58.0" lastUpdatedTxStamp="2012-08-19 14:37:57.0" createdStamp="2012-08-19 14:37:58.0" createdTxStamp="2012-08-19 14:37:57.0"/>
    <SecurityGroupPermission groupId="FLEXADMIN" permissionId="ENTITY_MAINT" lastUpdatedStamp="2012-08-19 14:37:58.0" lastUpdatedTxStamp="2012-08-19 14:37:57.0" createdStamp="2012-08-19 14:37:58.0" createdTxStamp="2012-08-19 14:37:57.0"/>
    <SecurityGroupPermission groupId="FLEXADMIN" permissionId="ENTITY_SYNC_ADMIN" lastUpdatedStamp="2012-08-19 14:37:57.0" lastUpdatedTxStamp="2012-08-19 14:37:57.0" createdStamp="2012-08-19 14:37:57.0" createdTxStamp="2012-08-19 14:37:57.0"/>
    <SecurityGroupPermission groupId="FLEXADMIN" permissionId="ENUM_STATUS_MAINT" lastUpdatedStamp="2012-08-19 14:37:57.0" lastUpdatedTxStamp="2012-08-19 14:37:57.0" createdStamp="2012-08-19 14:37:57.0" createdTxStamp="2012-08-19 14:37:57.0"/>
    <SecurityGroupPermission groupId="FLEXADMIN" permissionId="EXAMPLE_CREATE" lastUpdatedStamp="2012-08-19 14:37:58.0" lastUpdatedTxStamp="2012-08-19 14:37:58.0" createdStamp="2012-08-19 14:37:58.0" createdTxStamp="2012-08-19 14:37:58.0"/>
    <SecurityGroupPermission groupId="FLEXADMIN" permissionId="EXAMPLE_DELETE" lastUpdatedStamp="2012-08-19 14:37:58.0" lastUpdatedTxStamp="2012-08-19 14:37:58.0" createdStamp="2012-08-19 14:37:58.0" createdTxStamp="2012-08-19 14:37:58.0"/>
    <SecurityGroupPermission groupId="FLEXADMIN" permissionId="EXAMPLE_UPDATE" lastUpdatedStamp="2012-08-19 14:37:58.0" lastUpdatedTxStamp="2012-08-19 14:37:58.0" createdStamp="2012-08-19 14:37:58.0" createdTxStamp="2012-08-19 14:37:58.0"/>
    <SecurityGroupPermission groupId="FLEXADMIN" permissionId="EXAMPLE_VIEW" lastUpdatedStamp="2012-08-19 14:37:58.0" lastUpdatedTxStamp="2012-08-19 14:37:58.0" createdStamp="2012-08-19 14:37:58.0" createdTxStamp="2012-08-19 14:37:58.0"/>
    <SecurityGroupPermission groupId="FLEXADMIN" permissionId="LABEL_MANAGER_VIEW" lastUpdatedStamp="2012-08-19 14:37:57.0" lastUpdatedTxStamp="2012-08-19 14:37:57.0" createdStamp="2012-08-19 14:37:57.0" createdTxStamp="2012-08-19 14:37:57.0"/>
    <SecurityGroupPermission groupId="FLEXADMIN" permissionId="OFBTOOLS_VIEW" lastUpdatedStamp="2012-08-19 14:37:44.0" lastUpdatedTxStamp="2012-08-19 14:37:43.0" createdStamp="2012-08-19 14:37:44.0" createdTxStamp="2012-08-19 14:37:43.0"/>
    <SecurityGroupPermission groupId="FLEXADMIN" permissionId="PERIOD_MAINT" lastUpdatedStamp="2012-08-19 14:37:57.0" lastUpdatedTxStamp="2012-08-19 14:37:57.0" createdStamp="2012-08-19 14:37:57.0" createdTxStamp="2012-08-19 14:37:57.0"/>
    <SecurityGroupPermission groupId="FLEXADMIN" permissionId="PORTALPAGE_MAINT" lastUpdatedStamp="2012-08-19 14:37:57.0" lastUpdatedTxStamp="2012-08-19 14:37:57.0" createdStamp="2012-08-19 14:37:57.0" createdTxStamp="2012-08-19 14:37:57.0"/>
    <SecurityGroupPermission groupId="FLEXADMIN" permissionId="SERVER_STATS_VIEW" lastUpdatedStamp="2012-08-19 14:37:57.0" lastUpdatedTxStamp="2012-08-19 14:37:57.0" createdStamp="2012-08-19 14:37:57.0" createdTxStamp="2012-08-19 14:37:57.0"/>
    <SecurityGroupPermission groupId="FLEXADMIN" permissionId="SERVICE_INVOKE_ANY" lastUpdatedStamp="2012-08-19 14:37:57.0" lastUpdatedTxStamp="2012-08-19 14:37:57.0" createdStamp="2012-08-19 14:37:57.0" createdTxStamp="2012-08-19 14:37:57.0"/>
    <SecurityGroupPermission groupId="FLEXADMIN" permissionId="SERVICE_MAINT" lastUpdatedStamp="2012-08-19 14:37:57.0" lastUpdatedTxStamp="2012-08-19 14:37:57.0" createdStamp="2012-08-19 14:37:57.0" createdTxStamp="2012-08-19 14:37:57.0"/>
    <SecurityGroupPermission groupId="FLEXADMIN" permissionId="UTIL_CACHE_EDIT" lastUpdatedStamp="2012-08-19 14:37:58.0" lastUpdatedTxStamp="2012-08-19 14:37:57.0" createdStamp="2012-08-19 14:37:58.0" createdTxStamp="2012-08-19 14:37:57.0"/>
    <SecurityGroupPermission groupId="FLEXADMIN" permissionId="UTIL_CACHE_VIEW" lastUpdatedStamp="2012-08-19 14:37:58.0" lastUpdatedTxStamp="2012-08-19 14:37:57.0" createdStamp="2012-08-19 14:37:58.0" createdTxStamp="2012-08-19 14:37:57.0"/>
    <SecurityGroupPermission groupId="FLEXADMIN" permissionId="UTIL_DEBUG_EDIT" lastUpdatedStamp="2012-08-19 14:37:58.0" lastUpdatedTxStamp="2012-08-19 14:37:57.0" createdStamp="2012-08-19 14:37:58.0" createdTxStamp="2012-08-19 14:37:57.0"/>
    <SecurityGroupPermission groupId="FLEXADMIN" permissionId="UTIL_DEBUG_VIEW" lastUpdatedStamp="2012-08-19 14:37:58.0" lastUpdatedTxStamp="2012-08-19 14:37:57.0" createdStamp="2012-08-19 14:37:58.0" createdTxStamp="2012-08-19 14:37:57.0"/>
    <SecurityGroupPermission groupId="FLEXADMIN" permissionId="VISUALTHEME_CREATE" lastUpdatedStamp="2012-08-19 14:37:44.0" lastUpdatedTxStamp="2012-08-19 14:37:44.0" createdStamp="2012-08-19 14:37:44.0" createdTxStamp="2012-08-19 14:37:44.0"/>
    <SecurityGroupPermission groupId="FLEXADMIN" permissionId="VISUALTHEME_DELETE" lastUpdatedStamp="2012-08-19 14:37:44.0" lastUpdatedTxStamp="2012-08-19 14:37:44.0" createdStamp="2012-08-19 14:37:44.0" createdTxStamp="2012-08-19 14:37:44.0"/>
    <SecurityGroupPermission groupId="FLEXADMIN" permissionId="VISUALTHEME_UPDATE" lastUpdatedStamp="2012-08-19 14:37:44.0" lastUpdatedTxStamp="2012-08-19 14:37:44.0" createdStamp="2012-08-19 14:37:44.0" createdTxStamp="2012-08-19 14:37:44.0"/>
    <SecurityGroupPermission groupId="FLEXADMIN" permissionId="WEBTOOLS_VIEW" lastUpdatedStamp="2012-08-19 14:37:57.0" lastUpdatedTxStamp="2012-08-19 14:37:57.0" createdStamp="2012-08-19 14:37:57.0" createdTxStamp="2012-08-19 14:37:57.0"/>
    <SecurityGroupPermission groupId="FULLADMIN" permissionId="access" lastUpdatedStamp="2012-08-19 14:37:43.0" lastUpdatedTxStamp="2012-08-19 14:37:43.0" createdStamp="2012-08-19 14:37:43.0" createdTxStamp="2012-08-19 14:37:43.0"/>
    <SecurityGroupPermission groupId="FULLADMIN" permissionId="ARTIFACT_INFO_VIEW" lastUpdatedStamp="2012-08-19 14:37:57.0" lastUpdatedTxStamp="2012-08-19 14:37:57.0" createdStamp="2012-08-19 14:37:57.0" createdTxStamp="2012-08-19 14:37:57.0"/>
    <SecurityGroupPermission groupId="FULLADMIN" permissionId="COMMON_ADMIN" lastUpdatedStamp="2012-08-19 14:37:44.0" lastUpdatedTxStamp="2012-08-19 14:37:44.0" createdStamp="2012-08-19 14:37:44.0" createdTxStamp="2012-08-19 14:37:44.0"/>
    <SecurityGroupPermission groupId="FULLADMIN" permissionId="create" lastUpdatedStamp="2012-08-19 14:37:43.0" lastUpdatedTxStamp="2012-08-19 14:37:43.0" createdStamp="2012-08-19 14:37:43.0" createdTxStamp="2012-08-19 14:37:43.0"/>
    <SecurityGroupPermission groupId="FULLADMIN" permissionId="DATAFILE_MAINT" lastUpdatedStamp="2012-08-19 14:37:57.0" lastUpdatedTxStamp="2012-08-19 14:37:57.0" createdStamp="2012-08-19 14:37:57.0" createdTxStamp="2012-08-19 14:37:57.0"/>
    <SecurityGroupPermission groupId="FULLADMIN" permissionId="delete" lastUpdatedStamp="2012-08-19 14:37:44.0" lastUpdatedTxStamp="2012-08-19 14:37:43.0" createdStamp="2012-08-19 14:37:44.0" createdTxStamp="2012-08-19 14:37:43.0"/>
    <SecurityGroupPermission groupId="FULLADMIN" permissionId="ENTITY_DATA_ADMIN" lastUpdatedStamp="2012-08-19 14:37:58.0" lastUpdatedTxStamp="2012-08-19 14:37:57.0" createdStamp="2012-08-19 14:37:58.0" createdTxStamp="2012-08-19 14:37:57.0"/>
    <SecurityGroupPermission groupId="FULLADMIN" permissionId="ENTITY_MAINT" lastUpdatedStamp="2012-08-19 14:37:58.0" lastUpdatedTxStamp="2012-08-19 14:37:57.0" createdStamp="2012-08-19 14:37:58.0" createdTxStamp="2012-08-19 14:37:57.0"/>
    <SecurityGroupPermission groupId="FULLADMIN" permissionId="ENTITY_SYNC_ADMIN" lastUpdatedStamp="2012-08-19 14:37:57.0" lastUpdatedTxStamp="2012-08-19 14:37:57.0" createdStamp="2012-08-19 14:37:57.0" createdTxStamp="2012-08-19 14:37:57.0"/>
    <SecurityGroupPermission groupId="FULLADMIN" permissionId="ENUM_STATUS_MAINT" lastUpdatedStamp="2012-08-19 14:37:57.0" lastUpdatedTxStamp="2012-08-19 14:37:57.0" createdStamp="2012-08-19 14:37:57.0" createdTxStamp="2012-08-19 14:37:57.0"/>
    <SecurityGroupPermission groupId="FULLADMIN" permissionId="EXAMPLE_ADMIN" lastUpdatedStamp="2012-08-19 14:37:58.0" lastUpdatedTxStamp="2012-08-19 14:37:58.0" createdStamp="2012-08-19 14:37:58.0" createdTxStamp="2012-08-19 14:37:58.0"/>
    <SecurityGroupPermission groupId="FULLADMIN" permissionId="LABEL_MANAGER_VIEW" lastUpdatedStamp="2012-08-19 14:37:57.0" lastUpdatedTxStamp="2012-08-19 14:37:57.0" createdStamp="2012-08-19 14:37:57.0" createdTxStamp="2012-08-19 14:37:57.0"/>
    <SecurityGroupPermission groupId="FULLADMIN" permissionId="OFBTOOLS_VIEW" lastUpdatedStamp="2012-08-19 14:37:44.0" lastUpdatedTxStamp="2012-08-19 14:37:43.0" createdStamp="2012-08-19 14:37:44.0" createdTxStamp="2012-08-19 14:37:43.0"/>
    <SecurityGroupPermission groupId="FULLADMIN" permissionId="PERIOD_MAINT" lastUpdatedStamp="2012-08-19 14:37:57.0" lastUpdatedTxStamp="2012-08-19 14:37:57.0" createdStamp="2012-08-19 14:37:57.0" createdTxStamp="2012-08-19 14:37:57.0"/>
    <SecurityGroupPermission groupId="FULLADMIN" permissionId="PORTALPAGE_MAINT" lastUpdatedStamp="2012-08-19 14:37:57.0" lastUpdatedTxStamp="2012-08-19 14:37:57.0" createdStamp="2012-08-19 14:37:57.0" createdTxStamp="2012-08-19 14:37:57.0"/>
    <SecurityGroupPermission groupId="FULLADMIN" permissionId="read" lastUpdatedStamp="2012-08-19 14:37:43.0" lastUpdatedTxStamp="2012-08-19 14:37:43.0" createdStamp="2012-08-19 14:37:43.0" createdTxStamp="2012-08-19 14:37:43.0"/>
    <SecurityGroupPermission groupId="FULLADMIN" permissionId="SERVER_STATS_VIEW" lastUpdatedStamp="2012-08-19 14:37:57.0" lastUpdatedTxStamp="2012-08-19 14:37:57.0" createdStamp="2012-08-19 14:37:57.0" createdTxStamp="2012-08-19 14:37:57.0"/>
    <SecurityGroupPermission groupId="FULLADMIN" permissionId="SERVICE_INVOKE_ANY" lastUpdatedStamp="2012-08-19 14:37:57.0" lastUpdatedTxStamp="2012-08-19 14:37:57.0" createdStamp="2012-08-19 14:37:57.0" createdTxStamp="2012-08-19 14:37:57.0"/>
    <SecurityGroupPermission groupId="FULLADMIN" permissionId="SERVICE_MAINT" lastUpdatedStamp="2012-08-19 14:37:57.0" lastUpdatedTxStamp="2012-08-19 14:37:57.0" createdStamp="2012-08-19 14:37:57.0" createdTxStamp="2012-08-19 14:37:57.0"/>
    <SecurityGroupPermission groupId="FULLADMIN" permissionId="TEMPEXPR_ADMIN" lastUpdatedStamp="2012-08-19 14:37:44.0" lastUpdatedTxStamp="2012-08-19 14:37:44.0" createdStamp="2012-08-19 14:37:44.0" createdTxStamp="2012-08-19 14:37:44.0"/>
    <SecurityGroupPermission groupId="FULLADMIN" permissionId="update" lastUpdatedStamp="2012-08-19 14:37:44.0" lastUpdatedTxStamp="2012-08-19 14:37:43.0" createdStamp="2012-08-19 14:37:44.0" createdTxStamp="2012-08-19 14:37:43.0"/>
    <SecurityGroupPermission groupId="FULLADMIN" permissionId="USERPREF_ADMIN" lastUpdatedStamp="2012-08-19 14:37:44.0" lastUpdatedTxStamp="2012-08-19 14:37:44.0" createdStamp="2012-08-19 14:37:44.0" createdTxStamp="2012-08-19 14:37:44.0"/>
    <SecurityGroupPermission groupId="FULLADMIN" permissionId="UTIL_CACHE_EDIT" lastUpdatedStamp="2012-08-19 14:37:58.0" lastUpdatedTxStamp="2012-08-19 14:37:57.0" createdStamp="2012-08-19 14:37:58.0" createdTxStamp="2012-08-19 14:37:57.0"/>
    <SecurityGroupPermission groupId="FULLADMIN" permissionId="UTIL_CACHE_VIEW" lastUpdatedStamp="2012-08-19 14:37:58.0" lastUpdatedTxStamp="2012-08-19 14:37:57.0" createdStamp="2012-08-19 14:37:58.0" createdTxStamp="2012-08-19 14:37:57.0"/>
    <SecurityGroupPermission groupId="FULLADMIN" permissionId="UTIL_DEBUG_EDIT" lastUpdatedStamp="2012-08-19 14:37:58.0" lastUpdatedTxStamp="2012-08-19 14:37:57.0" createdStamp="2012-08-19 14:37:58.0" createdTxStamp="2012-08-19 14:37:57.0"/>
    <SecurityGroupPermission groupId="FULLADMIN" permissionId="UTIL_DEBUG_VIEW" lastUpdatedStamp="2012-08-19 14:37:58.0" lastUpdatedTxStamp="2012-08-19 14:37:57.0" createdStamp="2012-08-19 14:37:58.0" createdTxStamp="2012-08-19 14:37:57.0"/>
    <SecurityGroupPermission groupId="FULLADMIN" permissionId="VISUALTHEME_ADMIN" lastUpdatedStamp="2012-08-19 14:37:44.0" lastUpdatedTxStamp="2012-08-19 14:37:44.0" createdStamp="2012-08-19 14:37:44.0" createdTxStamp="2012-08-19 14:37:44.0"/>
    <SecurityGroupPermission groupId="FULLADMIN" permissionId="WEBTOOLS_VIEW" lastUpdatedStamp="2012-08-19 14:37:57.0" lastUpdatedTxStamp="2012-08-19 14:37:57.0" createdStamp="2012-08-19 14:37:57.0" createdTxStamp="2012-08-19 14:37:57.0"/>
    <SecurityGroupPermission groupId="VIEWADMIN" permissionId="access" lastUpdatedStamp="2012-08-19 14:37:44.0" lastUpdatedTxStamp="2012-08-19 14:37:43.0" createdStamp="2012-08-19 14:37:44.0" createdTxStamp="2012-08-19 14:37:43.0"/>
    <SecurityGroupPermission groupId="VIEWADMIN" permissionId="ARTIFACT_INFO_VIEW" lastUpdatedStamp="2012-08-19 14:37:57.0" lastUpdatedTxStamp="2012-08-19 14:37:57.0" createdStamp="2012-08-19 14:37:57.0" createdTxStamp="2012-08-19 14:37:57.0"/>
    <SecurityGroupPermission groupId="VIEWADMIN" permissionId="COMMON_VIEW" lastUpdatedStamp="2012-08-19 14:37:44.0" lastUpdatedTxStamp="2012-08-19 14:37:44.0" createdStamp="2012-08-19 14:37:44.0" createdTxStamp="2012-08-19 14:37:44.0"/>
    <SecurityGroupPermission groupId="VIEWADMIN" permissionId="ENTITY_DATA_VIEW" lastUpdatedStamp="2012-08-19 14:37:58.0" lastUpdatedTxStamp="2012-08-19 14:37:57.0" createdStamp="2012-08-19 14:37:58.0" createdTxStamp="2012-08-19 14:37:57.0"/>
    <SecurityGroupPermission groupId="VIEWADMIN" permissionId="EXAMPLE_VIEW" lastUpdatedStamp="2012-08-19 14:37:58.0" lastUpdatedTxStamp="2012-08-19 14:37:58.0" createdStamp="2012-08-19 14:37:58.0" createdTxStamp="2012-08-19 14:37:58.0"/>
    <SecurityGroupPermission groupId="VIEWADMIN" permissionId="LABEL_MANAGER_VIEW" lastUpdatedStamp="2012-08-19 14:37:57.0" lastUpdatedTxStamp="2012-08-19 14:37:57.0" createdStamp="2012-08-19 14:37:57.0" createdTxStamp="2012-08-19 14:37:57.0"/>
    <SecurityGroupPermission groupId="VIEWADMIN" permissionId="OFBTOOLS_VIEW" lastUpdatedStamp="2012-08-19 14:37:44.0" lastUpdatedTxStamp="2012-08-19 14:37:43.0" createdStamp="2012-08-19 14:37:44.0" createdTxStamp="2012-08-19 14:37:43.0"/>
    <SecurityGroupPermission groupId="VIEWADMIN" permissionId="read" lastUpdatedStamp="2012-08-19 14:37:44.0" lastUpdatedTxStamp="2012-08-19 14:37:43.0" createdStamp="2012-08-19 14:37:44.0" createdTxStamp="2012-08-19 14:37:43.0"/>
    <SecurityGroupPermission groupId="VIEWADMIN" permissionId="SERVER_STATS_VIEW" lastUpdatedStamp="2012-08-19 14:37:57.0" lastUpdatedTxStamp="2012-08-19 14:37:57.0" createdStamp="2012-08-19 14:37:57.0" createdTxStamp="2012-08-19 14:37:57.0"/>
    <SecurityGroupPermission groupId="VIEWADMIN" permissionId="UTIL_CACHE_VIEW" lastUpdatedStamp="2012-08-19 14:37:58.0" lastUpdatedTxStamp="2012-08-19 14:37:57.0" createdStamp="2012-08-19 14:37:58.0" createdTxStamp="2012-08-19 14:37:57.0"/>
    <SecurityGroupPermission groupId="VIEWADMIN" permissionId="UTIL_DEBUG_VIEW" lastUpdatedStamp="2012-08-19 14:37:58.0" lastUpdatedTxStamp="2012-08-19 14:37:57.0" createdStamp="2012-08-19 14:37:58.0" createdTxStamp="2012-08-19 14:37:57.0"/>
    <SecurityGroupPermission groupId="VIEWADMIN" permissionId="WEBTOOLS_VIEW" lastUpdatedStamp="2012-08-19 14:37:57.0" lastUpdatedTxStamp="2012-08-19 14:37:57.0" createdStamp="2012-08-19 14:37:57.0" createdTxStamp="2012-08-19 14:37:57.0"/>
</entity-engine-xml>
