<?xml version="1.0" encoding="UTF-8"?>
<entity-engine-xml>
    <SecurityPermission permissionId="access" description="Base ACCESS permission" lastUpdatedStamp="2012-08-19 14:37:43.0" lastUpdatedTxStamp="2012-08-19 14:37:43.0" createdStamp="2012-08-19 14:37:43.0" createdTxStamp="2012-08-19 14:37:43.0"/>
    <SecurityPermission permissionId="ARTIFACT_INFO_VIEW" description="View the Artifact Info pages." lastUpdatedStamp="2012-08-19 14:37:57.0" lastUpdatedTxStamp="2012-08-19 14:37:57.0" createdStamp="2012-08-19 14:37:57.0" createdTxStamp="2012-08-19 14:37:57.0"/>
    <SecurityPermission permissionId="COMMON_ADMIN" description="Admin operations in the Common Component." lastUpdatedStamp="2012-08-19 14:37:44.0" lastUpdatedTxStamp="2012-08-19 14:37:44.0" createdStamp="2012-08-19 14:37:44.0" createdTxStamp="2012-08-19 14:37:44.0"/>
    <SecurityPermission permissionId="COMMON_CREATE" description="Create operations in the Common Component." lastUpdatedStamp="2012-08-19 14:37:44.0" lastUpdatedTxStamp="2012-08-19 14:37:44.0" createdStamp="2012-08-19 14:37:44.0" createdTxStamp="2012-08-19 14:37:44.0"/>
    <SecurityPermission permissionId="COMMON_DELETE" description="Delete operations in the Common Component." lastUpdatedStamp="2012-08-19 14:37:44.0" lastUpdatedTxStamp="2012-08-19 14:37:44.0" createdStamp="2012-08-19 14:37:44.0" createdTxStamp="2012-08-19 14:37:44.0"/>
    <SecurityPermission permissionId="COMMON_UPDATE" description="Update operations in the Common Component." lastUpdatedStamp="2012-08-19 14:37:44.0" lastUpdatedTxStamp="2012-08-19 14:37:44.0" createdStamp="2012-08-19 14:37:44.0" createdTxStamp="2012-08-19 14:37:44.0"/>
    <SecurityPermission permissionId="COMMON_VIEW" description="View operations in the Common Component." lastUpdatedStamp="2012-08-19 14:37:44.0" lastUpdatedTxStamp="2012-08-19 14:37:44.0" createdStamp="2012-08-19 14:37:44.0" createdTxStamp="2012-08-19 14:37:44.0"/>
    <SecurityPermission permissionId="create" description="Base CREATE permission" lastUpdatedStamp="2012-08-19 14:37:43.0" lastUpdatedTxStamp="2012-08-19 14:37:43.0" createdStamp="2012-08-19 14:37:43.0" createdTxStamp="2012-08-19 14:37:43.0"/>
    <SecurityPermission permissionId="DATAFILE_MAINT" description="Use the Data File Maintenance pages." lastUpdatedStamp="2012-08-19 14:37:57.0" lastUpdatedTxStamp="2012-08-19 14:37:57.0" createdStamp="2012-08-19 14:37:57.0" createdTxStamp="2012-08-19 14:37:57.0"/>
    <SecurityPermission permissionId="delete" description="Base DELETE permission" lastUpdatedStamp="2012-08-19 14:37:43.0" lastUpdatedTxStamp="2012-08-19 14:37:43.0" createdStamp="2012-08-19 14:37:43.0" createdTxStamp="2012-08-19 14:37:43.0"/>
    <SecurityPermission permissionId="ENTITY_DATA_ADMIN" description="ALL with the Entity Data Maintenance pages." lastUpdatedStamp="2012-08-19 14:37:58.0" lastUpdatedTxStamp="2012-08-19 14:37:57.0" createdStamp="2012-08-19 14:37:58.0" createdTxStamp="2012-08-19 14:37:57.0"/>
    <SecurityPermission permissionId="ENTITY_DATA_CREATE" description="Create with the Entity Data Maintenance pages." lastUpdatedStamp="2012-08-19 14:37:58.0" lastUpdatedTxStamp="2012-08-19 14:37:57.0" createdStamp="2012-08-19 14:37:58.0" createdTxStamp="2012-08-19 14:37:57.0"/>
    <SecurityPermission permissionId="ENTITY_DATA_DELETE" description="Delete with the Entity Data Maintenance pages." lastUpdatedStamp="2012-08-19 14:37:58.0" lastUpdatedTxStamp="2012-08-19 14:37:57.0" createdStamp="2012-08-19 14:37:58.0" createdTxStamp="2012-08-19 14:37:57.0"/>
    <SecurityPermission permissionId="ENTITY_DATA_UPDATE" description="Update with the Entity Data Maintenance pages." lastUpdatedStamp="2012-08-19 14:37:58.0" lastUpdatedTxStamp="2012-08-19 14:37:57.0" createdStamp="2012-08-19 14:37:58.0" createdTxStamp="2012-08-19 14:37:57.0"/>
    <SecurityPermission permissionId="ENTITY_DATA_VIEW" description="View with the Entity Data Maintenance pages." lastUpdatedStamp="2012-08-19 14:37:58.0" lastUpdatedTxStamp="2012-08-19 14:37:57.0" createdStamp="2012-08-19 14:37:58.0" createdTxStamp="2012-08-19 14:37:57.0"/>
    <SecurityPermission permissionId="ENTITY_MAINT" description="Use the Entity Maintenance pages." lastUpdatedStamp="2012-08-19 14:37:57.0" lastUpdatedTxStamp="2012-08-19 14:37:57.0" createdStamp="2012-08-19 14:37:57.0" createdTxStamp="2012-08-19 14:37:57.0"/>
    <SecurityPermission permissionId="ENTITY_SYNC_ADMIN" description="Use the Entity Sync Admin pages." lastUpdatedStamp="2012-08-19 14:37:57.0" lastUpdatedTxStamp="2012-08-19 14:37:57.0" createdStamp="2012-08-19 14:37:57.0" createdTxStamp="2012-08-19 14:37:57.0"/>
    <SecurityPermission permissionId="ENUM_STATUS_MAINT" description="Use the Enum and Status Maintenance pages." lastUpdatedStamp="2012-08-19 14:37:57.0" lastUpdatedTxStamp="2012-08-19 14:37:57.0" createdStamp="2012-08-19 14:37:57.0" createdTxStamp="2012-08-19 14:37:57.0"/>
    <SecurityPermission permissionId="EXAMPLE_ADMIN" description="ALL operations in the Example Management Screens." lastUpdatedStamp="2012-08-19 14:37:58.0" lastUpdatedTxStamp="2012-08-19 14:37:58.0" createdStamp="2012-08-19 14:37:58.0" createdTxStamp="2012-08-19 14:37:58.0"/>
    <SecurityPermission permissionId="EXAMPLE_CREATE" description="Create operations in the Example Management Screens." lastUpdatedStamp="2012-08-19 14:37:58.0" lastUpdatedTxStamp="2012-08-19 14:37:58.0" createdStamp="2012-08-19 14:37:58.0" createdTxStamp="2012-08-19 14:37:58.0"/>
    <SecurityPermission permissionId="EXAMPLE_DELETE" description="Delete operations in the Example Management Screens." lastUpdatedStamp="2012-08-19 14:37:58.0" lastUpdatedTxStamp="2012-08-19 14:37:58.0" createdStamp="2012-08-19 14:37:58.0" createdTxStamp="2012-08-19 14:37:58.0"/>
    <SecurityPermission permissionId="EXAMPLE_UPDATE" description="Update operations in the Example Management Screens." lastUpdatedStamp="2012-08-19 14:37:58.0" lastUpdatedTxStamp="2012-08-19 14:37:58.0" createdStamp="2012-08-19 14:37:58.0" createdTxStamp="2012-08-19 14:37:58.0"/>
    <SecurityPermission permissionId="EXAMPLE_VIEW" description="View operations in the Example Management Screens." lastUpdatedStamp="2012-08-19 14:37:58.0" lastUpdatedTxStamp="2012-08-19 14:37:58.0" createdStamp="2012-08-19 14:37:58.0" createdTxStamp="2012-08-19 14:37:58.0"/>
    <SecurityPermission permissionId="LABEL_MANAGER_VIEW" description="View the Labels Info pages." lastUpdatedStamp="2012-08-19 14:37:57.0" lastUpdatedTxStamp="2012-08-19 14:37:57.0" createdStamp="2012-08-19 14:37:57.0" createdTxStamp="2012-08-19 14:37:57.0"/>
    <SecurityPermission permissionId="OFBTOOLS_VIEW" description="Permission to access the Stock OFBiz Manager Applications." lastUpdatedStamp="2012-08-19 14:37:44.0" lastUpdatedTxStamp="2012-08-19 14:37:43.0" createdStamp="2012-08-19 14:37:44.0" createdTxStamp="2012-08-19 14:37:43.0"/>
    <SecurityPermission permissionId="PERIOD_MAINT" description="Use the Period Maintenance pages." lastUpdatedStamp="2012-08-19 14:37:57.0" lastUpdatedTxStamp="2012-08-19 14:37:57.0" createdStamp="2012-08-19 14:37:57.0" createdTxStamp="2012-08-19 14:37:57.0"/>
    <SecurityPermission permissionId="PORTALPAGE_MAINT" description="All Portal Page Maintenance pages." lastUpdatedStamp="2012-08-19 14:37:57.0" lastUpdatedTxStamp="2012-08-19 14:37:57.0" createdStamp="2012-08-19 14:37:57.0" createdTxStamp="2012-08-19 14:37:57.0"/>
    <SecurityPermission permissionId="read" description="Base READ permission" lastUpdatedStamp="2012-08-19 14:37:43.0" lastUpdatedTxStamp="2012-08-19 14:37:43.0" createdStamp="2012-08-19 14:37:43.0" createdTxStamp="2012-08-19 14:37:43.0"/>
    <SecurityPermission permissionId="SERVER_STATS_VIEW" description="View the Server Statistics pages." lastUpdatedStamp="2012-08-19 14:37:57.0" lastUpdatedTxStamp="2012-08-19 14:37:57.0" createdStamp="2012-08-19 14:37:57.0" createdTxStamp="2012-08-19 14:37:57.0"/>
    <SecurityPermission permissionId="SERVICE_INVOKE_ANY" description="Permission to invoke any service remotely." lastUpdatedStamp="2012-08-19 14:37:57.0" lastUpdatedTxStamp="2012-08-19 14:37:57.0" createdStamp="2012-08-19 14:37:57.0" createdTxStamp="2012-08-19 14:37:57.0"/>
    <SecurityPermission permissionId="SERVICE_MAINT" description="Use the Service Maintenance pages." lastUpdatedStamp="2012-08-19 14:37:57.0" lastUpdatedTxStamp="2012-08-19 14:37:57.0" createdStamp="2012-08-19 14:37:57.0" createdTxStamp="2012-08-19 14:37:57.0"/>
    <SecurityPermission permissionId="TEMPEXPR_ADMIN" description="Temporal expression admin" lastUpdatedStamp="2012-08-19 14:37:44.0" lastUpdatedTxStamp="2012-08-19 14:37:44.0" createdStamp="2012-08-19 14:37:44.0" createdTxStamp="2012-08-19 14:37:44.0"/>
    <SecurityPermission permissionId="update" description="Base UPDATE permission" lastUpdatedStamp="2012-08-19 14:37:43.0" lastUpdatedTxStamp="2012-08-19 14:37:43.0" createdStamp="2012-08-19 14:37:43.0" createdTxStamp="2012-08-19 14:37:43.0"/>
    <SecurityPermission permissionId="USERPREF_ADMIN" description="User preferences admin" lastUpdatedStamp="2012-08-19 14:37:44.0" lastUpdatedTxStamp="2012-08-19 14:37:44.0" createdStamp="2012-08-19 14:37:44.0" createdTxStamp="2012-08-19 14:37:44.0"/>
    <SecurityPermission permissionId="UTIL_CACHE_EDIT" description="Edit a UtilCache instance." lastUpdatedStamp="2012-08-19 14:37:58.0" lastUpdatedTxStamp="2012-08-19 14:37:57.0" createdStamp="2012-08-19 14:37:58.0" createdTxStamp="2012-08-19 14:37:57.0"/>
    <SecurityPermission permissionId="UTIL_CACHE_VIEW" description="View a UtilCache instance." lastUpdatedStamp="2012-08-19 14:37:58.0" lastUpdatedTxStamp="2012-08-19 14:37:57.0" createdStamp="2012-08-19 14:37:58.0" createdTxStamp="2012-08-19 14:37:57.0"/>
    <SecurityPermission permissionId="UTIL_DEBUG_EDIT" description="Edit a UtilDebug instance." lastUpdatedStamp="2012-08-19 14:37:58.0" lastUpdatedTxStamp="2012-08-19 14:37:57.0" createdStamp="2012-08-19 14:37:58.0" createdTxStamp="2012-08-19 14:37:57.0"/>
    <SecurityPermission permissionId="UTIL_DEBUG_VIEW" description="View a UtilDebug instance." lastUpdatedStamp="2012-08-19 14:37:58.0" lastUpdatedTxStamp="2012-08-19 14:37:57.0" createdStamp="2012-08-19 14:37:58.0" createdTxStamp="2012-08-19 14:37:57.0"/>
    <SecurityPermission permissionId="VISUALTHEME_ADMIN" description="ALL operations on Visual Themes and Visual Theme Resources." lastUpdatedStamp="2012-08-19 14:37:44.0" lastUpdatedTxStamp="2012-08-19 14:37:44.0" createdStamp="2012-08-19 14:37:44.0" createdTxStamp="2012-08-19 14:37:44.0"/>
    <SecurityPermission permissionId="VISUALTHEME_CREATE" description="Create Visual Themes and Visual Theme Resources." lastUpdatedStamp="2012-08-19 14:37:44.0" lastUpdatedTxStamp="2012-08-19 14:37:44.0" createdStamp="2012-08-19 14:37:44.0" createdTxStamp="2012-08-19 14:37:44.0"/>
    <SecurityPermission permissionId="VISUALTHEME_DELETE" description="Delete Visual Themes and Visual Theme Resources." lastUpdatedStamp="2012-08-19 14:37:44.0" lastUpdatedTxStamp="2012-08-19 14:37:44.0" createdStamp="2012-08-19 14:37:44.0" createdTxStamp="2012-08-19 14:37:44.0"/>
    <SecurityPermission permissionId="VISUALTHEME_UPDATE" description="Update Visual Themes and Visual Theme Resources." lastUpdatedStamp="2012-08-19 14:37:44.0" lastUpdatedTxStamp="2012-08-19 14:37:44.0" createdStamp="2012-08-19 14:37:44.0" createdTxStamp="2012-08-19 14:37:44.0"/>
    <SecurityPermission permissionId="WEBTOOLS_VIEW" description="Permission to access the WebTools Menu." lastUpdatedStamp="2012-08-19 14:37:57.0" lastUpdatedTxStamp="2012-08-19 14:37:57.0" createdStamp="2012-08-19 14:37:57.0" createdTxStamp="2012-08-19 14:37:57.0"/>
</entity-engine-xml>
