<?xml version="1.0" encoding="UTF-8"?>
<entity-engine-xml>
    <StatusItem statusId="ESR_COMPLETE" statusTypeId="ENTSYNC_RUN" statusCode="COMPLETE" sequenceId="04" description="Complete" lastUpdatedStamp="2012-08-19 14:37:57.0" lastUpdatedTxStamp="2012-08-19 14:37:57.0" createdStamp="2012-08-19 14:37:57.0" createdTxStamp="2012-08-19 14:37:57.0"/>
    <StatusItem statusId="ESR_DATA_ERROR" statusTypeId="ENTSYNC_RUN" statusCode="DATA_ERROR" sequenceId="99" description="Data Error" lastUpdatedStamp="2012-08-19 14:37:57.0" lastUpdatedTxStamp="2012-08-19 14:37:57.0" createdStamp="2012-08-19 14:37:57.0" createdTxStamp="2012-08-19 14:37:57.0"/>
    <StatusItem statusId="ESR_NOT_STARTED" statusTypeId="ENTSYNC_RUN" statusCode="NOT_STARTED" sequenceId="01" description="Not Started" lastUpdatedStamp="2012-08-19 14:37:57.0" lastUpdatedTxStamp="2012-08-19 14:37:57.0" createdStamp="2012-08-19 14:37:57.0" createdTxStamp="2012-08-19 14:37:57.0"/>
    <StatusItem statusId="ESR_OTHER_ERROR" statusTypeId="ENTSYNC_RUN" statusCode="OTHER_ERROR" sequenceId="97" description="Other Error" lastUpdatedStamp="2012-08-19 14:37:57.0" lastUpdatedTxStamp="2012-08-19 14:37:57.0" createdStamp="2012-08-19 14:37:57.0" createdTxStamp="2012-08-19 14:37:57.0"/>
    <StatusItem statusId="ESR_PENDING" statusTypeId="ENTSYNC_RUN" statusCode="PENDING" sequenceId="03" description="Offline Pending" lastUpdatedStamp="2012-08-19 14:37:57.0" lastUpdatedTxStamp="2012-08-19 14:37:57.0" createdStamp="2012-08-19 14:37:57.0" createdTxStamp="2012-08-19 14:37:57.0"/>
    <StatusItem statusId="ESR_RUNNING" statusTypeId="ENTSYNC_RUN" statusCode="RUNNING" sequenceId="02" description="Running" lastUpdatedStamp="2012-08-19 14:37:57.0" lastUpdatedTxStamp="2012-08-19 14:37:57.0" createdStamp="2012-08-19 14:37:57.0" createdTxStamp="2012-08-19 14:37:57.0"/>
    <StatusItem statusId="ESR_SERVICE_ERROR" statusTypeId="ENTSYNC_RUN" statusCode="SERVICE_ERROR" sequenceId="98" description="Service Call Error" lastUpdatedStamp="2012-08-19 14:37:57.0" lastUpdatedTxStamp="2012-08-19 14:37:57.0" createdStamp="2012-08-19 14:37:57.0" createdTxStamp="2012-08-19 14:37:57.0"/>
    <StatusItem statusId="EXST_APPROVED" statusTypeId="EXAMPLE_STATUS" statusCode="APPROVED" sequenceId="03" description="Approved" lastUpdatedStamp="2012-08-19 14:37:58.0" lastUpdatedTxStamp="2012-08-19 14:37:58.0" createdStamp="2012-08-19 14:37:58.0" createdTxStamp="2012-08-19 14:37:58.0"/>
    <StatusItem statusId="EXST_CANCELLED" statusTypeId="EXAMPLE_STATUS" statusCode="CANCELLED" sequenceId="99" description="Cancelled" lastUpdatedStamp="2012-08-19 14:37:58.0" lastUpdatedTxStamp="2012-08-19 14:37:58.0" createdStamp="2012-08-19 14:37:58.0" createdTxStamp="2012-08-19 14:37:58.0"/>
    <StatusItem statusId="EXST_COMPLETE" statusTypeId="EXAMPLE_STATUS" statusCode="COMPLETE" sequenceId="06" description="Complete" lastUpdatedStamp="2012-08-19 14:37:58.0" lastUpdatedTxStamp="2012-08-19 14:37:58.0" createdStamp="2012-08-19 14:37:58.0" createdTxStamp="2012-08-19 14:37:58.0"/>
    <StatusItem statusId="EXST_DEFINED" statusTypeId="EXAMPLE_STATUS" statusCode="DEFINED" sequenceId="02" description="Defined" lastUpdatedStamp="2012-08-19 14:37:58.0" lastUpdatedTxStamp="2012-08-19 14:37:58.0" createdStamp="2012-08-19 14:37:58.0" createdTxStamp="2012-08-19 14:37:58.0"/>
    <StatusItem statusId="EXST_IMPLEMENTED" statusTypeId="EXAMPLE_STATUS" statusCode="IMPLEMENTED" sequenceId="04" description="Implemented" lastUpdatedStamp="2012-08-19 14:37:58.0" lastUpdatedTxStamp="2012-08-19 14:37:58.0" createdStamp="2012-08-19 14:37:58.0" createdTxStamp="2012-08-19 14:37:58.0"/>
    <StatusItem statusId="EXST_IN_DESIGN" statusTypeId="EXAMPLE_STATUS" statusCode="IN_DESIGN" sequenceId="01" description="In Design" lastUpdatedStamp="2012-08-19 14:37:58.0" lastUpdatedTxStamp="2012-08-19 14:37:58.0" createdStamp="2012-08-19 14:37:58.0" createdTxStamp="2012-08-19 14:37:58.0"/>
    <StatusItem statusId="EXST_TESTED" statusTypeId="EXAMPLE_STATUS" statusCode="TESTED" sequenceId="05" description="Tested" lastUpdatedStamp="2012-08-19 14:37:58.0" lastUpdatedTxStamp="2012-08-19 14:37:58.0" createdStamp="2012-08-19 14:37:58.0" createdTxStamp="2012-08-19 14:37:58.0"/>
    <StatusItem statusId="NOT_SYNCHRONIZED" statusTypeId="SYNCHRONIZE_STATUS" statusCode="NOT_SYNCHRONIZED" sequenceId="01" description="Not-Synchronized" lastUpdatedStamp="2012-08-19 14:37:44.0" lastUpdatedTxStamp="2012-08-19 14:37:44.0" createdStamp="2012-08-19 14:37:44.0" createdTxStamp="2012-08-19 14:37:44.0"/>
    <StatusItem statusId="SERVICE_CANCELLED" statusTypeId="SERVICE_STATUS" statusCode="CANCELLED" sequenceId="99" description="Cancelled" lastUpdatedStamp="2012-08-19 14:37:57.0" lastUpdatedTxStamp="2012-08-19 14:37:57.0" createdStamp="2012-08-19 14:37:57.0" createdTxStamp="2012-08-19 14:37:57.0"/>
    <StatusItem statusId="SERVICE_CRASHED" statusTypeId="SERVICE_STATUS" statusCode="CRASHED" sequenceId="40" description="Crashed" lastUpdatedStamp="2012-08-19 14:37:57.0" lastUpdatedTxStamp="2012-08-19 14:37:57.0" createdStamp="2012-08-19 14:37:57.0" createdTxStamp="2012-08-19 14:37:57.0"/>
    <StatusItem statusId="SERVICE_FAILED" statusTypeId="SERVICE_STATUS" statusCode="FAILED" sequenceId="20" description="Failed" lastUpdatedStamp="2012-08-19 14:37:57.0" lastUpdatedTxStamp="2012-08-19 14:37:57.0" createdStamp="2012-08-19 14:37:57.0" createdTxStamp="2012-08-19 14:37:57.0"/>
    <StatusItem statusId="SERVICE_FINISHED" statusTypeId="SERVICE_STATUS" statusCode="FINISHED" sequenceId="10" description="Finished" lastUpdatedStamp="2012-08-19 14:37:57.0" lastUpdatedTxStamp="2012-08-19 14:37:57.0" createdStamp="2012-08-19 14:37:57.0" createdTxStamp="2012-08-19 14:37:57.0"/>
    <StatusItem statusId="SERVICE_PENDING" statusTypeId="SERVICE_STATUS" statusCode="PENDING" sequenceId="01" description="Pending" lastUpdatedStamp="2012-08-19 14:37:57.0" lastUpdatedTxStamp="2012-08-19 14:37:57.0" createdStamp="2012-08-19 14:37:57.0" createdTxStamp="2012-08-19 14:37:57.0"/>
    <StatusItem statusId="SERVICE_QUEUED" statusTypeId="SERVICE_STATUS" statusCode="QUEUED" sequenceId="02" description="Queued" lastUpdatedStamp="2012-08-19 14:37:57.0" lastUpdatedTxStamp="2012-08-19 14:37:57.0" createdStamp="2012-08-19 14:37:57.0" createdTxStamp="2012-08-19 14:37:57.0"/>
    <StatusItem statusId="SERVICE_RUNNING" statusTypeId="SERVICE_STATUS" statusCode="RUNNING" sequenceId="05" description="Running" lastUpdatedStamp="2012-08-19 14:37:57.0" lastUpdatedTxStamp="2012-08-19 14:37:57.0" createdStamp="2012-08-19 14:37:57.0" createdTxStamp="2012-08-19 14:37:57.0"/>
    <StatusItem statusId="SYNCHRONIZED" statusTypeId="SYNCHRONIZE_STATUS" statusCode="SYNCHRONIZED" sequenceId="02" description="Synchronized" lastUpdatedStamp="2012-08-19 14:37:44.0" lastUpdatedTxStamp="2012-08-19 14:37:44.0" createdStamp="2012-08-19 14:37:44.0" createdTxStamp="2012-08-19 14:37:44.0"/>
    <StatusItem statusId="_NA_" statusTypeId="_NA_" statusCode="_NA_" sequenceId="0" description="Not Applicable" lastUpdatedStamp="2012-08-19 14:37:44.0" lastUpdatedTxStamp="2012-08-19 14:37:44.0" createdStamp="2012-08-19 14:37:44.0" createdTxStamp="2012-08-19 14:37:44.0"/>
</entity-engine-xml>
