<?xml version="1.0" encoding="UTF-8"?>
<entity-engine-xml>
    <TSystemSerialNumber id="1a093050-2265-48a5-88d6-ce80e2b9e82d" serialDate="20120101" entityName="Unit" prefix="UNT" serialNumber="100006" initNumber="100001" description="&#35745;&#37327;&#21333;&#20301;&#32534;&#21495;" hasDate="0" lastUpdatedStamp="2012-08-19 14:38:04.0" lastUpdatedTxStamp="2012-08-19 14:38:04.0" createdStamp="2012-08-19 14:38:04.0" createdTxStamp="2012-08-19 14:38:04.0"/>
    <TSystemSerialNumber id="3e0f56cc-b81d-4005-900a-95ea2540ae8f" serialDate="20120101" entityName="Warehouse" prefix="WH" serialNumber="100005" initNumber="100001" description="&#20179;&#24211;&#32534;&#21495;" hasDate="0" lastUpdatedStamp="2012-08-19 14:38:04.0" lastUpdatedTxStamp="2012-08-19 14:38:04.0" createdStamp="2012-08-19 14:38:04.0" createdTxStamp="2012-08-19 14:38:04.0"/>
    <TSystemSerialNumber id="43f31cd1-6003-4888-af95-77a05500b4e2" serialDate="20120101" entityName="Workshop" prefix="WS" serialNumber="100002" initNumber="100001" description="&#36710;&#38388;&#32534;&#21495;" hasDate="0" lastUpdatedStamp="2012-08-22 09:30:16.0" lastUpdatedTxStamp="2012-08-22 09:30:16.0" createdStamp="2012-08-19 14:38:04.0" createdTxStamp="2012-08-19 14:38:04.0"/>
    <TSystemSerialNumber id="54222b38-4fe9-4043-99c4-4392a5dd2009" serialDate="20120101" entityName="PurchaseReturn" prefix="PRT" serialNumber="100001" initNumber="100001" description="&#37319;&#36141;&#36864;&#36135;&#21333;&#32534;&#21495;" hasDate="1" lastUpdatedStamp="2012-08-19 14:38:04.0" lastUpdatedTxStamp="2012-08-19 14:38:04.0" createdStamp="2012-08-19 14:38:04.0" createdTxStamp="2012-08-19 14:38:04.0"/>
    <TSystemSerialNumber id="6ddcb747-9c92-47cf-9ee2-184898a6f953" serialDate="20120101" entityName="ConsignReturnMaterial" prefix="CRM" serialNumber="100001" initNumber="100001" description="&#22996;&#22806;&#36864;&#26009;&#21333;&#32534;&#21495;" hasDate="1" lastUpdatedStamp="2012-08-19 14:38:04.0" lastUpdatedTxStamp="2012-08-19 14:38:04.0" createdStamp="2012-08-19 14:38:04.0" createdTxStamp="2012-08-19 14:38:04.0"/>
    <TSystemSerialNumber id="703b545c-2d6a-4ee5-8e81-36ba6aad0618" serialDate="20120101" entityName="WorkshopReturnProduct" prefix="WRP" serialNumber="100001" initNumber="100001" description="&#21046;&#36896;&#36864;&#36135;&#21333;&#32534;&#21495;" hasDate="1" lastUpdatedStamp="2012-08-19 14:38:04.0" lastUpdatedTxStamp="2012-08-19 14:38:04.0" createdStamp="2012-08-19 14:38:04.0" createdTxStamp="2012-08-19 14:38:04.0"/>
    <TSystemSerialNumber id="73c3cdf5-4f4f-4b45-b324-08bcc1e5e450" serialDate="20120101" entityName="Department" prefix="DPM" serialNumber="100001" initNumber="100001" description="&#37096;&#38376;&#32534;&#21495;" hasDate="0" lastUpdatedStamp="2012-08-19 14:38:04.0" lastUpdatedTxStamp="2012-08-19 14:38:04.0" createdStamp="2012-08-19 14:38:04.0" createdTxStamp="2012-08-19 14:38:04.0"/>
    <TSystemSerialNumber id="75cd7906-84ff-428d-bdf2-75483fe29d5d" serialDate="20120101" entityName="Customer" prefix="CUST" serialNumber="100001" initNumber="100001" description="&#23458;&#25143;&#32534;&#21495;" hasDate="0" lastUpdatedStamp="2012-08-19 14:38:04.0" lastUpdatedTxStamp="2012-08-19 14:38:04.0" createdStamp="2012-08-19 14:38:04.0" createdTxStamp="2012-08-19 14:38:04.0"/>
    <TSystemSerialNumber id="85417ea9-9aa8-4a0d-8b5f-da1aeb098c6b" serialDate="20120101" entityName="MaterialBom" prefix="MTB" serialNumber="100167" initNumber="100001" description="BOM&#21333;&#32534;&#21495;" hasDate="0" lastUpdatedStamp="2012-08-19 14:38:04.0" lastUpdatedTxStamp="2012-08-19 14:38:04.0" createdStamp="2012-08-19 14:38:04.0" createdTxStamp="2012-08-19 14:38:04.0"/>
    <TSystemSerialNumber id="8bc0a8a3-b86b-4f9f-b152-65b8365e0e7b" serialDate="20120101" entityName="Supplier" prefix="SUP" serialNumber="100011" initNumber="100001" description="&#20379;&#24212;&#21830;&#32534;&#21495;" hasDate="0" lastUpdatedStamp="2012-08-19 14:38:04.0" lastUpdatedTxStamp="2012-08-19 14:38:04.0" createdStamp="2012-08-19 14:38:04.0" createdTxStamp="2012-08-19 14:38:04.0"/>
    <TSystemSerialNumber id="8ed89357-65a5-44ae-849c-e5689a5bdacc" serialDate="20120101" entityName="ConsignWarehousing" prefix="CWS" serialNumber="100001" initNumber="100001" description="&#22996;&#22806;&#20837;&#24211;&#21333;&#32534;&#21495;" hasDate="1" lastUpdatedStamp="2012-08-19 14:38:04.0" lastUpdatedTxStamp="2012-08-19 14:38:04.0" createdStamp="2012-08-19 14:38:04.0" createdTxStamp="2012-08-19 14:38:04.0"/>
    <TSystemSerialNumber id="ab320b06-b885-4905-8b41-189831dd04e6" serialDate="20120101" entityName="ConsignDrawMaterial" prefix="CDM" serialNumber="100001" initNumber="100001" description="&#22996;&#22806;&#39046;&#26009;&#21333;&#32534;&#21495;" hasDate="1" lastUpdatedStamp="2012-08-19 14:38:04.0" lastUpdatedTxStamp="2012-08-19 14:38:04.0" createdStamp="2012-08-19 14:38:04.0" createdTxStamp="2012-08-19 14:38:04.0"/>
    <TSystemSerialNumber id="ad8fb85c-51f2-4aa4-b6f7-938d171b34d2" serialDate="20120904" entityName="WorkshopWarehousing" prefix="WWS" serialNumber="100006" initNumber="100001" description="&#21046;&#36896;&#20837;&#24211;&#21333;&#32534;&#21495;" hasDate="1" lastUpdatedStamp="2012-09-04 19:46:33.0" lastUpdatedTxStamp="2012-09-04 19:46:33.0" createdStamp="2012-08-19 14:38:04.0" createdTxStamp="2012-08-19 14:38:04.0"/>
    <TSystemSerialNumber id="af0d9cdb-f332-4696-85e8-2c4905ca33e6" serialDate="20120101" entityName="TMaterialType" prefix="MTT" serialNumber="100030" initNumber="100001" description="&#29289;&#26009;&#31867;&#21035;&#32534;&#21495;" hasDate="0" lastUpdatedStamp="2012-08-19 14:38:04.0" lastUpdatedTxStamp="2012-08-19 14:38:04.0" createdStamp="2012-08-19 14:38:04.0" createdTxStamp="2012-08-19 14:38:04.0"/>
    <TSystemSerialNumber id="b4ee20a0-9e90-4f92-99bc-ed680643f49d" serialDate="20120101" entityName="WarehouseType" prefix="WHT" serialNumber="100005" initNumber="100001" description="&#20179;&#24211;&#31867;&#22411;&#32534;&#21495;" hasDate="0" lastUpdatedStamp="2012-08-19 14:38:04.0" lastUpdatedTxStamp="2012-08-19 14:38:04.0" createdStamp="2012-08-19 14:38:04.0" createdTxStamp="2012-08-19 14:38:04.0"/>
    <TSystemSerialNumber id="d1429d1e-01e5-4557-ac56-abb25e77cbf1" serialDate="20120825" entityName="PurchaseBill" prefix="PUR" serialNumber="100006" initNumber="100001" description="&#37319;&#36141;&#21333;&#32534;&#21495;" hasDate="1" lastUpdatedStamp="2012-08-25 13:47:57.0" lastUpdatedTxStamp="2012-08-25 13:47:57.0" createdStamp="2012-08-19 14:38:04.0" createdTxStamp="2012-08-19 14:38:04.0"/>
    <TSystemSerialNumber id="d20b9ed4-973a-42b1-a10e-2bcf126a115b" serialDate="20120101" entityName="ConsignReturnProduct" prefix="CRP" serialNumber="100001" initNumber="100001" description="&#22996;&#22806;&#36864;&#36135;&#21333;&#32534;&#21495;" hasDate="1" lastUpdatedStamp="2012-08-19 14:38:04.0" lastUpdatedTxStamp="2012-08-19 14:38:04.0" createdStamp="2012-08-19 14:38:04.0" createdTxStamp="2012-08-19 14:38:04.0"/>
    <TSystemSerialNumber id="f1001eee-e7d3-44d2-8311-4cbe69a2dd6a" serialDate="20120101" entityName="TMaterial" prefix="MT" serialNumber="100001" initNumber="100001" description="&#29289;&#26009;&#32534;&#21495;" hasDate="0" lastUpdatedStamp="2012-08-19 14:38:04.0" lastUpdatedTxStamp="2012-08-19 14:38:04.0" createdStamp="2012-08-19 14:38:04.0" createdTxStamp="2012-08-19 14:38:04.0"/>
    <TSystemSerialNumber id="f541dc20-b719-477d-b6c2-daf2ed40175f" serialDate="20120825" entityName="PurchaseWarehousing" prefix="PWS" serialNumber="100006" initNumber="100001" description="&#37319;&#36141;&#20837;&#24211;&#21333;&#32534;&#21495;" hasDate="1" lastUpdatedStamp="2012-08-25 13:48:34.0" lastUpdatedTxStamp="2012-08-25 13:48:34.0" createdStamp="2012-08-19 14:38:04.0" createdTxStamp="2012-08-19 14:38:04.0"/>
    <TSystemSerialNumber id="fda3af58-243e-4dc1-8049-bb814e3ff5ed" serialDate="20120101" entityName="WorkshopReturnMaterial" prefix="WRM" serialNumber="100001" initNumber="100001" description="&#21046;&#36896;&#36864;&#26009;&#21333;&#32534;&#21495;" hasDate="1" lastUpdatedStamp="2012-08-19 14:38:04.0" lastUpdatedTxStamp="2012-08-19 14:38:04.0" createdStamp="2012-08-19 14:38:04.0" createdTxStamp="2012-08-19 14:38:04.0"/>
    <TSystemSerialNumber id="fff01d3d-a49b-4da2-ae6f-3a2b9f052d02" serialDate="20120830" entityName="WorkshopDrawMaterial" prefix="WDM" serialNumber="100019" initNumber="100001" description="&#21046;&#36896;&#39046;&#26009;&#21333;&#32534;&#21495;" hasDate="1" lastUpdatedStamp="2012-08-30 12:02:01.0" lastUpdatedTxStamp="2012-08-30 12:02:01.0" createdStamp="2012-08-19 14:38:04.0" createdTxStamp="2012-08-19 14:38:04.0"/>
</entity-engine-xml>
