<?xml version="1.0" encoding="UTF-8"?>
<entity-engine-xml>
    <TSystemUserOfRole id="06a57c48-fffc-4390-b2cb-8c2069035898" userId="luyanyi" roleId="5eb8a565-7f0a-4233-8ff0-d6704daa5492" lastUpdatedStamp="2012-08-20 13:35:56.0" lastUpdatedTxStamp="2012-08-20 13:35:56.0" createdStamp="2012-08-20 13:35:56.0" createdTxStamp="2012-08-20 13:35:56.0"/>
    <TSystemUserOfRole id="212d4abe-10b5-4a6c-b521-5115e68c2c2e" userId="luweirong" roleId="18f85a5d-1c39-44f4-9f2f-e7d64056ff8b" lastUpdatedStamp="2012-08-20 14:23:58.0" lastUpdatedTxStamp="2012-08-20 14:23:58.0" createdStamp="2012-08-20 14:23:58.0" createdTxStamp="2012-08-20 14:23:58.0"/>
    <TSystemUserOfRole id="43280c00-3a52-447a-bf70-36ec3f0e21f2" userId="scgly" roleId="04a1e33b-6715-4651-be60-b57fcc479cae" lastUpdatedStamp="2012-08-19 14:38:00.0" lastUpdatedTxStamp="2012-08-19 14:38:00.0" createdStamp="2012-08-19 14:38:00.0" createdTxStamp="2012-08-19 14:38:00.0"/>
    <TSystemUserOfRole id="4dbf1100-2510-4db5-8953-d621a9a9c013" userId="luweirong" roleId="18f85a5d-1c39-44f4-9f2f-e7d64056ff8b" lastUpdatedStamp="2012-08-20 14:23:58.0" lastUpdatedTxStamp="2012-08-20 14:23:58.0" createdStamp="2012-08-20 14:23:58.0" createdTxStamp="2012-08-20 14:23:58.0"/>
    <TSystemUserOfRole id="542561b5-e3e9-4e5c-8aaa-42cc241fb53b" userId="cgy" roleId="102a37a5-0022-4d50-af90-f61b03ea1eb4" lastUpdatedStamp="2012-08-19 14:38:00.0" lastUpdatedTxStamp="2012-08-19 14:38:00.0" createdStamp="2012-08-19 14:38:00.0" createdTxStamp="2012-08-19 14:38:00.0"/>
    <TSystemUserOfRole id="54f98ae4-2bbc-477d-9a97-52c06b4335e6" userId="luxianru" roleId="bb13cf14-fd7d-498a-a5bf-4bf0fa1e00ea" lastUpdatedStamp="2012-08-20 13:37:35.0" lastUpdatedTxStamp="2012-08-20 13:37:35.0" createdStamp="2012-08-20 13:37:35.0" createdTxStamp="2012-08-20 13:37:35.0"/>
    <TSystemUserOfRole id="5fffe3a7-09e0-4f92-8b0b-b4925e924631" userId="luxianru" roleId="5eb8a565-7f0a-4233-8ff0-d6704daa5492" lastUpdatedStamp="2012-08-20 13:37:35.0" lastUpdatedTxStamp="2012-08-20 13:37:35.0" createdStamp="2012-08-20 13:37:35.0" createdTxStamp="2012-08-20 13:37:35.0"/>
    <TSystemUserOfRole id="676727b4-235e-40a2-be05-9cc1af08638a" userId="luxianru" roleId="102a37a5-0022-4d50-af90-f61b03ea1eb4" lastUpdatedStamp="2012-08-20 13:37:35.0" lastUpdatedTxStamp="2012-08-20 13:37:35.0" createdStamp="2012-08-20 13:37:35.0" createdTxStamp="2012-08-20 13:37:35.0"/>
    <TSystemUserOfRole id="aa4c08ef-2ba8-4579-a208-83d2a9793274" userId="sjlry" roleId="5eb8a565-7f0a-4233-8ff0-d6704daa5492" lastUpdatedStamp="2012-08-19 14:38:00.0" lastUpdatedTxStamp="2012-08-19 14:38:00.0" createdStamp="2012-08-19 14:38:00.0" createdTxStamp="2012-08-19 14:38:00.0"/>
    <TSystemUserOfRole id="bebfc203-2efb-40b0-9991-f91b6258643f" userId="cgjl" roleId="bb13cf14-fd7d-498a-a5bf-4bf0fa1e00ea" lastUpdatedStamp="2012-08-19 14:38:00.0" lastUpdatedTxStamp="2012-08-19 14:38:00.0" createdStamp="2012-08-19 14:38:00.0" createdTxStamp="2012-08-19 14:38:00.0"/>
    <TSystemUserOfRole id="c4e978a2-9617-4343-809f-81236d98dc3c" userId="admin" roleId="18f85a5d-1c39-44f4-9f2f-e7d64056ff8b" lastUpdatedStamp="2012-08-19 14:38:00.0" lastUpdatedTxStamp="2012-08-19 14:38:00.0" createdStamp="2012-08-19 14:38:00.0" createdTxStamp="2012-08-19 14:38:00.0"/>
</entity-engine-xml>
