<?xml version="1.0" encoding="UTF-8"?>
<entity-engine-xml>
    <UserLogin userLoginId="admin" currentPassword="{SHA}40bd001563085fc35165329ea1ff5c5ecbdbbeef" isSystem="Y" enabled="Y" lastUpdatedStamp="2012-08-19 14:38:00.0" lastUpdatedTxStamp="2012-08-19 14:38:00.0" createdStamp="2012-08-19 14:38:00.0" createdTxStamp="2012-08-19 14:38:00.0"/>
    <UserLogin userLoginId="anonymous" enabled="N" lastUpdatedStamp="2012-08-19 14:37:44.0" lastUpdatedTxStamp="2012-08-19 14:37:43.0" createdStamp="2012-08-19 14:37:44.0" createdTxStamp="2012-08-19 14:37:43.0"/>
    <UserLogin userLoginId="cgjl" currentPassword="{SHA}40bd001563085fc35165329ea1ff5c5ecbdbbeef" isSystem="Y" enabled="Y" lastUpdatedStamp="2012-08-19 14:38:00.0" lastUpdatedTxStamp="2012-08-19 14:38:00.0" createdStamp="2012-08-19 14:38:00.0" createdTxStamp="2012-08-19 14:38:00.0"/>
    <UserLogin userLoginId="cgy" currentPassword="{SHA}40bd001563085fc35165329ea1ff5c5ecbdbbeef" isSystem="Y" enabled="Y" lastUpdatedStamp="2012-08-19 14:38:00.0" lastUpdatedTxStamp="2012-08-19 14:38:00.0" createdStamp="2012-08-19 14:38:00.0" createdTxStamp="2012-08-19 14:38:00.0"/>
    <UserLogin userLoginId="luweirong" currentPassword="{SHA}7c4a8d09ca3762af61e59520943dc26494f8941b" enabled="Y" lastUpdatedStamp="2012-08-20 14:24:03.0" lastUpdatedTxStamp="2012-08-20 14:24:03.0" createdStamp="2012-08-20 14:24:03.0" createdTxStamp="2012-08-20 14:24:03.0"/>
    <UserLogin userLoginId="luxianru" currentPassword="{SHA}827d30df5c17c17c63d54dcfb60ad16fb2aaac67" enabled="Y" lastUpdatedStamp="2012-08-21 14:41:13.0" lastUpdatedTxStamp="2012-08-21 14:41:13.0" createdStamp="2012-08-20 13:37:43.0" createdTxStamp="2012-08-20 13:37:43.0"/>
    <UserLogin userLoginId="luyanyi" currentPassword="{SHA}7c4a8d09ca3762af61e59520943dc26494f8941b" enabled="Y" lastUpdatedStamp="2012-08-20 13:36:03.0" lastUpdatedTxStamp="2012-08-20 13:36:03.0" createdStamp="2012-08-20 13:36:03.0" createdTxStamp="2012-08-20 13:36:03.0"/>
    <UserLogin userLoginId="scgly" currentPassword="{SHA}40bd001563085fc35165329ea1ff5c5ecbdbbeef" isSystem="Y" enabled="Y" lastUpdatedStamp="2012-08-19 14:38:00.0" lastUpdatedTxStamp="2012-08-19 14:38:00.0" createdStamp="2012-08-19 14:38:00.0" createdTxStamp="2012-08-19 14:38:00.0"/>
    <UserLogin userLoginId="sjlry" currentPassword="{SHA}40bd001563085fc35165329ea1ff5c5ecbdbbeef" isSystem="Y" enabled="Y" lastUpdatedStamp="2012-08-19 14:38:00.0" lastUpdatedTxStamp="2012-08-19 14:38:00.0" createdStamp="2012-08-19 14:38:00.0" createdTxStamp="2012-08-19 14:38:00.0"/>
    <UserLogin userLoginId="system" isSystem="Y" enabled="N" lastUpdatedStamp="2012-08-19 14:37:44.0" lastUpdatedTxStamp="2012-08-19 14:37:43.0" createdStamp="2012-08-19 14:37:44.0" createdTxStamp="2012-08-19 14:37:43.0"/>
</entity-engine-xml>
