<?xml version="1.0" encoding="UTF-8"?>
<entity-engine-xml>
    <Visitor visitorId="10000" lastUpdatedStamp="2012-08-20 13:27:24.0" lastUpdatedTxStamp="2012-08-20 13:27:24.0" createdStamp="2012-08-20 13:27:24.0" createdTxStamp="2012-08-20 13:27:24.0"/>
    <Visitor visitorId="10001" lastUpdatedStamp="2012-08-20 13:27:24.0" lastUpdatedTxStamp="2012-08-20 13:27:24.0" createdStamp="2012-08-20 13:27:24.0" createdTxStamp="2012-08-20 13:27:24.0"/>
    <Visitor visitorId="10002" lastUpdatedStamp="2012-08-20 13:27:24.0" lastUpdatedTxStamp="2012-08-20 13:27:24.0" createdStamp="2012-08-20 13:27:24.0" createdTxStamp="2012-08-20 13:27:24.0"/>
    <Visitor visitorId="10003" lastUpdatedStamp="2012-08-20 13:27:24.0" lastUpdatedTxStamp="2012-08-20 13:27:24.0" createdStamp="2012-08-20 13:27:24.0" createdTxStamp="2012-08-20 13:27:24.0"/>
    <Visitor visitorId="10004" lastUpdatedStamp="2012-08-20 13:27:24.0" lastUpdatedTxStamp="2012-08-20 13:27:24.0" createdStamp="2012-08-20 13:27:24.0" createdTxStamp="2012-08-20 13:27:24.0"/>
    <Visitor visitorId="10005" lastUpdatedStamp="2012-08-20 13:27:24.0" lastUpdatedTxStamp="2012-08-20 13:27:24.0" createdStamp="2012-08-20 13:27:24.0" createdTxStamp="2012-08-20 13:27:24.0"/>
    <Visitor visitorId="10006" lastUpdatedStamp="2012-08-20 13:27:24.0" lastUpdatedTxStamp="2012-08-20 13:27:24.0" createdStamp="2012-08-20 13:27:24.0" createdTxStamp="2012-08-20 13:27:24.0"/>
    <Visitor visitorId="10007" lastUpdatedStamp="2012-08-20 13:27:25.0" lastUpdatedTxStamp="2012-08-20 13:27:25.0" createdStamp="2012-08-20 13:27:25.0" createdTxStamp="2012-08-20 13:27:25.0"/>
    <Visitor visitorId="10008" lastUpdatedStamp="2012-08-20 13:27:25.0" lastUpdatedTxStamp="2012-08-20 13:27:25.0" createdStamp="2012-08-20 13:27:25.0" createdTxStamp="2012-08-20 13:27:25.0"/>
    <Visitor visitorId="10009" lastUpdatedStamp="2012-08-20 13:27:25.0" lastUpdatedTxStamp="2012-08-20 13:27:25.0" createdStamp="2012-08-20 13:27:25.0" createdTxStamp="2012-08-20 13:27:25.0"/>
    <Visitor visitorId="10010" userLoginId="luyanyi" lastUpdatedStamp="2012-09-04 19:51:46.0" lastUpdatedTxStamp="2012-09-04 19:51:46.0" createdStamp="2012-08-20 13:27:25.0" createdTxStamp="2012-08-20 13:27:25.0"/>
    <Visitor visitorId="10011" lastUpdatedStamp="2012-08-20 13:27:25.0" lastUpdatedTxStamp="2012-08-20 13:27:25.0" createdStamp="2012-08-20 13:27:25.0" createdTxStamp="2012-08-20 13:27:25.0"/>
    <Visitor visitorId="10012" lastUpdatedStamp="2012-08-20 13:27:25.0" lastUpdatedTxStamp="2012-08-20 13:27:25.0" createdStamp="2012-08-20 13:27:25.0" createdTxStamp="2012-08-20 13:27:25.0"/>
    <Visitor visitorId="10013" lastUpdatedStamp="2012-08-20 13:27:25.0" lastUpdatedTxStamp="2012-08-20 13:27:25.0" createdStamp="2012-08-20 13:27:25.0" createdTxStamp="2012-08-20 13:27:25.0"/>
    <Visitor visitorId="10014" lastUpdatedStamp="2012-08-20 13:27:25.0" lastUpdatedTxStamp="2012-08-20 13:27:25.0" createdStamp="2012-08-20 13:27:25.0" createdTxStamp="2012-08-20 13:27:25.0"/>
    <Visitor visitorId="10015" lastUpdatedStamp="2012-08-20 13:27:25.0" lastUpdatedTxStamp="2012-08-20 13:27:25.0" createdStamp="2012-08-20 13:27:25.0" createdTxStamp="2012-08-20 13:27:25.0"/>
    <Visitor visitorId="10016" lastUpdatedStamp="2012-08-20 13:27:25.0" lastUpdatedTxStamp="2012-08-20 13:27:25.0" createdStamp="2012-08-20 13:27:25.0" createdTxStamp="2012-08-20 13:27:25.0"/>
    <Visitor visitorId="10017" lastUpdatedStamp="2012-08-20 13:27:25.0" lastUpdatedTxStamp="2012-08-20 13:27:25.0" createdStamp="2012-08-20 13:27:25.0" createdTxStamp="2012-08-20 13:27:25.0"/>
    <Visitor visitorId="10018" userLoginId="LUXIANRU" lastUpdatedStamp="2012-08-25 16:43:34.0" lastUpdatedTxStamp="2012-08-25 16:43:34.0" createdStamp="2012-08-20 13:27:25.0" createdTxStamp="2012-08-20 13:27:25.0"/>
</entity-engine-xml>
