<?xml version="1.0" encoding="UTF-8"?>
<entity-engine-xml>
    <VisualThemeResource visualThemeId="BIZZNESS_TIME" resourceTypeEnumId="VT_DOCBOOKSTYLESHEET" sequenceId="01" resourceValue="/bizznesstime/webapp/bizznesstime/css/docbook.css" lastUpdatedStamp="2012-08-19 14:37:58.0" lastUpdatedTxStamp="2012-08-19 14:37:58.0" createdStamp="2012-08-19 14:37:58.0" createdTxStamp="2012-08-19 14:37:58.0"/>
    <VisualThemeResource visualThemeId="BIZZNESS_TIME" resourceTypeEnumId="VT_FTR_TMPLT_LOC" sequenceId="01" resourceValue="component://bizznesstime/includes/footer.ftl" lastUpdatedStamp="2012-08-19 14:37:58.0" lastUpdatedTxStamp="2012-08-19 14:37:58.0" createdStamp="2012-08-19 14:37:58.0" createdTxStamp="2012-08-19 14:37:58.0"/>
    <VisualThemeResource visualThemeId="BIZZNESS_TIME" resourceTypeEnumId="VT_HDR_IMAGE_URL" sequenceId="01" resourceValue="/images/ofbiz_logo.gif" lastUpdatedStamp="2012-08-19 14:37:58.0" lastUpdatedTxStamp="2012-08-19 14:37:58.0" createdStamp="2012-08-19 14:37:58.0" createdTxStamp="2012-08-19 14:37:58.0"/>
    <VisualThemeResource visualThemeId="BIZZNESS_TIME" resourceTypeEnumId="VT_HDR_JAVASCRIPT" sequenceId="01" resourceValue="/bizznesstime/js/application.js" lastUpdatedStamp="2012-08-19 14:37:58.0" lastUpdatedTxStamp="2012-08-19 14:37:58.0" createdStamp="2012-08-19 14:37:58.0" createdTxStamp="2012-08-19 14:37:58.0"/>
    <VisualThemeResource visualThemeId="BIZZNESS_TIME" resourceTypeEnumId="VT_HDR_TMPLT_LOC" sequenceId="01" resourceValue="component://bizznesstime/includes/header.ftl" lastUpdatedStamp="2012-08-19 14:37:58.0" lastUpdatedTxStamp="2012-08-19 14:37:58.0" createdStamp="2012-08-19 14:37:58.0" createdTxStamp="2012-08-19 14:37:58.0"/>
    <VisualThemeResource visualThemeId="BIZZNESS_TIME" resourceTypeEnumId="VT_HELPSTYLESHEET" sequenceId="01" resourceValue="/bizznesstime/css/help.css" lastUpdatedStamp="2012-08-19 14:37:58.0" lastUpdatedTxStamp="2012-08-19 14:37:58.0" createdStamp="2012-08-19 14:37:58.0" createdTxStamp="2012-08-19 14:37:58.0"/>
    <VisualThemeResource visualThemeId="BIZZNESS_TIME" resourceTypeEnumId="VT_MSG_TMPLT_LOC" sequenceId="01" resourceValue="component://bizznesstime/includes/messages.ftl" lastUpdatedStamp="2012-08-19 14:37:58.0" lastUpdatedTxStamp="2012-08-19 14:37:58.0" createdStamp="2012-08-19 14:37:58.0" createdTxStamp="2012-08-19 14:37:58.0"/>
    <VisualThemeResource visualThemeId="BIZZNESS_TIME" resourceTypeEnumId="VT_NAME" sequenceId="01" resourceValue="BIZZNESS_TIME" lastUpdatedStamp="2012-08-19 14:37:58.0" lastUpdatedTxStamp="2012-08-19 14:37:58.0" createdStamp="2012-08-19 14:37:58.0" createdTxStamp="2012-08-19 14:37:58.0"/>
    <VisualThemeResource visualThemeId="BIZZNESS_TIME" resourceTypeEnumId="VT_NAV_TMPLT_LOC" sequenceId="01" resourceValue="component://bizznesstime/includes/appbar.ftl" lastUpdatedStamp="2012-08-19 14:37:58.0" lastUpdatedTxStamp="2012-08-19 14:37:58.0" createdStamp="2012-08-19 14:37:58.0" createdTxStamp="2012-08-19 14:37:58.0"/>
    <VisualThemeResource visualThemeId="BIZZNESS_TIME" resourceTypeEnumId="VT_SCREENSHOT" sequenceId="01" resourceValue="/bizznesstime/screenshot.jpg" lastUpdatedStamp="2012-08-19 14:37:58.0" lastUpdatedTxStamp="2012-08-19 14:37:58.0" createdStamp="2012-08-19 14:37:58.0" createdTxStamp="2012-08-19 14:37:58.0"/>
    <VisualThemeResource visualThemeId="BIZZNESS_TIME" resourceTypeEnumId="VT_SHORTCUT_ICON" sequenceId="01" resourceValue="/images/ofbiz.ico" lastUpdatedStamp="2012-08-19 14:37:58.0" lastUpdatedTxStamp="2012-08-19 14:37:58.0" createdStamp="2012-08-19 14:37:58.0" createdTxStamp="2012-08-19 14:37:58.0"/>
    <VisualThemeResource visualThemeId="BIZZNESS_TIME" resourceTypeEnumId="VT_STYLESHEET" sequenceId="01" resourceValue="/bizznesstime/css/style.css" lastUpdatedStamp="2012-08-19 14:37:58.0" lastUpdatedTxStamp="2012-08-19 14:37:58.0" createdStamp="2012-08-19 14:37:58.0" createdTxStamp="2012-08-19 14:37:58.0"/>
    <VisualThemeResource visualThemeId="BLUELIGHT" resourceTypeEnumId="VT_DOCBOOKSTYLESHEET" sequenceId="01" resourceValue="/bluelight/webapp/bluelight/docbook.css" lastUpdatedStamp="2012-08-19 14:37:58.0" lastUpdatedTxStamp="2012-08-19 14:37:58.0" createdStamp="2012-08-19 14:37:58.0" createdTxStamp="2012-08-19 14:37:58.0"/>
    <VisualThemeResource visualThemeId="BLUELIGHT" resourceTypeEnumId="VT_FTR_TMPLT_LOC" sequenceId="01" resourceValue="component://bluelight/includes/footer.ftl" lastUpdatedStamp="2012-08-19 14:37:58.0" lastUpdatedTxStamp="2012-08-19 14:37:58.0" createdStamp="2012-08-19 14:37:58.0" createdTxStamp="2012-08-19 14:37:58.0"/>
    <VisualThemeResource visualThemeId="BLUELIGHT" resourceTypeEnumId="VT_HDR_IMAGE_URL" sequenceId="01" resourceValue="/images/ofbiz_logo.gif" lastUpdatedStamp="2012-08-19 14:37:58.0" lastUpdatedTxStamp="2012-08-19 14:37:58.0" createdStamp="2012-08-19 14:37:58.0" createdTxStamp="2012-08-19 14:37:58.0"/>
    <VisualThemeResource visualThemeId="BLUELIGHT" resourceTypeEnumId="VT_HDR_JAVASCRIPT" sequenceId="01" resourceValue="/bluelight/dropdown.js" lastUpdatedStamp="2012-08-19 14:37:58.0" lastUpdatedTxStamp="2012-08-19 14:37:58.0" createdStamp="2012-08-19 14:37:58.0" createdTxStamp="2012-08-19 14:37:58.0"/>
    <VisualThemeResource visualThemeId="BLUELIGHT" resourceTypeEnumId="VT_HDR_TMPLT_LOC" sequenceId="01" resourceValue="component://bluelight/includes/header.ftl" lastUpdatedStamp="2012-08-19 14:37:58.0" lastUpdatedTxStamp="2012-08-19 14:37:58.0" createdStamp="2012-08-19 14:37:58.0" createdTxStamp="2012-08-19 14:37:58.0"/>
    <VisualThemeResource visualThemeId="BLUELIGHT" resourceTypeEnumId="VT_HELPSTYLESHEET" sequenceId="01" resourceValue="/bluelight/help.css" lastUpdatedStamp="2012-08-19 14:37:58.0" lastUpdatedTxStamp="2012-08-19 14:37:58.0" createdStamp="2012-08-19 14:37:58.0" createdTxStamp="2012-08-19 14:37:58.0"/>
    <VisualThemeResource visualThemeId="BLUELIGHT" resourceTypeEnumId="VT_MSG_TMPLT_LOC" sequenceId="01" resourceValue="component://bluelight/includes/messages.ftl" lastUpdatedStamp="2012-08-19 14:37:58.0" lastUpdatedTxStamp="2012-08-19 14:37:58.0" createdStamp="2012-08-19 14:37:58.0" createdTxStamp="2012-08-19 14:37:58.0"/>
    <VisualThemeResource visualThemeId="BLUELIGHT" resourceTypeEnumId="VT_NAME" sequenceId="01" resourceValue="BLUELIGHT" lastUpdatedStamp="2012-08-19 14:37:58.0" lastUpdatedTxStamp="2012-08-19 14:37:58.0" createdStamp="2012-08-19 14:37:58.0" createdTxStamp="2012-08-19 14:37:58.0"/>
    <VisualThemeResource visualThemeId="BLUELIGHT" resourceTypeEnumId="VT_NAV_CLOSE_TMPLT" sequenceId="01" resourceValue="component://bluelight/includes/appbarClose.ftl" lastUpdatedStamp="2012-08-19 14:37:58.0" lastUpdatedTxStamp="2012-08-19 14:37:58.0" createdStamp="2012-08-19 14:37:58.0" createdTxStamp="2012-08-19 14:37:58.0"/>
    <VisualThemeResource visualThemeId="BLUELIGHT" resourceTypeEnumId="VT_NAV_OPEN_TMPLT" sequenceId="01" resourceValue="component://bluelight/includes/appbarOpen.ftl" lastUpdatedStamp="2012-08-19 14:37:58.0" lastUpdatedTxStamp="2012-08-19 14:37:58.0" createdStamp="2012-08-19 14:37:58.0" createdTxStamp="2012-08-19 14:37:58.0"/>
    <VisualThemeResource visualThemeId="BLUELIGHT" resourceTypeEnumId="VT_SCREENSHOT" sequenceId="01" resourceValue="/bluelight/screenshot.jpg" lastUpdatedStamp="2012-08-19 14:37:58.0" lastUpdatedTxStamp="2012-08-19 14:37:58.0" createdStamp="2012-08-19 14:37:58.0" createdTxStamp="2012-08-19 14:37:58.0"/>
    <VisualThemeResource visualThemeId="BLUELIGHT" resourceTypeEnumId="VT_SHORTCUT_ICON" sequenceId="01" resourceValue="/images/ofbiz.ico" lastUpdatedStamp="2012-08-19 14:37:58.0" lastUpdatedTxStamp="2012-08-19 14:37:58.0" createdStamp="2012-08-19 14:37:58.0" createdTxStamp="2012-08-19 14:37:58.0"/>
    <VisualThemeResource visualThemeId="BLUELIGHT" resourceTypeEnumId="VT_STYLESHEET" sequenceId="01" resourceValue="/bluelight/style.css" lastUpdatedStamp="2012-08-19 14:37:58.0" lastUpdatedTxStamp="2012-08-19 14:37:58.0" createdStamp="2012-08-19 14:37:58.0" createdTxStamp="2012-08-19 14:37:58.0"/>
    <VisualThemeResource visualThemeId="DROPPINGCRUMBS" resourceTypeEnumId="VT_DOCBOOKSTYLESHEET" sequenceId="01" resourceValue="/droppingcrumbs/webapp/droppingcrumbs/css/docbook.css" lastUpdatedStamp="2012-08-19 14:37:58.0" lastUpdatedTxStamp="2012-08-19 14:37:58.0" createdStamp="2012-08-19 14:37:58.0" createdTxStamp="2012-08-19 14:37:58.0"/>
    <VisualThemeResource visualThemeId="DROPPINGCRUMBS" resourceTypeEnumId="VT_FTR_TMPLT_LOC" sequenceId="01" resourceValue="component://droppingcrumbs/includes/footer.ftl" lastUpdatedStamp="2012-08-19 14:37:58.0" lastUpdatedTxStamp="2012-08-19 14:37:58.0" createdStamp="2012-08-19 14:37:58.0" createdTxStamp="2012-08-19 14:37:58.0"/>
    <VisualThemeResource visualThemeId="DROPPINGCRUMBS" resourceTypeEnumId="VT_HDR_IMAGE_URL" sequenceId="01" resourceValue="/images/ofbiz_logo.gif" lastUpdatedStamp="2012-08-19 14:37:58.0" lastUpdatedTxStamp="2012-08-19 14:37:58.0" createdStamp="2012-08-19 14:37:58.0" createdTxStamp="2012-08-19 14:37:58.0"/>
    <VisualThemeResource visualThemeId="DROPPINGCRUMBS" resourceTypeEnumId="VT_HDR_JAVASCRIPT" sequenceId="01" resourceValue="/droppingcrumbs/js/dropdown.js" lastUpdatedStamp="2012-08-19 14:37:58.0" lastUpdatedTxStamp="2012-08-19 14:37:58.0" createdStamp="2012-08-19 14:37:58.0" createdTxStamp="2012-08-19 14:37:58.0"/>
    <VisualThemeResource visualThemeId="DROPPINGCRUMBS" resourceTypeEnumId="VT_HDR_TMPLT_LOC" sequenceId="01" resourceValue="component://droppingcrumbs/includes/header.ftl" lastUpdatedStamp="2012-08-19 14:37:58.0" lastUpdatedTxStamp="2012-08-19 14:37:58.0" createdStamp="2012-08-19 14:37:58.0" createdTxStamp="2012-08-19 14:37:58.0"/>
    <VisualThemeResource visualThemeId="DROPPINGCRUMBS" resourceTypeEnumId="VT_HELPSTYLESHEET" sequenceId="01" resourceValue="/droppingcrumbs/css/help.css" lastUpdatedStamp="2012-08-19 14:37:58.0" lastUpdatedTxStamp="2012-08-19 14:37:58.0" createdStamp="2012-08-19 14:37:58.0" createdTxStamp="2012-08-19 14:37:58.0"/>
    <VisualThemeResource visualThemeId="DROPPINGCRUMBS" resourceTypeEnumId="VT_MSG_TMPLT_LOC" sequenceId="01" resourceValue="component://common/webcommon/includes/messages.ftl" lastUpdatedStamp="2012-08-19 14:37:58.0" lastUpdatedTxStamp="2012-08-19 14:37:58.0" createdStamp="2012-08-19 14:37:58.0" createdTxStamp="2012-08-19 14:37:58.0"/>
    <VisualThemeResource visualThemeId="DROPPINGCRUMBS" resourceTypeEnumId="VT_NAME" sequenceId="01" resourceValue="DROPPINGCRUMBS" lastUpdatedStamp="2012-08-19 14:37:58.0" lastUpdatedTxStamp="2012-08-19 14:37:58.0" createdStamp="2012-08-19 14:37:58.0" createdTxStamp="2012-08-19 14:37:58.0"/>
    <VisualThemeResource visualThemeId="DROPPINGCRUMBS" resourceTypeEnumId="VT_NAV_CLOSE_TMPLT" sequenceId="01" resourceValue="component://droppingcrumbs/includes/appbarClose.ftl" lastUpdatedStamp="2012-08-19 14:37:58.0" lastUpdatedTxStamp="2012-08-19 14:37:58.0" createdStamp="2012-08-19 14:37:58.0" createdTxStamp="2012-08-19 14:37:58.0"/>
    <VisualThemeResource visualThemeId="DROPPINGCRUMBS" resourceTypeEnumId="VT_NAV_OPEN_TMPLT" sequenceId="01" resourceValue="component://droppingcrumbs/includes/appbarOpen.ftl" lastUpdatedStamp="2012-08-19 14:37:58.0" lastUpdatedTxStamp="2012-08-19 14:37:58.0" createdStamp="2012-08-19 14:37:58.0" createdTxStamp="2012-08-19 14:37:58.0"/>
    <VisualThemeResource visualThemeId="DROPPINGCRUMBS" resourceTypeEnumId="VT_SCREENSHOT" sequenceId="01" resourceValue="/droppingcrumbs/screenshot.jpg" lastUpdatedStamp="2012-08-19 14:37:58.0" lastUpdatedTxStamp="2012-08-19 14:37:58.0" createdStamp="2012-08-19 14:37:58.0" createdTxStamp="2012-08-19 14:37:58.0"/>
    <VisualThemeResource visualThemeId="DROPPINGCRUMBS" resourceTypeEnumId="VT_SHORTCUT_ICON" sequenceId="01" resourceValue="/images/ofbiz.ico" lastUpdatedStamp="2012-08-19 14:37:58.0" lastUpdatedTxStamp="2012-08-19 14:37:58.0" createdStamp="2012-08-19 14:37:58.0" createdTxStamp="2012-08-19 14:37:58.0"/>
    <VisualThemeResource visualThemeId="DROPPINGCRUMBS" resourceTypeEnumId="VT_STYLESHEET" sequenceId="01" resourceValue="/droppingcrumbs/css/style.css" lastUpdatedStamp="2012-08-19 14:37:58.0" lastUpdatedTxStamp="2012-08-19 14:37:58.0" createdStamp="2012-08-19 14:37:58.0" createdTxStamp="2012-08-19 14:37:58.0"/>
    <VisualThemeResource visualThemeId="FLAT_GREY" resourceTypeEnumId="VT_DOCBOOKSTYLESHEET" sequenceId="01" resourceValue="/flatgrey/webapp/flatgrey/docbook.css" lastUpdatedStamp="2012-08-19 14:37:58.0" lastUpdatedTxStamp="2012-08-19 14:37:58.0" createdStamp="2012-08-19 14:37:58.0" createdTxStamp="2012-08-19 14:37:58.0"/>
    <VisualThemeResource visualThemeId="FLAT_GREY" resourceTypeEnumId="VT_FTR_TMPLT_LOC" sequenceId="01" resourceValue="component://flatgrey/includes/footer.ftl" lastUpdatedStamp="2012-08-19 14:37:58.0" lastUpdatedTxStamp="2012-08-19 14:37:58.0" createdStamp="2012-08-19 14:37:58.0" createdTxStamp="2012-08-19 14:37:58.0"/>
    <VisualThemeResource visualThemeId="FLAT_GREY" resourceTypeEnumId="VT_HDR_IMAGE_URL" sequenceId="01" resourceValue="/images/ofbiz_logo.gif" lastUpdatedStamp="2012-08-19 14:37:58.0" lastUpdatedTxStamp="2012-08-19 14:37:58.0" createdStamp="2012-08-19 14:37:58.0" createdTxStamp="2012-08-19 14:37:58.0"/>
    <VisualThemeResource visualThemeId="FLAT_GREY" resourceTypeEnumId="VT_HDR_TMPLT_LOC" sequenceId="01" resourceValue="component://flatgrey/includes/header.ftl" lastUpdatedStamp="2012-08-19 14:37:58.0" lastUpdatedTxStamp="2012-08-19 14:37:58.0" createdStamp="2012-08-19 14:37:58.0" createdTxStamp="2012-08-19 14:37:58.0"/>
    <VisualThemeResource visualThemeId="FLAT_GREY" resourceTypeEnumId="VT_HELPSTYLESHEET" sequenceId="01" resourceValue="/flatgrey/help.css" lastUpdatedStamp="2012-08-19 14:37:58.0" lastUpdatedTxStamp="2012-08-19 14:37:58.0" createdStamp="2012-08-19 14:37:58.0" createdTxStamp="2012-08-19 14:37:58.0"/>
    <VisualThemeResource visualThemeId="FLAT_GREY" resourceTypeEnumId="VT_MSG_TMPLT_LOC" sequenceId="01" resourceValue="component://common/webcommon/includes/messages.ftl" lastUpdatedStamp="2012-08-19 14:37:58.0" lastUpdatedTxStamp="2012-08-19 14:37:58.0" createdStamp="2012-08-19 14:37:58.0" createdTxStamp="2012-08-19 14:37:58.0"/>
    <VisualThemeResource visualThemeId="FLAT_GREY" resourceTypeEnumId="VT_NAME" sequenceId="01" resourceValue="FLAT_GREY" lastUpdatedStamp="2012-08-19 14:37:58.0" lastUpdatedTxStamp="2012-08-19 14:37:58.0" createdStamp="2012-08-19 14:37:58.0" createdTxStamp="2012-08-19 14:37:58.0"/>
    <VisualThemeResource visualThemeId="FLAT_GREY" resourceTypeEnumId="VT_NAV_TMPLT_LOC" sequenceId="01" resourceValue="component://flatgrey/includes/appbar.ftl" lastUpdatedStamp="2012-08-19 14:37:58.0" lastUpdatedTxStamp="2012-08-19 14:37:58.0" createdStamp="2012-08-19 14:37:58.0" createdTxStamp="2012-08-19 14:37:58.0"/>
    <VisualThemeResource visualThemeId="FLAT_GREY" resourceTypeEnumId="VT_RTL_STYLESHEET" sequenceId="01" resourceValue="/flatgrey/mainrtl.css" lastUpdatedStamp="2012-08-19 14:37:58.0" lastUpdatedTxStamp="2012-08-19 14:37:58.0" createdStamp="2012-08-19 14:37:58.0" createdTxStamp="2012-08-19 14:37:58.0"/>
    <VisualThemeResource visualThemeId="FLAT_GREY" resourceTypeEnumId="VT_SCREENSHOT" sequenceId="01" resourceValue="/flatgrey/screenshot.gif" lastUpdatedStamp="2012-08-19 14:37:58.0" lastUpdatedTxStamp="2012-08-19 14:37:58.0" createdStamp="2012-08-19 14:37:58.0" createdTxStamp="2012-08-19 14:37:58.0"/>
    <VisualThemeResource visualThemeId="FLAT_GREY" resourceTypeEnumId="VT_SHORTCUT_ICON" sequenceId="01" resourceValue="/images/ofbiz.ico" lastUpdatedStamp="2012-08-19 14:37:58.0" lastUpdatedTxStamp="2012-08-19 14:37:58.0" createdStamp="2012-08-19 14:37:58.0" createdTxStamp="2012-08-19 14:37:58.0"/>
    <VisualThemeResource visualThemeId="FLAT_GREY" resourceTypeEnumId="VT_STYLESHEET" sequenceId="01" resourceValue="/flatgrey/maincss.css" lastUpdatedStamp="2012-08-19 14:37:58.0" lastUpdatedTxStamp="2012-08-19 14:37:58.0" createdStamp="2012-08-19 14:37:58.0" createdTxStamp="2012-08-19 14:37:58.0"/>
    <VisualThemeResource visualThemeId="MULTIFLEX" resourceTypeEnumId="VT_FTR_TMPLT_LOC" sequenceId="01" resourceValue="component://multiflex/includes/footer.ftl" lastUpdatedStamp="2012-08-19 14:37:58.0" lastUpdatedTxStamp="2012-08-19 14:37:58.0" createdStamp="2012-08-19 14:37:58.0" createdTxStamp="2012-08-19 14:37:58.0"/>
    <VisualThemeResource visualThemeId="MULTIFLEX" resourceTypeEnumId="VT_HDR_IMAGE_URL" sequenceId="01" resourceValue="/images/ofbiz_logo.gif" lastUpdatedStamp="2012-08-19 14:37:58.0" lastUpdatedTxStamp="2012-08-19 14:37:58.0" createdStamp="2012-08-19 14:37:58.0" createdTxStamp="2012-08-19 14:37:58.0"/>
    <VisualThemeResource visualThemeId="MULTIFLEX" resourceTypeEnumId="VT_HDR_TMPLT_LOC" sequenceId="01" resourceValue="component://multiflex/includes/header.ftl" lastUpdatedStamp="2012-08-19 14:37:58.0" lastUpdatedTxStamp="2012-08-19 14:37:58.0" createdStamp="2012-08-19 14:37:58.0" createdTxStamp="2012-08-19 14:37:58.0"/>
    <VisualThemeResource visualThemeId="MULTIFLEX" resourceTypeEnumId="VT_SCREENSHOT" sequenceId="01" resourceValue="/multiflex/screenshot.jpg" lastUpdatedStamp="2012-08-19 14:37:58.0" lastUpdatedTxStamp="2012-08-19 14:37:58.0" createdStamp="2012-08-19 14:37:58.0" createdTxStamp="2012-08-19 14:37:58.0"/>
    <VisualThemeResource visualThemeId="MULTIFLEX" resourceTypeEnumId="VT_SHORTCUT_ICON" sequenceId="01" resourceValue="/images/ofbiz.ico" lastUpdatedStamp="2012-08-19 14:37:58.0" lastUpdatedTxStamp="2012-08-19 14:37:58.0" createdStamp="2012-08-19 14:37:58.0" createdTxStamp="2012-08-19 14:37:58.0"/>
    <VisualThemeResource visualThemeId="MULTIFLEX" resourceTypeEnumId="VT_STYLESHEET" sequenceId="01" resourceValue="/ecommerce/images/blog.css" lastUpdatedStamp="2012-08-19 14:37:58.0" lastUpdatedTxStamp="2012-08-19 14:37:58.0" createdStamp="2012-08-19 14:37:58.0" createdTxStamp="2012-08-19 14:37:58.0"/>
    <VisualThemeResource visualThemeId="MULTIFLEX" resourceTypeEnumId="VT_STYLESHEET" sequenceId="02" resourceValue="/multiflex/style.css" lastUpdatedStamp="2012-08-19 14:37:58.0" lastUpdatedTxStamp="2012-08-19 14:37:58.0" createdStamp="2012-08-19 14:37:58.0" createdTxStamp="2012-08-19 14:37:58.0"/>
    <VisualThemeResource visualThemeId="MULTIFLEX" resourceTypeEnumId="VT_STYLESHEET" sequenceId="03" resourceValue="/images/prototypejs/popup.css" lastUpdatedStamp="2012-08-19 14:37:58.0" lastUpdatedTxStamp="2012-08-19 14:37:58.0" createdStamp="2012-08-19 14:37:58.0" createdTxStamp="2012-08-19 14:37:58.0"/>
    <VisualThemeResource visualThemeId="MULTIFLEX" resourceTypeEnumId="VT_STYLESHEET" sequenceId="04" resourceValue="/content/images/contentForum.css" lastUpdatedStamp="2012-08-19 14:37:58.0" lastUpdatedTxStamp="2012-08-19 14:37:58.0" createdStamp="2012-08-19 14:37:58.0" createdTxStamp="2012-08-19 14:37:58.0"/>
    <VisualThemeResource visualThemeId="TOMAHAWK" resourceTypeEnumId="VT_DOCBOOKSTYLESHEET" sequenceId="01" resourceValue="/tomahawk/webapp/tomahawk/css/docbook.css" lastUpdatedStamp="2012-08-19 14:37:58.0" lastUpdatedTxStamp="2012-08-19 14:37:58.0" createdStamp="2012-08-19 14:37:58.0" createdTxStamp="2012-08-19 14:37:58.0"/>
    <VisualThemeResource visualThemeId="TOMAHAWK" resourceTypeEnumId="VT_FTR_TMPLT_LOC" sequenceId="01" resourceValue="component://tomahawk/includes/footer.ftl" lastUpdatedStamp="2012-08-19 14:37:58.0" lastUpdatedTxStamp="2012-08-19 14:37:58.0" createdStamp="2012-08-19 14:37:58.0" createdTxStamp="2012-08-19 14:37:58.0"/>
    <VisualThemeResource visualThemeId="TOMAHAWK" resourceTypeEnumId="VT_HDR_IMAGE_URL" sequenceId="01" resourceValue="/images/ofbiz_logo.gif" lastUpdatedStamp="2012-08-19 14:37:58.0" lastUpdatedTxStamp="2012-08-19 14:37:58.0" createdStamp="2012-08-19 14:37:58.0" createdTxStamp="2012-08-19 14:37:58.0"/>
    <VisualThemeResource visualThemeId="TOMAHAWK" resourceTypeEnumId="VT_HDR_JAVASCRIPT" sequenceId="01" resourceValue="/tomahawk/js/dropdown.js" lastUpdatedStamp="2012-08-19 14:37:58.0" lastUpdatedTxStamp="2012-08-19 14:37:58.0" createdStamp="2012-08-19 14:37:58.0" createdTxStamp="2012-08-19 14:37:58.0"/>
    <VisualThemeResource visualThemeId="TOMAHAWK" resourceTypeEnumId="VT_HDR_TMPLT_LOC" sequenceId="01" resourceValue="component://tomahawk/includes/header.ftl" lastUpdatedStamp="2012-08-19 14:37:58.0" lastUpdatedTxStamp="2012-08-19 14:37:58.0" createdStamp="2012-08-19 14:37:58.0" createdTxStamp="2012-08-19 14:37:58.0"/>
    <VisualThemeResource visualThemeId="TOMAHAWK" resourceTypeEnumId="VT_HELPSTYLESHEET" sequenceId="01" resourceValue="/tomahawk/css/help.css" lastUpdatedStamp="2012-08-19 14:37:58.0" lastUpdatedTxStamp="2012-08-19 14:37:58.0" createdStamp="2012-08-19 14:37:58.0" createdTxStamp="2012-08-19 14:37:58.0"/>
    <VisualThemeResource visualThemeId="TOMAHAWK" resourceTypeEnumId="VT_MSG_TMPLT_LOC" sequenceId="01" resourceValue="component://common/webcommon/includes/messages.ftl" lastUpdatedStamp="2012-08-19 14:37:58.0" lastUpdatedTxStamp="2012-08-19 14:37:58.0" createdStamp="2012-08-19 14:37:58.0" createdTxStamp="2012-08-19 14:37:58.0"/>
    <VisualThemeResource visualThemeId="TOMAHAWK" resourceTypeEnumId="VT_NAME" sequenceId="01" resourceValue="TOMAHAWK" lastUpdatedStamp="2012-08-19 14:37:58.0" lastUpdatedTxStamp="2012-08-19 14:37:58.0" createdStamp="2012-08-19 14:37:58.0" createdTxStamp="2012-08-19 14:37:58.0"/>
    <VisualThemeResource visualThemeId="TOMAHAWK" resourceTypeEnumId="VT_NAV_CLOSE_TMPLT" sequenceId="01" resourceValue="component://tomahawk/includes/appbarClose.ftl" lastUpdatedStamp="2012-08-19 14:37:58.0" lastUpdatedTxStamp="2012-08-19 14:37:58.0" createdStamp="2012-08-19 14:37:58.0" createdTxStamp="2012-08-19 14:37:58.0"/>
    <VisualThemeResource visualThemeId="TOMAHAWK" resourceTypeEnumId="VT_NAV_OPEN_TMPLT" sequenceId="01" resourceValue="component://tomahawk/includes/appbarOpen.ftl" lastUpdatedStamp="2012-08-19 14:37:58.0" lastUpdatedTxStamp="2012-08-19 14:37:58.0" createdStamp="2012-08-19 14:37:58.0" createdTxStamp="2012-08-19 14:37:58.0"/>
    <VisualThemeResource visualThemeId="TOMAHAWK" resourceTypeEnumId="VT_SCREENSHOT" sequenceId="01" resourceValue="/tomahawk/screenshot.jpg" lastUpdatedStamp="2012-08-19 14:37:58.0" lastUpdatedTxStamp="2012-08-19 14:37:58.0" createdStamp="2012-08-19 14:37:58.0" createdTxStamp="2012-08-19 14:37:58.0"/>
    <VisualThemeResource visualThemeId="TOMAHAWK" resourceTypeEnumId="VT_SHORTCUT_ICON" sequenceId="01" resourceValue="/images/ofbiz.ico" lastUpdatedStamp="2012-08-19 14:37:58.0" lastUpdatedTxStamp="2012-08-19 14:37:58.0" createdStamp="2012-08-19 14:37:58.0" createdTxStamp="2012-08-19 14:37:58.0"/>
    <VisualThemeResource visualThemeId="TOMAHAWK" resourceTypeEnumId="VT_STYLESHEET" sequenceId="01" resourceValue="/tomahawk/css/style.css" lastUpdatedStamp="2012-08-19 14:37:58.0" lastUpdatedTxStamp="2012-08-19 14:37:58.0" createdStamp="2012-08-19 14:37:58.0" createdTxStamp="2012-08-19 14:37:58.0"/>
</entity-engine-xml>
