<?xml version="1.0" encoding="UTF-8"?>
<entity-engine-xml>
    <WorkshopDrawMaterialEntry id="00650401-5b40-450c-9e0f-b78687b008a9" parentId="f64b4eb4-9a49-496d-8041-30a6ab8bf016" warehouseWarehouseId="d0671107-b2c4-49f1-add9-ad38b2cc02b8" materialMaterialId="5abbaa43-12a8-4725-ae37-0b803227aa56" materialMaterialModel="" volume="2657.000000" stockVolume="0.000000" unitUnitId="" price="0.000000" entrysum="0.000000" sort="2" lastUpdatedStamp="2012-08-30 11:59:43.0" lastUpdatedTxStamp="2012-08-30 11:59:43.0" createdStamp="2012-08-30 11:59:43.0" createdTxStamp="2012-08-30 11:59:43.0"/>
    <WorkshopDrawMaterialEntry id="044ca67d-3bea-4e9d-938d-7e29153dfb9b" parentId="87d5f63f-07b5-4d91-b4c9-0def8a8e487f" warehouseWarehouseId="d0671107-b2c4-49f1-add9-ad38b2cc02b8" materialMaterialId="4f31a800-0792-402f-a9cd-0cdbac96a7a1" materialMaterialModel="5*30*2000" volume="28102.000000" stockVolume="0.000000" unitUnitId="99ef4406-1345-4859-9c9e-22754210445b" price="0.000000" entrysum="0.000000" sort="2" lastUpdatedStamp="2012-08-29 09:26:20.0" lastUpdatedTxStamp="2012-08-29 09:26:20.0" createdStamp="2012-08-29 09:26:20.0" createdTxStamp="2012-08-29 09:26:20.0"/>
    <WorkshopDrawMaterialEntry id="04659560-8c46-4f0e-9b92-5c6f0ea6ad4d" parentId="1873b991-c362-490a-a566-9f34b6c93fb2" warehouseWarehouseId="9fbc04b0-5ce8-4c43-a8e1-92113a6be783" materialMaterialId="bf6397c7-71e7-4a8c-88f8-1358cae1bea5" materialMaterialModel="" volume="3062.000000" stockVolume="3062.000000" unitUnitId="" price="5.000000" entrysum="15310.000000" sort="4" lastUpdatedStamp="2012-08-25 16:31:44.0" lastUpdatedTxStamp="2012-08-25 16:31:44.0" createdStamp="2012-08-25 16:14:48.0" createdTxStamp="2012-08-25 16:14:48.0"/>
    <WorkshopDrawMaterialEntry id="0832384c-a612-4c66-9612-cac68ac194be" parentId="7b42e64d-c7c3-4dad-bd8a-d918ccf61eea" warehouseWarehouseId="9fbc04b0-5ce8-4c43-a8e1-92113a6be783" materialMaterialId="7a7c5368-b58e-4fb4-a5c2-7573da5dcd50" materialMaterialModel="1.2*92*1040" volume="1640.000000" stockVolume="1640.000000" unitUnitId="99ef4406-1345-4859-9c9e-22754210445b" price="4.667000" entrysum="7653.880000" sort="5" lastUpdatedStamp="2012-08-25 16:31:21.0" lastUpdatedTxStamp="2012-08-25 16:31:21.0" createdStamp="2012-08-25 16:31:20.0" createdTxStamp="2012-08-25 16:31:20.0"/>
    <WorkshopDrawMaterialEntry id="0ae2507c-d1f2-44e0-8ce5-7664abcc3335" parentId="5f5db2d6-947e-4ca4-aa89-68224ddc4c0e" warehouseWarehouseId="d0671107-b2c4-49f1-add9-ad38b2cc02b8" materialMaterialId="a93de70c-d4ee-4415-8ebc-777876922e2c" materialMaterialModel="" volume="6217.000000" stockVolume="80873.000000" unitUnitId="" price="0.099800" entrysum="620.456600" sort="1" lastUpdatedStamp="2012-08-30 11:56:18.0" lastUpdatedTxStamp="2012-08-30 11:56:18.0" createdStamp="2012-08-30 11:56:18.0" createdTxStamp="2012-08-30 11:56:18.0"/>
    <WorkshopDrawMaterialEntry id="0dd63773-ab7b-4437-93b8-908941a49f80" parentId="b43d04df-1f0f-4762-8114-5a7fff8d5a35" warehouseWarehouseId="9fbc04b0-5ce8-4c43-a8e1-92113a6be783" materialMaterialId="97e72af9-c528-4fd6-9dda-45a7bc2df1dc" materialMaterialModel="2.5*30*C" volume="25014.000000" stockVolume="32816.000000" unitUnitId="99ef4406-1345-4859-9c9e-22754210445b" price="4.575400" entrysum="114449.055600" sort="3" lastUpdatedStamp="2012-08-25 16:31:55.0" lastUpdatedTxStamp="2012-08-25 16:31:55.0" createdStamp="2012-08-25 15:38:24.0" createdTxStamp="2012-08-25 15:38:24.0"/>
    <WorkshopDrawMaterialEntry id="0fc28897-655d-423c-964c-b85a19355124" parentId="bb4950a2-7c6d-400d-a9ec-f77c8d6bfc38" warehouseWarehouseId="9fbc04b0-5ce8-4c43-a8e1-92113a6be783" materialMaterialId="39530537-02db-4c67-8c68-a03afd1af9e6" materialMaterialModel="" volume="510.000000" stockVolume="510.000000" unitUnitId="" price="4.800000" entrysum="2448.000000" sort="4" lastUpdatedStamp="2012-08-25 16:31:40.0" lastUpdatedTxStamp="2012-08-25 16:31:40.0" createdStamp="2012-08-25 16:23:15.0" createdTxStamp="2012-08-25 16:23:15.0"/>
    <WorkshopDrawMaterialEntry id="13cf76e6-f70f-4d0a-8e37-a39f2504760a" parentId="f133db6e-0d21-4764-bac7-160fef0b7a79" warehouseWarehouseId="d0671107-b2c4-49f1-add9-ad38b2cc02b8" materialMaterialId="79ba23f8-2dd5-438b-a249-a5ff7099073a" materialMaterialModel="" volume="9072.000000" stockVolume="0.000000" unitUnitId="" price="0.000000" entrysum="0.000000" sort="1" lastUpdatedStamp="2012-08-30 11:37:42.0" lastUpdatedTxStamp="2012-08-30 11:37:42.0" createdStamp="2012-08-30 11:37:42.0" createdTxStamp="2012-08-30 11:37:42.0"/>
    <WorkshopDrawMaterialEntry id="17244003-a438-4779-b1ae-3a07fea6524a" parentId="99c9ed74-c8a3-4ff7-8edb-2421a2a215dc" warehouseWarehouseId="d0671107-b2c4-49f1-add9-ad38b2cc02b8" materialMaterialId="6926f6f6-308a-4080-b4ea-64e94c2fe0ec" materialMaterialModel="4*18*1960" volume="17765.000000" stockVolume="0.000000" unitUnitId="99ef4406-1345-4859-9c9e-22754210445b" price="0.000000" entrysum="0.000000" sort="1" lastUpdatedStamp="2012-08-30 12:01:31.0" lastUpdatedTxStamp="2012-08-30 12:01:31.0" createdStamp="2012-08-30 12:01:31.0" createdTxStamp="2012-08-30 12:01:31.0"/>
    <WorkshopDrawMaterialEntry id="1b205940-c114-4e44-8cc9-104f4f06b92f" parentId="f75bbf02-748f-44f2-9e2b-c255bc99685a" warehouseWarehouseId="d0671107-b2c4-49f1-add9-ad38b2cc02b8" materialMaterialId="84ad4496-31ac-4c42-ba24-8cddac6e6458" materialMaterialModel="" volume="102804.000000" stockVolume="0.000000" unitUnitId="" price="0.000000" entrysum="0.000000" sort="1" lastUpdatedStamp="2012-08-28 19:33:06.0" lastUpdatedTxStamp="2012-08-28 19:33:06.0" createdStamp="2012-08-28 19:33:06.0" createdTxStamp="2012-08-28 19:33:06.0"/>
    <WorkshopDrawMaterialEntry id="1d0a3239-e02c-453a-b2f5-631fe8f9d1b1" parentId="c635d64d-7261-4a11-85e9-3caf8b6d8889" warehouseWarehouseId="d0671107-b2c4-49f1-add9-ad38b2cc02b8" materialMaterialId="ce2dd923-beaf-48d1-b484-ec0550b49825" materialMaterialModel="" volume="74000.000000" stockVolume="106349.000000" unitUnitId="" price="0.000000" entrysum="0.000000" sort="3" lastUpdatedStamp="2012-08-28 11:17:31.0" lastUpdatedTxStamp="2012-08-28 11:17:31.0" createdStamp="2012-08-28 11:17:31.0" createdTxStamp="2012-08-28 11:17:31.0"/>
    <WorkshopDrawMaterialEntry id="2139acb2-b4b8-4444-b5c2-88850db9a7aa" parentId="fa0e97d4-2906-4a35-a58e-61aed8fcd8f8" warehouseWarehouseId="d0671107-b2c4-49f1-add9-ad38b2cc02b8" materialMaterialId="251b7748-1cbf-4320-bf95-7c640ecb09b1" materialMaterialModel="" volume="595242.000000" stockVolume="595242.000000" unitUnitId="" price="0.607800" entrysum="361788.087600" sort="1" lastUpdatedStamp="2012-08-30 11:34:25.0" lastUpdatedTxStamp="2012-08-30 11:34:25.0" createdStamp="2012-08-30 11:34:25.0" createdTxStamp="2012-08-30 11:34:25.0"/>
    <WorkshopDrawMaterialEntry id="21e85397-a609-4c08-9429-ecfef4d21478" parentId="87d5f63f-07b5-4d91-b4c9-0def8a8e487f" warehouseWarehouseId="d0671107-b2c4-49f1-add9-ad38b2cc02b8" materialMaterialId="e122d049-0450-4484-9180-bbc0f69751cd" materialMaterialModel="" volume="65692.000000" stockVolume="41780.000000" unitUnitId="" price="0.000000" entrysum="0.000000" sort="1" lastUpdatedStamp="2012-08-29 09:26:20.0" lastUpdatedTxStamp="2012-08-29 09:26:20.0" createdStamp="2012-08-29 09:26:20.0" createdTxStamp="2012-08-29 09:26:20.0"/>
    <WorkshopDrawMaterialEntry id="292a090d-f541-4c3b-b15a-c63d90fdbc22" parentId="15ac18fb-2b48-46d4-b77b-bff4a5c08efc" warehouseWarehouseId="d0671107-b2c4-49f1-add9-ad38b2cc02b8" materialMaterialId="db85840d-1529-46c9-9563-ced96c1157c3" materialMaterialModel="" volume="11700.000000" stockVolume="39582.000000" unitUnitId="" price="1.606000" entrysum="18790.200000" sort="2" lastUpdatedStamp="2012-08-30 11:09:27.0" lastUpdatedTxStamp="2012-08-30 11:09:27.0" createdStamp="2012-08-30 11:09:27.0" createdTxStamp="2012-08-30 11:09:27.0"/>
    <WorkshopDrawMaterialEntry id="2a2dd5b2-f457-48a5-aa25-08dd81445f48" parentId="f947071f-e436-4637-9946-faea5cad4147" warehouseWarehouseId="d0671107-b2c4-49f1-add9-ad38b2cc02b8" materialMaterialId="3190f1f3-cef4-4d52-8c91-ea2fe08558c2" materialMaterialModel="" volume="5846.000000" stockVolume="60251.000000" unitUnitId="" price="0.030000" entrysum="175.380000" sort="2" lastUpdatedStamp="2012-08-30 11:58:03.0" lastUpdatedTxStamp="2012-08-30 11:58:03.0" createdStamp="2012-08-30 11:58:03.0" createdTxStamp="2012-08-30 11:58:03.0"/>
    <WorkshopDrawMaterialEntry id="2e1f1e79-0ae0-406a-878c-54826fbde9ed" parentId="b43d04df-1f0f-4762-8114-5a7fff8d5a35" warehouseWarehouseId="9fbc04b0-5ce8-4c43-a8e1-92113a6be783" materialMaterialId="c8cbb94c-f99a-4226-b6c9-36c2fe777343" materialMaterialModel="2.0*95*C" volume="4310.000000" stockVolume="11130.000000" unitUnitId="99ef4406-1345-4859-9c9e-22754210445b" price="5.049900" entrysum="21765.069000" sort="2" lastUpdatedStamp="2012-08-25 16:31:55.0" lastUpdatedTxStamp="2012-08-25 16:31:55.0" createdStamp="2012-08-25 15:38:24.0" createdTxStamp="2012-08-25 15:38:24.0"/>
    <WorkshopDrawMaterialEntry id="2e2720bf-05de-4573-8cd7-0b9aed3f673e" parentId="9a72bf94-d737-4fd8-a844-2dea0460162d" warehouseWarehouseId="9fbc04b0-5ce8-4c43-a8e1-92113a6be783" materialMaterialId="91fb110d-1e9b-4d0f-a0cb-8fef4d4a7a9e" materialMaterialModel="1.0*565*1126" volume="22418.000000" stockVolume="22418.000000" unitUnitId="99ef4406-1345-4859-9c9e-22754210445b" price="5.037000" entrysum="112919.466000" sort="3" lastUpdatedStamp="2012-08-25 16:31:32.0" lastUpdatedTxStamp="2012-08-25 16:31:32.0" createdStamp="2012-08-25 16:29:05.0" createdTxStamp="2012-08-25 16:29:05.0"/>
    <WorkshopDrawMaterialEntry id="2ee409ec-01a3-4687-8efd-9efaa4fc030f" parentId="f130ca06-8886-41e3-93fc-9a4fba4f3d0d" warehouseWarehouseId="d0671107-b2c4-49f1-add9-ad38b2cc02b8" materialMaterialId="037e9a70-f764-4a44-9085-809a84a145ad" materialMaterialModel="" volume="12300.000000" stockVolume="19547.000000" unitUnitId="" price="1.693100" entrysum="20825.130000" sort="2" lastUpdatedStamp="2012-08-30 11:21:01.0" lastUpdatedTxStamp="2012-08-30 11:21:01.0" createdStamp="2012-08-30 11:13:32.0" createdTxStamp="2012-08-30 11:13:32.0"/>
    <WorkshopDrawMaterialEntry id="2fd07419-a107-42ad-a9d2-7784dba1215d" parentId="36c809ef-aa30-447c-af10-723982d2b148" warehouseWarehouseId="d0671107-b2c4-49f1-add9-ad38b2cc02b8" materialMaterialId="98180daa-ad66-41ef-8039-dddfb2e7b1b9" materialMaterialModel="" volume="53500.000000" stockVolume="87014.000000" unitUnitId="" price="0.782300" entrysum="41853.050000" sort="2" lastUpdatedStamp="2012-08-28 19:30:16.0" lastUpdatedTxStamp="2012-08-28 19:30:16.0" createdStamp="2012-08-28 19:30:04.0" createdTxStamp="2012-08-28 19:30:04.0"/>
    <WorkshopDrawMaterialEntry id="3127ad5a-2df7-4541-9274-d90b40c10d9a" parentId="bbdf9a41-1cc5-473e-b1f1-360690be2c8d" warehouseWarehouseId="d0671107-b2c4-49f1-add9-ad38b2cc02b8" materialMaterialId="7a7c5368-b58e-4fb4-a5c2-7573da5dcd50" materialMaterialModel="1.2*92*1040" volume="22110.000000" stockVolume="0.000000" unitUnitId="99ef4406-1345-4859-9c9e-22754210445b" price="0.000000" entrysum="0.000000" sort="1" lastUpdatedStamp="2012-08-30 12:02:01.0" lastUpdatedTxStamp="2012-08-30 12:02:01.0" createdStamp="2012-08-30 12:02:01.0" createdTxStamp="2012-08-30 12:02:01.0"/>
    <WorkshopDrawMaterialEntry id="31387edf-59dc-4196-b37c-354b76347b1c" parentId="e052ec50-ed2b-4f6f-9361-2a2d27003484" warehouseWarehouseId="9fbc04b0-5ce8-4c43-a8e1-92113a6be783" materialMaterialId="833a6110-495e-4361-86f8-a6b025cdda76" materialMaterialModel="3*14*1406&#65288;180&#19978;&#65289;" volume="257.000000" stockVolume="257.000000" unitUnitId="99ef4406-1345-4859-9c9e-22754210445b" price="5.100000" entrysum="1310.700000" sort="2" lastUpdatedStamp="2012-08-25 16:31:36.0" lastUpdatedTxStamp="2012-08-25 16:31:36.0" createdStamp="2012-08-25 16:25:59.0" createdTxStamp="2012-08-25 16:25:59.0"/>
    <WorkshopDrawMaterialEntry id="34cd9a53-10e6-4fbc-9203-595308a33eb1" parentId="7b42e64d-c7c3-4dad-bd8a-d918ccf61eea" warehouseWarehouseId="9fbc04b0-5ce8-4c43-a8e1-92113a6be783" materialMaterialId="0efd7925-8fb4-4b4b-a6f8-3e6087b30c50" materialMaterialModel="1.5*155*1200" volume="2059.000000" stockVolume="2059.000000" unitUnitId="99ef4406-1345-4859-9c9e-22754210445b" price="4.860000" entrysum="10006.740000" sort="1" lastUpdatedStamp="2012-08-25 16:31:21.0" lastUpdatedTxStamp="2012-08-25 16:31:21.0" createdStamp="2012-08-25 16:31:20.0" createdTxStamp="2012-08-25 16:31:20.0"/>
    <WorkshopDrawMaterialEntry id="361bc1a7-38c6-4f06-a05e-91e90c08c6b5" parentId="553714c3-9fa0-4801-8b6c-68db52abbb3f" warehouseWarehouseId="d0671107-b2c4-49f1-add9-ad38b2cc02b8" materialMaterialId="cfb7423a-da7b-465b-8f5d-a280056734e8" materialMaterialModel="" volume="36400.000000" stockVolume="111360.000000" unitUnitId="" price="0.987400" entrysum="35941.360000" sort="1" lastUpdatedStamp="2012-08-28 19:49:26.0" lastUpdatedTxStamp="2012-08-28 19:49:26.0" createdStamp="2012-08-28 19:49:26.0" createdTxStamp="2012-08-28 19:49:26.0"/>
    <WorkshopDrawMaterialEntry id="39a78a62-e1b3-4e8d-a612-19029ccd2875" parentId="6fcf4636-6e3b-457b-a2e7-986fd33294a6" warehouseWarehouseId="d0671107-b2c4-49f1-add9-ad38b2cc02b8" materialMaterialId="8c8cb23c-0c73-4da8-b450-e2f56f2d64b8" materialMaterialModel="" volume="1250.000000" stockVolume="39840.000000" unitUnitId="" price="0.063000" entrysum="78.750000" sort="2" lastUpdatedStamp="2012-08-30 11:31:41.0" lastUpdatedTxStamp="2012-08-30 11:31:41.0" createdStamp="2012-08-30 11:31:41.0" createdTxStamp="2012-08-30 11:31:40.0"/>
    <WorkshopDrawMaterialEntry id="3d223669-9740-4083-9d8b-7cb9b860bc2a" parentId="1cfcb68a-cf4e-41cc-9adb-05bf0828b2f2" warehouseWarehouseId="d0671107-b2c4-49f1-add9-ad38b2cc02b8" materialMaterialId="fed9f818-9599-46e7-9909-38dab9af879b" materialMaterialModel="" volume="57290.000000" stockVolume="103776.000000" unitUnitId="" price="0.251900" entrysum="14431.351000" sort="2" lastUpdatedStamp="2012-08-30 11:30:44.0" lastUpdatedTxStamp="2012-08-30 11:30:44.0" createdStamp="2012-08-30 11:30:43.0" createdTxStamp="2012-08-30 11:30:43.0"/>
    <WorkshopDrawMaterialEntry id="406af45c-d90b-43d2-aa71-5d86650c1831" parentId="bb4950a2-7c6d-400d-a9ec-f77c8d6bfc38" warehouseWarehouseId="9fbc04b0-5ce8-4c43-a8e1-92113a6be783" materialMaterialId="4bfbce19-04ac-40e0-a58b-25f0f3fa5f50" materialMaterialModel="" volume="3027.000000" stockVolume="3027.000000" unitUnitId="" price="4.800000" entrysum="14529.600000" sort="1" lastUpdatedStamp="2012-08-25 16:31:40.0" lastUpdatedTxStamp="2012-08-25 16:31:40.0" createdStamp="2012-08-25 16:23:15.0" createdTxStamp="2012-08-25 16:23:15.0"/>
    <WorkshopDrawMaterialEntry id="45303cd0-25a7-4bb0-bf0e-4939e1d28665" parentId="1873b991-c362-490a-a566-9f34b6c93fb2" warehouseWarehouseId="9fbc04b0-5ce8-4c43-a8e1-92113a6be783" materialMaterialId="589ac5b6-f0be-4daa-9c1a-1c34c4447f76" materialMaterialModel="" volume="461.000000" stockVolume="461.000000" unitUnitId="" price="4.900000" entrysum="2258.900000" sort="3" lastUpdatedStamp="2012-08-25 16:31:44.0" lastUpdatedTxStamp="2012-08-25 16:31:44.0" createdStamp="2012-08-25 16:14:48.0" createdTxStamp="2012-08-25 16:14:48.0"/>
    <WorkshopDrawMaterialEntry id="47ff68a0-12e1-46b6-9edf-0e3d22e299d4" parentId="f9b86d05-d627-47da-9b54-47458d5e894a" warehouseWarehouseId="9fbc04b0-5ce8-4c43-a8e1-92113a6be783" materialMaterialId="00d92543-11f7-410a-99c1-2c22f793c81b" materialMaterialModel="" volume="19994.000000" stockVolume="19994.000000" unitUnitId="" price="2.000000" entrysum="39988.000000" sort="1" lastUpdatedStamp="2012-08-27 09:51:44.0" lastUpdatedTxStamp="2012-08-27 09:51:44.0" createdStamp="2012-08-25 17:15:29.0" createdTxStamp="2012-08-25 17:15:29.0"/>
    <WorkshopDrawMaterialEntry id="4c139387-8f2f-443b-a53f-2b758862308d" parentId="f75bbf02-748f-44f2-9e2b-c255bc99685a" warehouseWarehouseId="d0671107-b2c4-49f1-add9-ad38b2cc02b8" materialMaterialId="7071e96a-1f30-4808-96f2-8f26bd0dc4c2" materialMaterialModel="" volume="227566.000000" stockVolume="0.000000" unitUnitId="" price="0.000000" entrysum="0.000000" sort="2" lastUpdatedStamp="2012-08-28 19:33:06.0" lastUpdatedTxStamp="2012-08-28 19:33:06.0" createdStamp="2012-08-28 19:33:06.0" createdTxStamp="2012-08-28 19:33:06.0"/>
    <WorkshopDrawMaterialEntry id="510ec0b0-f9e3-413b-ad65-ca18e938ff6d" parentId="1873b991-c362-490a-a566-9f34b6c93fb2" warehouseWarehouseId="9fbc04b0-5ce8-4c43-a8e1-92113a6be783" materialMaterialId="ddfa2349-3ae9-4109-8d7a-3e0bc479bb1b" materialMaterialModel="" volume="6949.000000" stockVolume="6949.000000" unitUnitId="" price="4.800000" entrysum="33355.200000" sort="2" lastUpdatedStamp="2012-08-25 16:31:44.0" lastUpdatedTxStamp="2012-08-25 16:31:44.0" createdStamp="2012-08-25 16:14:48.0" createdTxStamp="2012-08-25 16:14:48.0"/>
    <WorkshopDrawMaterialEntry id="51bc9bd2-da2c-471e-bcbc-42b7969d0fd1" parentId="15ac18fb-2b48-46d4-b77b-bff4a5c08efc" warehouseWarehouseId="d0671107-b2c4-49f1-add9-ad38b2cc02b8" materialMaterialId="559b6055-d165-4d13-89f2-37e0ccc006d3" materialMaterialModel="" volume="11700.000000" stockVolume="47673.000000" unitUnitId="" price="0.754600" entrysum="8828.820000" sort="3" lastUpdatedStamp="2012-08-30 11:09:27.0" lastUpdatedTxStamp="2012-08-30 11:09:27.0" createdStamp="2012-08-30 11:09:27.0" createdTxStamp="2012-08-30 11:09:27.0"/>
    <WorkshopDrawMaterialEntry id="5c961013-d93e-412b-ade4-b5ae27913a90" parentId="9a72bf94-d737-4fd8-a844-2dea0460162d" warehouseWarehouseId="9fbc04b0-5ce8-4c43-a8e1-92113a6be783" materialMaterialId="cbb397e2-f3d6-4363-9cfd-a5435728a309" materialMaterialModel="1.0*265*1065" volume="3832.000000" stockVolume="14906.000000" unitUnitId="99ef4406-1345-4859-9c9e-22754210445b" price="4.723000" entrysum="18098.536000" sort="2" lastUpdatedStamp="2012-08-25 16:31:32.0" lastUpdatedTxStamp="2012-08-25 16:31:32.0" createdStamp="2012-08-25 16:29:05.0" createdTxStamp="2012-08-25 16:29:05.0"/>
    <WorkshopDrawMaterialEntry id="61ca0fb3-8f04-4c5b-9551-0e6edf3fb028" parentId="f9b86d05-d627-47da-9b54-47458d5e894a" warehouseWarehouseId="9fbc04b0-5ce8-4c43-a8e1-92113a6be783" materialMaterialId="4505c6ac-d898-4089-9fa5-d5d94f87b2b1" materialMaterialModel="1.5*18*600" volume="13561.000000" stockVolume="13561.000000" unitUnitId="9fea6a23-0bc7-409c-9200-2b5157b14def" price="2.170000" entrysum="29427.370000" sort="3" lastUpdatedStamp="2012-08-27 09:51:44.0" lastUpdatedTxStamp="2012-08-27 09:51:44.0" createdStamp="2012-08-25 17:15:29.0" createdTxStamp="2012-08-25 17:15:29.0"/>
    <WorkshopDrawMaterialEntry id="634edd81-1cc5-4a64-9cb4-b4f06a1e5142" parentId="5e6769cb-b182-4330-a090-280759447e1b" warehouseWarehouseId="9fbc04b0-5ce8-4c43-a8e1-92113a6be783" materialMaterialId="11c140d8-7a42-4afe-9205-7720c3d80cbf" materialMaterialModel="1.1*69*1100" volume="7428.000000" stockVolume="7428.000000" unitUnitId="99ef4406-1345-4859-9c9e-22754210445b" price="4.982900" entrysum="37012.981200" sort="1" lastUpdatedStamp="2012-08-27 09:05:24.0" lastUpdatedTxStamp="2012-08-27 09:05:24.0" createdStamp="2012-08-27 09:05:24.0" createdTxStamp="2012-08-27 09:05:24.0"/>
    <WorkshopDrawMaterialEntry id="6435447c-c778-4d6a-a0b6-2bbe19ca841b" parentId="f9b86d05-d627-47da-9b54-47458d5e894a" warehouseWarehouseId="9fbc04b0-5ce8-4c43-a8e1-92113a6be783" materialMaterialId="84ad4496-31ac-4c42-ba24-8cddac6e6458" materialMaterialModel="" volume="105592.000000" stockVolume="105592.000000" unitUnitId="" price="1.620000" entrysum="171059.040000" sort="2" lastUpdatedStamp="2012-08-27 09:51:44.0" lastUpdatedTxStamp="2012-08-27 09:51:44.0" createdStamp="2012-08-25 17:15:29.0" createdTxStamp="2012-08-25 17:15:29.0"/>
    <WorkshopDrawMaterialEntry id="688c6079-e108-43a3-ad12-cad712fd4612" parentId="f130ca06-8886-41e3-93fc-9a4fba4f3d0d" warehouseWarehouseId="d0671107-b2c4-49f1-add9-ad38b2cc02b8" materialMaterialId="6d00cdb4-40fc-44e7-a700-eab8a8f73f25" materialMaterialModel="" volume="12300.000000" stockVolume="22430.000000" unitUnitId="" price="0.087000" entrysum="1070.100000" sort="4" lastUpdatedStamp="2012-08-30 11:21:01.0" lastUpdatedTxStamp="2012-08-30 11:21:01.0" createdStamp="2012-08-30 11:13:32.0" createdTxStamp="2012-08-30 11:13:32.0"/>
    <WorkshopDrawMaterialEntry id="70e3ef1a-80cc-41e6-adf3-f3e148018cf5" parentId="bb4950a2-7c6d-400d-a9ec-f77c8d6bfc38" warehouseWarehouseId="9fbc04b0-5ce8-4c43-a8e1-92113a6be783" materialMaterialId="e9db393f-41c3-4a82-89b9-e02e9d9d6e9f" materialMaterialModel="" volume="2083.000000" stockVolume="2083.000000" unitUnitId="" price="4.800000" entrysum="9998.400000" sort="3" lastUpdatedStamp="2012-08-25 16:31:40.0" lastUpdatedTxStamp="2012-08-25 16:31:40.0" createdStamp="2012-08-25 16:23:15.0" createdTxStamp="2012-08-25 16:23:15.0"/>
    <WorkshopDrawMaterialEntry id="7a36c5d7-ce14-44bf-b091-f223afd195a5" parentId="f947071f-e436-4637-9946-faea5cad4147" warehouseWarehouseId="d0671107-b2c4-49f1-add9-ad38b2cc02b8" materialMaterialId="4675161d-0a52-4a60-a61d-9cdbd3e0c48e" materialMaterialModel="" volume="5594.000000" stockVolume="5594.000000" unitUnitId="" price="0.403800" entrysum="2258.857200" sort="1" lastUpdatedStamp="2012-08-30 11:58:03.0" lastUpdatedTxStamp="2012-08-30 11:58:03.0" createdStamp="2012-08-30 11:58:03.0" createdTxStamp="2012-08-30 11:58:03.0"/>
    <WorkshopDrawMaterialEntry id="7d0471f4-dab9-45c9-8e40-64223b6ee747" parentId="553714c3-9fa0-4801-8b6c-68db52abbb3f" warehouseWarehouseId="d0671107-b2c4-49f1-add9-ad38b2cc02b8" materialMaterialId="66eb11b3-2768-4a65-943b-05f21d7c3081" materialMaterialModel="" volume="36400.000000" stockVolume="109068.000000" unitUnitId="" price="1.260900" entrysum="45896.760000" sort="2" lastUpdatedStamp="2012-08-28 19:49:26.0" lastUpdatedTxStamp="2012-08-28 19:49:26.0" createdStamp="2012-08-28 19:49:26.0" createdTxStamp="2012-08-28 19:49:26.0"/>
    <WorkshopDrawMaterialEntry id="7d218f3d-059a-4ed1-a5bb-1b5c96b8a76d" parentId="f9b86d05-d627-47da-9b54-47458d5e894a" warehouseWarehouseId="9fbc04b0-5ce8-4c43-a8e1-92113a6be783" materialMaterialId="4b415b9e-3f8e-4ebb-9b07-ab849e06d0b5" materialMaterialModel="1.0*12.7*1870" volume="2312.000000" stockVolume="2312.000000" unitUnitId="9fea6a23-0bc7-409c-9200-2b5157b14def" price="3.140000" entrysum="7259.680000" sort="6" lastUpdatedStamp="2012-08-27 09:51:44.0" lastUpdatedTxStamp="2012-08-27 09:51:44.0" createdStamp="2012-08-27 09:01:22.0" createdTxStamp="2012-08-27 09:01:22.0"/>
    <WorkshopDrawMaterialEntry id="7d45c06d-cd2a-4915-81c0-8605dc617068" parentId="3d60ecfb-be77-4181-bab2-044f29db1a6c" warehouseWarehouseId="d0671107-b2c4-49f1-add9-ad38b2cc02b8" materialMaterialId="914006e9-7701-484e-acd0-7fc901191e8c" materialMaterialModel="" volume="8489.000000" stockVolume="63568.000000" unitUnitId="" price="0.045200" entrysum="383.702800" sort="4" lastUpdatedStamp="2012-08-30 11:51:20.0" lastUpdatedTxStamp="2012-08-30 11:51:20.0" createdStamp="2012-08-30 11:50:29.0" createdTxStamp="2012-08-30 11:50:29.0"/>
    <WorkshopDrawMaterialEntry id="7de4770e-24b9-43f7-8949-6e7ca9d0a2c7" parentId="3d60ecfb-be77-4181-bab2-044f29db1a6c" warehouseWarehouseId="d0671107-b2c4-49f1-add9-ad38b2cc02b8" materialMaterialId="e8f44b6f-16bd-4afe-87f1-b2dbe639eeb4" materialMaterialModel="" volume="8489.000000" stockVolume="144503.000000" unitUnitId="" price="0.068100" entrysum="578.100900" sort="3" lastUpdatedStamp="2012-08-30 11:51:20.0" lastUpdatedTxStamp="2012-08-30 11:51:20.0" createdStamp="2012-08-30 11:50:29.0" createdTxStamp="2012-08-30 11:50:29.0"/>
    <WorkshopDrawMaterialEntry id="7defea31-f218-48fe-be96-9199905e960c" parentId="7b42e64d-c7c3-4dad-bd8a-d918ccf61eea" warehouseWarehouseId="9fbc04b0-5ce8-4c43-a8e1-92113a6be783" materialMaterialId="632c3e4f-7aef-4154-8413-65bbbafccbe4" materialMaterialModel="3.0*205*1140" volume="2180.000000" stockVolume="2180.000000" unitUnitId="99ef4406-1345-4859-9c9e-22754210445b" price="5.720000" entrysum="12469.600000" sort="3" lastUpdatedStamp="2012-08-25 16:31:21.0" lastUpdatedTxStamp="2012-08-25 16:31:21.0" createdStamp="2012-08-25 16:31:20.0" createdTxStamp="2012-08-25 16:31:20.0"/>
    <WorkshopDrawMaterialEntry id="813399ec-7d96-40de-9bb4-8bfa6cf4a052" parentId="946a6964-f74a-4007-9b9c-47418be7c4b6" warehouseWarehouseId="d0671107-b2c4-49f1-add9-ad38b2cc02b8" materialMaterialId="e3094916-eaa1-41cb-af8f-630c2a3952fe" materialMaterialModel="" volume="481500.000000" stockVolume="410897.000000" unitUnitId="" price="0.060100" entrysum="28938.150000" sort="1" lastUpdatedStamp="2012-08-28 19:36:40.0" lastUpdatedTxStamp="2012-08-28 19:36:40.0" createdStamp="2012-08-28 19:31:41.0" createdTxStamp="2012-08-28 19:31:41.0"/>
    <WorkshopDrawMaterialEntry id="83102d19-28d6-4192-83d0-b530946ffd07" parentId="dede6d26-060d-46f4-b614-4487f92005b0" warehouseWarehouseId="d0671107-b2c4-49f1-add9-ad38b2cc02b8" materialMaterialId="d37c299f-8afd-42ee-9f0a-e2277f7bb29e" materialMaterialModel="" volume="3119.000000" stockVolume="3119.000000" unitUnitId="" price="3.820700" entrysum="11916.763300" sort="1" lastUpdatedStamp="2012-08-30 11:32:34.0" lastUpdatedTxStamp="2012-08-30 11:32:33.0" createdStamp="2012-08-30 11:32:33.0" createdTxStamp="2012-08-30 11:32:33.0"/>
    <WorkshopDrawMaterialEntry id="838f4b3e-7638-4ee0-96ec-37ae91b9dfcf" parentId="9700a376-901d-473f-a050-cf990be6e395" warehouseWarehouseId="9fbc04b0-5ce8-4c43-a8e1-92113a6be783" materialMaterialId="38d10459-0402-468e-b5e1-338f41a74a3f" materialMaterialModel="1.0*30*C" volume="57900.000000" stockVolume="58563.000000" unitUnitId="99ef4406-1345-4859-9c9e-22754210445b" price="4.881900" entrysum="282662.010000" sort="1" lastUpdatedStamp="2012-08-25 16:31:59.0" lastUpdatedTxStamp="2012-08-25 16:31:59.0" createdStamp="2012-08-25 15:34:09.0" createdTxStamp="2012-08-25 15:34:09.0"/>
    <WorkshopDrawMaterialEntry id="83d041a4-9d7a-400f-97e6-0a2fa41ea096" parentId="6fcf4636-6e3b-457b-a2e7-986fd33294a6" warehouseWarehouseId="d0671107-b2c4-49f1-add9-ad38b2cc02b8" materialMaterialId="bba8667c-f8ad-487f-b6a0-1bf182cc298b" materialMaterialModel="" volume="1250.000000" stockVolume="5383.000000" unitUnitId="" price="1.190000" entrysum="1487.500000" sort="1" lastUpdatedStamp="2012-08-30 11:31:41.0" lastUpdatedTxStamp="2012-08-30 11:31:41.0" createdStamp="2012-08-30 11:31:41.0" createdTxStamp="2012-08-30 11:31:40.0"/>
    <WorkshopDrawMaterialEntry id="878be4d1-f080-421f-abf3-827c7552cc6f" parentId="e052ec50-ed2b-4f6f-9361-2a2d27003484" warehouseWarehouseId="9fbc04b0-5ce8-4c43-a8e1-92113a6be783" materialMaterialId="6926f6f6-308a-4080-b4ea-64e94c2fe0ec" materialMaterialModel="4*18*1960" volume="2029.000000" stockVolume="2029.000000" unitUnitId="99ef4406-1345-4859-9c9e-22754210445b" price="5.975800" entrysum="12124.898200" sort="4" lastUpdatedStamp="2012-08-25 16:31:36.0" lastUpdatedTxStamp="2012-08-25 16:31:36.0" createdStamp="2012-08-25 16:25:59.0" createdTxStamp="2012-08-25 16:25:59.0"/>
    <WorkshopDrawMaterialEntry id="88f5b289-0f1e-412e-b0a1-c8ac9f2ef40f" parentId="fe69d332-7d4d-4f66-9110-b1f1bdd1a600" warehouseWarehouseId="d0671107-b2c4-49f1-add9-ad38b2cc02b8" materialMaterialId="e3094916-eaa1-41cb-af8f-630c2a3952fe" materialMaterialModel="" volume="112000.000000" stockVolume="522897.000000" unitUnitId="" price="0.060600" entrysum="6787.200000" sort="1" lastUpdatedStamp="2012-08-28 19:23:52.0" lastUpdatedTxStamp="2012-08-28 19:23:52.0" createdStamp="2012-08-28 19:23:52.0" createdTxStamp="2012-08-28 19:23:52.0"/>
    <WorkshopDrawMaterialEntry id="8bd893d0-b782-4a4c-b627-cf2c4b982d1d" parentId="d6abd1b9-6d99-4c74-b796-e6f1497b7fcb" warehouseWarehouseId="9fbc04b0-5ce8-4c43-a8e1-92113a6be783" materialMaterialId="f9ef889a-0829-4c8e-b7b4-a11a4cb6eba3" materialMaterialModel="0.8*9.5*594&#65288;4800&#38271;&#65289;" volume="2950.000000" stockVolume="2950.000000" unitUnitId="9fea6a23-0bc7-409c-9200-2b5157b14def" price="0.680000" entrysum="2006.000000" sort="1" lastUpdatedStamp="2012-08-27 13:56:50.0" lastUpdatedTxStamp="2012-08-27 13:56:50.0" createdStamp="2012-08-27 13:56:50.0" createdTxStamp="2012-08-27 13:56:50.0"/>
    <WorkshopDrawMaterialEntry id="8d159f4c-3e13-41f0-b556-220a91d71a9f" parentId="d1787c78-bd99-4bed-ab13-f1ee5c9d07f7" warehouseWarehouseId="d0671107-b2c4-49f1-add9-ad38b2cc02b8" materialMaterialId="4897e74a-7365-49b0-a9c1-1b250e252f67" materialMaterialModel="3.0*170*1200" volume="65692.000000" stockVolume="0.000000" unitUnitId="99ef4406-1345-4859-9c9e-22754210445b" price="0.000000" entrysum="0.000000" sort="1" lastUpdatedStamp="2012-08-28 20:02:20.0" lastUpdatedTxStamp="2012-08-28 20:02:20.0" createdStamp="2012-08-28 20:02:20.0" createdTxStamp="2012-08-28 20:02:20.0"/>
    <WorkshopDrawMaterialEntry id="8ddd80c2-4c75-4034-873f-d6883b992b53" parentId="f130ca06-8886-41e3-93fc-9a4fba4f3d0d" warehouseWarehouseId="d0671107-b2c4-49f1-add9-ad38b2cc02b8" materialMaterialId="56110685-d1fd-47a7-8bc0-5b738f75cad6" materialMaterialModel="" volume="72800.000000" stockVolume="72800.000000" unitUnitId="" price="0.158700" entrysum="11553.360000" sort="5" lastUpdatedStamp="2012-08-30 11:21:01.0" lastUpdatedTxStamp="2012-08-30 11:21:01.0" createdStamp="2012-08-30 11:21:01.0" createdTxStamp="2012-08-30 11:21:01.0"/>
    <WorkshopDrawMaterialEntry id="8fa5683d-bb02-4da7-a09f-0059d6923579" parentId="edbf9f58-7e59-410b-bc19-e2d7daabdaa9" warehouseWarehouseId="9fbc04b0-5ce8-4c43-a8e1-92113a6be783" materialMaterialId="e3a36652-615a-4b55-80ca-7e719aefe605" materialMaterialModel="3.0*30*C" volume="337.000000" stockVolume="4482.000000" unitUnitId="99ef4406-1345-4859-9c9e-22754210445b" price="4.660000" entrysum="1570.420000" sort="1" lastUpdatedStamp="2012-08-27 11:58:39.0" lastUpdatedTxStamp="2012-08-27 11:58:39.0" createdStamp="2012-08-27 11:58:39.0" createdTxStamp="2012-08-27 11:58:39.0"/>
    <WorkshopDrawMaterialEntry id="909ef6e8-ec51-4715-a8b9-d54ce8ef8ba6" parentId="e052ec50-ed2b-4f6f-9361-2a2d27003484" warehouseWarehouseId="9fbc04b0-5ce8-4c43-a8e1-92113a6be783" materialMaterialId="4f31a800-0792-402f-a9cd-0cdbac96a7a1" materialMaterialModel="5*30*2000" volume="2433.000000" stockVolume="3603.000000" unitUnitId="99ef4406-1345-4859-9c9e-22754210445b" price="4.723000" entrysum="11491.059000" sort="5" lastUpdatedStamp="2012-08-25 16:31:36.0" lastUpdatedTxStamp="2012-08-25 16:31:36.0" createdStamp="2012-08-25 16:25:59.0" createdTxStamp="2012-08-25 16:25:59.0"/>
    <WorkshopDrawMaterialEntry id="92cebbca-cb60-459f-aae6-55d2ba3b6712" parentId="1873b991-c362-490a-a566-9f34b6c93fb2" warehouseWarehouseId="9fbc04b0-5ce8-4c43-a8e1-92113a6be783" materialMaterialId="0dd9fd03-cc5d-4883-80e8-9d44cb019b4d" materialMaterialModel="" volume="2369.000000" stockVolume="4738.000000" unitUnitId="" price="4.800000" entrysum="11371.200000" sort="5" lastUpdatedStamp="2012-08-25 16:31:44.0" lastUpdatedTxStamp="2012-08-25 16:31:44.0" createdStamp="2012-08-25 16:14:48.0" createdTxStamp="2012-08-25 16:14:48.0"/>
    <WorkshopDrawMaterialEntry id="963a2927-19ad-42f6-b978-d7c1b6237a8a" parentId="3d60ecfb-be77-4181-bab2-044f29db1a6c" warehouseWarehouseId="d0671107-b2c4-49f1-add9-ad38b2cc02b8" materialMaterialId="870a70f4-12f5-4f1e-87f3-78ccf36ff8fa" materialMaterialModel="" volume="8489.000000" stockVolume="16272.000000" unitUnitId="" price="1.685100" entrysum="14304.813900" sort="1" lastUpdatedStamp="2012-08-30 11:51:20.0" lastUpdatedTxStamp="2012-08-30 11:51:20.0" createdStamp="2012-08-30 11:50:29.0" createdTxStamp="2012-08-30 11:50:29.0"/>
    <WorkshopDrawMaterialEntry id="9924f1ce-bbd8-47d6-a9a1-ed47db5304e4" parentId="ac47eac1-5d25-401e-8708-d8bf532fecd5" warehouseWarehouseId="d0671107-b2c4-49f1-add9-ad38b2cc02b8" materialMaterialId="aac79fe3-8e44-41df-99c4-bc302212954c" materialMaterialModel="2.0*20*C" volume="111673.000000" stockVolume="0.000000" unitUnitId="99ef4406-1345-4859-9c9e-22754210445b" price="0.000000" entrysum="0.000000" sort="1" lastUpdatedStamp="2012-08-28 19:58:47.0" lastUpdatedTxStamp="2012-08-28 19:58:47.0" createdStamp="2012-08-28 19:58:47.0" createdTxStamp="2012-08-28 19:58:47.0"/>
    <WorkshopDrawMaterialEntry id="9debd6ee-5a41-4001-a348-ea4d801c8520" parentId="f64b4eb4-9a49-496d-8041-30a6ab8bf016" warehouseWarehouseId="d0671107-b2c4-49f1-add9-ad38b2cc02b8" materialMaterialId="35c8e9d6-cc31-431a-b0e7-68aed83c39d8" materialMaterialModel="" volume="1190.000000" stockVolume="0.000000" unitUnitId="" price="0.000000" entrysum="0.000000" sort="1" lastUpdatedStamp="2012-08-30 11:59:43.0" lastUpdatedTxStamp="2012-08-30 11:59:43.0" createdStamp="2012-08-30 11:59:43.0" createdTxStamp="2012-08-30 11:59:43.0"/>
    <WorkshopDrawMaterialEntry id="9f0094cc-9b2c-4d88-8a00-9b935c5c1ef4" parentId="7b42e64d-c7c3-4dad-bd8a-d918ccf61eea" warehouseWarehouseId="9fbc04b0-5ce8-4c43-a8e1-92113a6be783" materialMaterialId="eb367768-0996-4e0f-bee1-0fbdd7555e4d" materialMaterialModel="2.0*90*1200" volume="2194.000000" stockVolume="2194.000000" unitUnitId="99ef4406-1345-4859-9c9e-22754210445b" price="5.289000" entrysum="11604.066000" sort="2" lastUpdatedStamp="2012-08-25 16:31:21.0" lastUpdatedTxStamp="2012-08-25 16:31:21.0" createdStamp="2012-08-25 16:31:20.0" createdTxStamp="2012-08-25 16:31:20.0"/>
    <WorkshopDrawMaterialEntry id="a3886c8e-640a-45a1-a944-8611a7fb3074" parentId="c635d64d-7261-4a11-85e9-3caf8b6d8889" warehouseWarehouseId="d0671107-b2c4-49f1-add9-ad38b2cc02b8" materialMaterialId="a3159622-6bd9-4ece-af23-d006a5a73b0f" materialMaterialModel="" volume="74000.000000" stockVolume="77396.000000" unitUnitId="" price="0.000000" entrysum="0.000000" sort="1" lastUpdatedStamp="2012-08-28 11:17:31.0" lastUpdatedTxStamp="2012-08-28 11:17:31.0" createdStamp="2012-08-28 11:17:31.0" createdTxStamp="2012-08-28 11:17:31.0"/>
    <WorkshopDrawMaterialEntry id="a4889fe0-149b-41f4-b92f-2d4e707022be" parentId="553714c3-9fa0-4801-8b6c-68db52abbb3f" warehouseWarehouseId="d0671107-b2c4-49f1-add9-ad38b2cc02b8" materialMaterialId="aa94a02e-01c1-4f39-97f1-ee195e1c6e26" materialMaterialModel="" volume="36400.000000" stockVolume="67006.000000" unitUnitId="" price="0.554100" entrysum="20169.240000" sort="3" lastUpdatedStamp="2012-08-28 19:49:26.0" lastUpdatedTxStamp="2012-08-28 19:49:26.0" createdStamp="2012-08-28 19:49:26.0" createdTxStamp="2012-08-28 19:49:26.0"/>
    <WorkshopDrawMaterialEntry id="aa5e8226-982c-4796-9a7d-2be272d7f79c" parentId="b43d04df-1f0f-4762-8114-5a7fff8d5a35" warehouseWarehouseId="9fbc04b0-5ce8-4c43-a8e1-92113a6be783" materialMaterialId="b28c2c80-1c18-49a7-8068-e5813564b7b2" materialMaterialModel="1.2*76*C" volume="1384.000000" stockVolume="2160.000000" unitUnitId="99ef4406-1345-4859-9c9e-22754210445b" price="5.391000" entrysum="7461.144000" sort="2" lastUpdatedStamp="2012-08-25 16:31:55.0" lastUpdatedTxStamp="2012-08-25 16:31:55.0" createdStamp="2012-08-25 15:38:24.0" createdTxStamp="2012-08-25 15:38:24.0"/>
    <WorkshopDrawMaterialEntry id="ab74d7a0-16c8-4559-a89c-aa797a5fbf82" parentId="5f5db2d6-947e-4ca4-aa89-68224ddc4c0e" warehouseWarehouseId="d0671107-b2c4-49f1-add9-ad38b2cc02b8" materialMaterialId="e8f44b6f-16bd-4afe-87f1-b2dbe639eeb4" materialMaterialModel="" volume="6217.000000" stockVolume="136014.000000" unitUnitId="" price="0.068000" entrysum="422.756000" sort="3" lastUpdatedStamp="2012-08-30 11:56:18.0" lastUpdatedTxStamp="2012-08-30 11:56:18.0" createdStamp="2012-08-30 11:56:18.0" createdTxStamp="2012-08-30 11:56:18.0"/>
    <WorkshopDrawMaterialEntry id="af32d170-6b46-43ab-86b4-a2297d55e811" parentId="5f5db2d6-947e-4ca4-aa89-68224ddc4c0e" warehouseWarehouseId="d0671107-b2c4-49f1-add9-ad38b2cc02b8" materialMaterialId="3541d553-9be7-468c-a59c-64e4fbe33446" materialMaterialModel="" volume="6217.000000" stockVolume="25497.000000" unitUnitId="" price="0.094700" entrysum="588.749900" sort="2" lastUpdatedStamp="2012-08-30 11:56:18.0" lastUpdatedTxStamp="2012-08-30 11:56:18.0" createdStamp="2012-08-30 11:56:18.0" createdTxStamp="2012-08-30 11:56:18.0"/>
    <WorkshopDrawMaterialEntry id="b6e2444a-d30e-4029-913b-551b7c31c8c6" parentId="e052ec50-ed2b-4f6f-9361-2a2d27003484" warehouseWarehouseId="9fbc04b0-5ce8-4c43-a8e1-92113a6be783" materialMaterialId="4c37a1f0-d05f-4db8-b0c6-29722a8fe375" materialMaterialModel="3*14*1734&#65288;180&#19979;&#65289;" volume="411.000000" stockVolume="411.000000" unitUnitId="99ef4406-1345-4859-9c9e-22754210445b" price="5.100000" entrysum="2096.100000" sort="3" lastUpdatedStamp="2012-08-25 16:31:36.0" lastUpdatedTxStamp="2012-08-25 16:31:36.0" createdStamp="2012-08-25 16:25:59.0" createdTxStamp="2012-08-25 16:25:59.0"/>
    <WorkshopDrawMaterialEntry id="b8392cb3-8941-42d9-b8a3-bcee27db44c9" parentId="c635d64d-7261-4a11-85e9-3caf8b6d8889" warehouseWarehouseId="d0671107-b2c4-49f1-add9-ad38b2cc02b8" materialMaterialId="704a61fe-0748-44f6-8ef4-ab56d921b662" materialMaterialModel="" volume="74000.000000" stockVolume="48688.000000" unitUnitId="" price="0.000000" entrysum="0.000000" sort="2" lastUpdatedStamp="2012-08-28 11:17:31.0" lastUpdatedTxStamp="2012-08-28 11:17:31.0" createdStamp="2012-08-28 11:17:31.0" createdTxStamp="2012-08-28 11:17:31.0"/>
    <WorkshopDrawMaterialEntry id="bd614416-2d0d-444f-be89-651b1a231ed2" parentId="1873b991-c362-490a-a566-9f34b6c93fb2" warehouseWarehouseId="9fbc04b0-5ce8-4c43-a8e1-92113a6be783" materialMaterialId="b2befc65-b3c4-4bfb-ac2f-613cd4aeb92c" materialMaterialModel="" volume="4278.000000" stockVolume="4278.000000" unitUnitId="" price="4.900000" entrysum="20962.200000" sort="1" lastUpdatedStamp="2012-08-25 16:31:44.0" lastUpdatedTxStamp="2012-08-25 16:31:44.0" createdStamp="2012-08-25 16:14:48.0" createdTxStamp="2012-08-25 16:14:48.0"/>
    <WorkshopDrawMaterialEntry id="bd75420b-4295-49e4-aebf-5427321d88ad" parentId="9a72bf94-d737-4fd8-a844-2dea0460162d" warehouseWarehouseId="9fbc04b0-5ce8-4c43-a8e1-92113a6be783" materialMaterialId="dda2dc8e-3257-4e16-aed4-4158126999aa" materialMaterialModel="1.0*57*C/1000" volume="1524.000000" stockVolume="4684.000000" unitUnitId="99ef4406-1345-4859-9c9e-22754210445b" price="4.901500" entrysum="7469.886000" sort="4" lastUpdatedStamp="2012-08-25 16:31:32.0" lastUpdatedTxStamp="2012-08-25 16:31:32.0" createdStamp="2012-08-25 16:29:05.0" createdTxStamp="2012-08-25 16:29:05.0"/>
    <WorkshopDrawMaterialEntry id="c168d971-8dcf-4ef1-9738-a9961620eed4" parentId="d8ba6b5d-0319-4039-87b2-9ff7fde74bee" warehouseWarehouseId="d0671107-b2c4-49f1-add9-ad38b2cc02b8" materialMaterialId="50b3b66e-a76d-4f46-b66c-b02592b4dc90" materialMaterialModel="" volume="1741.000000" stockVolume="1741.000000" unitUnitId="" price="1.484300" entrysum="2584.166300" sort="2" lastUpdatedStamp="2012-08-30 12:00:20.0" lastUpdatedTxStamp="2012-08-30 12:00:20.0" createdStamp="2012-08-30 12:00:20.0" createdTxStamp="2012-08-30 12:00:20.0"/>
    <WorkshopDrawMaterialEntry id="c257bc74-2a27-4617-a7b3-391bef3cf7fd" parentId="e052ec50-ed2b-4f6f-9361-2a2d27003484" warehouseWarehouseId="9fbc04b0-5ce8-4c43-a8e1-92113a6be783" materialMaterialId="900098ee-c1b9-430d-b6c2-9fabbe3bd7fc" materialMaterialModel="5.7(6.0)*17.6(18)*1427" volume="7532.000000" stockVolume="7532.000000" unitUnitId="99ef4406-1345-4859-9c9e-22754210445b" price="5.389500" entrysum="40593.714000" sort="1" lastUpdatedStamp="2012-08-25 16:31:36.0" lastUpdatedTxStamp="2012-08-25 16:31:36.0" createdStamp="2012-08-25 16:25:59.0" createdTxStamp="2012-08-25 16:25:59.0"/>
    <WorkshopDrawMaterialEntry id="c44c8aff-a36d-4448-94c9-6d5dfaf1dc8f" parentId="6690b137-2297-4d8a-a669-7aaa1607f190" warehouseWarehouseId="d0671107-b2c4-49f1-add9-ad38b2cc02b8" materialMaterialId="8c8cb23c-0c73-4da8-b450-e2f56f2d64b8" materialMaterialModel="" volume="8965.000000" stockVolume="38590.000000" unitUnitId="" price="0.063000" entrysum="564.795000" sort="2" lastUpdatedStamp="2012-08-30 11:33:49.0" lastUpdatedTxStamp="2012-08-30 11:33:48.0" createdStamp="2012-08-30 11:33:48.0" createdTxStamp="2012-08-30 11:33:48.0"/>
    <WorkshopDrawMaterialEntry id="c93e3d9d-1912-4a8f-86bb-c79c72e2e37e" parentId="d8ba6b5d-0319-4039-87b2-9ff7fde74bee" warehouseWarehouseId="d0671107-b2c4-49f1-add9-ad38b2cc02b8" materialMaterialId="783426d5-736b-4192-8dfc-8756eb8d5230" materialMaterialModel="" volume="1109.000000" stockVolume="1109.000000" unitUnitId="" price="1.181700" entrysum="1310.505300" sort="1" lastUpdatedStamp="2012-08-30 12:00:20.0" lastUpdatedTxStamp="2012-08-30 12:00:20.0" createdStamp="2012-08-30 12:00:20.0" createdTxStamp="2012-08-30 12:00:20.0"/>
    <WorkshopDrawMaterialEntry id="cb5f73cb-df20-4795-a1e2-98b85670209e" parentId="f130ca06-8886-41e3-93fc-9a4fba4f3d0d" warehouseWarehouseId="d0671107-b2c4-49f1-add9-ad38b2cc02b8" materialMaterialId="70a8c825-462c-428b-b717-f684a01cb055" materialMaterialModel="" volume="12300.000000" stockVolume="14491.000000" unitUnitId="" price="2.170000" entrysum="26691.000000" sort="3" lastUpdatedStamp="2012-08-30 11:21:01.0" lastUpdatedTxStamp="2012-08-30 11:21:01.0" createdStamp="2012-08-30 11:13:32.0" createdTxStamp="2012-08-30 11:13:32.0"/>
    <WorkshopDrawMaterialEntry id="cb96cc3c-673b-4a2d-8dfe-399e43b03f4d" parentId="c38d01ba-2220-4a77-907b-e46b73408416" warehouseWarehouseId="d0671107-b2c4-49f1-add9-ad38b2cc02b8" materialMaterialId="f9ef889a-0829-4c8e-b7b4-a11a4cb6eba3" materialMaterialModel="0.8*9.5*594&#65288;4800&#38271;&#65289;" volume="2951.000000" stockVolume="0.000000" unitUnitId="9fea6a23-0bc7-409c-9200-2b5157b14def" price="0.000000" entrysum="0.000000" sort="1" lastUpdatedStamp="2012-08-30 11:45:39.0" lastUpdatedTxStamp="2012-08-30 11:45:39.0" createdStamp="2012-08-30 11:45:39.0" createdTxStamp="2012-08-30 11:45:39.0"/>
    <WorkshopDrawMaterialEntry id="ccb2e1fd-a2e2-432a-8414-12ad93d1a512" parentId="8db44473-04a8-4bfe-9b18-b14558decb64" warehouseWarehouseId="d0671107-b2c4-49f1-add9-ad38b2cc02b8" materialMaterialId="34acc722-0080-4a66-a191-75f23d221168" materialMaterialModel="" volume="50934.000000" stockVolume="26220.000000" unitUnitId="" price="0.000000" entrysum="0.000000" sort="1" lastUpdatedStamp="2012-08-30 11:51:49.0" lastUpdatedTxStamp="2012-08-30 11:51:49.0" createdStamp="2012-08-30 11:51:49.0" createdTxStamp="2012-08-30 11:51:49.0"/>
    <WorkshopDrawMaterialEntry id="d0d6f11a-d84a-437d-9707-a95d6b2faad4" parentId="0071df4e-b00b-4ae7-8f9f-60272c415125" warehouseWarehouseId="d0671107-b2c4-49f1-add9-ad38b2cc02b8" materialMaterialId="e8f44b6f-16bd-4afe-87f1-b2dbe639eeb4" materialMaterialModel="" volume="36400.000000" stockVolume="180903.000000" unitUnitId="" price="0.068000" entrysum="2475.200000" sort="2" lastUpdatedStamp="2012-08-28 19:57:52.0" lastUpdatedTxStamp="2012-08-28 19:57:52.0" createdStamp="2012-08-28 19:57:52.0" createdTxStamp="2012-08-28 19:57:52.0"/>
    <WorkshopDrawMaterialEntry id="d4b05974-2e51-4caf-9d13-abe9f6e6715b" parentId="e35c37ae-bd0b-4dea-aa14-d7d7f981d5a0" warehouseWarehouseId="9fbc04b0-5ce8-4c43-a8e1-92113a6be783" materialMaterialId="95ecf571-3f6a-4e48-a9d2-7a3f67a434f9" materialMaterialModel="2.5*2.5*C" volume="1386.000000" stockVolume="4544.000000" unitUnitId="99ef4406-1345-4859-9c9e-22754210445b" price="4.691000" entrysum="6501.726000" sort="2" lastUpdatedStamp="2012-08-25 16:31:52.0" lastUpdatedTxStamp="2012-08-25 16:31:52.0" createdStamp="2012-08-25 15:56:49.0" createdTxStamp="2012-08-25 15:56:49.0"/>
    <WorkshopDrawMaterialEntry id="d6d5df6b-3dc3-4808-a7e3-b2e41187636c" parentId="f9b86d05-d627-47da-9b54-47458d5e894a" warehouseWarehouseId="9fbc04b0-5ce8-4c43-a8e1-92113a6be783" materialMaterialId="5a913840-f923-40fa-94bf-7635539ac5f6" materialMaterialModel="1.2*16*463" volume="5383.000000" stockVolume="7055.000000" unitUnitId="9fea6a23-0bc7-409c-9200-2b5157b14def" price="1.190000" entrysum="6405.770000" sort="4" lastUpdatedStamp="2012-08-27 09:51:44.0" lastUpdatedTxStamp="2012-08-27 09:51:44.0" createdStamp="2012-08-27 08:52:15.0" createdTxStamp="2012-08-27 08:52:15.0"/>
    <WorkshopDrawMaterialEntry id="d8ea8e9b-ffbf-49d7-b0a2-67dd06e65ca5" parentId="f9b86d05-d627-47da-9b54-47458d5e894a" warehouseWarehouseId="9fbc04b0-5ce8-4c43-a8e1-92113a6be783" materialMaterialId="372bb99b-85f7-4c75-af5b-d18b50231e97" materialMaterialModel="1.2*16*255" volume="8509.000000" stockVolume="8509.000000" unitUnitId="9fea6a23-0bc7-409c-9200-2b5157b14def" price="0.660000" entrysum="5615.940000" sort="5" lastUpdatedStamp="2012-08-27 09:51:44.0" lastUpdatedTxStamp="2012-08-27 09:51:44.0" createdStamp="2012-08-27 08:52:15.0" createdTxStamp="2012-08-27 08:52:15.0"/>
    <WorkshopDrawMaterialEntry id="dee16ef9-e7d8-4403-be30-f20e53f533b3" parentId="7b42e64d-c7c3-4dad-bd8a-d918ccf61eea" warehouseWarehouseId="9fbc04b0-5ce8-4c43-a8e1-92113a6be783" materialMaterialId="4897e74a-7365-49b0-a9c1-1b250e252f67" materialMaterialModel="3.0*170*1200" volume="9526.000000" stockVolume="9526.000000" unitUnitId="99ef4406-1345-4859-9c9e-22754210445b" price="4.708100" entrysum="44849.360600" sort="4" lastUpdatedStamp="2012-08-25 16:31:21.0" lastUpdatedTxStamp="2012-08-25 16:31:21.0" createdStamp="2012-08-25 16:31:20.0" createdTxStamp="2012-08-25 16:31:20.0"/>
    <WorkshopDrawMaterialEntry id="e031bab2-39f8-4ab0-a302-d26d0b2bda2f" parentId="f130ca06-8886-41e3-93fc-9a4fba4f3d0d" warehouseWarehouseId="d0671107-b2c4-49f1-add9-ad38b2cc02b8" materialMaterialId="6a34f673-e814-41c1-a684-29b324a9cd70" materialMaterialModel="" volume="12300.000000" stockVolume="16598.000000" unitUnitId="" price="1.573600" entrysum="19355.280000" sort="1" lastUpdatedStamp="2012-08-30 11:21:01.0" lastUpdatedTxStamp="2012-08-30 11:21:01.0" createdStamp="2012-08-30 11:13:32.0" createdTxStamp="2012-08-30 11:13:32.0"/>
    <WorkshopDrawMaterialEntry id="e2494569-6507-4766-87aa-f8e6d5aaf015" parentId="cd7bf87f-763a-427b-9f2e-c366b944de48" warehouseWarehouseId="d0671107-b2c4-49f1-add9-ad38b2cc02b8" materialMaterialId="082124de-f361-4489-b8b7-58e7902668b3" materialMaterialModel="" volume="78590.000000" stockVolume="161489.000000" unitUnitId="" price="0.245600" entrysum="19301.704000" sort="1" lastUpdatedStamp="2012-08-28 19:24:46.0" lastUpdatedTxStamp="2012-08-28 19:24:46.0" createdStamp="2012-08-28 19:24:46.0" createdTxStamp="2012-08-28 19:24:45.0"/>
    <WorkshopDrawMaterialEntry id="e4b6d60c-35bb-4925-9b49-13b3ba4bd9e3" parentId="e35c37ae-bd0b-4dea-aa14-d7d7f981d5a0" warehouseWarehouseId="9fbc04b0-5ce8-4c43-a8e1-92113a6be783" materialMaterialId="930fd355-3054-4983-ac75-037aac9c62dd" materialMaterialModel="2.0*25*C" volume="9047.000000" stockVolume="16975.000000" unitUnitId="99ef4406-1345-4859-9c9e-22754210445b" price="4.823600" entrysum="43639.109200" sort="3" lastUpdatedStamp="2012-08-25 16:31:52.0" lastUpdatedTxStamp="2012-08-25 16:31:52.0" createdStamp="2012-08-25 15:56:49.0" createdTxStamp="2012-08-25 15:56:49.0"/>
    <WorkshopDrawMaterialEntry id="eac9e253-6cbe-4145-b8c4-afcfd1c787cc" parentId="6690b137-2297-4d8a-a669-7aaa1607f190" warehouseWarehouseId="d0671107-b2c4-49f1-add9-ad38b2cc02b8" materialMaterialId="bded3f28-6faa-468d-bfe9-ef43114c02f7" materialMaterialModel="" volume="8965.000000" stockVolume="9709.000000" unitUnitId="" price="0.660000" entrysum="5916.900000" sort="1" lastUpdatedStamp="2012-08-30 11:33:49.0" lastUpdatedTxStamp="2012-08-30 11:33:48.0" createdStamp="2012-08-30 11:33:48.0" createdTxStamp="2012-08-30 11:33:48.0"/>
    <WorkshopDrawMaterialEntry id="eb8a7a03-306c-4436-9873-6e1c9d3780a2" parentId="bb4950a2-7c6d-400d-a9ec-f77c8d6bfc38" warehouseWarehouseId="9fbc04b0-5ce8-4c43-a8e1-92113a6be783" materialMaterialId="d199f961-c1d9-4406-9243-49e76a1f84c9" materialMaterialModel="" volume="505.000000" stockVolume="505.000000" unitUnitId="" price="4.800000" entrysum="2424.000000" sort="2" lastUpdatedStamp="2012-08-25 16:31:40.0" lastUpdatedTxStamp="2012-08-25 16:31:40.0" createdStamp="2012-08-25 16:23:15.0" createdTxStamp="2012-08-25 16:23:15.0"/>
    <WorkshopDrawMaterialEntry id="ec30c9d1-1692-496a-8b5a-d32ee1ddbaf4" parentId="9a72bf94-d737-4fd8-a844-2dea0460162d" warehouseWarehouseId="9fbc04b0-5ce8-4c43-a8e1-92113a6be783" materialMaterialId="36281a15-a88b-4952-a597-2358e55d148b" materialMaterialModel="1.2*16*4800" volume="3364.000000" stockVolume="10162.000000" unitUnitId="99ef4406-1345-4859-9c9e-22754210445b" price="5.466000" entrysum="18387.624000" sort="1" lastUpdatedStamp="2012-08-25 16:31:33.0" lastUpdatedTxStamp="2012-08-25 16:31:32.0" createdStamp="2012-08-25 16:29:05.0" createdTxStamp="2012-08-25 16:29:05.0"/>
    <WorkshopDrawMaterialEntry id="eca77aad-09c0-444d-9e84-de92f5520124" parentId="36c809ef-aa30-447c-af10-723982d2b148" warehouseWarehouseId="d0671107-b2c4-49f1-add9-ad38b2cc02b8" materialMaterialId="5f9e2bd9-6bc5-4749-b6de-435d82f319b2" materialMaterialModel="" volume="53500.000000" stockVolume="82423.000000" unitUnitId="" price="1.339700" entrysum="71673.950000" sort="1" lastUpdatedStamp="2012-08-28 19:30:16.0" lastUpdatedTxStamp="2012-08-28 19:30:16.0" createdStamp="2012-08-28 19:30:04.0" createdTxStamp="2012-08-28 19:30:04.0"/>
    <WorkshopDrawMaterialEntry id="f233b357-ca41-46ae-a8fb-518c58c0fd5f" parentId="15ac18fb-2b48-46d4-b77b-bff4a5c08efc" warehouseWarehouseId="d0671107-b2c4-49f1-add9-ad38b2cc02b8" materialMaterialId="d411c41b-de94-4ca8-aaeb-1c3deb5849b1" materialMaterialModel="" volume="11700.000000" stockVolume="29082.000000" unitUnitId="" price="1.255500" entrysum="14689.350000" sort="1" lastUpdatedStamp="2012-08-30 11:09:27.0" lastUpdatedTxStamp="2012-08-30 11:09:27.0" createdStamp="2012-08-30 11:09:27.0" createdTxStamp="2012-08-30 11:09:27.0"/>
    <WorkshopDrawMaterialEntry id="f253a9e4-12be-468b-a116-90cf83a7c8bc" parentId="f32e00de-b0ca-4522-875d-46b640313180" warehouseWarehouseId="d0671107-b2c4-49f1-add9-ad38b2cc02b8" materialMaterialId="eb36a8db-4621-4742-9559-5fabaf44f7f3" materialMaterialModel="" volume="6217.000000" stockVolume="0.000000" unitUnitId="" price="0.000000" entrysum="0.000000" sort="1" lastUpdatedStamp="2012-08-30 11:52:46.0" lastUpdatedTxStamp="2012-08-30 11:52:46.0" createdStamp="2012-08-30 11:52:46.0" createdTxStamp="2012-08-30 11:52:46.0"/>
    <WorkshopDrawMaterialEntry id="f7edb381-17fc-4701-ba4e-443ec205a3fe" parentId="92bfe697-50ac-458a-87b2-b87133e3566a" warehouseWarehouseId="9fbc04b0-5ce8-4c43-a8e1-92113a6be783" materialMaterialId="92ff024b-0135-421f-9aa7-ec9ef48d81aa" materialMaterialModel="3.0*25*C" volume="87296.000000" stockVolume="89251.000000" unitUnitId="99ef4406-1345-4859-9c9e-22754210445b" price="4.595100" entrysum="401133.849600" sort="1" lastUpdatedStamp="2012-08-25 16:31:48.0" lastUpdatedTxStamp="2012-08-25 16:31:48.0" createdStamp="2012-08-25 16:04:43.0" createdTxStamp="2012-08-25 16:04:43.0"/>
    <WorkshopDrawMaterialEntry id="fa4725fa-f774-477b-821d-a7ab08973994" parentId="1cfcb68a-cf4e-41cc-9adb-05bf0828b2f2" warehouseWarehouseId="d0671107-b2c4-49f1-add9-ad38b2cc02b8" materialMaterialId="84b17c89-02dc-4c28-b18e-1d2257cd67db" materialMaterialModel="" volume="55174.000000" stockVolume="168516.000000" unitUnitId="" price="0.075500" entrysum="4165.637000" sort="1" lastUpdatedStamp="2012-08-30 11:30:44.0" lastUpdatedTxStamp="2012-08-30 11:30:44.0" createdStamp="2012-08-30 11:30:43.0" createdTxStamp="2012-08-30 11:30:43.0"/>
    <WorkshopDrawMaterialEntry id="fa4e555d-0732-46ed-bf42-b3ee774a4ab3" parentId="92bfe697-50ac-458a-87b2-b87133e3566a" warehouseWarehouseId="9fbc04b0-5ce8-4c43-a8e1-92113a6be783" materialMaterialId="1feeef18-1baa-4c91-8dba-19811da8e84f" materialMaterialModel="4.0*20*C" volume="4552.000000" stockVolume="4552.000000" unitUnitId="99ef4406-1345-4859-9c9e-22754210445b" price="4.511000" entrysum="20534.072000" sort="2" lastUpdatedStamp="2012-08-25 16:31:48.0" lastUpdatedTxStamp="2012-08-25 16:31:48.0" createdStamp="2012-08-25 16:04:43.0" createdTxStamp="2012-08-25 16:04:43.0"/>
    <WorkshopDrawMaterialEntry id="fcf6fbb7-146f-48a4-96b2-456095a7e564" parentId="c38d01ba-2220-4a77-907b-e46b73408416" warehouseWarehouseId="d0671107-b2c4-49f1-add9-ad38b2cc02b8" materialMaterialId="c4ef3e79-188e-4544-aef4-4a25cb38c23d" materialMaterialModel="" volume="5902.000000" stockVolume="0.000000" unitUnitId="" price="0.000000" entrysum="0.000000" sort="2" lastUpdatedStamp="2012-08-30 11:45:39.0" lastUpdatedTxStamp="2012-08-30 11:45:39.0" createdStamp="2012-08-30 11:45:39.0" createdTxStamp="2012-08-30 11:45:39.0"/>
    <WorkshopDrawMaterialEntry id="fdf166ae-fefa-480d-98cd-db99dd18e89e" parentId="e35c37ae-bd0b-4dea-aa14-d7d7f981d5a0" warehouseWarehouseId="9fbc04b0-5ce8-4c43-a8e1-92113a6be783" materialMaterialId="aac79fe3-8e44-41df-99c4-bc302212954c" materialMaterialModel="2.0*20*C" volume="2488.000000" stockVolume="7675.000000" unitUnitId="99ef4406-1345-4859-9c9e-22754210445b" price="4.725100" entrysum="11756.048800" sort="1" lastUpdatedStamp="2012-08-25 16:31:52.0" lastUpdatedTxStamp="2012-08-25 16:31:52.0" createdStamp="2012-08-25 15:56:49.0" createdTxStamp="2012-08-25 15:56:49.0"/>
    <WorkshopDrawMaterialEntry id="fedddc8b-7683-4820-affa-151f547d8ff2" parentId="0071df4e-b00b-4ae7-8f9f-60272c415125" warehouseWarehouseId="d0671107-b2c4-49f1-add9-ad38b2cc02b8" materialMaterialId="e3094916-eaa1-41cb-af8f-630c2a3952fe" materialMaterialModel="" volume="145600.000000" stockVolume="486497.000000" unitUnitId="" price="0.060200" entrysum="8765.120000" sort="1" lastUpdatedStamp="2012-08-28 19:57:52.0" lastUpdatedTxStamp="2012-08-28 19:57:52.0" createdStamp="2012-08-28 19:57:52.0" createdTxStamp="2012-08-28 19:57:52.0"/>
</entity-engine-xml>
