<?xml version="1.0" encoding="UTF-8"?>
<entity-engine-xml>
    <CurWorkshopPrice year="2012" month="8" workshopId="4a1411eb-72df-45cc-9aab-26f6fd7e4db0" materialId="4d857f80-a9ea-4d84-bbfd-a8f9be630391" beginvolume="0.000000" beginsum="0.000000" volume="1.000000" totalsum="0.000000" lastUpdatedStamp="2012-08-25 11:48:28.0" lastUpdatedTxStamp="2012-08-25 11:48:28.0" createdStamp="2012-08-25 11:48:28.0" createdTxStamp="2012-08-25 11:48:28.0"/>
    <CurWorkshopPrice year="2012" month="8" workshopId="4a1411eb-72df-45cc-9aab-26f6fd7e4db0" materialId="5f99b741-5294-4935-993e-85515ecada27" beginvolume="0.000000" beginsum="0.000000" volume="1.000000" totalsum="0.000000" lastUpdatedStamp="2012-08-25 15:27:56.0" lastUpdatedTxStamp="2012-08-25 15:27:56.0" createdStamp="2012-08-25 15:27:56.0" createdTxStamp="2012-08-25 15:27:56.0"/>
    <CurWorkshopPrice year="2012" month="8" workshopId="4a1411eb-72df-45cc-9aab-26f6fd7e4db0" materialId="6d1f9fa2-4667-48bd-9a9e-f7fbd23aaf15" beginvolume="0.000000" beginsum="0.000000" volume="16800.000000" totalsum="3360.000000" lastUpdatedStamp="2012-08-29 13:45:06.0" lastUpdatedTxStamp="2012-08-29 13:45:06.0" createdStamp="2012-08-29 13:45:06.0" createdTxStamp="2012-08-29 13:45:06.0"/>
    <CurWorkshopPrice year="2012" month="8" workshopId="4a1411eb-72df-45cc-9aab-26f6fd7e4db0" materialId="6d4a89fd-e9b7-46e5-bd48-58084807897f" beginvolume="0.000000" beginsum="0.000000" volume="1000.000000" totalsum="200.000000" lastUpdatedStamp="2012-08-29 11:29:54.0" lastUpdatedTxStamp="2012-08-29 11:29:54.0" createdStamp="2012-08-29 11:29:54.0" createdTxStamp="2012-08-29 11:29:54.0"/>
    <CurWorkshopPrice year="2012" month="8" workshopId="4a1411eb-72df-45cc-9aab-26f6fd7e4db0" materialId="82e5a712-2afe-4593-beaa-d133f6299059" beginvolume="0.000000" beginsum="0.000000" volume="2.000000" totalsum="0.000000" lastUpdatedStamp="2012-08-25 15:27:56.0" lastUpdatedTxStamp="2012-08-25 15:27:56.0" createdStamp="2012-08-25 15:27:56.0" createdTxStamp="2012-08-25 15:27:56.0"/>
    <CurWorkshopPrice year="2012" month="8" workshopId="4a1411eb-72df-45cc-9aab-26f6fd7e4db0" materialId="83e3fbed-a2f4-4759-a45a-5b36518eb3da" beginvolume="0.000000" beginsum="0.000000" volume="4.000000" totalsum="0.000000" lastUpdatedStamp="2012-08-25 11:48:28.0" lastUpdatedTxStamp="2012-08-25 11:48:28.0" createdStamp="2012-08-25 11:48:28.0" createdTxStamp="2012-08-25 11:48:28.0"/>
    <CurWorkshopPrice year="2012" month="8" workshopId="4a1411eb-72df-45cc-9aab-26f6fd7e4db0" materialId="8c2aace5-168d-4e1a-b6c7-e6a36d457647" beginvolume="0.000000" beginsum="0.000000" volume="18.000000" totalsum="0.000000" lastUpdatedStamp="2012-08-25 11:48:28.0" lastUpdatedTxStamp="2012-08-25 11:48:28.0" createdStamp="2012-08-25 11:48:28.0" createdTxStamp="2012-08-25 11:48:28.0"/>
    <CurWorkshopPrice year="2012" month="8" workshopId="4a1411eb-72df-45cc-9aab-26f6fd7e4db0" materialId="97f290e0-5f3c-4a57-8cba-4c9eb914e45f" beginvolume="0.000000" beginsum="0.000000" volume="100.000000" totalsum="0.000000" lastUpdatedStamp="2012-08-25 11:48:28.0" lastUpdatedTxStamp="2012-08-25 11:48:28.0" createdStamp="2012-08-25 11:48:28.0" createdTxStamp="2012-08-25 11:48:28.0"/>
    <CurWorkshopPrice year="2012" month="8" workshopId="4a1411eb-72df-45cc-9aab-26f6fd7e4db0" materialId="9a9b9d76-c91d-42ca-8e76-8a7986d3e227" beginvolume="0.000000" beginsum="0.000000" volume="3.000000" totalsum="180.000000" lastUpdatedStamp="2012-08-29 13:35:10.0" lastUpdatedTxStamp="2012-08-29 13:35:10.0" createdStamp="2012-08-29 13:35:10.0" createdTxStamp="2012-08-29 13:35:10.0"/>
    <CurWorkshopPrice year="2012" month="8" workshopId="4a1411eb-72df-45cc-9aab-26f6fd7e4db0" materialId="a540bb94-5043-4fdc-a1bc-749c833e3357" beginvolume="0.000000" beginsum="0.000000" volume="2922.000000" totalsum="10227.000000" lastUpdatedStamp="2012-08-29 14:44:48.0" lastUpdatedTxStamp="2012-08-29 14:44:48.0" createdStamp="2012-08-29 13:46:06.0" createdTxStamp="2012-08-29 13:46:06.0"/>
    <CurWorkshopPrice year="2012" month="8" workshopId="4a1411eb-72df-45cc-9aab-26f6fd7e4db0" materialId="cbe4f9e5-1699-4085-b705-f693e9b6edf1" beginvolume="0.000000" beginsum="0.000000" volume="16960.000000" totalsum="2883.200000" lastUpdatedStamp="2012-08-29 13:45:06.0" lastUpdatedTxStamp="2012-08-29 13:45:06.0" createdStamp="2012-08-29 13:45:06.0" createdTxStamp="2012-08-29 13:45:06.0"/>
    <CurWorkshopPrice year="2012" month="8" workshopId="4a1411eb-72df-45cc-9aab-26f6fd7e4db0" materialId="d9d0b8c1-27c9-4b54-af9b-063508179e3e" beginvolume="0.000000" beginsum="0.000000" volume="450.000000" totalsum="0.000000" lastUpdatedStamp="2012-08-25 11:48:28.0" lastUpdatedTxStamp="2012-08-25 11:48:28.0" createdStamp="2012-08-25 11:48:28.0" createdTxStamp="2012-08-25 11:48:28.0"/>
    <CurWorkshopPrice year="2012" month="8" workshopId="4a1411eb-72df-45cc-9aab-26f6fd7e4db0" materialId="e295c0d2-f535-4315-b121-a87d4e03d784" beginvolume="0.000000" beginsum="0.000000" volume="5.000000" totalsum="0.000000" lastUpdatedStamp="2012-08-25 11:48:28.0" lastUpdatedTxStamp="2012-08-25 11:48:28.0" createdStamp="2012-08-25 11:48:28.0" createdTxStamp="2012-08-25 11:48:28.0"/>
</entity-engine-xml>
