<?xml version="1.0" encoding="UTF-8"?>
<!-- Licensed to the Apache Software Foundation (ASF) under one or more contributor license agreements. See the NOTICE file distributed with this work for additional information regarding copyright ownership. The ASF licenses this file to you under the Apache License, Version 2.0 (the "License"); you 
	may not use this file except in compliance with the License. You may obtain a copy of the License at http://www.apache.org/licenses/LICENSE-2.0 Unless required by applicable law or agreed to in writing, software distributed under the License is distributed on an "AS IS" BASIS, WITHOUT WARRANTIES OR CONDITIONS 
	OF ANY KIND, either express or implied. See the License for the specific language governing permissions and limitations under the License. -->
<entity-engine-xml>
<TSystemUser id='0f5fb0ba-f66f-420b-9b3f-979d75123c66' userId='lucaiqun' userName='卢彩群' password='{SHA}7c4a8d09ca3762af61e59520943dc26494f8941b' sex='0' departmentId='0c92191f-3ccc-4c46-a466-bfe35663b391' position='' phoneNumber='' email='' valid='Y' />
<TSystemUser id='18f85a5d-1c39-44f4-9f2f-e7d64056ff7b' userId='admin' userName='系统管理员' password='{SHA}40bd001563085fc35165329ea1ff5c5ecbdbbeef' sex='0' departmentId='2c2f37d4-33ac-4026-9ec0-3f8571e8a4a4' position='管理员' phoneNumber='13800000000' email='admin@fq.com' valid='Y' />
<TSystemUser id='1b1600b2-7f27-403f-baa7-bf79722f467f' userId='cgytester' userName='test' password='{SHA}7c4a8d09ca3762af61e59520943dc26494f8941b' sex='0' departmentId='7fdc10ae-c7fd-4360-96c2-fedaf739f14c' position='' phoneNumber='' email='' valid='Y' />
<TSystemUser id='317ee254-324e-4725-b026-58fa533da9d1' userId='cgy' userName='采购员' password='{SHA}40bd001563085fc35165329ea1ff5c5ecbdbbeef' sex='0' departmentId='7fdc10ae-c7fd-4360-96c2-fedaf739f14c' position='采购员' phoneNumber='13800000000' email='admin@cgy.com' valid='Y' />
<TSystemUser id='57ba1af6-c0e6-4ee5-85d0-afca2c2d6039' userId='lupeie' userName='卢佩娥' password='{SHA}7c4a8d09ca3762af61e59520943dc26494f8941b' sex='1' departmentId='0c92191f-3ccc-4c46-a466-bfe35663b391' position='' phoneNumber='' email='' valid='Y' />
<TSystemUser id='69040cf8-a5ba-4606-843a-84932b0b9150' userId='liweiliang' userName='李伟亮' password='{SHA}7c4a8d09ca3762af61e59520943dc26494f8941b' sex='0' departmentId='7fdc10ae-c7fd-4360-96c2-fedaf739f14c' position='' phoneNumber='' email='' valid='Y' />
<TSystemUser id='6e2f550f-81f2-438d-9f09-a130dc5acdb5' userId='hhyang' userName='黄伙养' password='{SHA}7c4a8d09ca3762af61e59520943dc26494f8941b' sex='0' departmentId='8a2ac1ae-6296-4c63-8a4b-e5f192f70ff9' position='' phoneNumber='' email='' valid='N' />
<TSystemUser id='874d6669-2caf-49f2-802a-b4c461804007' userId='daifurong' userName='戴福荣' password='{SHA}7c4a8d09ca3762af61e59520943dc26494f8941b' sex='0' departmentId='8a2ac1ae-6296-4c63-8a4b-e5f192f70ff9' position='' phoneNumber='' email='' valid='Y' />
<TSystemUser id='9424cfdd-08d7-4af0-84d2-fe4187d78048' userId='chenzhiwei' userName='陈志伟' password='{SHA}7c4a8d09ca3762af61e59520943dc26494f8941b' sex='0' departmentId='7fdc10ae-c7fd-4360-96c2-fedaf739f14c' position='' phoneNumber='' email='' valid='Y' />
<TSystemUser id='978d8a31-6080-4984-8910-f15454c2551d' userId='scgly' userName='生产管理员' password='{SHA}40bd001563085fc35165329ea1ff5c5ecbdbbeef' sex='0' departmentId='8a2ac1ae-6296-4c63-8a4b-e5f192f70ff9' position='生产管理员' phoneNumber='13800000000' email='admin@scgly.com' valid='Y' />
<TSystemUser id='9f2b53cb-c239-4b96-b212-75ac803d07b7' userId='luxuemei' userName='卢雪媚' password='{SHA}7c4a8d09ca3762af61e59520943dc26494f8941b' sex='1' departmentId='0c92191f-3ccc-4c46-a466-bfe35663b391' position='' phoneNumber='' email='' valid='Y' />
<TSystemUser id='af7f9784-1506-4681-ad80-6bf58a21f255' userId='luweirong' userName='卢伟荣' password='{SHA}7c4a8d09ca3762af61e59520943dc26494f8941b' sex='0' departmentId='2c2f37d4-33ac-4026-9ec0-3f8571e8a4a4' position='' phoneNumber='' email='' valid='Y' />
<TSystemUser id='ccddfb1b-d265-4166-86e8-b72122edd321' userId='panxingfang' userName='潘杏芳' password='{SHA}7c4a8d09ca3762af61e59520943dc26494f8941b' sex='0' departmentId='8a2ac1ae-6296-4c63-8a4b-e5f192f70ff9' position='' phoneNumber='' email='' valid='Y' />
<TSystemUser id='efe8549e-5d83-48c8-85e3-9ab00b824953' userId='cgjl' userName='采购经理' password='{SHA}40bd001563085fc35165329ea1ff5c5ecbdbbeef' sex='0' departmentId='7fdc10ae-c7fd-4360-96c2-fedaf739f14c' position='采购经理' phoneNumber='13800000000' email='admin@cgjl.com' valid='Y' />
<TSystemUser id='f4d8290f-b8ad-4ce9-b3fc-4ff30608bc21' userId='sjlry' userName='数据录入员' password='{SHA}40bd001563085fc35165329ea1ff5c5ecbdbbeef' sex='0' departmentId='0c92191f-3ccc-4c46-a466-bfe35663b391' position='系统统计员' phoneNumber='13800000000' email='sjlry@fq.com' valid='N' />

<UserLogin userLoginId='admin' enabled='Y' isSystem='Y' currentPassword='{SHA}40bd001563085fc35165329ea1ff5c5ecbdbbeef' />
<UserLogin userLoginId='anonymous' enabled='N' isSystem='Y' currentPassword='' />
<UserLogin userLoginId='cgjl' enabled='Y' isSystem='Y' currentPassword='{SHA}40bd001563085fc35165329ea1ff5c5ecbdbbeef' />
<UserLogin userLoginId='cgy' enabled='Y' isSystem='Y' currentPassword='{SHA}40bd001563085fc35165329ea1ff5c5ecbdbbeef' />
<UserLogin userLoginId='cgytester' enabled='Y' isSystem='Y' currentPassword='{SHA}7c4a8d09ca3762af61e59520943dc26494f8941b' />
<UserLogin userLoginId='chenzhiwei' enabled='Y' isSystem='Y' currentPassword='{SHA}7c4a8d09ca3762af61e59520943dc26494f8941b' />
<UserLogin userLoginId='daifurong' enabled='Y' isSystem='Y' currentPassword='{SHA}7c4a8d09ca3762af61e59520943dc26494f8941b' />
<UserLogin userLoginId='hhyang' enabled='Y' isSystem='Y' currentPassword='{SHA}7c4a8d09ca3762af61e59520943dc26494f8941b' />
<UserLogin userLoginId='liweiliang' enabled='Y' isSystem='Y' currentPassword='{SHA}7c4a8d09ca3762af61e59520943dc26494f8941b' />
<UserLogin userLoginId='lucaiqun' enabled='Y' isSystem='Y' currentPassword='{SHA}7c4a8d09ca3762af61e59520943dc26494f8941b' />
<UserLogin userLoginId='lupeie' enabled='Y' isSystem='Y' currentPassword='{SHA}7c4a8d09ca3762af61e59520943dc26494f8941b' />
<UserLogin userLoginId='luweirong' enabled='Y' isSystem='Y' currentPassword='{SHA}7c4a8d09ca3762af61e59520943dc26494f8941b' />
<UserLogin userLoginId='luxuemei' enabled='Y' isSystem='Y' currentPassword='{SHA}7c4a8d09ca3762af61e59520943dc26494f8941b' />
<UserLogin userLoginId='panxingfang' enabled='Y' isSystem='Y' currentPassword='{SHA}7c4a8d09ca3762af61e59520943dc26494f8941b' />
<UserLogin userLoginId='scgly' enabled='Y' isSystem='Y' currentPassword='{SHA}40bd001563085fc35165329ea1ff5c5ecbdbbeef' />
<UserLogin userLoginId='sjlry' enabled='N' isSystem='Y' currentPassword='{SHA}40bd001563085fc35165329ea1ff5c5ecbdbbeef' />
<UserLogin userLoginId='system' enabled='N' isSystem='Y' currentPassword='' />
</entity-engine-xml>