<?xml version="1.0" encoding="UTF-8"?>
<!-- Licensed to the Apache Software Foundation (ASF) under one or more contributor license agreements. See the NOTICE file distributed with this work for additional information regarding copyright ownership. The ASF licenses this file to you under the Apache License, Version 2.0 (the "License"); you 
	may not use this file except in compliance with the License. You may obtain a copy of the License at http://www.apache.org/licenses/LICENSE-2.0 Unless required by applicable law or agreed to in writing, software distributed under the License is distributed on an "AS IS" BASIS, WITHOUT WARRANTIES OR CONDITIONS 
	OF ANY KIND, either express or implied. See the License for the specific language governing permissions and limitations under the License. -->
<entity-engine-xml>
<Supplier id="653bda19-ae30-45bc-95f8-59846c5f50be" number="SUP100001" name="恒沛电器装饰有限公司" phoneNum="0756-5783783" address="斗门区斗门镇" />
<Supplier id="d8263393-3134-4d4b-bdd5-ec077470456c" number="SUP100002" name="鸿金源铝业制品有限公司" phoneNum="0757-23817022.23322110" address="佛山市顺德区陈村镇广隆工业区环镇东路二号" />
<Supplier id="d7ead1e4-b6ac-461c-b447-ed9e0fd9a682" number="SUP100003" name="华元金属焊接材料有限公司" phoneNum="0750-3960652" address="江会路38号102" />
<Supplier id="04cd4680-0279-4060-89f0-2a35d6183c16" number="SUP100004" name="继文五金塑料制品有限公司" phoneNum="0760-2323798" address="中山市黄圃镇大雁工业区大魁桥脚" />
<Supplier id="62245fae-d643-4f9d-b711-dcdcb723072d" number="SUP100005" name="嘉禾（高标）电脑间花厂" phoneNum="13528944144" address="顺德广湛公路华西路段" />
<Supplier id="f89bd3a4-6294-4723-ba02-88dc4f7a1b9b" number="SUP100006" name="巨大铝业有限公司" phoneNum="0757-23818333" address="佛山市顺德区陈村镇广隆工业园环镇西路8号" />
<Supplier id="612b3d2a-c5b8-4de5-8a11-025ee464a03a" number="SUP100007" name="凯晟塑料有限公司" phoneNum="0750-3783866" address="" />
<Supplier id="d6abacaf-850c-4ea0-8dfe-2399f399acb0" number="SUP100008" name="弥敦家具厂" phoneNum="0750-6419996" address="广东省江门新会区新水镇丰华工业区" />
<Supplier id="ae0bbed6-397a-4986-bd74-5a7266ec4cef" number="SUP100009" name="南丰县桑田缝纫机台板厂" phoneNum="0769-88321966" address="东莞 " />
<Supplier id="98417031-2364-43d6-ab60-549f1d87725e" number="SUP100010" name="南峰冷拉钢材厂" phoneNum="0760-23132203" address="中山市南头镇升辉北路直入2公里" />
<Supplier id="e0a503de-1a07-4438-82f4-63bd34c1699e" number="SUP100011" name="诺辰家居用品有限公司" phoneNum="13602579865" address="东莞市南城区体育路鸿禧中心A1010" />
<Supplier id="098c2106-8755-4db7-8012-a3e9912f314b" number="SUP100012" name="鹏霖五金加工厂" phoneNum="13702273224" address="潮连芝山码头" />
<Supplier id="6cb5153a-babb-473f-b2c9-ca33a75e1bd7" number="SUP100013" name="奇润贸易有限公司" phoneNum="13431705614" address="" />
<Supplier id="6faa5ed5-0550-40a2-8096-24c059d9be5f" number="SUP100014" name="泉汇橡筋绳带有限公司" phoneNum="0750-3123123" address="江门市江海路滘北亨通工业园C3" />
<Supplier id="8ba40d54-a7a9-4d3d-a7ef-81f57a9e1a21" number="SUP100015" name="三鑫五金塑电制品厂" phoneNum="0760-22210668" address="" />
<Supplier id="827be1e1-d375-41ff-8ea4-c1ec9757b516" number="SUP100016" name="绍初金属电镀厂" phoneNum="0757-28380080" address="顺德区容桂华口中禾围工业区" />
<Supplier id="d591d75b-2d0c-4108-bc55-58593b4b6ee8" number="SUP100017" name="升平五金厂" phoneNum="0750-3672008" address="" />
<Supplier id="da78d890-7d6e-4b00-8c65-8422fd61a560" number="SUP100018" name="世埠伟华五金厂" phoneNum="0757-23376910" address="佛山市顺德区龙江镇" />
<Supplier id="7dc9a270-2fb9-4462-9e25-6b77d0d9c22f" number="SUP100019" name="同利来不锈钢有限公司" phoneNum="0750-3921488" address="江门市乐美路21号111室" />
<Supplier id="161cd17e-9550-46fe-87ea-b7e315484ce9" number="SUP100020" name="西樵誉景塑料有限公司" phoneNum="13809225833" address="佛山市南海区西樵镇大桐圩" />
<Supplier id="41278ebc-5eca-47fb-820a-cb8918d3c1fb" number="SUP100021" name="新合昌玻璃制品有限公司" phoneNum="0750-3822011" address="江门窖北第二工业区二排" />
<Supplier id="8727c5b9-5c72-4ca9-baf5-f329aea28c95" number="SUP100022" name="新华家具厂有限公司" phoneNum="13823437546" address="佛山市顺德区龙江镇豪俊材料城L座2-4号" />
<Supplier id="2248df55-b6a3-44fd-b6a2-aeae573fa334" number="SUP100023" name="新时代粘合胶企业有限公司" phoneNum="0750-3892580" address="" />
<Supplier id="3ffb8ac1-79d1-4f57-8586-885bb24b7bc7" number="SUP100024" name="新星制网厂" phoneNum="0750-3520165" address="江门市建设三路白土工业区" />
<Supplier id="c13809b1-ec13-4ece-9b3c-01fa10ea4c47" number="SUP100025" name="兴宏木制品厂有限公司" phoneNum="0750-6802978" address="江门市新会区大泽镇李苑工业区" />
<Supplier id="cb7beed3-a6c6-4c2c-a75d-bb122bf51975" number="SUP100026" name="亿仑五金塑料制品有限公司" phoneNum="0760-22551313" address="小榄镇绩东一和成工业园" />
<Supplier id="aebf71db-9c3a-41a6-a23f-e9c5f30c3d46" number="SUP100027" name="盈骏五金机电商行" phoneNum="0750-3313482" address="江会路19号之一104（华侨中学对面）" />
<Supplier id="deac253c-4eb2-498f-8fea-24161741d965" number="SUP100028" name="永盛包装材料厂" phoneNum="0750-3665708" address="江门市棠下石滘工业区" />
<Supplier id="838a973d-0043-4b5c-94b7-818e9b64a9d9" number="SUP100029" name="永雄五金拉丝厂" phoneNum="0750-3664475" address="杜阮那糍坑工业区" />
<Supplier id="ee2136bf-8b21-4a4b-b69c-4b8558f7cae2" number="SUP100030" name="宇锋合金制造有限公司" phoneNum="0750-3736018" address="江门市荷塘南村管理区" />
<Supplier id="4be3d645-97df-4492-a957-1f238093271a" number="SUP100031" name="浙江多美绣品有限公司" phoneNum="13456387511" address="浙江萧山区所前镇缪家村" />
<Supplier id="474f8532-18cd-4b71-adca-e0bb3641c2fc" number="SUP100032" name="泰升玻璃" phoneNum="0769-85557608" address="东莞市沙田镇齐沙管理区" />
<Supplier id="39809d95-97d8-4e3f-b48c-13d631b1cca2" number="SUP100033" name="银辉玻璃" phoneNum="0750-3506618" address="江门市龙湾路" />
<Supplier id="2af6e523-cc34-467b-b1a3-249fb24d924e" number="SUP100034" name="宝盛纸制品厂" phoneNum="0750-3722666" address="江门市潮连卢边工业区" />
<Supplier id="b67aa9a5-71ca-4534-86a1-b44f3003ffcb" number="SUP100035" name="昌和包装制品" phoneNum="0760-2210 4096" address="中山" />
<Supplier id="5b0b0a85-1a2e-4d8b-bf10-61d4523fdae7" number="SUP100036" name="斯墨菲石东包装" phoneNum="0769-81331342" address="东莞" />
<Supplier id="7558e29c-7047-4459-83a2-01a899a6961d" number="SUP100037" name="中泰纸品有限公司" phoneNum="0750-8223012" address="江门市蓬江区荷塘高村顺成工业区" />
<Supplier id="fa09ac19-a6b6-4588-9fd5-bf545e3bee96" number="SUP100038" name="震涛印刷厂" phoneNum="0750-3723000" address="潮连" />
<Supplier id="4e2d920d-79b4-49c6-84ed-e2de0aa822e5" number="SUP100039" name="骏威胶袋厂" phoneNum="0750-3102825" address="江门蓬江区篁边管理区" />
<Supplier id="7dfa6d2f-085e-47b4-a4ec-89d83bc27fbe" number="SUP100040" name="荣盛五金弹簧厂" phoneNum="0750-3720800" address="潮连坦边管理区后侧" />
<Supplier id="45b98228-d8d6-42bb-bf4a-26f0d7c5c98a" number="SUP100041" name="恒全（成富）五金制品有限公司" phoneNum="0757-86508922" address="佛山市南海区九江物流产业园" />
<Supplier id="a62011e0-2de2-4b67-9c1d-51a14cc82efa" number="SUP100042" name="华龙木工刀具五金厂" phoneNum="0769-85609752" address="东莞" />
<Supplier id="af00366f-c7ca-4253-a161-9f22cddd70bd" number="SUP100043" name="固强家具五金" phoneNum="13824515608" address="佛山顺德" />
<Supplier id="3ac7c4e6-55ca-43d0-a15d-322f8eb9d61c" number="SUP100044" name="东泰五金" phoneNum="0757-25332373" address="佛山市顺德区勒流镇勒流港工业路" />
<Supplier id="ce02bd66-dd56-4084-80e2-1c2690caca77" number="SUP100045" name="海森塑料厂" phoneNum="0750-3661550" address="江门市木朗" />
<Supplier id="6f715f49-c8ce-4115-81cb-5c6eb8770f0b" number="SUP100046" name="前骏木业" phoneNum="0750-3536662" address="江门市沙仔尾" />
<Supplier id="f38c1e5d-5b2b-40df-8dbc-e7e8e8e0c820" number="SUP100047" name="菏泽万佳" phoneNum="0530-3814888" address="山东省菏泽市曹县邵庄镇胡菜园村" />
<Supplier id="a45e8ead-bd88-49ee-a631-2d7c0fb62a70" number="SUP100048" name="坤霖家具" phoneNum="0769-88321966" address="东莞" />
<Supplier id="885479e1-a24f-4cce-8478-295aa71feb6b" number="SUP100049" name="圣美嘉木业有限公司" phoneNum="7508613883" address="鹤山市双合镇蒲塘开发区" />
<Supplier id="abc654fb-2028-48ea-a166-f4650e7f9a78" number="SUP100050" name="鼎发家具有限公司" phoneNum="" address="" />
<Supplier id="8a56d820-e709-4e30-9879-ad48a63c6b08" number="SUP100051" name="中铃五金电器制品厂" phoneNum="0750-3722557" address="江门市潮连富岗镇" />
<Supplier id="6b51b904-d753-4029-86d6-799daa705806" number="SUP100052" name="粤正销售中心" phoneNum="0750-3322652" address="江门礼乐" />
<Supplier id="44993291-9eac-4a19-a6af-8c1eb109be41" number="SUP100053" name="润桦五金塑料厂" phoneNum="0750-3726630" address="潮连富岗" />
<Supplier id="b9ed042d-fbdf-4e77-ab96-78c3a77f5783" number="SUP100054" name="淘宝网购买" phoneNum="" address="" />
<Supplier id="0c4f8cb0-fbcf-4a87-a374-0d4f976e7733" number="SUP100055" name="胜发织造厂" phoneNum="13703045451" address="棠下" />
<Supplier id="2856ef83-b787-4c55-85e9-b1956a96054f" number="SUP100056" name="世纪星原纺织" phoneNum="020-86894148" address="广州市花都区芙蓉镇芙蓉大道88号" />
<Supplier id="1deaebe8-658f-488c-957a-fe69297d8fab" number="SUP100057" name="聚宝成" phoneNum="" address="" />
<Supplier id="eced25c8-b2d8-4ba9-83f5-a9c2bbf17d57" number="SUP100058" name="嘉兴艾比升纺织品有限公司 " phoneNum="13456387511" address="嘉兴市秀洲区高照街道京润大厦1802号、1804号" />
<Supplier id="02a39cf7-2db8-4725-a2f4-06a3f2c698ac" number="SUP100059" name="恒安" phoneNum="" address="" />
<Supplier id="6259653f-dadb-4b16-a691-fb50017cfffa" number="SUP100060" name="冠亚海棉" phoneNum="15602889841" address="鹤山市龙口镇龙口工业区" />
<Supplier id="11b066e9-e9fd-42e8-8a30-4ea20c178c41" number="SUP100061" name="乌石拉链" phoneNum="020-86923732" address="花都狮岭镇（国际）皮革皮具城A广场1、2号" />
<Supplier id="e4d23d55-5faa-42e0-88b0-b33dad432f33" number="SUP100062" name="合力带业" phoneNum="020-86911186" address="花都狮岭镇（国际）皮革皮具城A一街10号" />
<Supplier id="99e80734-02b8-494d-8aae-acd6d97df08f" number="SUP100063" name="泰盛纺织有限公司" phoneNum="13630499131" address="江门市永盛新村57号1卡" />
<Supplier id="c9cbdbf1-8ae6-463d-b56f-8574e2f4d7b5" number="SUP100064" name="金美人线厂" phoneNum="" address="" />
<Supplier id="2d690b59-7d0c-4cb0-b348-d57ed14921ca" number="SUP100065" name="创新塑料制品厂" phoneNum="0760-22212232" address="中山市小榄镇" />
<Supplier id="4042b943-6ee1-44a8-a723-59d62509dfd2" number="SUP100066" name="富安五金塑料厂" phoneNum="13802608590" address="潮连镇" />
<Supplier id="8bec9b20-36bb-47ba-8540-806cf7f2ed73" number="SUP100067" name="富德塑料纱管厂有限公司" phoneNum="0750- 3728212" address="江门市潮连镇富岗南芬里" />
<Supplier id="93454842-5c84-4977-ba46-76d8d979df32" number="SUP100068" name="富杰塑料厂" phoneNum="0750-3726698" address="江门市潮连富岗工业区" />
<Supplier id="1fbc7f3a-52fe-4647-898a-3aab57fefad2" number="SUP100069" name="涵阳家具" phoneNum="" address="" />
<Supplier id="f4256083-a14c-42b7-8133-33bf814f0c4c" number="SUP100070" name="科信包装材料有限公司" phoneNum="0750-3132915" address="白石鳌溪里124号之一中" />
<Supplier id="b151c26e-93ac-4aad-98fc-83cd165e1dcf" number="SUP100071" name="永笙五金厂" phoneNum="13925802705" address="东莞市大岭山镇南区路口107国道边" />
<Supplier id="79f203c1-6669-43b3-a440-bb2cb8a9a1d6" number="SUP100072" name="富桥仓库" phoneNum="" address="" />
<Supplier id="9f3bc19b-b8ca-4ca3-9e68-0a897002a663" number="SUP100073" name="华宁五金标件贸易部" phoneNum="0750-6962696" address="新会区今古洲经济开发试验区" />
<Supplier id="c7d80c21-060f-46ef-add3-a7738790b763" number="SUP100074" name="舜发五金制品有限公司" phoneNum="0760-22283351" address="中山市小榄镇" />
<Supplier id="7651c476-37d7-4515-b317-79c1992c539e" number="SUP100075" name="伟华家具" phoneNum="" address="" />
<Supplier id="5eea94c4-ed5f-4c53-a926-d1841c468e4c" number="SUP100076" name="盛鹏五金制品厂" phoneNum="" address="潮连" />
<Supplier id="96ea7686-2d71-4e22-a5a0-ffb2ba68e7eb" number="SUP100077" name="富桥五金" phoneNum="" address="" />
<Supplier id="0405a664-2ae9-41ee-8283-ab7e085fcdb6" number="SUP100078" name="恒昌五金制品厂" phoneNum="" address="" />
<Supplier id="08e87ddc-d8fb-452c-98b0-1566735ce306" number="SUP100079" name="泰然" phoneNum="" address="" />
<Supplier id="16c8d438-dceb-4db7-8836-e09094a2037c" number="SUP100080" name="富诚信" phoneNum="" address="" />
<Supplier id="1367bd9d-76f1-4dd7-a33d-cf5cd1a7c2ff" number="SUP100081" name="超亿" phoneNum="" address="" />
<Supplier id="0a68a0ee-96d3-49b0-87aa-d9ad1a312b72" number="SUP100082" name="鑫星制网" phoneNum="" address="" />
<Supplier id="6ce514ec-2e65-4b81-8803-5e43c3f4c2ef" number="SUP100083" name="双赢合叶" phoneNum="" address="" />
<Supplier id="875ec007-68c0-4c06-84f3-9ac45978a16a" number="SUP100084" name="艺新工艺厂" phoneNum="0750-3719216" address="杜阮镇松岭村松香山工业区三街2号" />
<Supplier id="94a8fad8-6577-4b26-b8fd-678baaf8f78d" number="SUP100085" name="佳腾印刷有限公司" phoneNum="0760-22224310" address="中山市东升镇东城路新成第二开发区展宏路" />
<Supplier id="aa8ba4ba-41fb-477f-b1f4-8681ef92afe8" number="SUP100086" name="晋华" phoneNum="" address="" />
<Supplier id="9e87f4ba-8d5d-464e-92ad-0c069892b001" number="SUP100087" name="远东" phoneNum="" address="" />
<Supplier id="415bde7a-8935-4b66-b7e1-1bdd9d7d2dde" number="SUP100088" name="威强丝印厂" phoneNum="13392080662" address="" />
<Supplier id="2f7c213c-998a-41e0-8b9a-4c4558e5e243" number="SUP100089" name="西北五金钢管厂" phoneNum="" address="" />
<Supplier id="9cd54241-6561-4075-85e0-db53460448f4" number="SUP100090" name="百赞拉丝厂" phoneNum="0750-3726655" address="潮连坦边振兴工业区B" />
<Supplier id="4669464f-0fc0-4047-abf3-56fed60a6ed9" number="SUP100091" name="永鸿拉丝厂" phoneNum="" address="" />
<Supplier id="ba6ca4aa-038c-44d9-a2ac-adc8efc79dfc" number="SUP100092" name="大峻实业" phoneNum="0769-87080868" address="东莞市大朗镇" />
<Supplier id="2498dafe-5c7e-4795-8a82-c8f6883645f7" number="SUP100093" name="得鑫五金有限公司" phoneNum="0769-83207828" address="东莞市大朗镇" />
<Supplier id="4dbe30a6-6124-4ebf-959a-bbaf773c863b" number="SUP100094" name="电镀厂十一车间" phoneNum="0750-3723278" address="潮连南昌工业园" />
<Supplier id="06a7f69e-9584-4fb8-b096-059cb0d6c192" number="SUP100095" name="东升镇永吉橡塑五金制品厂" phoneNum="0760-22222959" address="中山市东升镇" />
<Supplier id="bf297ff5-2554-4609-892d-2e1967e5edf1" number="SUP100096" name="发达运动用品有限公司" phoneNum="0750-6311930" address="新会区新会大道西5号" />
<Supplier id="c9930d99-09d9-4733-8433-1a3f7d78ee38" number="SUP100097" name="广西容县新华家具厂" phoneNum="13823437546" address="龙江镇豪俊家具材料城L座2-4号" />
<Supplier id="da266422-74f5-4e81-b26d-cff73c6aca7d" number="SUP100098" name="锐创利" phoneNum="" address="" />
<Supplier id="6750e47b-7807-43c2-a1ca-cb48fd085c4a" number="SUP100099" name="喷涂车间" phoneNum="" address="" />
<Supplier id="ae8056fc-c625-4be4-9748-66f28f8cc68a" number="SUP100100" name="顺美" phoneNum="" address="" />
<Supplier id="2968edcb-81f0-4dd1-8b40-d98c42109c60" number="SUP100101" name="志诚电镀厂" phoneNum="" address="" />
<Supplier id="88ae557f-86ff-4b8b-aff4-ca79b0659aae" number="SUP100102" name="实达五金" phoneNum="" address="" />
<Supplier id="5fea8dc7-47c9-4be0-b56c-5bb717828436" number="SUP100103" name="鸿源实业" phoneNum="" address="" />
<Supplier id="d60f0f54-f722-47e3-89e0-e8e076f50a16" number="SUP100104" name="永阳棉毡厂" phoneNum="" address="" />
<Supplier id="6c57c073-2108-4bf5-86cd-98b32b77b352" number="SUP100105" name="鸿芝" phoneNum="" address="" />
<Supplier id="55e729ba-4549-4334-9757-686ffce4b6d3" number="SUP100106" name="万顺家具材料店" phoneNum="" address="" />
</entity-engine-xml>