<?xml version="1.0" encoding="UTF-8"?>
<!-- Licensed to the Apache Software Foundation (ASF) under one or more contributor license agreements. See the NOTICE file distributed with this work for additional information regarding copyright ownership. The ASF licenses this file to you under the Apache License, Version 2.0 (the "License"); you 
	may not use this file except in compliance with the License. You may obtain a copy of the License at http://www.apache.org/licenses/LICENSE-2.0 Unless required by applicable law or agreed to in writing, software distributed under the License is distributed on an "AS IS" BASIS, WITHOUT WARRANTIES OR CONDITIONS 
	OF ANY KIND, either express or implied. See the License for the specific language governing permissions and limitations under the License. -->
<entity-engine-xml>
<MaterialBomEntry id="c63cc287-1bdf-4d6e-9852-69e2787072bc" parentId="0c678ff8-1083-4a2f-9272-7e3fa0fb94cf" entryMaterialId="e13eb76e-85ae-4a21-ba5f-6f1330225df0" volume="1" entryUnitId="a817df96-ee63-440c-b750-1dcf53b9a74f" isBomMaterial="N" />
<MaterialBomEntry id="82f94c26-18cd-49d0-b328-331b4706c764" parentId="cb8ede24-e624-4c7a-9954-d17033335b09" entryMaterialId="3e528d05-a0f0-4a32-b86d-ac63229873d3" volume="1" entryUnitId="a817df96-ee63-440c-b750-1dcf53b9a74f" isBomMaterial="N" />
<MaterialBomEntry id="2b3be050-3166-4071-a03a-2ea234ea524b" parentId="cb8ede24-e624-4c7a-9954-d17033335b09" entryMaterialId="e122d049-0450-4484-9180-bbc0f69751cd" volume="1" entryUnitId="a817df96-ee63-440c-b750-1dcf53b9a74f" isBomMaterial="N" />
<MaterialBomEntry id="74a26f02-9f91-4c4d-8ebd-20cd5da6462d" parentId="5db983e3-a116-4c43-918b-1da06920fc00" entryMaterialId="84b17c89-02dc-4c28-b18e-1d2257cd67db" volume="1" entryUnitId="a817df96-ee63-440c-b750-1dcf53b9a74f" isBomMaterial="N" />
<MaterialBomEntry id="f7dfdeeb-4e07-4c52-9cd3-1cca6174ecef" parentId="aaf8beaf-9a20-4bf0-8ed7-ddb42ce99352" entryMaterialId="fed9f818-9599-46e7-9909-38dab9af879b" volume="1" entryUnitId="a817df96-ee63-440c-b750-1dcf53b9a74f" isBomMaterial="N" />
<MaterialBomEntry id="a96db966-8006-49ce-8cf0-5f9f00e37609" parentId="487f9062-1ee2-44ad-aa47-b6a181339b3e" entryMaterialId="fa087943-2a8b-46b3-8b1c-2c144689ac9d" volume="1" entryUnitId="a817df96-ee63-440c-b750-1dcf53b9a74f" isBomMaterial="N" />
<MaterialBomEntry id="cbaa4eb3-0ec7-4c7a-92f2-2c482c5f8427" parentId="188b36b2-0a4f-4c5f-8d90-f9353f6ca88c" entryMaterialId="b4fadb21-323b-4209-862b-bd34970d514f" volume="1" entryUnitId="a817df96-ee63-440c-b750-1dcf53b9a74f" isBomMaterial="N" />
<MaterialBomEntry id="a53563de-0990-4e20-8d42-ce922e7a509e" parentId="31a8ce45-383a-4c55-8916-362d6ab56410" entryMaterialId="4b0d5f85-b724-48e7-91b5-e73239736d94" volume="1" entryUnitId="a817df96-ee63-440c-b750-1dcf53b9a74f" isBomMaterial="N" />
<MaterialBomEntry id="8188a294-aa16-45e2-8119-3f38931075bf" parentId="fb3069a8-418b-474c-9936-bc43f12cabaa" entryMaterialId="e8f44b6f-16bd-4afe-87f1-b2dbe639eeb4" volume="2" entryUnitId="a817df96-ee63-440c-b750-1dcf53b9a74f" isBomMaterial="N" />
<MaterialBomEntry id="48af59c8-4b6b-4fe3-aa51-c3b10417a7da" parentId="fb3069a8-418b-474c-9936-bc43f12cabaa" entryMaterialId="cfb7423a-da7b-465b-8f5d-a280056734e8" volume="1" entryUnitId="36c459b1-6aeb-459e-be01-c6e27c4cf468" isBomMaterial="N" />
<MaterialBomEntry id="43a4cece-3809-426f-b2a5-328aae2eeb85" parentId="fb3069a8-418b-474c-9936-bc43f12cabaa" entryMaterialId="66eb11b3-2768-4a65-943b-05f21d7c3081" volume="1" entryUnitId="36c459b1-6aeb-459e-be01-c6e27c4cf468" isBomMaterial="N" />
<MaterialBomEntry id="2c2a15cc-7017-4bfa-9d69-7a0eb650446c" parentId="fb3069a8-418b-474c-9936-bc43f12cabaa" entryMaterialId="aa94a02e-01c1-4f39-97f1-ee195e1c6e26" volume="1" entryUnitId="36c459b1-6aeb-459e-be01-c6e27c4cf468" isBomMaterial="N" />
<MaterialBomEntry id="3298c944-734f-49fd-95f9-7b4ae9e83017" parentId="fb3069a8-418b-474c-9936-bc43f12cabaa" entryMaterialId="e3094916-eaa1-41cb-af8f-630c2a3952fe" volume="4" entryUnitId="a817df96-ee63-440c-b750-1dcf53b9a74f" isBomMaterial="N" />
<MaterialBomEntry id="424e4798-d544-4854-bed1-8d651df1a641" parentId="eec18c07-8a7c-423f-91c5-a22d37755a8a" entryMaterialId="e8f44b6f-16bd-4afe-87f1-b2dbe639eeb4" volume="2" entryUnitId="a817df96-ee63-440c-b750-1dcf53b9a74f" isBomMaterial="N" />
<MaterialBomEntry id="3769b811-371f-476b-a661-68be0ccafcd3" parentId="eec18c07-8a7c-423f-91c5-a22d37755a8a" entryMaterialId="cfb7423a-da7b-465b-8f5d-a280056734e8" volume="1" entryUnitId="36c459b1-6aeb-459e-be01-c6e27c4cf468" isBomMaterial="N" />
<MaterialBomEntry id="7ccde436-78ce-440a-92a5-73b252e066dd" parentId="eec18c07-8a7c-423f-91c5-a22d37755a8a" entryMaterialId="66eb11b3-2768-4a65-943b-05f21d7c3081" volume="1" entryUnitId="36c459b1-6aeb-459e-be01-c6e27c4cf468" isBomMaterial="N" />
<MaterialBomEntry id="965dd6cd-12de-4fa2-ae50-76352a0dc529" parentId="eec18c07-8a7c-423f-91c5-a22d37755a8a" entryMaterialId="aa94a02e-01c1-4f39-97f1-ee195e1c6e26" volume="1" entryUnitId="36c459b1-6aeb-459e-be01-c6e27c4cf468" isBomMaterial="N" />
<MaterialBomEntry id="40350cb3-e2e5-4d73-bf8d-e3ca0debc5c6" parentId="eec18c07-8a7c-423f-91c5-a22d37755a8a" entryMaterialId="e3094916-eaa1-41cb-af8f-630c2a3952fe" volume="4" entryUnitId="a817df96-ee63-440c-b750-1dcf53b9a74f" isBomMaterial="N" />
<MaterialBomEntry id="33612256-8dd0-4665-97fd-c50f1b7bc53b" parentId="65ffc75d-48cc-4132-901e-d6cc9158e2fd" entryMaterialId="5f9e2bd9-6bc5-4749-b6de-435d82f319b2" volume="1" entryUnitId="36c459b1-6aeb-459e-be01-c6e27c4cf468" isBomMaterial="N" />
<MaterialBomEntry id="7206583d-4d38-43a8-92ce-da30c1101819" parentId="65ffc75d-48cc-4132-901e-d6cc9158e2fd" entryMaterialId="98180daa-ad66-41ef-8039-dddfb2e7b1b9" volume="1" entryUnitId="36c459b1-6aeb-459e-be01-c6e27c4cf468" isBomMaterial="N" />
<MaterialBomEntry id="5b7b1264-0301-4968-8d57-62dcba56e969" parentId="65ffc75d-48cc-4132-901e-d6cc9158e2fd" entryMaterialId="e3094916-eaa1-41cb-af8f-630c2a3952fe" volume="9" entryUnitId="a817df96-ee63-440c-b750-1dcf53b9a74f" isBomMaterial="N" />
<MaterialBomEntry id="d0bb8e79-b844-489e-bf14-9e82226ee502" parentId="0981aa61-fb87-4fe0-9c46-dd998ece6247" entryMaterialId="f4c24c05-4f82-4b67-a2e7-747882f645a1" volume="1" entryUnitId="9fea6a23-0bc7-409c-9200-2b5157b14def" isBomMaterial="N" />
<MaterialBomEntry id="e87c3e8b-ec57-4d16-9db3-ba5d00d9eccc" parentId="0981aa61-fb87-4fe0-9c46-dd998ece6247" entryMaterialId="85755b53-1171-40bf-97f0-1033451939a2" volume="2" entryUnitId="a817df96-ee63-440c-b750-1dcf53b9a74f" isBomMaterial="N" />
<MaterialBomEntry id="b8b2b0f1-ac2f-49f0-8e74-ee8b554dbc41" parentId="3aa1e392-2a59-44b3-b4c1-7179bb0d372f" entryMaterialId="082124de-f361-4489-b8b7-58e7902668b3" volume="1" entryUnitId="a817df96-ee63-440c-b750-1dcf53b9a74f" isBomMaterial="N" />
<MaterialBomEntry id="44dcc617-7bd1-482a-af13-41d21f50ee25" parentId="c771b15b-de80-4be9-869d-0311a654a1f7" entryMaterialId="0626f4a4-5bf8-4df7-8348-03ce06a4fabe" volume="1" entryUnitId="36c459b1-6aeb-459e-be01-c6e27c4cf468" isBomMaterial="N" />
<MaterialBomEntry id="4a69b48b-1dca-44c6-9f60-3f9a632ce4db" parentId="693e01c0-9829-4cfe-a091-609bfec3c592" entryMaterialId="76de6632-09df-408b-9803-94c86f7c9613" volume="1" entryUnitId="36c459b1-6aeb-459e-be01-c6e27c4cf468" isBomMaterial="N" />
<MaterialBomEntry id="20babf03-9605-48ed-ab20-76cc3c45ff88" parentId="dd243cc4-12ad-47c0-b55e-8ebc80c12aef" entryMaterialId="21cd372e-5852-49a8-8a7f-099ccee9d389" volume="1" entryUnitId="36c459b1-6aeb-459e-be01-c6e27c4cf468" isBomMaterial="N" />
<MaterialBomEntry id="70c8f9ae-bbf8-42f6-96dc-3fc0205ce1f8" parentId="3d35dc4c-4981-4057-88e1-37aa6921d953" entryMaterialId="b91d487e-11e1-4b74-960d-1da487162f40" volume="1" entryUnitId="36c459b1-6aeb-459e-be01-c6e27c4cf468" isBomMaterial="N" />
<MaterialBomEntry id="ce27ff35-c5cc-4d1e-b0ff-368c858ffb5c" parentId="152209e7-52aa-46e9-a26f-fb5558d800a6" entryMaterialId="704a61fe-0748-44f6-8ef4-ab56d921b662" volume="1" entryUnitId="36c459b1-6aeb-459e-be01-c6e27c4cf468" isBomMaterial="N" />
<MaterialBomEntry id="fa4e29c4-1713-4e86-b15d-11c041f5ed91" parentId="152209e7-52aa-46e9-a26f-fb5558d800a6" entryMaterialId="a3159622-6bd9-4ece-af23-d006a5a73b0f" volume="1" entryUnitId="36c459b1-6aeb-459e-be01-c6e27c4cf468" isBomMaterial="N" />
<MaterialBomEntry id="5b98757c-08d8-4e41-9701-6a31773977d2" parentId="152209e7-52aa-46e9-a26f-fb5558d800a6" entryMaterialId="ce2dd923-beaf-48d1-b484-ec0550b49825" volume="1" entryUnitId="36c459b1-6aeb-459e-be01-c6e27c4cf468" isBomMaterial="N" />
<MaterialBomEntry id="16d12513-9494-4c0e-915d-ed8d82b846ea" parentId="fb592fed-bbad-430b-bb60-51f611df43b7" entryMaterialId="704a61fe-0748-44f6-8ef4-ab56d921b662" volume="1" entryUnitId="36c459b1-6aeb-459e-be01-c6e27c4cf468" isBomMaterial="N" />
<MaterialBomEntry id="55843858-25ab-4656-baf3-302e503e2846" parentId="fb592fed-bbad-430b-bb60-51f611df43b7" entryMaterialId="a3159622-6bd9-4ece-af23-d006a5a73b0f" volume="1" entryUnitId="36c459b1-6aeb-459e-be01-c6e27c4cf468" isBomMaterial="N" />
<MaterialBomEntry id="4d54e873-7b6b-40ba-813a-eb353e54f39c" parentId="fb592fed-bbad-430b-bb60-51f611df43b7" entryMaterialId="ce2dd923-beaf-48d1-b484-ec0550b49825" volume="1" entryUnitId="36c459b1-6aeb-459e-be01-c6e27c4cf468" isBomMaterial="N" />
<MaterialBomEntry id="76223152-5e0b-4f1a-9de7-ac98a0be145b" parentId="fb592fed-bbad-430b-bb60-51f611df43b7" entryMaterialId="e3094916-eaa1-41cb-af8f-630c2a3952fe" volume="4" entryUnitId="a817df96-ee63-440c-b750-1dcf53b9a74f" isBomMaterial="N" />
<MaterialBomEntry id="f14c80a5-5806-4f11-9f7b-d36fc2bae7a8" parentId="8291866a-3bb4-4fc1-94a3-c5fdacef06a5" entryMaterialId="704a61fe-0748-44f6-8ef4-ab56d921b662" volume="1" entryUnitId="36c459b1-6aeb-459e-be01-c6e27c4cf468" isBomMaterial="N" />
<MaterialBomEntry id="75e11297-d22e-4de1-881e-17f70e3a7eea" parentId="8291866a-3bb4-4fc1-94a3-c5fdacef06a5" entryMaterialId="a3159622-6bd9-4ece-af23-d006a5a73b0f" volume="1" entryUnitId="36c459b1-6aeb-459e-be01-c6e27c4cf468" isBomMaterial="N" />
<MaterialBomEntry id="d7999293-1a4e-4c11-8a72-061678e125a9" parentId="8291866a-3bb4-4fc1-94a3-c5fdacef06a5" entryMaterialId="ce2dd923-beaf-48d1-b484-ec0550b49825" volume="1" entryUnitId="36c459b1-6aeb-459e-be01-c6e27c4cf468" isBomMaterial="N" />
<MaterialBomEntry id="79734c29-3c65-444b-8055-962fdefc0002" parentId="8291866a-3bb4-4fc1-94a3-c5fdacef06a5" entryMaterialId="e3094916-eaa1-41cb-af8f-630c2a3952fe" volume="4" entryUnitId="a817df96-ee63-440c-b750-1dcf53b9a74f" isBomMaterial="N" />
<MaterialBomEntry id="4cb14414-26f2-414f-b70f-d1f59f6ca1a6" parentId="5f70090a-7220-4634-bdc4-e575c8e24134" entryMaterialId="17cfa7a4-13a3-418e-8d95-8d1ecaa9709a" volume="1" entryUnitId="a817df96-ee63-440c-b750-1dcf53b9a74f" isBomMaterial="N" />
<MaterialBomEntry id="dcfdd778-2d44-44b7-933c-832d8ea0d96f" parentId="36ae3163-e0e7-4987-85eb-628c391b140e" entryMaterialId="62932af6-3662-4656-bcba-0ce1de605dde" volume="1" entryUnitId="9fea6a23-0bc7-409c-9200-2b5157b14def" isBomMaterial="N" />
<MaterialBomEntry id="b8155738-9d09-43b7-8dff-3b2b415e988f" parentId="36ae3163-e0e7-4987-85eb-628c391b140e" entryMaterialId="85755b53-1171-40bf-97f0-1033451939a2" volume="2" entryUnitId="a817df96-ee63-440c-b750-1dcf53b9a74f" isBomMaterial="N" />
<MaterialBomEntry id="e0c15ec3-2613-4de3-bc7c-bfad2d21752c" parentId="002deeb8-cf52-4a7a-8953-63073ca3cca0" entryMaterialId="4787bc45-093a-4038-aba4-3f0120bbbf76" volume="1" entryUnitId="a817df96-ee63-440c-b750-1dcf53b9a74f" isBomMaterial="N" />
<MaterialBomEntry id="c5930f47-a211-4b2d-88a3-d7f9ac16feb5" parentId="d5be1e12-aa51-4b9c-bdfb-c12f2c6629f3" entryMaterialId="7eef344b-90f5-4968-bdad-0d5a9ec8e04c" volume="1" entryUnitId="36c459b1-6aeb-459e-be01-c6e27c4cf468" isBomMaterial="N" />
<MaterialBomEntry id="2d0c67bf-d494-4e24-9d31-69441ae5db20" parentId="c5927c5b-84c8-4d94-aa8e-cbaebb054f70" entryMaterialId="aaab9697-47c4-448c-a3b2-64934d9b423d" volume="1" entryUnitId="36c459b1-6aeb-459e-be01-c6e27c4cf468" isBomMaterial="N" />
<MaterialBomEntry id="709c34ed-2c66-4513-b5ff-ef3163754b26" parentId="f9d26928-dbbf-4465-a375-f1fe45ec78fc" entryMaterialId="5309f33b-d3b6-40b8-a128-5ecf46c4d892" volume="1" entryUnitId="36c459b1-6aeb-459e-be01-c6e27c4cf468" isBomMaterial="N" />
<MaterialBomEntry id="1419cd7f-1e1f-4118-a942-86f844d5db38" parentId="c79aff90-89d9-46c2-9b8e-a50b6639830f" entryMaterialId="2bf8fa0a-eb28-42e7-9bb9-9197aa642ea8" volume="1" entryUnitId="36c459b1-6aeb-459e-be01-c6e27c4cf468" isBomMaterial="N" />
<MaterialBomEntry id="d7202c65-a05f-4ccc-8e3d-ff44c86c9ca0" parentId="59a3f404-ead5-4eb6-bfc9-7ec5bf6b0caa" entryMaterialId="6d00cdb4-40fc-44e7-a700-eab8a8f73f25" volume="1" entryUnitId="a817df96-ee63-440c-b750-1dcf53b9a74f" isBomMaterial="N" />
<MaterialBomEntry id="db1331ba-7185-41db-9e7b-45a9ed14e4ab" parentId="59a3f404-ead5-4eb6-bfc9-7ec5bf6b0caa" entryMaterialId="70a8c825-462c-428b-b717-f684a01cb055" volume="1" entryUnitId="a817df96-ee63-440c-b750-1dcf53b9a74f" isBomMaterial="N" />
<MaterialBomEntry id="c48c623b-47a3-49f0-a37e-aa48747a1c06" parentId="59a3f404-ead5-4eb6-bfc9-7ec5bf6b0caa" entryMaterialId="037e9a70-f764-4a44-9085-809a84a145ad" volume="1" entryUnitId="36c459b1-6aeb-459e-be01-c6e27c4cf468" isBomMaterial="N" />
<MaterialBomEntry id="f13ce872-c454-478b-9837-4b36fcee3481" parentId="59a3f404-ead5-4eb6-bfc9-7ec5bf6b0caa" entryMaterialId="6a34f673-e814-41c1-a684-29b324a9cd70" volume="1" entryUnitId="a817df96-ee63-440c-b750-1dcf53b9a74f" isBomMaterial="N" />
<MaterialBomEntry id="c9a40cbf-4a7f-4c97-b23f-3e56cc8c2733" parentId="b5b3ecf0-cdb6-4189-89ec-a00e1b56b061" entryMaterialId="56110685-d1fd-47a7-8bc0-5b738f75cad6" volume="1" entryUnitId="a817df96-ee63-440c-b750-1dcf53b9a74f" isBomMaterial="N" />
<MaterialBomEntry id="dc5bad39-a2ee-4304-a386-7d5dd7e0d6d1" parentId="4b2a709e-6845-4c62-9337-dff8d86268e2" entryMaterialId="d37c299f-8afd-42ee-9f0a-e2277f7bb29e" volume="1" entryUnitId="0e052f6e-4c79-4cb1-916d-809daa5d9a7b" isBomMaterial="N" />
<MaterialBomEntry id="e1534ccf-e3e4-4601-8569-475aa4972503" parentId="c84425c8-5dea-462d-be62-5450629099e4" entryMaterialId="bba8667c-f8ad-487f-b6a0-1bf182cc298b" volume="1" entryUnitId="36c459b1-6aeb-459e-be01-c6e27c4cf468" isBomMaterial="N" />
<MaterialBomEntry id="2aead769-fbd2-4917-9d34-21d7bbc50778" parentId="c84425c8-5dea-462d-be62-5450629099e4" entryMaterialId="8c8cb23c-0c73-4da8-b450-e2f56f2d64b8" volume="1" entryUnitId="a817df96-ee63-440c-b750-1dcf53b9a74f" isBomMaterial="N" />
<MaterialBomEntry id="a8ae4d4c-6166-4cbf-b50f-5cbdacd79484" parentId="5ac508c5-6dfe-4cf4-b73c-4533c6312570" entryMaterialId="8362c3d8-ca80-4f98-98cb-8124c2939370" volume="1" entryUnitId="0e052f6e-4c79-4cb1-916d-809daa5d9a7b" isBomMaterial="N" />
<MaterialBomEntry id="ae45f2b5-e2e8-4c6e-a601-e39d38dcac29" parentId="5ac508c5-6dfe-4cf4-b73c-4533c6312570" entryMaterialId="653717ec-f4d7-4533-8203-ce9dcb55e02d" volume="1" entryUnitId="0e052f6e-4c79-4cb1-916d-809daa5d9a7b" isBomMaterial="N" />
<MaterialBomEntry id="5db5d12b-eaee-4900-b1c6-628bc518eda1" parentId="d440f101-b468-4628-a699-dd2e0db664da" entryMaterialId="7f63131c-6e9c-42f1-aec0-3512d61c71f9" volume="1" entryUnitId="0e052f6e-4c79-4cb1-916d-809daa5d9a7b" isBomMaterial="N" />
<MaterialBomEntry id="279f9d7e-cbba-4e91-88d2-4897136213dd" parentId="77a51464-5e85-4b14-a168-f333796c8ae0" entryMaterialId="bded3f28-6faa-468d-bfe9-ef43114c02f7" volume="1" entryUnitId="9fea6a23-0bc7-409c-9200-2b5157b14def" isBomMaterial="N" />
<MaterialBomEntry id="83cd1bb1-5967-494f-8b47-f0aabd355a5c" parentId="77a51464-5e85-4b14-a168-f333796c8ae0" entryMaterialId="8c8cb23c-0c73-4da8-b450-e2f56f2d64b8" volume="1" entryUnitId="a817df96-ee63-440c-b750-1dcf53b9a74f" isBomMaterial="N" />
<MaterialBomEntry id="7e536ae2-7c48-4cab-a2ea-ba45a91d4bd1" parentId="120449ec-4416-4f0a-8ace-c3fe67355855" entryMaterialId="d21ed1f6-e9f4-48b5-aee8-f3d34c24def6" volume="1" entryUnitId="a817df96-ee63-440c-b750-1dcf53b9a74f" isBomMaterial="N" />
<MaterialBomEntry id="4206b905-b667-48db-a695-daacc5badfd7" parentId="6603d03e-603f-4c47-8641-52c2685f26ab" entryMaterialId="720efd95-555a-4e87-af21-b65b1b6b46fa" volume="2" entryUnitId="36c459b1-6aeb-459e-be01-c6e27c4cf468" isBomMaterial="N" />
<MaterialBomEntry id="6ffe874d-f525-4117-b282-7c7273f049ad" parentId="6603d03e-603f-4c47-8641-52c2685f26ab" entryMaterialId="3aca1ade-4408-45a8-b9c8-9bfb4d2b2b5d" volume="2" entryUnitId="36c459b1-6aeb-459e-be01-c6e27c4cf468" isBomMaterial="N" />
<MaterialBomEntry id="90ec7aa8-1cdb-4a20-a807-eae8c9a0e3a8" parentId="6603d03e-603f-4c47-8641-52c2685f26ab" entryMaterialId="8efb49ca-cd7e-4670-a52e-11a38fe4d4e4" volume="8" entryUnitId="36c459b1-6aeb-459e-be01-c6e27c4cf468" isBomMaterial="N" />
<MaterialBomEntry id="f117e63d-5f0b-4aa6-829a-1fead2e54cf3" parentId="6603d03e-603f-4c47-8641-52c2685f26ab" entryMaterialId="c83da7a1-22b4-42a2-a9b4-72d604a15cba" volume="2" entryUnitId="a817df96-ee63-440c-b750-1dcf53b9a74f" isBomMaterial="N" />
<MaterialBomEntry id="e58ce785-9ccc-4dfc-ad79-9a0d6bd5d19e" parentId="f3a2bb87-ade6-49f4-b0b7-76002c72c931" entryMaterialId="60705959-2700-42d0-b42b-dd117d32255c" volume="1" entryUnitId="36c459b1-6aeb-459e-be01-c6e27c4cf468" isBomMaterial="N" />
<MaterialBomEntry id="8ad80f61-6eb0-48e8-bfa0-5b4096c4c0c0" parentId="f3a2bb87-ade6-49f4-b0b7-76002c72c931" entryMaterialId="0643589a-b1fa-4897-a047-40885fd9033e" volume="5" entryUnitId="36c459b1-6aeb-459e-be01-c6e27c4cf468" isBomMaterial="N" />
<MaterialBomEntry id="928fae1a-2ac0-4d2f-b8d5-22f2c4ba9d4d" parentId="e7f3e707-2f74-462c-b82c-ba2c88f84ff0" entryMaterialId="e67a2989-5514-4ae7-aa7c-9e8ec900ed7e" volume="1" entryUnitId="a817df96-ee63-440c-b750-1dcf53b9a74f" isBomMaterial="N" />
<MaterialBomEntry id="415646c3-b7f9-43af-98ae-cb04a6423714" parentId="1b938fba-4052-4b98-8129-7b74a10e47f8" entryMaterialId="dcb77c7a-8933-4dae-9de1-f4b34ef676ef" volume="1" entryUnitId="36c459b1-6aeb-459e-be01-c6e27c4cf468" isBomMaterial="N" />
<MaterialBomEntry id="f37eb2a9-53b8-40f8-83a0-54ebb5b9628b" parentId="fa23ecbe-2f12-4d42-9bad-159d8a9053c4" entryMaterialId="ce2dd923-beaf-48d1-b484-ec0550b49825" volume="1" entryUnitId="36c459b1-6aeb-459e-be01-c6e27c4cf468" isBomMaterial="N" />
<MaterialBomEntry id="d2def1a6-05e5-40b1-b1c5-535950c1636b" parentId="bb3b30a7-6c80-4522-b5ee-4289b11ce12d" entryMaterialId="4675161d-0a52-4a60-a61d-9cdbd3e0c48e" volume="1" entryUnitId="36c459b1-6aeb-459e-be01-c6e27c4cf468" isBomMaterial="N" />
<MaterialBomEntry id="a6fd99cc-0d4b-495e-ae0b-f9a902d99af7" parentId="bb3b30a7-6c80-4522-b5ee-4289b11ce12d" entryMaterialId="3190f1f3-cef4-4d52-8c91-ea2fe08558c2" volume="1" entryUnitId="a817df96-ee63-440c-b750-1dcf53b9a74f" isBomMaterial="N" />
<MaterialBomEntry id="2e224e60-68ba-42df-8b57-e19f25080a75" parentId="f8d22cd9-1655-4588-9a45-f8cb4b820aac" entryMaterialId="4675161d-0a52-4a60-a61d-9cdbd3e0c48e" volume="1" entryUnitId="36c459b1-6aeb-459e-be01-c6e27c4cf468" isBomMaterial="N" />
<MaterialBomEntry id="5b216525-40af-4d80-b0bb-e4441f555d86" parentId="f8d22cd9-1655-4588-9a45-f8cb4b820aac" entryMaterialId="3190f1f3-cef4-4d52-8c91-ea2fe08558c2" volume="1" entryUnitId="a817df96-ee63-440c-b750-1dcf53b9a74f" isBomMaterial="N" />
<MaterialBomEntry id="fcaf7d99-d6aa-458f-bd6d-19d8f2afe367" parentId="0c18db26-9814-4e5c-9266-46df0d22faff" entryMaterialId="eb36a8db-4621-4742-9559-5fabaf44f7f3" volume="1" entryUnitId="36c459b1-6aeb-459e-be01-c6e27c4cf468" isBomMaterial="N" />
<MaterialBomEntry id="029b9a06-fe16-476f-b769-2b1a1756a386" parentId="0c18db26-9814-4e5c-9266-46df0d22faff" entryMaterialId="a93de70c-d4ee-4415-8ebc-777876922e2c" volume="1" entryUnitId="a817df96-ee63-440c-b750-1dcf53b9a74f" isBomMaterial="N" />
<MaterialBomEntry id="437aa505-4e6f-4b28-8066-dd6e55069934" parentId="0c18db26-9814-4e5c-9266-46df0d22faff" entryMaterialId="3541d553-9be7-468c-a59c-64e4fbe33446" volume="1" entryUnitId="a817df96-ee63-440c-b750-1dcf53b9a74f" isBomMaterial="N" />
<MaterialBomEntry id="1d506a97-c1cf-491b-b92b-2665a7422092" parentId="0c18db26-9814-4e5c-9266-46df0d22faff" entryMaterialId="e8f44b6f-16bd-4afe-87f1-b2dbe639eeb4" volume="1" entryUnitId="a817df96-ee63-440c-b750-1dcf53b9a74f" isBomMaterial="N" />
<MaterialBomEntry id="a4d1f269-10ca-42f8-8807-a2732917092a" parentId="d8a04754-f995-4552-806c-e9b15a8a229f" entryMaterialId="eb36a8db-4621-4742-9559-5fabaf44f7f3" volume="1" entryUnitId="36c459b1-6aeb-459e-be01-c6e27c4cf468" isBomMaterial="N" />
<MaterialBomEntry id="2e69c1cb-2c57-4499-afd3-3f720b336df0" parentId="d8a04754-f995-4552-806c-e9b15a8a229f" entryMaterialId="a93de70c-d4ee-4415-8ebc-777876922e2c" volume="1" entryUnitId="a817df96-ee63-440c-b750-1dcf53b9a74f" isBomMaterial="N" />
<MaterialBomEntry id="ae50b498-b726-4d62-99be-5cb86af47f29" parentId="d8a04754-f995-4552-806c-e9b15a8a229f" entryMaterialId="3541d553-9be7-468c-a59c-64e4fbe33446" volume="1" entryUnitId="a817df96-ee63-440c-b750-1dcf53b9a74f" isBomMaterial="N" />
<MaterialBomEntry id="3ae69ec5-613c-4473-81bf-ddfe6bfcff58" parentId="d8a04754-f995-4552-806c-e9b15a8a229f" entryMaterialId="e8f44b6f-16bd-4afe-87f1-b2dbe639eeb4" volume="1" entryUnitId="a817df96-ee63-440c-b750-1dcf53b9a74f" isBomMaterial="N" />
<MaterialBomEntry id="afb81919-be0e-4ea3-b303-4ae7aadc0150" parentId="5d43b2d2-a2a5-47c4-b849-d7116cde4eef" entryMaterialId="870a70f4-12f5-4f1e-87f3-78ccf36ff8fa" volume="1" entryUnitId="36c459b1-6aeb-459e-be01-c6e27c4cf468" isBomMaterial="N" />
<MaterialBomEntry id="21cfe101-859b-49f5-b284-daede0c81c1f" parentId="5d43b2d2-a2a5-47c4-b849-d7116cde4eef" entryMaterialId="914006e9-7701-484e-acd0-7fc901191e8c" volume="1" entryUnitId="a817df96-ee63-440c-b750-1dcf53b9a74f" isBomMaterial="N" />
<MaterialBomEntry id="51d38932-52da-43eb-ac4b-e5ff61825e30" parentId="5d43b2d2-a2a5-47c4-b849-d7116cde4eef" entryMaterialId="34acc722-0080-4a66-a191-75f23d221168" volume="1" entryUnitId="a817df96-ee63-440c-b750-1dcf53b9a74f" isBomMaterial="N" />
<MaterialBomEntry id="760ab603-5d11-4cfe-891b-2ead43a8ed23" parentId="5d43b2d2-a2a5-47c4-b849-d7116cde4eef" entryMaterialId="e8f44b6f-16bd-4afe-87f1-b2dbe639eeb4" volume="1" entryUnitId="a817df96-ee63-440c-b750-1dcf53b9a74f" isBomMaterial="N" />
<MaterialBomEntry id="f57ec06a-fa4a-4729-8b31-c09f688b6504" parentId="a8855944-f8be-4537-bec8-4f468d7b0dab" entryMaterialId="870a70f4-12f5-4f1e-87f3-78ccf36ff8fa" volume="1" entryUnitId="36c459b1-6aeb-459e-be01-c6e27c4cf468" isBomMaterial="N" />
<MaterialBomEntry id="d41950c7-2583-49d7-958a-3cdd9d213152" parentId="a8855944-f8be-4537-bec8-4f468d7b0dab" entryMaterialId="914006e9-7701-484e-acd0-7fc901191e8c" volume="1" entryUnitId="a817df96-ee63-440c-b750-1dcf53b9a74f" isBomMaterial="N" />
<MaterialBomEntry id="626f2e13-920b-4ca1-9ca5-c28e08c44efd" parentId="a8855944-f8be-4537-bec8-4f468d7b0dab" entryMaterialId="34acc722-0080-4a66-a191-75f23d221168" volume="1" entryUnitId="a817df96-ee63-440c-b750-1dcf53b9a74f" isBomMaterial="N" />
<MaterialBomEntry id="f56e6c7e-4a42-459f-aa18-8f96486bedea" parentId="a8855944-f8be-4537-bec8-4f468d7b0dab" entryMaterialId="e8f44b6f-16bd-4afe-87f1-b2dbe639eeb4" volume="1" entryUnitId="a817df96-ee63-440c-b750-1dcf53b9a74f" isBomMaterial="N" />
<MaterialBomEntry id="38699e41-0975-440b-a88d-a147b68083be" parentId="4f115294-cecf-4833-a565-7b99f723f521" entryMaterialId="af890fb5-0ead-44cc-847d-b63ec6bde7ec" volume="1" entryUnitId="9fea6a23-0bc7-409c-9200-2b5157b14def" isBomMaterial="N" />
<MaterialBomEntry id="3cb41257-7fc8-46f3-b6c3-7fbecf7559ee" parentId="4f115294-cecf-4833-a565-7b99f723f521" entryMaterialId="40cc717b-317a-4ec5-a059-5168d5347fce" volume="1" entryUnitId="a817df96-ee63-440c-b750-1dcf53b9a74f" isBomMaterial="N" />
<MaterialBomEntry id="b72a5123-cbaf-4ddf-8d71-cc9b92e5a0eb" parentId="cbbde1b0-7ce4-4fc6-a22d-2e6a92568b9e" entryMaterialId="5dc53085-2614-4ef4-afb5-7a623ba0046f" volume="1" entryUnitId="9fea6a23-0bc7-409c-9200-2b5157b14def" isBomMaterial="N" />
<MaterialBomEntry id="4da0d2ab-d364-411b-821f-12089180fa23" parentId="cbbde1b0-7ce4-4fc6-a22d-2e6a92568b9e" entryMaterialId="85755b53-1171-40bf-97f0-1033451939a2" volume="2" entryUnitId="a817df96-ee63-440c-b750-1dcf53b9a74f" isBomMaterial="N" />
<MaterialBomEntry id="38695df1-a23f-493f-80ee-b5d4995de782" parentId="d42e0198-2043-4ede-8bfb-0c109b6cdf55" entryMaterialId="342eca52-084d-4042-82d3-a9143e7aa953" volume="1" entryUnitId="0e052f6e-4c79-4cb1-916d-809daa5d9a7b" isBomMaterial="N" />
<MaterialBomEntry id="c054b1b8-7a02-4860-9140-1df131f2cdbf" parentId="78ad6b7b-50bb-4642-b3b8-452a053717e8" entryMaterialId="f3765563-d940-48fb-8dd3-de5bc191f117" volume="1" entryUnitId="0e052f6e-4c79-4cb1-916d-809daa5d9a7b" isBomMaterial="N" />
<MaterialBomEntry id="4ff32ee0-dca6-492d-aabf-a69952db90dc" parentId="dbb8fb20-ffa6-4d6c-8134-41ee2d7f706b" entryMaterialId="d411c41b-de94-4ca8-aaeb-1c3deb5849b1" volume="1" entryUnitId="36c459b1-6aeb-459e-be01-c6e27c4cf468" isBomMaterial="N" />
<MaterialBomEntry id="d69946df-5b5f-4205-a7c3-b7a7f91fe707" parentId="dbb8fb20-ffa6-4d6c-8134-41ee2d7f706b" entryMaterialId="db85840d-1529-46c9-9563-ced96c1157c3" volume="1" entryUnitId="36c459b1-6aeb-459e-be01-c6e27c4cf468" isBomMaterial="N" />
<MaterialBomEntry id="50975146-8842-4b4c-b660-dacdc1462fec" parentId="dbb8fb20-ffa6-4d6c-8134-41ee2d7f706b" entryMaterialId="559b6055-d165-4d13-89f2-37e0ccc006d3" volume="1" entryUnitId="36c459b1-6aeb-459e-be01-c6e27c4cf468" isBomMaterial="N" />
<MaterialBomEntry id="fa88034d-7807-4189-b27d-a0fdc78f3057" parentId="5127f036-07ae-4d8c-89c0-518014bfb391" entryMaterialId="d411c41b-de94-4ca8-aaeb-1c3deb5849b1" volume="1" entryUnitId="36c459b1-6aeb-459e-be01-c6e27c4cf468" isBomMaterial="N" />
<MaterialBomEntry id="f080855e-15b4-42cd-8c2c-bb8d37b44739" parentId="5127f036-07ae-4d8c-89c0-518014bfb391" entryMaterialId="db85840d-1529-46c9-9563-ced96c1157c3" volume="1" entryUnitId="36c459b1-6aeb-459e-be01-c6e27c4cf468" isBomMaterial="N" />
<MaterialBomEntry id="11983283-2a79-4e0e-ae15-f33bf7b46a54" parentId="5127f036-07ae-4d8c-89c0-518014bfb391" entryMaterialId="559b6055-d165-4d13-89f2-37e0ccc006d3" volume="1" entryUnitId="36c459b1-6aeb-459e-be01-c6e27c4cf468" isBomMaterial="N" />
<MaterialBomEntry id="b0033fc0-1faf-48cd-a672-0ce4341a8c3e" parentId="ee298980-85e3-470a-bcc5-3d1146b4fb3b" entryMaterialId="78a1528a-21c5-4124-99d2-9d06918c85d6" volume="1" entryUnitId="a817df96-ee63-440c-b750-1dcf53b9a74f" isBomMaterial="N" />
<MaterialBomEntry id="90c9041f-bd9f-4401-b36f-ee5a2649ced4" parentId="c20ec473-2430-4c16-a171-1650aaaf6a21" entryMaterialId="85b24755-4169-43ad-ae83-b0c0c8e457b2" volume="1" entryUnitId="36c459b1-6aeb-459e-be01-c6e27c4cf468" isBomMaterial="N" />
<MaterialBomEntry id="86cfa3eb-d624-46a6-9598-70bef6b874e4" parentId="cac9053a-d087-4072-b7a4-9d3501dd13e2" entryMaterialId="e84979fa-db44-453a-8310-5780f7bdfe6b" volume="1" entryUnitId="36c459b1-6aeb-459e-be01-c6e27c4cf468" isBomMaterial="N" />
<MaterialBomEntry id="edb84290-a8f9-464a-b4d2-0d8675cd8086" parentId="38dc70a8-def2-4d5a-9384-e6098a5b7ddc" entryMaterialId="016c87b4-32ab-4461-9eb2-f7b2d51f8183" volume="1" entryUnitId="36c459b1-6aeb-459e-be01-c6e27c4cf468" isBomMaterial="N" />
<MaterialBomEntry id="1d6188b0-b916-40a8-b868-c661042adfa2" parentId="daf742be-844e-49a2-b11f-92d064689326" entryMaterialId="8e4178da-7b5a-4025-92ce-7f3394642af1" volume="1" entryUnitId="36c459b1-6aeb-459e-be01-c6e27c4cf468" isBomMaterial="N" />
<MaterialBomEntry id="13c229fe-7503-4283-96d6-050327b2e055" parentId="dada65ca-995d-4ad9-9118-d150cc964f69" entryMaterialId="6a80291e-27b9-4a8b-abae-b2e5632935fa" volume="1" entryUnitId="36c459b1-6aeb-459e-be01-c6e27c4cf468" isBomMaterial="N" />
<MaterialBomEntry id="36294272-9ebe-4664-97ea-bb2ec5906f8e" parentId="0cee6a68-058b-4cc1-b3d4-1b22220cf530" entryMaterialId="457ffb8d-f1c4-4c58-9619-d62e64a57fce" volume="1" entryUnitId="36c459b1-6aeb-459e-be01-c6e27c4cf468" isBomMaterial="N" />
<MaterialBomEntry id="43774ce3-8ee5-48ad-be68-38f60ac4e334" parentId="0c4197d6-0f02-443a-94ce-4afae56cf5fc" entryMaterialId="56478233-ab1b-44b6-805b-54df7f785109" volume="1" entryUnitId="36c459b1-6aeb-459e-be01-c6e27c4cf468" isBomMaterial="N" />
<MaterialBomEntry id="b4e73d92-4e73-448d-9020-88b8bf336205" parentId="e283f555-36f8-456e-95fe-c0531385b522" entryMaterialId="28817f17-1387-4d54-998a-745148f54486" volume="1" entryUnitId="36c459b1-6aeb-459e-be01-c6e27c4cf468" isBomMaterial="N" />
<MaterialBomEntry id="a3c4750d-a400-48ca-a028-b3e5d4a01e2a" parentId="8ca4740b-8671-4625-8fe4-651c417af02d" entryMaterialId="783426d5-736b-4192-8dfc-8756eb8d5230" volume="1" entryUnitId="36c459b1-6aeb-459e-be01-c6e27c4cf468" isBomMaterial="N" />
<MaterialBomEntry id="14c8afa4-c6ff-4538-bf19-b0c8365b31ac" parentId="efdb637f-18f6-4be6-a1b9-8b139a95c1d5" entryMaterialId="50b3b66e-a76d-4f46-b66c-b02592b4dc90" volume="1" entryUnitId="36c459b1-6aeb-459e-be01-c6e27c4cf468" isBomMaterial="N" />
<MaterialBomEntry id="a00841f6-60f0-4194-a84f-142788906053" parentId="6b2f1762-1fb2-46e7-9864-9efaa71c127f" entryMaterialId="a3d3200f-d19a-4589-9c2c-91c8f8158d7a" volume="1" entryUnitId="36c459b1-6aeb-459e-be01-c6e27c4cf468" isBomMaterial="N" />
<MaterialBomEntry id="c14dc546-62ec-478a-a6d8-25c0b8e0c39c" parentId="56b81f9d-48c0-408c-836d-543b0677b581" entryMaterialId="65b3fa2c-4e61-4e36-b5a8-da9740e1ad17" volume="1" entryUnitId="36c459b1-6aeb-459e-be01-c6e27c4cf468" isBomMaterial="N" />
<MaterialBomEntry id="35524950-b411-4437-9d65-cdcb1b519d0b" parentId="834dc0ce-4fda-42f6-b79e-7d6e472723c1" entryMaterialId="3c62ac2e-ba1c-4a27-8bda-7a4d7f0f257f" volume="1" entryUnitId="a817df96-ee63-440c-b750-1dcf53b9a74f" isBomMaterial="N" />
<MaterialBomEntry id="17524746-cf8c-4a5e-a0e9-000113a7c8c2" parentId="d1557cb8-5e0f-4ef6-a7fe-829a98f863fa" entryMaterialId="b0004832-2436-440d-b061-6628fcec34e6" volume="1" entryUnitId="a817df96-ee63-440c-b750-1dcf53b9a74f" isBomMaterial="N" />
<MaterialBomEntry id="36d952b0-0302-4a2a-9701-908e6ae0fe0b" parentId="f79b4d5a-f3ae-4f6b-bf46-e9f25838eeb1" entryMaterialId="3c34c66c-f44b-4ddb-830c-2f0147a4a857" volume="1" entryUnitId="9fea6a23-0bc7-409c-9200-2b5157b14def" isBomMaterial="N" />
<MaterialBomEntry id="4b3d7266-1ce4-4969-a97c-640bc40f019b" parentId="3e4a6b9f-0987-42be-80a5-ea705cb9a7da" entryMaterialId="547fe91f-8832-4e44-b906-e6ece07b847a" volume="1" entryUnitId="a817df96-ee63-440c-b750-1dcf53b9a74f" isBomMaterial="N" />
<MaterialBomEntry id="9e28551d-bfb2-4b08-8e14-0571b04bf951" parentId="7fa7eb83-0ab9-45d8-8ed6-0033bfd0f8ab" entryMaterialId="2c08095e-20a5-4e62-aac9-fcbc11355a31" volume="1" entryUnitId="9fea6a23-0bc7-409c-9200-2b5157b14def" isBomMaterial="N" />
<MaterialBomEntry id="c099b631-91a2-4b54-91e8-ac235128f8a2" parentId="6ed609cb-08e1-4d8b-ba47-d90471ad365a" entryMaterialId="0a8204be-e5cf-43a4-814c-19c29f5ecdcc" volume="1" entryUnitId="a817df96-ee63-440c-b750-1dcf53b9a74f" isBomMaterial="N" />
<MaterialBomEntry id="850f7014-c14e-430f-b3ce-e90db44fb9cb" parentId="3e8cff6b-c1dc-4ceb-aeb6-aaee6498b3e1" entryMaterialId="964a8df5-de19-4048-9d47-ace2651cfcf0" volume="1" entryUnitId="a817df96-ee63-440c-b750-1dcf53b9a74f" isBomMaterial="N" />
<MaterialBomEntry id="0339be58-f090-40e5-a33a-184ec67a9b04" parentId="2836da8c-8637-487f-8198-4e2555dd4f11" entryMaterialId="251b7748-1cbf-4320-bf95-7c640ecb09b1" volume="1" entryUnitId="9fea6a23-0bc7-409c-9200-2b5157b14def" isBomMaterial="N" />
<MaterialBomEntry id="7a7b0220-28d2-40d4-b2f9-75e008c6c100" parentId="4d66bf30-81ec-4d22-b796-0bb37855338e" entryMaterialId="4f31a800-0792-402f-a9cd-0cdbac96a7a1" volume="0.0680 " entryUnitId="99ef4406-1345-4859-9c9e-22754210445b" isBomMaterial="N" />
<MaterialBomEntry id="a6de7ad9-37ce-4772-a801-c4279a703c2a" parentId="74eccc5d-1a14-4ad3-9fff-46db98ca2f5e" entryMaterialId="5481ba18-2391-49f1-8b1e-44cb2da4959f" volume="1.0000 " entryUnitId="a817df96-ee63-440c-b750-1dcf53b9a74f" isBomMaterial="N" />
<MaterialBomEntry id="70042bba-9569-4970-a01a-7186fcf1be3e" parentId="89889964-2109-46f0-b5cb-9ef467aee0ea" entryMaterialId="4897e74a-7365-49b0-a9c1-1b250e252f67" volume="0.1750 " entryUnitId="99ef4406-1345-4859-9c9e-22754210445b" isBomMaterial="N" />
<MaterialBomEntry id="0ce7fb90-6810-4e84-b6ee-140b1de6c78d" parentId="5a2e69ee-8bb8-4e5d-81cc-f4305daee1fd" entryMaterialId="b28c2c80-1c18-49a7-8068-e5813564b7b2" volume="0.0140 " entryUnitId="99ef4406-1345-4859-9c9e-22754210445b" isBomMaterial="N" />
<MaterialBomEntry id="39899bcb-1811-4a0c-95ba-653a5eb3a584" parentId="973bb748-d751-4eea-8427-e9e9524b5665" entryMaterialId="900098ee-c1b9-430d-b6c2-9fabbe3bd7fc" volume="0.1060 " entryUnitId="99ef4406-1345-4859-9c9e-22754210445b" isBomMaterial="N" />
<MaterialBomEntry id="0ae07ee7-86ff-47d2-8481-c93ce6ced012" parentId="2dc27da6-bed3-4243-adcd-3efb2e3127cd" entryMaterialId="c8cbb94c-f99a-4226-b6c9-36c2fe777343" volume="0.0500 " entryUnitId="99ef4406-1345-4859-9c9e-22754210445b" isBomMaterial="N" />
<MaterialBomEntry id="9231c493-9571-4e3b-9642-9f69a1676a40" parentId="b3747303-4848-4150-a0e1-2639a1e56950" entryMaterialId="7a7c5368-b58e-4fb4-a5c2-7573da5dcd50" volume="0.0214 " entryUnitId="99ef4406-1345-4859-9c9e-22754210445b" isBomMaterial="N" />
<MaterialBomEntry id="fee1d97b-e461-4c9c-a9e8-2cb5fc5a92df" parentId="2cfebf2f-8e77-42fd-9725-66ce21a5c56f" entryMaterialId="88d8186e-e94b-4905-b3e7-437bde131db1" volume="0.1700 " entryUnitId="99ef4406-1345-4859-9c9e-22754210445b" isBomMaterial="N" />
<MaterialBomEntry id="9ccaacc8-f50b-49a3-baa5-d1abadbb38a1" parentId="1e491189-1787-4bfa-9d32-98febaa997e7" entryMaterialId="aac79fe3-8e44-41df-99c4-bc302212954c" volume="0.0500 " entryUnitId="99ef4406-1345-4859-9c9e-22754210445b" isBomMaterial="N" />
<MaterialBomEntry id="0aff0dd2-d3c0-4959-bd7f-28334df7c19a" parentId="367e5dd9-1bbb-42b3-b2dc-3aaa29a2ecf6" entryMaterialId="0efd7925-8fb4-4b4b-a6f8-3e6087b30c50" volume="0.0140 " entryUnitId="99ef4406-1345-4859-9c9e-22754210445b" isBomMaterial="N" />
<MaterialBomEntry id="edc1663f-8806-4ef6-877d-4184d5f15d0a" parentId="b030e0fb-074e-4d2a-a1b6-10ee9dbe21b6" entryMaterialId="92ff024b-0135-421f-9aa7-ec9ef48d81aa" volume="0.2125 " entryUnitId="99ef4406-1345-4859-9c9e-22754210445b" isBomMaterial="N" />
<MaterialBomEntry id="149a67c6-2089-46e0-8142-2fd4d4084590" parentId="50965fdd-42b1-49c1-a504-022e0917d2c5" entryMaterialId="92ff024b-0135-421f-9aa7-ec9ef48d81aa" volume="0.2714 " entryUnitId="99ef4406-1345-4859-9c9e-22754210445b" isBomMaterial="N" />
<MaterialBomEntry id="2f71de58-8324-40e3-9404-5125f24cfd37" parentId="2ae8e02e-d4dd-43a4-8a22-e91809855d24" entryMaterialId="92ff024b-0135-421f-9aa7-ec9ef48d81aa" volume="0.1189 " entryUnitId="99ef4406-1345-4859-9c9e-22754210445b" isBomMaterial="N" />
<MaterialBomEntry id="bef2e850-93cf-443f-ac44-bb695269bf5f" parentId="101b1e99-2186-4edc-84c5-202624658bd8" entryMaterialId="84ad4496-31ac-4c42-ba24-8cddac6e6458" volume="1.0000 " entryUnitId="9fea6a23-0bc7-409c-9200-2b5157b14def" isBomMaterial="N" />
<MaterialBomEntry id="97f2a19d-e828-4d9b-8053-88244b860127" parentId="e17a2f9d-b9fb-421c-8bcb-9b64eae6839e" entryMaterialId="7071e96a-1f30-4808-96f2-8f26bd0dc4c2" volume="1.0000 " entryUnitId="a817df96-ee63-440c-b750-1dcf53b9a74f" isBomMaterial="N" />
<MaterialBomEntry id="3e77c683-351e-49c6-9109-87ae061115ba" parentId="9884111f-d83f-459f-8d87-89ca425e985d" entryMaterialId="11c140d8-7a42-4afe-9205-7720c3d80cbf" volume="0.0120 " entryUnitId="99ef4406-1345-4859-9c9e-22754210445b" isBomMaterial="N" />
<MaterialBomEntry id="4efd3077-073b-4ba0-8d85-11476abb23b5" parentId="866068ac-a4f2-4464-b9c0-80bb4b2abf17" entryMaterialId="a5f2a22c-811c-421b-8760-b2828c5965c0" volume="0.0120 " entryUnitId="99ef4406-1345-4859-9c9e-22754210445b" isBomMaterial="N" />
<MaterialBomEntry id="7cdcc135-676b-441a-858c-8fde68f68e17" parentId="097a6d0f-36e2-4606-a425-51e92bf8b830" entryMaterialId="97e72af9-c528-4fd6-9dda-45a7bc2df1dc" volume="0.2993 " entryUnitId="99ef4406-1345-4859-9c9e-22754210445b" isBomMaterial="N" />
<MaterialBomEntry id="19138b13-c472-4f4a-a155-6a3a74fdd921" parentId="62644b27-03c9-4617-b54b-9ee442b3f298" entryMaterialId="97e72af9-c528-4fd6-9dda-45a7bc2df1dc" volume="0.1707 " entryUnitId="99ef4406-1345-4859-9c9e-22754210445b" isBomMaterial="N" />
<MaterialBomEntry id="8409ddfb-4d80-4f5c-ad96-844d911f030b" parentId="c442654a-1512-4352-9af3-f3af7d0238db" entryMaterialId="b2befc65-b3c4-4bfb-ac2f-613cd4aeb92c" volume="0.0599 " entryUnitId="99ef4406-1345-4859-9c9e-22754210445b" isBomMaterial="N" />
<MaterialBomEntry id="7cc9f645-f2c6-4b0b-a1b6-ef9464fa1995" parentId="ab4bb6a1-135f-420a-8094-f906d7c27178" entryMaterialId="92ff024b-0135-421f-9aa7-ec9ef48d81aa" volume="0.2167 " entryUnitId="99ef4406-1345-4859-9c9e-22754210445b" isBomMaterial="N" />
<MaterialBomEntry id="62160657-93e0-4e4a-a696-0e66f408b787" parentId="54cfc215-2bc8-443b-b22c-a441b28bb97f" entryMaterialId="92ff024b-0135-421f-9aa7-ec9ef48d81aa" volume="0.2585 " entryUnitId="99ef4406-1345-4859-9c9e-22754210445b" isBomMaterial="N" />
<MaterialBomEntry id="f3f837ed-4877-489c-aeac-261b81fb73dd" parentId="bb949965-4799-4803-b28f-513c6dc06c4a" entryMaterialId="92ff024b-0135-421f-9aa7-ec9ef48d81aa" volume="0.3209 " entryUnitId="99ef4406-1345-4859-9c9e-22754210445b" isBomMaterial="N" />
<MaterialBomEntry id="1db7bc01-1caa-4453-ba0e-5600b619812b" parentId="449c8246-d41a-4a64-ae8b-3325a9ccd997" entryMaterialId="92ff024b-0135-421f-9aa7-ec9ef48d81aa" volume="0.3356 " entryUnitId="99ef4406-1345-4859-9c9e-22754210445b" isBomMaterial="N" />
<MaterialBomEntry id="f127c393-d1c4-4753-b4a3-4ff58ef42fc4" parentId="1f315345-0041-47a7-b367-e9efd006f78d" entryMaterialId="930fd355-3054-4983-ac75-037aac9c62dd" volume="0.0518 " entryUnitId="99ef4406-1345-4859-9c9e-22754210445b" isBomMaterial="N" />
<MaterialBomEntry id="79c5817c-f881-4617-8f36-3ac675ede589" parentId="407720d5-ec9d-4769-b484-adfd46837104" entryMaterialId="92ff024b-0135-421f-9aa7-ec9ef48d81aa" volume="0.3521 " entryUnitId="99ef4406-1345-4859-9c9e-22754210445b" isBomMaterial="N" />
<MaterialBomEntry id="78260c08-6119-47cf-b5a3-94c4c7c8ebcd" parentId="ac453457-1052-40bc-a9ec-25fc8fb1bf28" entryMaterialId="92ff024b-0135-421f-9aa7-ec9ef48d81aa" volume="0.3226 " entryUnitId="99ef4406-1345-4859-9c9e-22754210445b" isBomMaterial="N" />
<MaterialBomEntry id="984b56fe-e34d-45d9-98b8-b480a3978be0" parentId="d8d063be-ccc9-445a-b47c-11ee29b0935c" entryMaterialId="930fd355-3054-4983-ac75-037aac9c62dd" volume="0.0816 " entryUnitId="99ef4406-1345-4859-9c9e-22754210445b" isBomMaterial="N" />
<MaterialBomEntry id="2bbc6d63-f958-4bac-8ee0-d06b259a028c" parentId="a9935233-f577-4543-85a8-cea6acd6d7e2" entryMaterialId="00d92543-11f7-410a-99c1-2c22f793c81b" volume="1.0000 " entryUnitId="9fea6a23-0bc7-409c-9200-2b5157b14def" isBomMaterial="N" />
<MaterialBomEntry id="48eeee60-f494-4b9d-af68-dd26edb731de" parentId="8455d4f4-544e-47be-87a8-202e71862e93" entryMaterialId="8d3aca6f-7fde-47ee-9f38-176316242476" volume="1.5974 " entryUnitId="99ef4406-1345-4859-9c9e-22754210445b" isBomMaterial="N" />
<MaterialBomEntry id="01405494-7539-4b36-b840-9ff1a2fb9de8" parentId="ec18b8f5-a94e-4292-a558-45ba82b44e0c" entryMaterialId="4e7026c8-12b4-4280-9046-e62372c2323d" volume="0.5092 " entryUnitId="99ef4406-1345-4859-9c9e-22754210445b" isBomMaterial="N" />
<MaterialBomEntry id="60ceca88-717b-40f5-9f28-f252b485b84f" parentId="f9ef5226-8d30-4c3d-9d44-0f11254f31bd" entryMaterialId="4e7026c8-12b4-4280-9046-e62372c2323d" volume="0.5092 " entryUnitId="99ef4406-1345-4859-9c9e-22754210445b" isBomMaterial="N" />
<MaterialBomEntry id="9fe56acd-59e3-4a8a-bb9d-22c3be90c328" parentId="39b24ccf-9546-4e1b-9b3f-41c6b4db98e8" entryMaterialId="28184f9f-a7ba-4601-868c-0e13a6bd1241" volume="0.7825 " entryUnitId="99ef4406-1345-4859-9c9e-22754210445b" isBomMaterial="N" />
<MaterialBomEntry id="4be4bdee-8642-44ef-9712-b3f6082c326a" parentId="2d409077-1bef-4c76-a165-54da562bee77" entryMaterialId="36eb6b3c-12fa-46ba-9b53-fa0f7307b317" volume="1.0000 " entryUnitId="a817df96-ee63-440c-b750-1dcf53b9a74f" isBomMaterial="N" />
<MaterialBomEntry id="b3eb7560-7ad1-4927-830e-82dad42af980" parentId="2aaf8083-2c66-473f-9514-958f2013bd11" entryMaterialId="4505c6ac-d898-4089-9fa5-d5d94f87b2b1" volume="1.0000 " entryUnitId="9fea6a23-0bc7-409c-9200-2b5157b14def" isBomMaterial="N" />
<MaterialBomEntry id="d9d7f04f-24f4-4566-a8e0-b45bb14646f9" parentId="092642d8-9147-49f9-9276-213a346b5cc8" entryMaterialId="ddfa2349-3ae9-4109-8d7a-3e0bc479bb1b" volume="0.3528 " entryUnitId="99ef4406-1345-4859-9c9e-22754210445b" isBomMaterial="N" />
<MaterialBomEntry id="fe20527e-17f1-4054-bb03-9638e71b6473" parentId="882b2994-c48c-404a-bfdd-3dbe3fc4b3a1" entryMaterialId="632c3e4f-7aef-4154-8413-65bbbafccbe4" volume="0.2751 " entryUnitId="99ef4406-1345-4859-9c9e-22754210445b" isBomMaterial="N" />
<MaterialBomEntry id="9f971a0a-62e4-4fc1-b81b-26e6c1796d2f" parentId="17f21110-c09c-4d06-adca-e6b5114ffc29" entryMaterialId="eb367768-0996-4e0f-bee1-0fbdd7555e4d" volume="0.0300 " entryUnitId="99ef4406-1345-4859-9c9e-22754210445b" isBomMaterial="N" />
<MaterialBomEntry id="60684225-4622-4937-88b6-ca1373fc04d7" parentId="70cd4b46-dffa-488f-83fa-971f75556706" entryMaterialId="5a913840-f923-40fa-94bf-7635539ac5f6" volume="1.0000 " entryUnitId="9fea6a23-0bc7-409c-9200-2b5157b14def" isBomMaterial="N" />
<MaterialBomEntry id="fe8450f7-1383-4578-a975-130f5c4a7ef1" parentId="bf0c4aaf-e93c-4e31-88e4-5128cb780776" entryMaterialId="f0060dbe-d933-4f3a-b3ed-bdcb76a22a78" volume="1.0000 " entryUnitId="a817df96-ee63-440c-b750-1dcf53b9a74f" isBomMaterial="N" />
<MaterialBomEntry id="c421eef0-ec73-4093-a2b1-cf04e1e38b07" parentId="20314359-a3e8-4702-bb69-7f55a7123177" entryMaterialId="36281a15-a88b-4952-a597-2358e55d148b" volume="0.6990 " entryUnitId="99ef4406-1345-4859-9c9e-22754210445b" isBomMaterial="N" />
<MaterialBomEntry id="56b72579-429c-4d13-b15f-8cf08c6a7ae7" parentId="ddd1574b-3400-433c-8f1c-08aa3969bf6e" entryMaterialId="372bb99b-85f7-4c75-af5b-d18b50231e97" volume="1.0000 " entryUnitId="9fea6a23-0bc7-409c-9200-2b5157b14def" isBomMaterial="N" />
<MaterialBomEntry id="1e5c4f43-e8be-4963-bad7-b34a3e09cafe" parentId="c4414edf-0fc2-4ef4-a5a1-b90bc763bae2" entryMaterialId="4b415b9e-3f8e-4ebb-9b07-ab849e06d0b5" volume="1.0000 " entryUnitId="9fea6a23-0bc7-409c-9200-2b5157b14def" isBomMaterial="N" />
<MaterialBomEntry id="a1796a75-4521-490b-ae73-d2feb6092c8d" parentId="8114fbd6-e504-4d41-b493-4b8afe213ba4" entryMaterialId="36281a15-a88b-4952-a597-2358e55d148b" volume="1.0450 " entryUnitId="99ef4406-1345-4859-9c9e-22754210445b" isBomMaterial="N" />
<MaterialBomEntry id="7cc0ab65-2d29-47fa-aeb2-fd0457611674" parentId="66bc458d-c6d7-4f30-86e2-b9411a4bb98c" entryMaterialId="36281a15-a88b-4952-a597-2358e55d148b" volume="1.0450 " entryUnitId="99ef4406-1345-4859-9c9e-22754210445b" isBomMaterial="N" />
<MaterialBomEntry id="5124dd4c-03de-40eb-95c1-3cca98b79ad7" parentId="9a48a5aa-c67a-4d76-92d2-319216fcbdfa" entryMaterialId="a3f4fe9f-1ac2-43f0-b9a0-93523c3e1df0" volume="0.0146 " entryUnitId="9fea6a23-0bc7-409c-9200-2b5157b14def" isBomMaterial="N" />
<MaterialBomEntry id="b906e29f-3ec2-4100-9ae9-c0ffe58cbe18" parentId="0cbb32ed-b50f-4be4-8147-b3c3efae1cac" entryMaterialId="36281a15-a88b-4952-a597-2358e55d148b" volume="0.0146 " entryUnitId="99ef4406-1345-4859-9c9e-22754210445b" isBomMaterial="N" />
<MaterialBomEntry id="9dc5c552-f1a1-440b-8ae5-1ea2f2f10bf3" parentId="b53f3d35-cc60-4ba8-b70d-f3f99825d0f3" entryMaterialId="92ff024b-0135-421f-9aa7-ec9ef48d81aa" volume="0.3885 " entryUnitId="99ef4406-1345-4859-9c9e-22754210445b" isBomMaterial="N" />
<MaterialBomEntry id="fb0b9bec-aa18-4385-9ce2-8626509703bb" parentId="fc4dcdf9-7660-4c9e-8ef0-02dd17c60c64" entryMaterialId="e3a36652-615a-4b55-80ca-7e719aefe605" volume="0.0340 " entryUnitId="99ef4406-1345-4859-9c9e-22754210445b" isBomMaterial="N" />
<MaterialBomEntry id="ed6bc53e-29dd-4f70-b474-c965f0c4dca2" parentId="17df92ba-0d60-43bd-bd0c-2309d1933346" entryMaterialId="e9db393f-41c3-4a82-89b9-e02e9d9d6e9f" volume="0.2068 " entryUnitId="99ef4406-1345-4859-9c9e-22754210445b" isBomMaterial="N" />
<MaterialBomEntry id="82b912ed-cfcc-4387-8ac3-923159aa2a10" parentId="a078ecfd-432f-4d6c-a109-6a309826df31" entryMaterialId="39530537-02db-4c67-8c68-a03afd1af9e6" volume="0.0344 " entryUnitId="99ef4406-1345-4859-9c9e-22754210445b" isBomMaterial="N" />
<MaterialBomEntry id="4b7254ba-9dfd-4e4f-a118-c96581fd7581" parentId="b3a6e02f-9f7a-43eb-b3f2-31d2c0859ab2" entryMaterialId="d199f961-c1d9-4406-9243-49e76a1f84c9" volume="0.1402 " entryUnitId="99ef4406-1345-4859-9c9e-22754210445b" isBomMaterial="N" />
<MaterialBomEntry id="42d8f431-83a5-47b9-b34a-73fd54031ef4" parentId="c50488a6-2bc3-4bee-b688-0d6e48dd3ddd" entryMaterialId="d30af749-fa3b-4403-bb13-9bccb93ab01b" volume="0.0878 " entryUnitId="99ef4406-1345-4859-9c9e-22754210445b" isBomMaterial="N" />
<MaterialBomEntry id="b5c376a3-c0be-48bf-ac6d-404284459956" parentId="f2360382-46ae-4586-8a74-652f1c707117" entryMaterialId="4bfbce19-04ac-40e0-a58b-25f0f3fa5f50" volume="0.0583 " entryUnitId="99ef4406-1345-4859-9c9e-22754210445b" isBomMaterial="N" />
<MaterialBomEntry id="9f1e1933-af69-4f32-ae4c-ec385dee6d07" parentId="adf99d74-e6ba-4995-90e6-9920af15b329" entryMaterialId="70335529-a91c-4063-aa0a-e0273d0c638d" volume="0.0270 " entryUnitId="99ef4406-1345-4859-9c9e-22754210445b" isBomMaterial="N" />
<MaterialBomEntry id="9cdf299d-268e-4ce5-ae17-d14b5831c90f" parentId="eea4d12b-80ba-48a0-b352-c8e8ae253c3d" entryMaterialId="1feeef18-1baa-4c91-8dba-19811da8e84f" volume="0.3730 " entryUnitId="99ef4406-1345-4859-9c9e-22754210445b" isBomMaterial="N" />
<MaterialBomEntry id="e66c4048-626f-4f3a-b203-7e25bdc4ee7c" parentId="503a59d6-2c4e-4293-860d-fca0e1e39f93" entryMaterialId="1feeef18-1baa-4c91-8dba-19811da8e84f" volume="0.2323 " entryUnitId="99ef4406-1345-4859-9c9e-22754210445b" isBomMaterial="N" />
<MaterialBomEntry id="a5a7a525-84b4-49f0-8ee2-22faf58a9863" parentId="103b7ca5-25da-4cbf-894f-2e308f865748" entryMaterialId="92ff024b-0135-421f-9aa7-ec9ef48d81aa" volume="0.0213 " entryUnitId="99ef4406-1345-4859-9c9e-22754210445b" isBomMaterial="N" />
<MaterialBomEntry id="28a6ce62-de9f-43fb-b835-8faf1b20caed" parentId="7f68eaa6-0066-484a-8b14-7dfe6ee2a908" entryMaterialId="92ff024b-0135-421f-9aa7-ec9ef48d81aa" volume="0.0202 " entryUnitId="99ef4406-1345-4859-9c9e-22754210445b" isBomMaterial="N" />
<MaterialBomEntry id="85ea22a4-63a2-40d7-99da-30563167600d" parentId="954e472b-f5cb-4037-b645-84f41fb9b0e4" entryMaterialId="1feeef18-1baa-4c91-8dba-19811da8e84f" volume="0.0100 " entryUnitId="99ef4406-1345-4859-9c9e-22754210445b" isBomMaterial="N" />
<MaterialBomEntry id="f49fec03-f903-4bf7-bfce-7785c75a5a87" parentId="d63e3c39-9da6-4b48-80d3-35549c28ebf5" entryMaterialId="a5f2a22c-811c-421b-8760-b2828c5965c0" volume="0.0079 " entryUnitId="99ef4406-1345-4859-9c9e-22754210445b" isBomMaterial="N" />
<MaterialBomEntry id="25264239-05f1-470d-9e9e-e015574f529d" parentId="7813efa4-bd36-4ed0-ade5-e1d7d0822c77" entryMaterialId="dda2dc8e-3257-4e16-aed4-4158126999aa" volume="0.0079 " entryUnitId="99ef4406-1345-4859-9c9e-22754210445b" isBomMaterial="N" />
<MaterialBomEntry id="d24bd009-482f-4cf6-80e9-87a37fb1fb61" parentId="65d5d4da-24fe-4dcf-95ea-0abb18217c1b" entryMaterialId="589ac5b6-f0be-4daa-9c1a-1c34c4447f76" volume="0.0824 " entryUnitId="99ef4406-1345-4859-9c9e-22754210445b" isBomMaterial="N" />
<MaterialBomEntry id="87ab46ae-083d-45c0-a57f-c3abb9b0aef1" parentId="333f17c5-0954-4781-a8d5-7d4fb6e89636" entryMaterialId="404bba0f-54ae-4d6b-99da-fce58d714438" volume="1.0000 " entryUnitId="99ef4406-1345-4859-9c9e-22754210445b" isBomMaterial="N" />
<MaterialBomEntry id="32db0aed-6455-4f73-b200-1962da461a4e" parentId="7e9d641e-0a2e-45ef-be04-48bc529f77cf" entryMaterialId="f9ef889a-0829-4c8e-b7b4-a11a4cb6eba3" volume="1.0000 " entryUnitId="9fea6a23-0bc7-409c-9200-2b5157b14def" isBomMaterial="N" />
<MaterialBomEntry id="a65fbc35-6d32-4068-b873-69474e00e2bf" parentId="8efcab61-7738-4ae7-9699-27e8d65f2913" entryMaterialId="c4ef3e79-188e-4544-aef4-4a25cb38c23d" volume="1.0000 " entryUnitId="a817df96-ee63-440c-b750-1dcf53b9a74f" isBomMaterial="N" />
<MaterialBomEntry id="59d96787-c356-4bb5-9dfc-1e818e3a4eb2" parentId="ae694623-469c-4273-bfea-c43a64373ffb" entryMaterialId="9554fcad-295f-4445-a342-99c4d149714a" volume="1.0000 " entryUnitId="9fea6a23-0bc7-409c-9200-2b5157b14def" isBomMaterial="N" />
<MaterialBomEntry id="5749aac7-3a44-4d90-9131-b4d0b7bdce73" parentId="669b5faf-8622-4a04-8bfd-0921beb1a74a" entryMaterialId="91fb110d-1e9b-4d0f-a0cb-8fef4d4a7a9e" volume="2.4970 " entryUnitId="99ef4406-1345-4859-9c9e-22754210445b" isBomMaterial="N" />
<MaterialBomEntry id="a76c15ea-092d-49ee-b62e-485e25537059" parentId="1e53490f-9842-4fac-b048-d96ad30c60f1" entryMaterialId="cbb397e2-f3d6-4363-9cfd-a5435728a309" volume="1.1077 " entryUnitId="99ef4406-1345-4859-9c9e-22754210445b" isBomMaterial="N" />
<MaterialBomEntry id="eb0abad9-0f4b-457a-ae8b-59918eaa2a0c" parentId="51fada36-5387-447d-9fb7-fa4c8c8687b2" entryMaterialId="bf6397c7-71e7-4a8c-88f8-1358cae1bea5" volume="0.2459 " entryUnitId="99ef4406-1345-4859-9c9e-22754210445b" isBomMaterial="N" />
<MaterialBomEntry id="0c750d71-49da-4c62-97e8-15112cae05e3" parentId="b27b9686-9abb-42d9-a92a-868f24a077a9" entryMaterialId="0dd9fd03-cc5d-4883-80e8-9d44cb019b4d" volume="0.3142 " entryUnitId="99ef4406-1345-4859-9c9e-22754210445b" isBomMaterial="N" />
<MaterialBomEntry id="6fca2cef-a2d2-4699-ba02-2c454cba30e0" parentId="de50e8f5-f9e5-4440-bff0-ca17cdb2dbcd" entryMaterialId="c200b09d-2b67-43e7-8094-282d72024344" volume="0.1456 " entryUnitId="99ef4406-1345-4859-9c9e-22754210445b" isBomMaterial="N" />
<MaterialBomEntry id="50d16c46-276b-4114-a336-c8c806fce5e6" parentId="2317c2cc-8dea-4da5-a166-8d7bb2cc3b02" entryMaterialId="ff8f01be-3c20-4309-964b-0424c268eea1" volume="0.0300 " entryUnitId="99ef4406-1345-4859-9c9e-22754210445b" isBomMaterial="N" />
<MaterialBomEntry id="78e36920-9caf-4e3b-bba3-04affef5d77e" parentId="9e931548-92a7-46ce-b798-ab27892011a8" entryMaterialId="bf4a9cfc-3c6a-44d8-b1e1-473823409c0b" volume="0.1569 " entryUnitId="99ef4406-1345-4859-9c9e-22754210445b" isBomMaterial="N" />
<MaterialBomEntry id="929e4b58-d3d7-4cac-8475-346ff6afa3cc" parentId="02254e34-9a26-4c3e-8743-643c73ebf101" entryMaterialId="22b17e5d-2254-482a-aeb4-a6ed43f6e302" volume="0.2110 " entryUnitId="99ef4406-1345-4859-9c9e-22754210445b" isBomMaterial="N" />
<MaterialBomEntry id="3c9d7e51-06d5-48b0-ac1f-1e86fb874f9b" parentId="01755076-6d79-4186-8cba-d65137ed49b3" entryMaterialId="507b6895-5fbe-4782-9e89-a65cf287bcd9" volume="0.1658 " entryUnitId="99ef4406-1345-4859-9c9e-22754210445b" isBomMaterial="N" />
<MaterialBomEntry id="807008d4-fe39-433f-bd22-e8e5f0279d41" parentId="17cbb08a-64d7-4180-94e2-73ed610e0ff6" entryMaterialId="7f079105-0a71-4813-ac54-5bd44e5e7a9c" volume="0.2199 " entryUnitId="99ef4406-1345-4859-9c9e-22754210445b" isBomMaterial="N" />
<MaterialBomEntry id="2a1aad9b-6901-4bdb-8dce-bc29be6fd744" parentId="74254648-cb9b-4873-8f09-fcdf5b1939d9" entryMaterialId="f97ee6ba-4695-4912-b531-6ac9cf88d899" volume="0.1862 " entryUnitId="99ef4406-1345-4859-9c9e-22754210445b" isBomMaterial="N" />
<MaterialBomEntry id="f0edbdf6-a597-4335-be63-01645a0b1a12" parentId="78f291b5-df33-41b9-8eaf-a5b19cc9aab1" entryMaterialId="f7384d09-0e34-48af-90d3-3b56ed8486ce" volume="0.2403 " entryUnitId="99ef4406-1345-4859-9c9e-22754210445b" isBomMaterial="N" />
<MaterialBomEntry id="d3678d8b-6781-4f8d-b193-b186616e734d" parentId="2617607e-cf33-4c35-8ece-53b38ead5556" entryMaterialId="f6624d44-bc93-4451-a3b3-e67a2082b3a8" volume="0.1988 " entryUnitId="99ef4406-1345-4859-9c9e-22754210445b" isBomMaterial="N" />
<MaterialBomEntry id="9f5befe3-cd8b-45c2-b5aa-dd3ad26fb1b1" parentId="6476d046-4126-4e69-b0a8-735912032037" entryMaterialId="ac68a188-670a-4d0c-888a-2fdee0b78808" volume="0.2528 " entryUnitId="99ef4406-1345-4859-9c9e-22754210445b" isBomMaterial="N" />
<MaterialBomEntry id="1d9d4767-e9bd-4223-8948-7db3d54c2f41" parentId="944896a7-2809-4004-a89a-a8ee39b750b7" entryMaterialId="833a6110-495e-4361-86f8-a6b025cdda76" volume="0.2317 " entryUnitId="99ef4406-1345-4859-9c9e-22754210445b" isBomMaterial="N" />
<MaterialBomEntry id="592b54eb-5b50-4901-95db-dc7ed74d4b41" parentId="4f3e9b4c-53bc-46dc-a5a2-0e6fb2d79e64" entryMaterialId="4c37a1f0-d05f-4db8-b0c6-29722a8fe375" volume="0.2858 " entryUnitId="99ef4406-1345-4859-9c9e-22754210445b" isBomMaterial="N" />
<MaterialBomEntry id="55984af4-8944-4f00-b392-502aad269775" parentId="88957e0c-00a6-46ed-8ea6-3c95d36d2a10" entryMaterialId="a017b4b5-9c82-4cdf-a3b5-9ea8a78d7edd" volume="0.2558 " entryUnitId="99ef4406-1345-4859-9c9e-22754210445b" isBomMaterial="N" />
<MaterialBomEntry id="9bd83894-e786-4205-97cd-d1046fca94bb" parentId="f27fdd91-a7cf-4855-9757-4152b0ec2066" entryMaterialId="7bc3c166-c37b-4583-8284-a1c6af082808" volume="0.3072 " entryUnitId="99ef4406-1345-4859-9c9e-22754210445b" isBomMaterial="N" />
<MaterialBomEntry id="ae3cc0dc-86a9-440f-89f6-16ea1bb86b92" parentId="baeb347e-a063-472d-be55-90a75f8ca26d" entryMaterialId="2af4f3a2-e645-4d4d-b463-15ddc83213fe" volume="0.1846 " entryUnitId="99ef4406-1345-4859-9c9e-22754210445b" isBomMaterial="N" />
<MaterialBomEntry id="0c8391c4-68eb-40ed-8841-725e9ecb38ca" parentId="666c83f2-3bbd-4687-81af-610de31c9798" entryMaterialId="fa41c75c-06db-4c14-85ef-8301addae7a0" volume="0.0415 " entryUnitId="99ef4406-1345-4859-9c9e-22754210445b" isBomMaterial="N" />
<MaterialBomEntry id="78fb59d5-730f-4ece-baae-80a000275f48" parentId="d352194c-9694-4182-ba84-86d96b56fdb8" entryMaterialId="298a4c12-ca96-4e2e-927e-0be983e0fc55" volume="0.3113 " entryUnitId="99ef4406-1345-4859-9c9e-22754210445b" isBomMaterial="N" />
<MaterialBomEntry id="3bb03a95-230d-4b41-bbb9-a64036c60f15" parentId="c06223bc-0625-4c10-83c0-b3dc0ef75296" entryMaterialId="6926f6f6-308a-4080-b4ea-64e94c2fe0ec" volume="0.0791 " entryUnitId="99ef4406-1345-4859-9c9e-22754210445b" isBomMaterial="N" />
<MaterialBomEntry id="f322040a-73f2-4b68-814a-2c32def8dd0d" parentId="e2939317-f6bf-4a44-abaa-2e9457c7d8bb" entryMaterialId="3c4b28d5-7d70-464d-93fc-58666e277cb5" volume="0.5244 " entryUnitId="99ef4406-1345-4859-9c9e-22754210445b" isBomMaterial="N" />
<MaterialBomEntry id="6c9cc7a4-ed1c-468c-872f-47264bf7f3a1" parentId="6ea0bb34-9766-4736-82f6-21aca4e7a3f0" entryMaterialId="95ecf571-3f6a-4e48-a9d2-7a3f67a434f9" volume="0.6123 " entryUnitId="99ef4406-1345-4859-9c9e-22754210445b" isBomMaterial="N" />
<MaterialBomEntry id="5c1e9fc5-9050-421d-b20c-5131d4f96409" parentId="6f34f03b-f632-4942-a9b2-f92f49f64caa" entryMaterialId="95ecf571-3f6a-4e48-a9d2-7a3f67a434f9" volume="0.5941 " entryUnitId="99ef4406-1345-4859-9c9e-22754210445b" isBomMaterial="N" />
<MaterialBomEntry id="6cba2526-ee71-49de-be0e-76ccccd2259c" parentId="e2e8d6d5-f2b3-4cd6-9d25-bf5af788c6fc" entryMaterialId="38d10459-0402-468e-b5e1-338f41a74a3f" volume="0.1248 " entryUnitId="99ef4406-1345-4859-9c9e-22754210445b" isBomMaterial="N" />
<MaterialBomEntry id="5a43118c-4a2d-496a-94f3-dcf675e0f3ce" parentId="e4a95cee-ff6b-4bee-b5fd-b14610c2b7e3" entryMaterialId="89f24b22-7978-4b8e-a242-ea1156369107" volume="1.0000 " entryUnitId="9fea6a23-0bc7-409c-9200-2b5157b14def" isBomMaterial="N" />
</entity-engine-xml>