<?xml version="1.0" encoding="UTF-8"?>
<!-- Licensed to the Apache Software Foundation (ASF) under one or more contributor license agreements. See the NOTICE file distributed with this work for additional information regarding copyright ownership. The ASF licenses this file to you under the Apache License, Version 2.0 (the "License"); you 
	may not use this file except in compliance with the License. You may obtain a copy of the License at http://www.apache.org/licenses/LICENSE-2.0 Unless required by applicable law or agreed to in writing, software distributed under the License is distributed on an "AS IS" BASIS, WITHOUT WARRANTIES OR CONDITIONS 
	OF ANY KIND, either express or implied. See the License for the specific language governing permissions and limitations under the License. -->
<entity-engine-xml>
<Supplier id="7d75b42f-49dc-4685-8d96-d2b463e608ab" number="SUP100001" name="江门市蓬江区盛鹏五金塑料厂" phoneNum="0750-3720633" address="潮连塘边" />
<Supplier id="a6dfb6a7-e861-4d72-858d-5c95f2cd0a37" number="SUP100002" name="江门市蓬江区恒昌五金灯具制品厂" phoneNum="0750-3728437" address="潮连豸岗" />
<Supplier id="23a72c21-a1e4-45d2-bd2a-5857fd2fc918" number="SUP100003" name="江门市蓬江区百赞拉丝厂" phoneNum="0750-3726655" address="潮连坦边工业区" />
<Supplier id="21ad7d80-deba-4ca8-ac4b-ae969042e7ad" number="SUP100004" name="江门市西北钢管" phoneNum="0750-3726927" address="潮连豸岗工业区" />
<Supplier id="0fad3df1-1544-4500-936c-9219620743cd" number="SUP100005" name="江门市蓬江区杜阮镇升平五金厂" phoneNum="0750-3672008" address="江门市杜阮镇" />
<Supplier id="a7981a3d-0f2c-48d2-9cf1-d262fdbbb925" number="SUP100006" name="中山市南峰冷拉钢材厂" phoneNum="0760-23132203" address="中山市南头镇辉北路" />
<Supplier id="d47d9e25-1862-4645-87f8-5bf9de517a5b" number="SUP100007" name="东莞市大骏五金制品厂" phoneNum="0769-87080868" address="东莞市大朗镇" />
<Supplier id="3d665d77-aaf8-47f0-9239-4b93f7ae257c" number="SUP100008" name="江门市江海区鸿辉五金拉丝厂" phoneNum="0750-3616618" address="江门市江海区" />
<Supplier id="2a851286-04c1-4a15-b47c-6e879761332d" number="SUP100009" name="江门市蓬江区富桥旅游用品厂有限公司" phoneNum="0750-3728789" address="潮连卢边工业区" />
<Supplier id="4aee925a-049e-41c1-b855-5bb6cc425426" number="SUP100010" name="江门市西北五金" phoneNum="0750-3728618" address="潮连富岗" />
</entity-engine-xml>