<?xml version="1.0" encoding="UTF-8"?>
<!-- Licensed to the Apache Software Foundation (ASF) under one or more contributor license agreements. See the NOTICE file distributed with this work for additional information regarding copyright ownership. The ASF licenses this file to you under the Apache License, Version 2.0 (the "License"); you 
	may not use this file except in compliance with the License. You may obtain a copy of the License at http://www.apache.org/licenses/LICENSE-2.0 Unless required by applicable law or agreed to in writing, software distributed under the License is distributed on an "AS IS" BASIS, WITHOUT WARRANTIES OR CONDITIONS 
	OF ANY KIND, either express or implied. See the License for the specific language governing permissions and limitations under the License. -->
<entity-engine-xml>
<TMaterial id="4f31a800-0792-402f-a9cd-0cdbac96a7a1" number="01.01.001" name="T腿下管螺母" model="5*30*2000" defaultPrice="4.723" defaultSupplierId="" safeStock="" defaultUnitId="99ef4406-1345-4859-9c9e-22754210445b" materialTypeId="36316d97-f038-445b-a74b-32cb0c8301fe" />
<TMaterial id="900098ee-c1b9-430d-b6c2-9fabbe3bd7fc" number="01.01.002" name="140床椭圆螺母" model="5.7(6.0)*17.6(18)*1427" defaultPrice="5.664" defaultSupplierId="" safeStock="" defaultUnitId="99ef4406-1345-4859-9c9e-22754210445b" materialTypeId="36316d97-f038-445b-a74b-32cb0c8301fe" />
<TMaterial id="bf4a9cfc-3c6a-44d8-b1e1-473823409c0b" number="01.01.003" name="织物床130上扁铁" model="3*14*952（130上）" defaultPrice="5.638" defaultSupplierId="" safeStock="" defaultUnitId="99ef4406-1345-4859-9c9e-22754210445b" materialTypeId="36316d97-f038-445b-a74b-32cb0c8301fe" />
<TMaterial id="22b17e5d-2254-482a-aeb4-a6ed43f6e302" number="01.01.004" name="织物床130下扁铁" model="3*14*1280（130下）" defaultPrice="5.638" defaultSupplierId="" safeStock="" defaultUnitId="99ef4406-1345-4859-9c9e-22754210445b" materialTypeId="36316d97-f038-445b-a74b-32cb0c8301fe" />
<TMaterial id="507b6895-5fbe-4782-9e89-a65cf287bcd9" number="01.01.005" name="织物床140上扁铁" model="3*14*1006（140上）" defaultPrice="5.638" defaultSupplierId="" safeStock="" defaultUnitId="99ef4406-1345-4859-9c9e-22754210445b" materialTypeId="36316d97-f038-445b-a74b-32cb0c8301fe" />
<TMaterial id="7f079105-0a71-4813-ac54-5bd44e5e7a9c" number="01.01.006" name="织物床140下扁铁" model="3*14*1334（140下）" defaultPrice="5.638" defaultSupplierId="" safeStock="" defaultUnitId="99ef4406-1345-4859-9c9e-22754210445b" materialTypeId="36316d97-f038-445b-a74b-32cb0c8301fe" />
<TMaterial id="f97ee6ba-4695-4912-b531-6ac9cf88d899" number="01.01.007" name="织物床150上扁铁" model="3*14*1130（150上）" defaultPrice="5.638" defaultSupplierId="" safeStock="" defaultUnitId="99ef4406-1345-4859-9c9e-22754210445b" materialTypeId="36316d97-f038-445b-a74b-32cb0c8301fe" />
<TMaterial id="f7384d09-0e34-48af-90d3-3b56ed8486ce" number="01.01.008" name="织物床150下扁铁" model="3*14*1458（150下）" defaultPrice="5.638" defaultSupplierId="" safeStock="" defaultUnitId="99ef4406-1345-4859-9c9e-22754210445b" materialTypeId="36316d97-f038-445b-a74b-32cb0c8301fe" />
<TMaterial id="f6624d44-bc93-4451-a3b3-e67a2082b3a8" number="01.01.009" name="织物床160上扁铁" model="3*14*1206（160上）" defaultPrice="5.638" defaultSupplierId="" safeStock="" defaultUnitId="99ef4406-1345-4859-9c9e-22754210445b" materialTypeId="36316d97-f038-445b-a74b-32cb0c8301fe" />
<TMaterial id="ac68a188-670a-4d0c-888a-2fdee0b78808" number="01.01.010" name="织物床160下扁铁" model="3*14*1534（160下）" defaultPrice="5.638" defaultSupplierId="" safeStock="" defaultUnitId="99ef4406-1345-4859-9c9e-22754210445b" materialTypeId="36316d97-f038-445b-a74b-32cb0c8301fe" />
<TMaterial id="833a6110-495e-4361-86f8-a6b025cdda76" number="01.01.011" name="织物床180上扁铁" model="3*14*1406（180上）" defaultPrice="5.638" defaultSupplierId="" safeStock="" defaultUnitId="99ef4406-1345-4859-9c9e-22754210445b" materialTypeId="36316d97-f038-445b-a74b-32cb0c8301fe" />
<TMaterial id="4c37a1f0-d05f-4db8-b0c6-29722a8fe375" number="01.01.012" name="织物床180下扁铁" model="3*14*1734（180下）" defaultPrice="5.638" defaultSupplierId="" safeStock="" defaultUnitId="99ef4406-1345-4859-9c9e-22754210445b" materialTypeId="36316d97-f038-445b-a74b-32cb0c8301fe" />
<TMaterial id="a017b4b5-9c82-4cdf-a3b5-9ea8a78d7edd" number="01.01.013" name="织物床190上扁铁" model="3*14*1552（190上）" defaultPrice="5.638" defaultSupplierId="" safeStock="" defaultUnitId="99ef4406-1345-4859-9c9e-22754210445b" materialTypeId="36316d97-f038-445b-a74b-32cb0c8301fe" />
<TMaterial id="7bc3c166-c37b-4583-8284-a1c6af082808" number="01.01.014" name="织物床190下扁铁" model="3*14*1864（190下）" defaultPrice="5.638" defaultSupplierId="" safeStock="" defaultUnitId="99ef4406-1345-4859-9c9e-22754210445b" materialTypeId="36316d97-f038-445b-a74b-32cb0c8301fe" />
<TMaterial id="2af4f3a2-e645-4d4d-b463-15ddc83213fe" number="01.01.015" name="织物床侧扁铁130-190" model="3*14*1680（侧扁铁）" defaultPrice="5.638" defaultSupplierId="" safeStock="" defaultUnitId="99ef4406-1345-4859-9c9e-22754210445b" materialTypeId="36316d97-f038-445b-a74b-32cb0c8301fe" />
<TMaterial id="6926f6f6-308a-4080-b4ea-64e94c2fe0ec" number="01.01.016" name="新床侧管挂片1900A" model="4*18*1960" defaultPrice="5.944" defaultSupplierId="" safeStock="" defaultUnitId="99ef4406-1345-4859-9c9e-22754210445b" materialTypeId="36316d97-f038-445b-a74b-32cb0c8301fe" />
<TMaterial id="b28c2c80-1c18-49a7-8068-e5813564b7b2" number="01.02.001" name="140床28管内螺母(自动冲)" model="1.2*76*C" defaultPrice="5.391" defaultSupplierId="" safeStock="" defaultUnitId="99ef4406-1345-4859-9c9e-22754210445b" materialTypeId="90c647fa-cb0f-4d00-88e9-1c6b6ffd2655" />
<TMaterial id="c8cbb94c-f99a-4226-b6c9-36c2fe777343" number="01.02.002" name="140床支承片/织物床/方盒床" model="2.0*95*C" defaultPrice="4.981" defaultSupplierId="" safeStock="" defaultUnitId="99ef4406-1345-4859-9c9e-22754210445b" materialTypeId="90c647fa-cb0f-4d00-88e9-1c6b6ffd2655" />
<TMaterial id="1feeef18-1baa-4c91-8dba-19811da8e84f" number="01.02.003" name="挂墙凉衣架侧横/竖扁铁/小连接片" model="4.0*20*C" defaultPrice="4.523" defaultSupplierId="" safeStock="" defaultUnitId="99ef4406-1345-4859-9c9e-22754210445b" materialTypeId="90c647fa-cb0f-4d00-88e9-1c6b6ffd2655" />
<TMaterial id="a5f2a22c-811c-421b-8760-b2828c5965c0" number="01.02.004" name="管套（衣服架/帽子架/鞋架/挂墙晾衣架）自动冲" model="1.0*76*C" defaultPrice="5.059" defaultSupplierId="" safeStock="" defaultUnitId="99ef4406-1345-4859-9c9e-22754210445b" materialTypeId="90c647fa-cb0f-4d00-88e9-1c6b6ffd2655" />
<TMaterial id="e3a36652-615a-4b55-80ca-7e719aefe605" number="01.02.005" name="落地晾衣架圆挡片（A型架废料）" model="3.0*30*C" defaultPrice="4.66" defaultSupplierId="" safeStock="" defaultUnitId="99ef4406-1345-4859-9c9e-22754210445b" materialTypeId="90c647fa-cb0f-4d00-88e9-1c6b6ffd2655" />
<TMaterial id="aac79fe3-8e44-41df-99c4-bc302212954c" number="01.02.006" name="帽子架挂钩" model="2.0*20*C" defaultPrice="4.699" defaultSupplierId="" safeStock="" defaultUnitId="99ef4406-1345-4859-9c9e-22754210445b" materialTypeId="90c647fa-cb0f-4d00-88e9-1c6b6ffd2655" />
<TMaterial id="92ff024b-0135-421f-9aa7-ec9ef48d81aa" number="01.02.007" name="四大架/顶叉/挂墙晾衣架竖上竖下连接片/落地晾衣架" model="3.0*25*C" defaultPrice="4.687" defaultSupplierId="" safeStock="" defaultUnitId="99ef4406-1345-4859-9c9e-22754210445b" materialTypeId="90c647fa-cb0f-4d00-88e9-1c6b6ffd2655" />
<TMaterial id="97e72af9-c528-4fd6-9dda-45a7bc2df1dc" number="01.02.008" name="鞋架上扁铁/下扁铁" model="2.5*30*C" defaultPrice="4.592" defaultSupplierId="" safeStock="" defaultUnitId="99ef4406-1345-4859-9c9e-22754210445b" materialTypeId="90c647fa-cb0f-4d00-88e9-1c6b6ffd2655" />
<TMaterial id="930fd355-3054-4983-ac75-037aac9c62dd" number="01.02.009" name="衣帽架铁钩/顶片" model="2.0*25*C" defaultPrice="4.643" defaultSupplierId="" safeStock="" defaultUnitId="99ef4406-1345-4859-9c9e-22754210445b" materialTypeId="90c647fa-cb0f-4d00-88e9-1c6b6ffd2655" />
<TMaterial id="298a4c12-ca96-4e2e-927e-0be983e0fc55" number="01.02.010" name="织物床中间扁铁" model="2.0*30*C" defaultPrice="4.896" defaultSupplierId="" safeStock="" defaultUnitId="99ef4406-1345-4859-9c9e-22754210445b" materialTypeId="90c647fa-cb0f-4d00-88e9-1c6b6ffd2655" />
<TMaterial id="3c4b28d5-7d70-464d-93fc-58666e277cb5" number="01.02.011" name="圆形洗衣箩脚扁铁" model="4.0*25*C" defaultPrice="4.542" defaultSupplierId="" safeStock="" defaultUnitId="99ef4406-1345-4859-9c9e-22754210445b" materialTypeId="90c647fa-cb0f-4d00-88e9-1c6b6ffd2655" />
<TMaterial id="95ecf571-3f6a-4e48-a9d2-7a3f67a434f9" number="01.02.012" name="圆形洗衣箩上下环" model="2.5*2.5*C" defaultPrice="4.691" defaultSupplierId="" safeStock="" defaultUnitId="99ef4406-1345-4859-9c9e-22754210445b" materialTypeId="90c647fa-cb0f-4d00-88e9-1c6b6ffd2655" />
<TMaterial id="38d10459-0402-468e-b5e1-338f41a74a3f" number="01.02.013" name="70槽架槽铁" model="1.0*30*C" defaultPrice="4.828" defaultSupplierId="" safeStock="" defaultUnitId="99ef4406-1345-4859-9c9e-22754210445b" materialTypeId="90c647fa-cb0f-4d00-88e9-1c6b6ffd2655" />
<TMaterial id="89f24b22-7978-4b8e-a242-ea1156369107" number="01.02.014" name="70槽架槽铁U形片" model="1.0*30*531" defaultPrice="0.6" defaultSupplierId="" safeStock="" defaultUnitId="9fea6a23-0bc7-409c-9200-2b5157b14def" materialTypeId="90c647fa-cb0f-4d00-88e9-1c6b6ffd2655" />
<TMaterial id="dda2dc8e-3257-4e16-aed4-4158126999aa" number="01.02.015" name="管套挂墙晾衣架有孔" model="1.0*57*C/1000" defaultPrice="5.059" defaultSupplierId="" safeStock="" defaultUnitId="99ef4406-1345-4859-9c9e-22754210445b" materialTypeId="fbbfae47-7831-463c-a14f-34fd0f49a4c3" />
<TMaterial id="91fb110d-1e9b-4d0f-a0cb-8fef4d4a7a9e" number="01.03.002" name="006大圆盘" model="1.0*565*1126" defaultPrice="5.037" defaultSupplierId="" safeStock="" defaultUnitId="99ef4406-1345-4859-9c9e-22754210445b" materialTypeId="fbbfae47-7831-463c-a14f-34fd0f49a4c3" />
<TMaterial id="ff8f01be-3c20-4309-964b-0424c268eea1" number="01.03.003" name="006连接片" model="2.7*78*1035" defaultPrice="4.723" defaultSupplierId="" safeStock="" defaultUnitId="99ef4406-1345-4859-9c9e-22754210445b" materialTypeId="fbbfae47-7831-463c-a14f-34fd0f49a4c3" />
<TMaterial id="cbb397e2-f3d6-4363-9cfd-a5435728a309" number="01.03.004" name="006小圆盘" model="1.0*265*1065" defaultPrice="4.723" defaultSupplierId="" safeStock="" defaultUnitId="99ef4406-1345-4859-9c9e-22754210445b" materialTypeId="fbbfae47-7831-463c-a14f-34fd0f49a4c3" />
<TMaterial id="632c3e4f-7aef-4154-8413-65bbbafccbe4" number="01.03.005" name="028铁丝台脚圆铁片" model="3.0*205*1140" defaultPrice="5.72" defaultSupplierId="" safeStock="" defaultUnitId="99ef4406-1345-4859-9c9e-22754210445b" materialTypeId="fbbfae47-7831-463c-a14f-34fd0f49a4c3" />
<TMaterial id="4897e74a-7365-49b0-a9c1-1b250e252f67" number="01.03.006" name="T腿上管碗仔" model="3.0*170*1200" defaultPrice="5.72" defaultSupplierId="" safeStock="" defaultUnitId="99ef4406-1345-4859-9c9e-22754210445b" materialTypeId="fbbfae47-7831-463c-a14f-34fd0f49a4c3" />
<TMaterial id="eb367768-0996-4e0f-bee1-0fbdd7555e4d" number="01.03.007" name="铁丝台脚/玻璃茶几/共用板手" model="2.0*90*1200" defaultPrice="5.289" defaultSupplierId="" safeStock="" defaultUnitId="99ef4406-1345-4859-9c9e-22754210445b" materialTypeId="fbbfae47-7831-463c-a14f-34fd0f49a4c3" />
<TMaterial id="88d8186e-e94b-4905-b3e7-437bde131db1" number="01.03.008" name="031电镀台脚底板" model="6*125*925" defaultPrice="4.709" defaultSupplierId="" safeStock="" defaultUnitId="99ef4406-1345-4859-9c9e-22754210445b" materialTypeId="fbbfae47-7831-463c-a14f-34fd0f49a4c3" />
<TMaterial id="11c140d8-7a42-4afe-9205-7720c3d80cbf" number="01.03.009" name="管套（铁制服架/帽子架/鞋架）（平直）" model="1.1*69*1100" defaultPrice="5.059" defaultSupplierId="" safeStock="" defaultUnitId="99ef4406-1345-4859-9c9e-22754210445b" materialTypeId="fbbfae47-7831-463c-a14f-34fd0f49a4c3" />
<TMaterial id="0efd7925-8fb4-4b4b-a6f8-3e6087b30c50" number="01.03.010" name="铁制帽子架卡片" model="1.5*155*1200" defaultPrice="4.86" defaultSupplierId="" safeStock="" defaultUnitId="99ef4406-1345-4859-9c9e-22754210445b" materialTypeId="fbbfae47-7831-463c-a14f-34fd0f49a4c3" />
<TMaterial id="fa41c75c-06db-4c14-85ef-8301addae7a0" number="01.03.011" name="织物床盖片130-190" model="1.2*133*1100（盖片）" defaultPrice="5.059" defaultSupplierId="" safeStock="" defaultUnitId="99ef4406-1345-4859-9c9e-22754210445b" materialTypeId="fbbfae47-7831-463c-a14f-34fd0f49a4c3" />
<TMaterial id="7a7c5368-b58e-4fb4-a5c2-7573da5dcd50" number="01.03.012" name="方盒床38管内螺母" model="1.2*92*1040" defaultPrice="5.116" defaultSupplierId="" safeStock="" defaultUnitId="99ef4406-1345-4859-9c9e-22754210445b" materialTypeId="fbbfae47-7831-463c-a14f-34fd0f49a4c3" />
<TMaterial id="4505c6ac-d898-4089-9fa5-d5d94f87b2b1" number="01.04.001" name="028铁丝台脚圆管" model="1.5*18*600" defaultPrice="2.17" defaultSupplierId="" safeStock="" defaultUnitId="9fea6a23-0bc7-409c-9200-2b5157b14def" materialTypeId="635e0fa5-ab14-461f-ba05-2ec4c58f9480" />
<TMaterial id="5a913840-f923-40fa-94bf-7635539ac5f6" number="01.04.002" name="玻璃茶几脚管50（029）" model="1.2*16*463" defaultPrice="1.19" defaultSupplierId="" safeStock="" defaultUnitId="9fea6a23-0bc7-409c-9200-2b5157b14def" materialTypeId="635e0fa5-ab14-461f-ba05-2ec4c58f9480" />
<TMaterial id="372bb99b-85f7-4c75-af5b-d18b50231e97" number="01.04.003" name="玻璃茶几脚管75（028）" model="1.2*16*255" defaultPrice="0.66" defaultSupplierId="" safeStock="" defaultUnitId="9fea6a23-0bc7-409c-9200-2b5157b14def" materialTypeId="635e0fa5-ab14-461f-ba05-2ec4c58f9480" />
<TMaterial id="a3f4fe9f-1ac2-43f0-b9a0-93523c3e1df0" number="01.04.004" name="玻璃茶几脚管套" model="1.2*16*600(3000)" defaultPrice="5.466" defaultSupplierId="" safeStock="" defaultUnitId="9fea6a23-0bc7-409c-9200-2b5157b14def" materialTypeId="635e0fa5-ab14-461f-ba05-2ec4c58f9480" />
<TMaterial id="4b415b9e-3f8e-4ebb-9b07-ab849e06d0b5" number="01.04.005" name="玻璃茶几三角框1870" model="1.0*12.7*1870" defaultPrice="3.14" defaultSupplierId="" safeStock="" defaultUnitId="9fea6a23-0bc7-409c-9200-2b5157b14def" materialTypeId="635e0fa5-ab14-461f-ba05-2ec4c58f9480" />
<TMaterial id="36281a15-a88b-4952-a597-2358e55d148b" number="01.04.006" name="玻璃茶几圆环/玻璃茶几脚管套" model="1.2*16*4800" defaultPrice="5.466" defaultSupplierId="" safeStock="" defaultUnitId="99ef4406-1345-4859-9c9e-22754210445b" materialTypeId="635e0fa5-ab14-461f-ba05-2ec4c58f9480" />
<TMaterial id="70335529-a91c-4063-aa0a-e0273d0c638d" number="01.04.007" name="落地晾衣架套筒19长" model="2.0*24.5*3000" defaultPrice="5.526" defaultSupplierId="" safeStock="" defaultUnitId="99ef4406-1345-4859-9c9e-22754210445b" materialTypeId="635e0fa5-ab14-461f-ba05-2ec4c58f9480" />
<TMaterial id="f9ef889a-0829-4c8e-b7b4-a11a4cb6eba3" number="01.04.008" name="挂墙晾衣架上横连接管" model="0.8*9.5*594（4800长）" defaultPrice="0.68" defaultSupplierId="" safeStock="" defaultUnitId="9fea6a23-0bc7-409c-9200-2b5157b14def" materialTypeId="635e0fa5-ab14-461f-ba05-2ec4c58f9480" />
<TMaterial id="9554fcad-295f-4445-a342-99c4d149714a" number="01.04.009" name="挂墙晾衣架下横连接管" model="1.0*14*578.5（5330长）" defaultPrice="1.09" defaultSupplierId="" safeStock="" defaultUnitId="9fea6a23-0bc7-409c-9200-2b5157b14def" materialTypeId="635e0fa5-ab14-461f-ba05-2ec4c58f9480" />
<TMaterial id="00d92543-11f7-410a-99c1-2c22f793c81b" number="01.04.010" name="衣服架有螺母脚管" model="1.0*14*1082（5480长）" defaultPrice="2" defaultSupplierId="" safeStock="" defaultUnitId="9fea6a23-0bc7-409c-9200-2b5157b14def" materialTypeId="635e0fa5-ab14-461f-ba05-2ec4c58f9480" />
<TMaterial id="84ad4496-31ac-4c42-ba24-8cddac6e6458" number="01.04.011" name="帽子架/鞋架有螺母脚管" model="1.0*14*876（5480长）" defaultPrice="1.62" defaultSupplierId="" safeStock="" defaultUnitId="9fea6a23-0bc7-409c-9200-2b5157b14def" materialTypeId="635e0fa5-ab14-461f-ba05-2ec4c58f9480" />
<TMaterial id="bf6397c7-71e7-4a8c-88f8-1358cae1bea5" number="01.05.001" name="006小圆台上脚" model="φ9.9*407" defaultPrice="5.183" defaultSupplierId="" safeStock="" defaultUnitId="99ef4406-1345-4859-9c9e-22754210445b" materialTypeId="a06c9c75-e04a-41ba-95e7-88c0f836891a" />
<TMaterial id="0dd9fd03-cc5d-4883-80e8-9d44cb019b4d" number="01.05.002" name="006小圆台下脚" model="φ9.9*520" defaultPrice="5.183" defaultSupplierId="" safeStock="" defaultUnitId="99ef4406-1345-4859-9c9e-22754210445b" materialTypeId="a06c9c75-e04a-41ba-95e7-88c0f836891a" />
<TMaterial id="c200b09d-2b67-43e7-8094-282d72024344" number="01.05.003" name="006小圆台支撑铁" model="φ9.9*241" defaultPrice="5.183" defaultSupplierId="" safeStock="" defaultUnitId="99ef4406-1345-4859-9c9e-22754210445b" materialTypeId="a06c9c75-e04a-41ba-95e7-88c0f836891a" />
<TMaterial id="ddfa2349-3ae9-4109-8d7a-3e0bc479bb1b" number="01.05.004" name="028铁丝台脚U形铁线" model="φ7*1168" defaultPrice="4.729" defaultSupplierId="" safeStock="" defaultUnitId="99ef4406-1345-4859-9c9e-22754210445b" materialTypeId="a06c9c75-e04a-41ba-95e7-88c0f836891a" />
<TMaterial id="e9db393f-41c3-4a82-89b9-e02e9d9d6e9f" number="01.05.005" name="落地晾衣架翼网边线" model="5.0*1342" defaultPrice="5.281" defaultSupplierId="" safeStock="" defaultUnitId="99ef4406-1345-4859-9c9e-22754210445b" materialTypeId="a06c9c75-e04a-41ba-95e7-88c0f836891a" />
<TMaterial id="39530537-02db-4c67-8c68-a03afd1af9e6" number="01.05.006" name="落地晾衣架翼网内线" model="3.2*545" defaultPrice="5.719" defaultSupplierId="" safeStock="" defaultUnitId="99ef4406-1345-4859-9c9e-22754210445b" materialTypeId="a06c9c75-e04a-41ba-95e7-88c0f836891a" />
<TMaterial id="d199f961-c1d9-4406-9243-49e76a1f84c9" number="01.05.007" name="落地晾衣架中网长边线" model="5.0*910" defaultPrice="5.281" defaultSupplierId="" safeStock="" defaultUnitId="99ef4406-1345-4859-9c9e-22754210445b" materialTypeId="a06c9c75-e04a-41ba-95e7-88c0f836891a" />
<TMaterial id="d30af749-fa3b-4403-bb13-9bccb93ab01b" number="01.05.008" name="落地晾衣架中网宽边线" model="5.0*570" defaultPrice="5.281" defaultSupplierId="" safeStock="" defaultUnitId="99ef4406-1345-4859-9c9e-22754210445b" materialTypeId="a06c9c75-e04a-41ba-95e7-88c0f836891a" />
<TMaterial id="4bfbce19-04ac-40e0-a58b-25f0f3fa5f50" number="01.05.009" name="落地晾衣架中网内线" model="3.2*925" defaultPrice="5.719" defaultSupplierId="" safeStock="" defaultUnitId="99ef4406-1345-4859-9c9e-22754210445b" materialTypeId="a06c9c75-e04a-41ba-95e7-88c0f836891a" />
<TMaterial id="b2befc65-b3c4-4bfb-ac2f-613cd4aeb92c" number="01.06.001" name="方铁/帽子架/衣服/衣帽" model="5*5*304" defaultPrice="5.475" defaultSupplierId="" safeStock="" defaultUnitId="99ef4406-1345-4859-9c9e-22754210445b" materialTypeId="7bd8377b-f747-48ef-8e4e-6b02af2fc1ef" />
<TMaterial id="589ac5b6-f0be-4daa-9c1a-1c34c4447f76" number="01.06.002" name="方铁挂墙晾衣架" model="5*5*420" defaultPrice="5.475" defaultSupplierId="" safeStock="" defaultUnitId="99ef4406-1345-4859-9c9e-22754210445b" materialTypeId="7bd8377b-f747-48ef-8e4e-6b02af2fc1ef" />
<TMaterial id="4e7026c8-12b4-4280-9046-e62372c2323d" number="01.07.001" name="电镀大小台架侧角铁376长" model="30*30*3*6070" defaultPrice="5.192" defaultSupplierId="" safeStock="" defaultUnitId="99ef4406-1345-4859-9c9e-22754210445b" materialTypeId="c46976a4-503d-4dfc-ba63-f51ab9ee1f6f" />
<TMaterial id="28184f9f-a7ba-4601-868c-0e13a6bd1241" number="01.07.002" name="电镀小台架横角铁580长" model="30*30*3*5830" defaultPrice="5.163" defaultSupplierId="" safeStock="" defaultUnitId="99ef4406-1345-4859-9c9e-22754210445b" materialTypeId="c46976a4-503d-4dfc-ba63-f51ab9ee1f6f" />
<TMaterial id="8d3aca6f-7fde-47ee-9f38-176316242476" number="01.07.003" name="电镀大台架横角铁1179长" model="30*30*3*5950" defaultPrice="5.163" defaultSupplierId="" safeStock="" defaultUnitId="99ef4406-1345-4859-9c9e-22754210445b" materialTypeId="c46976a4-503d-4dfc-ba63-f51ab9ee1f6f" />
<TMaterial id="36eb6b3c-12fa-46ba-9b53-fa0f7307b317" number="01.08.001" name="028铁丝台脚螺母" model="M10*15.4" defaultPrice="0.087" defaultSupplierId="" safeStock="" defaultUnitId="a817df96-ee63-440c-b750-1dcf53b9a74f" materialTypeId="48b4fd0b-3630-4d86-8c3e-285888b2e103" />
<TMaterial id="5481ba18-2391-49f1-8b1e-44cb2da4959f" number="01.08.002" name="T腿上管碗仔螺母" model="M10*24.5" defaultPrice="0.35" defaultSupplierId="" safeStock="" defaultUnitId="a817df96-ee63-440c-b750-1dcf53b9a74f" materialTypeId="48b4fd0b-3630-4d86-8c3e-285888b2e103" />
<TMaterial id="f0060dbe-d933-4f3a-b3ed-bdcb76a22a78" number="01.08.003" name="玻璃茶几脚管螺母" model="M8*10.37" defaultPrice="0.063" defaultSupplierId="" safeStock="" defaultUnitId="a817df96-ee63-440c-b750-1dcf53b9a74f" materialTypeId="48b4fd0b-3630-4d86-8c3e-285888b2e103" />
<TMaterial id="404bba0f-54ae-4d6b-99da-fce58d714438" number="01.08.004" name="挂墙晾衣架实芯铆钉" model="M8*5.5" defaultPrice="0.03" defaultSupplierId="" safeStock="" defaultUnitId="99ef4406-1345-4859-9c9e-22754210445b" materialTypeId="48b4fd0b-3630-4d86-8c3e-285888b2e103" />
<TMaterial id="c4ef3e79-188e-4544-aef4-4a25cb38c23d" number="01.08.005" name="挂墙晾衣架上横连接管螺母" model="M5*8" defaultPrice="0.046" defaultSupplierId="" safeStock="" defaultUnitId="a817df96-ee63-440c-b750-1dcf53b9a74f" materialTypeId="48b4fd0b-3630-4d86-8c3e-285888b2e103" />
<TMaterial id="7071e96a-1f30-4808-96f2-8f26bd0dc4c2" number="01.08.006" name="挂墙晾衣架下横管螺母/鞋架有螺母管仔/衣服架有螺母螺母" model="M5*12.2" defaultPrice="0.045" defaultSupplierId="" safeStock="" defaultUnitId="a817df96-ee63-440c-b750-1dcf53b9a74f" materialTypeId="48b4fd0b-3630-4d86-8c3e-285888b2e103" />
<TMaterial id="3e528d05-a0f0-4a32-b86d-ac63229873d3" number="03.01.002" name="T腿上管碗仔" model="3.0*170*1200" defaultPrice="" defaultSupplierId="" safeStock="" defaultUnitId="a817df96-ee63-440c-b750-1dcf53b9a74f" materialTypeId="4bbf9898-fccd-43eb-a1bd-dc5c09b9323d" />
<TMaterial id="e122d049-0450-4484-9180-bbc0f69751cd" number="03.01.003" name="T腿上管碗仔M10螺母" model="M10罗母" defaultPrice="" defaultSupplierId="" safeStock="" defaultUnitId="a817df96-ee63-440c-b750-1dcf53b9a74f" materialTypeId="4bbf9898-fccd-43eb-a1bd-dc5c09b9323d" />
<TMaterial id="e13eb76e-85ae-4a21-ba5f-6f1330225df0" number="03.01.001" name="T腿下管螺母" model="5*30扁铁" defaultPrice="" defaultSupplierId="" safeStock="" defaultUnitId="a817df96-ee63-440c-b750-1dcf53b9a74f" materialTypeId="4bbf9898-fccd-43eb-a1bd-dc5c09b9323d" />
<TMaterial id="84b17c89-02dc-4c28-b18e-1d2257cd67db" number="03.02.001" name="140床φ28管内罗母" model="1.2*76*C" defaultPrice="" defaultSupplierId="" safeStock="" defaultUnitId="a817df96-ee63-440c-b750-1dcf53b9a74f" materialTypeId="f5f45f8d-ba1d-4bb6-95e5-205ee8e25fc0" />
<TMaterial id="fa087943-2a8b-46b3-8b1c-2c144689ac9d" number="03.02.002" name="140床椭圆罗母" model="6*17.8*1400" defaultPrice="" defaultSupplierId="" safeStock="" defaultUnitId="a817df96-ee63-440c-b750-1dcf53b9a74f" materialTypeId="f5f45f8d-ba1d-4bb6-95e5-205ee8e25fc0" />
<TMaterial id="fed9f818-9599-46e7-9909-38dab9af879b" number="03.02.003" name="140床支承片(与织物床共用)" model="2.0*95*C" defaultPrice="" defaultSupplierId="" safeStock="" defaultUnitId="a817df96-ee63-440c-b750-1dcf53b9a74f" materialTypeId="f5f45f8d-ba1d-4bb6-95e5-205ee8e25fc0" />
<TMaterial id="b4fadb21-323b-4209-862b-bd34970d514f" number="03.03.001" name="方盒床38管内螺母" model="1.2*92*1040" defaultPrice="" defaultSupplierId="" safeStock="" defaultUnitId="a817df96-ee63-440c-b750-1dcf53b9a74f" materialTypeId="c1a5471f-58ff-4e2c-9ed3-f5cb43232533" />
<TMaterial id="4787bc45-093a-4038-aba4-3f0120bbbf76" number="03.04.001" name="031电镀台脚底板" model="6.0*125*925" defaultPrice="" defaultSupplierId="" safeStock="" defaultUnitId="a817df96-ee63-440c-b750-1dcf53b9a74f" materialTypeId="51acf570-6755-44d3-8be0-e6706582386e" />
<TMaterial id="4b0d5f85-b724-48e7-91b5-e73239736d94" number="03.05.001" name="帽子架挂钩" model="2.5*20*163" defaultPrice="" defaultSupplierId="" safeStock="" defaultUnitId="a817df96-ee63-440c-b750-1dcf53b9a74f" materialTypeId="b53496b8-0583-4da8-861a-64251b19c780" />
<TMaterial id="e8f44b6f-16bd-4afe-87f1-b2dbe639eeb4" number="03.05.002" name="帽子架卡片(与挂墙晾衣架共用)" model="1.5*230*1200" defaultPrice="" defaultSupplierId="" safeStock="" defaultUnitId="a817df96-ee63-440c-b750-1dcf53b9a74f" materialTypeId="b53496b8-0583-4da8-861a-64251b19c780" />
<TMaterial id="cfb7423a-da7b-465b-8f5d-a280056734e8" number="03.05.003" name="帽子架上扁铁" model="3*25*360" defaultPrice="" defaultSupplierId="" safeStock="" defaultUnitId="36c459b1-6aeb-459e-be01-c6e27c4cf468" materialTypeId="b53496b8-0583-4da8-861a-64251b19c780" />
<TMaterial id="66eb11b3-2768-4a65-943b-05f21d7c3081" number="03.05.004" name="帽子架下扁铁" model="3*25*462" defaultPrice="" defaultSupplierId="" safeStock="" defaultUnitId="36c459b1-6aeb-459e-be01-c6e27c4cf468" materialTypeId="b53496b8-0583-4da8-861a-64251b19c780" />
<TMaterial id="aa94a02e-01c1-4f39-97f1-ee195e1c6e26" number="03.05.005" name="帽子架侧扁铁" model="3*25*202" defaultPrice="" defaultSupplierId="" safeStock="" defaultUnitId="36c459b1-6aeb-459e-be01-c6e27c4cf468" materialTypeId="b53496b8-0583-4da8-861a-64251b19c780" />
<TMaterial id="f4c24c05-4f82-4b67-a2e7-747882f645a1" number="03.05.006" name="帽子架/鞋架有螺母脚管" model="1.0*14*876(5480长))" defaultPrice="" defaultSupplierId="" safeStock="" defaultUnitId="9fea6a23-0bc7-409c-9200-2b5157b14def" materialTypeId="b53496b8-0583-4da8-861a-64251b19c780" />
<TMaterial id="85755b53-1171-40bf-97f0-1033451939a2" number="03.05.007" name="挂墙晾衣架下横管螺母/鞋架有螺母管仔/衣服架有螺母螺母" model="M5*12.2" defaultPrice="" defaultSupplierId="" safeStock="" defaultUnitId="a817df96-ee63-440c-b750-1dcf53b9a74f" materialTypeId="b53496b8-0583-4da8-861a-64251b19c780" />
<TMaterial id="e3094916-eaa1-41cb-af8f-630c2a3952fe" number="03.05.008" name="帽子架/衣服架/衣帽架管套" model="1.0*69*1100" defaultPrice="" defaultSupplierId="" safeStock="" defaultUnitId="a817df96-ee63-440c-b750-1dcf53b9a74f" materialTypeId="b53496b8-0583-4da8-861a-64251b19c780" />
<TMaterial id="5f9e2bd9-6bc5-4749-b6de-435d82f319b2" number="03.06.001" name="鞋架上扁铁" model="2.5*30*1018" defaultPrice="" defaultSupplierId="" safeStock="" defaultUnitId="36c459b1-6aeb-459e-be01-c6e27c4cf468" materialTypeId="69919596-f39a-4ae2-ac57-7b0f8ccca2a1" />
<TMaterial id="98180daa-ad66-41ef-8039-dddfb2e7b1b9" number="03.06.002" name="鞋架下扁铁" model="2.5*30*290" defaultPrice="" defaultSupplierId="" safeStock="" defaultUnitId="36c459b1-6aeb-459e-be01-c6e27c4cf468" materialTypeId="69919596-f39a-4ae2-ac57-7b0f8ccca2a1" />
<TMaterial id="ce2dd923-beaf-48d1-b484-ec0550b49825" number="03.07.001" name="方铁衣帽架/衣服架/落地晾衣架共用" model="5*5*304" defaultPrice="" defaultSupplierId="" safeStock="" defaultUnitId="36c459b1-6aeb-459e-be01-c6e27c4cf468" materialTypeId="4cf725ab-9635-4fee-a519-bdc8edd838bf" />
<TMaterial id="0626f4a4-5bf8-4df7-8348-03ce06a4fabe" number="03.07.002" name="衣帽架顶叉1" model="3*25*368" defaultPrice="" defaultSupplierId="" safeStock="" defaultUnitId="36c459b1-6aeb-459e-be01-c6e27c4cf468" materialTypeId="4cf725ab-9635-4fee-a519-bdc8edd838bf" />
<TMaterial id="76de6632-09df-408b-9803-94c86f7c9613" number="03.07.003" name="衣帽架顶叉2" model="3*25*439" defaultPrice="" defaultSupplierId="" safeStock="" defaultUnitId="36c459b1-6aeb-459e-be01-c6e27c4cf468" materialTypeId="4cf725ab-9635-4fee-a519-bdc8edd838bf" />
<TMaterial id="21cd372e-5852-49a8-8a7f-099ccee9d389" number="03.07.004" name="衣帽架顶叉3" model="3*25*545" defaultPrice="" defaultSupplierId="" safeStock="" defaultUnitId="36c459b1-6aeb-459e-be01-c6e27c4cf468" materialTypeId="4cf725ab-9635-4fee-a519-bdc8edd838bf" />
<TMaterial id="b91d487e-11e1-4b74-960d-1da487162f40" number="03.07.005" name="衣帽架顶叉4" model="3*25*570" defaultPrice="" defaultSupplierId="" safeStock="" defaultUnitId="36c459b1-6aeb-459e-be01-c6e27c4cf468" materialTypeId="4cf725ab-9635-4fee-a519-bdc8edd838bf" />
<TMaterial id="082124de-f361-4489-b8b7-58e7902668b3" number="03.07.006" name="衣帽架铁钩" model="2.0*25*89" defaultPrice="" defaultSupplierId="" safeStock="" defaultUnitId="a817df96-ee63-440c-b750-1dcf53b9a74f" materialTypeId="4cf725ab-9635-4fee-a519-bdc8edd838bf" />
<TMaterial id="704a61fe-0748-44f6-8ef4-ab56d921b662" number="03.07.008" name="衣帽架弯扁铁" model="30*25*598" defaultPrice="" defaultSupplierId="" safeStock="" defaultUnitId="36c459b1-6aeb-459e-be01-c6e27c4cf468" materialTypeId="4cf725ab-9635-4fee-a519-bdc8edd838bf" />
<TMaterial id="a3159622-6bd9-4ece-af23-d006a5a73b0f" number="03.07.009" name="衣帽架直扁铁" model="30*25*548" defaultPrice="" defaultSupplierId="" safeStock="" defaultUnitId="36c459b1-6aeb-459e-be01-c6e27c4cf468" materialTypeId="4cf725ab-9635-4fee-a519-bdc8edd838bf" />
<TMaterial id="17cfa7a4-13a3-418e-8d95-8d1ecaa9709a" number="03.07.010" name="衣服架顶片" model="2.5*25*208" defaultPrice="" defaultSupplierId="" safeStock="" defaultUnitId="a817df96-ee63-440c-b750-1dcf53b9a74f" materialTypeId="4cf725ab-9635-4fee-a519-bdc8edd838bf" />
<TMaterial id="62932af6-3662-4656-bcba-0ce1de605dde" number="03.07.011" name="衣服架有螺母脚管" model="1.0*14*1082(5480长)" defaultPrice="" defaultSupplierId="" safeStock="" defaultUnitId="9fea6a23-0bc7-409c-9200-2b5157b14def" materialTypeId="4cf725ab-9635-4fee-a519-bdc8edd838bf" />
<TMaterial id="7eef344b-90f5-4968-bdad-0d5a9ec8e04c" number="03.08.001" name="电镀大角铁台架长横角铁" model="30*30*3*5950" defaultPrice="" defaultSupplierId="" safeStock="" defaultUnitId="36c459b1-6aeb-459e-be01-c6e27c4cf468" materialTypeId="f00492f7-8352-4caa-b19d-eaa479f7380e" />
<TMaterial id="aaab9697-47c4-448c-a3b2-64934d9b423d" number="03.08.002" name="电镀大小角铁台架AB侧角铁" model="30*30*3*6070" defaultPrice="" defaultSupplierId="" safeStock="" defaultUnitId="36c459b1-6aeb-459e-be01-c6e27c4cf468" materialTypeId="f00492f7-8352-4caa-b19d-eaa479f7380e" />
<TMaterial id="5309f33b-d3b6-40b8-a128-5ecf46c4d892" number="03.08.003" name="电镀大小角铁台架AC侧角铁" model="30*30*3*6070" defaultPrice="" defaultSupplierId="" safeStock="" defaultUnitId="36c459b1-6aeb-459e-be01-c6e27c4cf468" materialTypeId="f00492f7-8352-4caa-b19d-eaa479f7380e" />
<TMaterial id="2bf8fa0a-eb28-42e7-9bb9-9197aa642ea8" number="03.08.004" name="电镀小角铁台架短横角铁" model="30*30*3*5830" defaultPrice="" defaultSupplierId="" safeStock="" defaultUnitId="36c459b1-6aeb-459e-be01-c6e27c4cf468" materialTypeId="f00492f7-8352-4caa-b19d-eaa479f7380e" />
<TMaterial id="6d00cdb4-40fc-44e7-a700-eab8a8f73f25" number="03.09.001" name="铁丝台脚M10罗母" model="M10*15.4" defaultPrice="" defaultSupplierId="" safeStock="" defaultUnitId="a817df96-ee63-440c-b750-1dcf53b9a74f" materialTypeId="fe3dd7a7-152b-4aef-b1c4-11c8fc57e502" />
<TMaterial id="70a8c825-462c-428b-b717-f684a01cb055" number="03.09.002" name="铁丝台脚圆管" model="φ1.5*18*600" defaultPrice="" defaultSupplierId="" safeStock="" defaultUnitId="a817df96-ee63-440c-b750-1dcf53b9a74f" materialTypeId="fe3dd7a7-152b-4aef-b1c4-11c8fc57e502" />
<TMaterial id="037e9a70-f764-4a44-9085-809a84a145ad" number="03.09.003" name="铁丝台脚U型铁线" model="φ7*1168" defaultPrice="" defaultSupplierId="" safeStock="" defaultUnitId="36c459b1-6aeb-459e-be01-c6e27c4cf468" materialTypeId="fe3dd7a7-152b-4aef-b1c4-11c8fc57e502" />
<TMaterial id="6a34f673-e814-41c1-a684-29b324a9cd70" number="03.09.004" name="铁丝台脚圆铁片" model="3.0*205*1140" defaultPrice="" defaultSupplierId="" safeStock="" defaultUnitId="a817df96-ee63-440c-b750-1dcf53b9a74f" materialTypeId="fe3dd7a7-152b-4aef-b1c4-11c8fc57e502" />
<TMaterial id="56110685-d1fd-47a7-8bc0-5b738f75cad6" number="03.09.005" name="铁丝台脚六角板手(与玻璃茶几共用)" model="1.8*111*1280" defaultPrice="" defaultSupplierId="" safeStock="" defaultUnitId="a817df96-ee63-440c-b750-1dcf53b9a74f" materialTypeId="fe3dd7a7-152b-4aef-b1c4-11c8fc57e502" />
<TMaterial id="bba8667c-f8ad-487f-b6a0-1bf182cc298b" number="03.10.001" name="玻璃茶几50(029脚管)" model="1.2*16*463" defaultPrice="" defaultSupplierId="" safeStock="" defaultUnitId="36c459b1-6aeb-459e-be01-c6e27c4cf468" materialTypeId="3a5ca66c-9659-4a4b-8444-cdd905fe407b" />
<TMaterial id="8c8cb23c-0c73-4da8-b450-e2f56f2d64b8" number="03.10.002" name="玻璃茶几50M8罗母" model="M8*10.37" defaultPrice="" defaultSupplierId="" safeStock="" defaultUnitId="a817df96-ee63-440c-b750-1dcf53b9a74f" materialTypeId="3a5ca66c-9659-4a4b-8444-cdd905fe407b" />
<TMaterial id="d37c299f-8afd-42ee-9f0a-e2277f7bb29e" number="03.10.003" name="玻璃茶几50圆环" model="φ1.2*16*4800" defaultPrice="" defaultSupplierId="" safeStock="" defaultUnitId="0e052f6e-4c79-4cb1-916d-809daa5d9a7b" materialTypeId="3a5ca66c-9659-4a4b-8444-cdd905fe407b" />
<TMaterial id="bded3f28-6faa-468d-bfe9-ef43114c02f7" number="03.11.001" name="玻璃茶几75(028脚管)" model="φ1.2*16*255" defaultPrice="" defaultSupplierId="" safeStock="" defaultUnitId="9fea6a23-0bc7-409c-9200-2b5157b14def" materialTypeId="3a5ca66c-9659-4a4b-8444-cdd905fe407b" />
<TMaterial id="653717ec-f4d7-4533-8203-ce9dcb55e02d" number="03.11.002" name="玻璃茶几75三角框" model="φ1.0*12.7*1870" defaultPrice="" defaultSupplierId="" safeStock="" defaultUnitId="0e052f6e-4c79-4cb1-916d-809daa5d9a7b" materialTypeId="3a5ca66c-9659-4a4b-8444-cdd905fe407b" />
<TMaterial id="8362c3d8-ca80-4f98-98cb-8124c2939370" number="03.11.003" name="玻璃茶几75上圆环" model="φ1.2*16*4800" defaultPrice="" defaultSupplierId="" safeStock="" defaultUnitId="0e052f6e-4c79-4cb1-916d-809daa5d9a7b" materialTypeId="3a5ca66c-9659-4a4b-8444-cdd905fe407b" />
<TMaterial id="7f63131c-6e9c-42f1-aec0-3512d61c71f9" number="03.11.004" name="玻璃茶几75下圆环" model="φ1.2*16*4800" defaultPrice="" defaultSupplierId="" safeStock="" defaultUnitId="0e052f6e-4c79-4cb1-916d-809daa5d9a7b" materialTypeId="3a5ca66c-9659-4a4b-8444-cdd905fe407b" />
<TMaterial id="d21ed1f6-e9f4-48b5-aee8-f3d34c24def6" number="03.11.005" name="玻璃茶几脚管套" model="φ1.2*16*4800/600" defaultPrice="" defaultSupplierId="" safeStock="" defaultUnitId="a817df96-ee63-440c-b750-1dcf53b9a74f" materialTypeId="3a5ca66c-9659-4a4b-8444-cdd905fe407b" />
<TMaterial id="dcb77c7a-8933-4dae-9de1-f4b34ef676ef" number="03.12.001" name="落地凉衣架扁铁脚" model="3*25*660" defaultPrice="" defaultSupplierId="" safeStock="" defaultUnitId="36c459b1-6aeb-459e-be01-c6e27c4cf468" materialTypeId="bdaaba05-5064-45b3-807f-efc919ce3df6" />
<TMaterial id="e67a2989-5514-4ae7-aa7c-9e8ec900ed7e" number="03.12.002" name="落地凉衣架圆挡片" model="3.0*30*C" defaultPrice="" defaultSupplierId="" safeStock="" defaultUnitId="a817df96-ee63-440c-b750-1dcf53b9a74f" materialTypeId="bdaaba05-5064-45b3-807f-efc919ce3df6" />
<TMaterial id="60705959-2700-42d0-b42b-dd117d32255c" number="03.12.003" name="落地凉衣架翼网边铁线" model="φ5*1342" defaultPrice="" defaultSupplierId="" safeStock="" defaultUnitId="36c459b1-6aeb-459e-be01-c6e27c4cf468" materialTypeId="bdaaba05-5064-45b3-807f-efc919ce3df6" />
<TMaterial id="0643589a-b1fa-4897-a047-40885fd9033e" number="03.12.004" name="落地凉衣架翼网内线" model="φ3.2*545" defaultPrice="" defaultSupplierId="" safeStock="" defaultUnitId="36c459b1-6aeb-459e-be01-c6e27c4cf468" materialTypeId="bdaaba05-5064-45b3-807f-efc919ce3df6" />
<TMaterial id="720efd95-555a-4e87-af21-b65b1b6b46fa" number="03.12.005" name="落地凉衣架中网长边铁线" model="φ5*910" defaultPrice="" defaultSupplierId="" safeStock="" defaultUnitId="36c459b1-6aeb-459e-be01-c6e27c4cf468" materialTypeId="bdaaba05-5064-45b3-807f-efc919ce3df6" />
<TMaterial id="3aca1ade-4408-45a8-b9c8-9bfb4d2b2b5d" number="03.12.006" name="落地凉衣架中网宽边铁线" model="φ5*570" defaultPrice="" defaultSupplierId="" safeStock="" defaultUnitId="36c459b1-6aeb-459e-be01-c6e27c4cf468" materialTypeId="bdaaba05-5064-45b3-807f-efc919ce3df6" />
<TMaterial id="8efb49ca-cd7e-4670-a52e-11a38fe4d4e4" number="03.12.007" name="落地凉衣架中网内线" model="φ3.2*925" defaultPrice="" defaultSupplierId="" safeStock="" defaultUnitId="36c459b1-6aeb-459e-be01-c6e27c4cf468" materialTypeId="bdaaba05-5064-45b3-807f-efc919ce3df6" />
<TMaterial id="c83da7a1-22b4-42a2-a9b4-72d604a15cba" number="03.12.008" name="落地凉衣架中网套筒" model="φ24.5*2*19" defaultPrice="" defaultSupplierId="" safeStock="" defaultUnitId="a817df96-ee63-440c-b750-1dcf53b9a74f" materialTypeId="bdaaba05-5064-45b3-807f-efc919ce3df6" />
<TMaterial id="870a70f4-12f5-4f1e-87f3-78ccf36ff8fa" number="03.13.001" name="挂墙晾衣架侧横扁铁" model="4*20*594" defaultPrice="" defaultSupplierId="" safeStock="" defaultUnitId="36c459b1-6aeb-459e-be01-c6e27c4cf468" materialTypeId="383a0112-ba08-460a-ae83-f425a1850bed" />
<TMaterial id="eb36a8db-4621-4742-9559-5fabaf44f7f3" number="03.13.002" name="挂墙晾衣架侧竖扁铁" model="3*20*387" defaultPrice="" defaultSupplierId="" safeStock="" defaultUnitId="36c459b1-6aeb-459e-be01-c6e27c4cf468" materialTypeId="383a0112-ba08-460a-ae83-f425a1850bed" />
<TMaterial id="a93de70c-d4ee-4415-8ebc-777876922e2c" number="03.13.003" name="挂墙晾衣架侧竖上连片" model="3.0*25*C" defaultPrice="" defaultSupplierId="" safeStock="" defaultUnitId="a817df96-ee63-440c-b750-1dcf53b9a74f" materialTypeId="383a0112-ba08-460a-ae83-f425a1850bed" />
<TMaterial id="3541d553-9be7-468c-a59c-64e4fbe33446" number="03.13.004" name="挂墙晾衣架侧竖下连片" model="3.0*25*C" defaultPrice="" defaultSupplierId="" safeStock="" defaultUnitId="a817df96-ee63-440c-b750-1dcf53b9a74f" materialTypeId="383a0112-ba08-460a-ae83-f425a1850bed" />
<TMaterial id="914006e9-7701-484e-acd0-7fc901191e8c" number="03.13.005" name="挂墙晾衣架侧横扁铁小连接片" model="4.0*20*C" defaultPrice="" defaultSupplierId="" safeStock="" defaultUnitId="a817df96-ee63-440c-b750-1dcf53b9a74f" materialTypeId="383a0112-ba08-460a-ae83-f425a1850bed" />
<TMaterial id="34acc722-0080-4a66-a191-75f23d221168" number="03.13.006" name="挂墙晾衣架横扁铁有孔管套" model="1.0*57*C/1000" defaultPrice="" defaultSupplierId="" safeStock="" defaultUnitId="a817df96-ee63-440c-b750-1dcf53b9a74f" materialTypeId="383a0112-ba08-460a-ae83-f425a1850bed" />
<TMaterial id="4675161d-0a52-4a60-a61d-9cdbd3e0c48e" number="03.13.007" name="挂墙晾衣架支撑杆" model="5*5*420" defaultPrice="" defaultSupplierId="" safeStock="" defaultUnitId="36c459b1-6aeb-459e-be01-c6e27c4cf468" materialTypeId="383a0112-ba08-460a-ae83-f425a1850bed" />
<TMaterial id="3190f1f3-cef4-4d52-8c91-ea2fe08558c2" number="03.13.008" name="挂墙晾衣架支撑杆实心铆钉" model="M8*5.5" defaultPrice="" defaultSupplierId="" safeStock="" defaultUnitId="a817df96-ee63-440c-b750-1dcf53b9a74f" materialTypeId="383a0112-ba08-460a-ae83-f425a1850bed" />
<TMaterial id="af890fb5-0ead-44cc-847d-b63ec6bde7ec" number="03.13.009" name="挂墙晾衣架上横连接管" model="0.8*9.5*594（4800长）" defaultPrice="" defaultSupplierId="" safeStock="" defaultUnitId="9fea6a23-0bc7-409c-9200-2b5157b14def" materialTypeId="383a0112-ba08-460a-ae83-f425a1850bed" />
<TMaterial id="40cc717b-317a-4ec5-a059-5168d5347fce" number="03.13.010" name="挂墙晾衣架上横连接管螺母" model="M5*8" defaultPrice="" defaultSupplierId="" safeStock="" defaultUnitId="a817df96-ee63-440c-b750-1dcf53b9a74f" materialTypeId="383a0112-ba08-460a-ae83-f425a1850bed" />
<TMaterial id="5dc53085-2614-4ef4-afb5-7a623ba0046f" number="03.13.011" name="挂墙晾衣架下横连接管" model="1.0*14*578.5（5330长）" defaultPrice="" defaultSupplierId="" safeStock="" defaultUnitId="9fea6a23-0bc7-409c-9200-2b5157b14def" materialTypeId="383a0112-ba08-460a-ae83-f425a1850bed" />
<TMaterial id="342eca52-084d-4042-82d3-a9143e7aa953" number="03.14.001" name="006大圆盘" model="1.0*565*1132" defaultPrice="" defaultSupplierId="" safeStock="" defaultUnitId="0e052f6e-4c79-4cb1-916d-809daa5d9a7b" materialTypeId="b85eeee1-7734-4d97-b2e8-6ca4d0bd0fee" />
<TMaterial id="f3765563-d940-48fb-8dd3-de5bc191f117" number="03.14.002" name="006小圆盘" model="1.0*265*1065" defaultPrice="" defaultSupplierId="" safeStock="" defaultUnitId="0e052f6e-4c79-4cb1-916d-809daa5d9a7b" materialTypeId="b85eeee1-7734-4d97-b2e8-6ca4d0bd0fee" />
<TMaterial id="d411c41b-de94-4ca8-aaeb-1c3deb5849b1" number="03.14.003" name="006上脚" model="φ9.9*407" defaultPrice="" defaultSupplierId="" safeStock="" defaultUnitId="36c459b1-6aeb-459e-be01-c6e27c4cf468" materialTypeId="b85eeee1-7734-4d97-b2e8-6ca4d0bd0fee" />
<TMaterial id="db85840d-1529-46c9-9563-ced96c1157c3" number="03.14.004" name="006下脚" model="φ9.9*520" defaultPrice="" defaultSupplierId="" safeStock="" defaultUnitId="36c459b1-6aeb-459e-be01-c6e27c4cf468" materialTypeId="b85eeee1-7734-4d97-b2e8-6ca4d0bd0fee" />
<TMaterial id="559b6055-d165-4d13-89f2-37e0ccc006d3" number="03.14.005" name="006支撑铁" model="φ9.9*241" defaultPrice="" defaultSupplierId="" safeStock="" defaultUnitId="36c459b1-6aeb-459e-be01-c6e27c4cf468" materialTypeId="b85eeee1-7734-4d97-b2e8-6ca4d0bd0fee" />
<TMaterial id="78a1528a-21c5-4124-99d2-9d06918c85d6" number="03.14.006" name="006连接片" model="2.7*78*1075" defaultPrice="" defaultSupplierId="" safeStock="" defaultUnitId="a817df96-ee63-440c-b750-1dcf53b9a74f" materialTypeId="b85eeee1-7734-4d97-b2e8-6ca4d0bd0fee" />
<TMaterial id="85b24755-4169-43ad-ae83-b0c0c8e457b2" number="03.15.001" name="130织物床上扁铁" model="3*14*470/952" defaultPrice="" defaultSupplierId="" safeStock="" defaultUnitId="36c459b1-6aeb-459e-be01-c6e27c4cf468" materialTypeId="a1f8ac41-0d9c-4c6f-8e79-dc82327e3ceb" />
<TMaterial id="e84979fa-db44-453a-8310-5780f7bdfe6b" number="03.15.002" name="130织物床下扁铁" model="3*14*634/1280" defaultPrice="" defaultSupplierId="" safeStock="" defaultUnitId="36c459b1-6aeb-459e-be01-c6e27c4cf468" materialTypeId="a1f8ac41-0d9c-4c6f-8e79-dc82327e3ceb" />
<TMaterial id="016c87b4-32ab-4461-9eb2-f7b2d51f8183" number="03.15.003" name="140织物床上扁铁" model="3*14*497/1006" defaultPrice="" defaultSupplierId="" safeStock="" defaultUnitId="36c459b1-6aeb-459e-be01-c6e27c4cf468" materialTypeId="a1f8ac41-0d9c-4c6f-8e79-dc82327e3ceb" />
<TMaterial id="8e4178da-7b5a-4025-92ce-7f3394642af1" number="03.15.004" name="140织物床下扁铁" model="3*14*661/1334" defaultPrice="" defaultSupplierId="" safeStock="" defaultUnitId="36c459b1-6aeb-459e-be01-c6e27c4cf468" materialTypeId="a1f8ac41-0d9c-4c6f-8e79-dc82327e3ceb" />
<TMaterial id="6a80291e-27b9-4a8b-abae-b2e5632935fa" number="03.15.005" name="150织物床上扁铁" model="3*14*559/1130" defaultPrice="" defaultSupplierId="" safeStock="" defaultUnitId="36c459b1-6aeb-459e-be01-c6e27c4cf468" materialTypeId="a1f8ac41-0d9c-4c6f-8e79-dc82327e3ceb" />
<TMaterial id="457ffb8d-f1c4-4c58-9619-d62e64a57fce" number="03.15.006" name="150织物床下扁铁" model="314*723/1458" defaultPrice="" defaultSupplierId="" safeStock="" defaultUnitId="36c459b1-6aeb-459e-be01-c6e27c4cf468" materialTypeId="a1f8ac41-0d9c-4c6f-8e79-dc82327e3ceb" />
<TMaterial id="56478233-ab1b-44b6-805b-54df7f785109" number="03.15.007" name="160织物床上扁铁" model="3*14*597/1206" defaultPrice="" defaultSupplierId="" safeStock="" defaultUnitId="36c459b1-6aeb-459e-be01-c6e27c4cf468" materialTypeId="a1f8ac41-0d9c-4c6f-8e79-dc82327e3ceb" />
<TMaterial id="28817f17-1387-4d54-998a-745148f54486" number="03.15.008" name="160织物床下扁铁" model="3*14*761/1534" defaultPrice="" defaultSupplierId="" safeStock="" defaultUnitId="36c459b1-6aeb-459e-be01-c6e27c4cf468" materialTypeId="a1f8ac41-0d9c-4c6f-8e79-dc82327e3ceb" />
<TMaterial id="783426d5-736b-4192-8dfc-8756eb8d5230" number="03.15.009" name="180织物床上扁铁" model="3*14*697/1406" defaultPrice="" defaultSupplierId="" safeStock="" defaultUnitId="36c459b1-6aeb-459e-be01-c6e27c4cf468" materialTypeId="a1f8ac41-0d9c-4c6f-8e79-dc82327e3ceb" />
<TMaterial id="50b3b66e-a76d-4f46-b66c-b02592b4dc90" number="03.15.010" name="180织物床下扁铁" model="3*14*861/1734" defaultPrice="" defaultSupplierId="" safeStock="" defaultUnitId="36c459b1-6aeb-459e-be01-c6e27c4cf468" materialTypeId="a1f8ac41-0d9c-4c6f-8e79-dc82327e3ceb" />
<TMaterial id="a3d3200f-d19a-4589-9c2c-91c8f8158d7a" number="03.15.011" name="190织物床上扁铁" model="3*14*770/1552" defaultPrice="" defaultSupplierId="" safeStock="" defaultUnitId="36c459b1-6aeb-459e-be01-c6e27c4cf468" materialTypeId="a1f8ac41-0d9c-4c6f-8e79-dc82327e3ceb" />
<TMaterial id="65b3fa2c-4e61-4e36-b5a8-da9740e1ad17" number="03.15.012" name="190织物床下扁铁" model="3*14*926/1864" defaultPrice="" defaultSupplierId="" safeStock="" defaultUnitId="36c459b1-6aeb-459e-be01-c6e27c4cf468" materialTypeId="a1f8ac41-0d9c-4c6f-8e79-dc82327e3ceb" />
<TMaterial id="3c62ac2e-ba1c-4a27-8bda-7a4d7f0f257f" number="03.15.013" name="130-190织物床侧扁铁" model="3*14*553.8/1680" defaultPrice="" defaultSupplierId="" safeStock="" defaultUnitId="a817df96-ee63-440c-b750-1dcf53b9a74f" materialTypeId="a1f8ac41-0d9c-4c6f-8e79-dc82327e3ceb" />
<TMaterial id="b0004832-2436-440d-b061-6628fcec34e6" number="03.15.014" name="130-190织物床盖片" model="1.1*140*1100" defaultPrice="" defaultSupplierId="" safeStock="" defaultUnitId="a817df96-ee63-440c-b750-1dcf53b9a74f" materialTypeId="a1f8ac41-0d9c-4c6f-8e79-dc82327e3ceb" />
<TMaterial id="3c34c66c-f44b-4ddb-830c-2f0147a4a857" number="03.15.015" name="130-190织物床中间扁铁" model="2.0*30*C" defaultPrice="" defaultSupplierId="" safeStock="" defaultUnitId="9fea6a23-0bc7-409c-9200-2b5157b14def" materialTypeId="a1f8ac41-0d9c-4c6f-8e79-dc82327e3ceb" />
<TMaterial id="547fe91f-8832-4e44-b906-e6ece07b847a" number="03.16.001" name="新床侧管挂片1900A" model="4*18*135.8/1960" defaultPrice="" defaultSupplierId="" safeStock="" defaultUnitId="a817df96-ee63-440c-b750-1dcf53b9a74f" materialTypeId="b473b332-4940-4122-8137-000ab36f9e55" />
<TMaterial id="2c08095e-20a5-4e62-aac9-fcbc11355a31" number="03.17.001" name="圆形洗衣箩脚扁铁" model="4.0*25*C" defaultPrice="" defaultSupplierId="" safeStock="" defaultUnitId="9fea6a23-0bc7-409c-9200-2b5157b14def" materialTypeId="479baa00-220a-46d9-a8b8-2a1beab0b363" />
<TMaterial id="0a8204be-e5cf-43a4-814c-19c29f5ecdcc" number="03.17.002" name="圆形洗衣箩上环" model="2.5*2.5*C" defaultPrice="" defaultSupplierId="" safeStock="" defaultUnitId="a817df96-ee63-440c-b750-1dcf53b9a74f" materialTypeId="479baa00-220a-46d9-a8b8-2a1beab0b363" />
<TMaterial id="964a8df5-de19-4048-9d47-ace2651cfcf0" number="03.17.003" name="圆形洗衣箩下环" model="2.5*2.5*C" defaultPrice="" defaultSupplierId="" safeStock="" defaultUnitId="a817df96-ee63-440c-b750-1dcf53b9a74f" materialTypeId="479baa00-220a-46d9-a8b8-2a1beab0b363" />
<TMaterial id="251b7748-1cbf-4320-bf95-7c640ecb09b1" number="03.18.001" name="槽架槽铁70" model="1.0*30*C/531" defaultPrice="" defaultSupplierId="" safeStock="" defaultUnitId="9fea6a23-0bc7-409c-9200-2b5157b14def" materialTypeId="af6b1b3a-8d7d-4c41-b2a7-db008b5b0a2e" />
<TMaterial id="04dc0950-54ab-4178-b62a-41a0d9ea8012" number="02.01.001" name="T腿下管螺母" model="T腿" defaultPrice="" defaultSupplierId="" safeStock="" defaultUnitId="a817df96-ee63-440c-b750-1dcf53b9a74f" materialTypeId="07680386-538c-4a88-91fb-31643e7822e6" />
<TMaterial id="ff8cdaf4-31a3-4763-b7e6-a7adf1a075ea" number="02.01.002" name="T腿上管碗仔" model="T腿" defaultPrice="" defaultSupplierId="" safeStock="" defaultUnitId="a817df96-ee63-440c-b750-1dcf53b9a74f" materialTypeId="07680386-538c-4a88-91fb-31643e7822e6" />
<TMaterial id="0adffa41-b836-4c7e-9e2b-955b77ffdc2a" number="02.02.001" name="140床28管内罗母" model="140床" defaultPrice="" defaultSupplierId="" safeStock="" defaultUnitId="a817df96-ee63-440c-b750-1dcf53b9a74f" materialTypeId="07680386-538c-4a88-91fb-31643e7822e6" />
<TMaterial id="b52e3e27-57b8-408b-bea2-dd9b76804250" number="02.02.002" name="140床支承片" model="140床" defaultPrice="" defaultSupplierId="" safeStock="" defaultUnitId="a817df96-ee63-440c-b750-1dcf53b9a74f" materialTypeId="07680386-538c-4a88-91fb-31643e7822e6" />
<TMaterial id="a366102b-3d2a-4453-8460-b3dca7063b6d" number="02.02.003" name="140床椭圆罗母" model="140床" defaultPrice="" defaultSupplierId="" safeStock="" defaultUnitId="a817df96-ee63-440c-b750-1dcf53b9a74f" materialTypeId="07680386-538c-4a88-91fb-31643e7822e6" />
<TMaterial id="90720f76-3617-4998-b37e-5b99146e7612" number="02.03.001" name="方盒床38管内螺母" model="方盒床" defaultPrice="" defaultSupplierId="" safeStock="" defaultUnitId="a817df96-ee63-440c-b750-1dcf53b9a74f" materialTypeId="07680386-538c-4a88-91fb-31643e7822e6" />
<TMaterial id="febaa17a-afea-439c-b822-cabf12a754d4" number="02.04.001" name="帽子架挂钩" model="帽子架" defaultPrice="" defaultSupplierId="" safeStock="" defaultUnitId="a817df96-ee63-440c-b750-1dcf53b9a74f" materialTypeId="07680386-538c-4a88-91fb-31643e7822e6" />
<TMaterial id="7f6624ac-5927-4793-a007-3ee537f2a055" number="02.04.002" name="帽子架左脚" model="帽子架" defaultPrice="" defaultSupplierId="" safeStock="" defaultUnitId="0e052f6e-4c79-4cb1-916d-809daa5d9a7b" materialTypeId="07680386-538c-4a88-91fb-31643e7822e6" />
<TMaterial id="69a18779-8650-407c-b8c0-94ed1d6c00a6" number="02.04.003" name="帽子架右脚" model="帽子架" defaultPrice="" defaultSupplierId="" safeStock="" defaultUnitId="0e052f6e-4c79-4cb1-916d-809daa5d9a7b" materialTypeId="07680386-538c-4a88-91fb-31643e7822e6" />
<TMaterial id="cca51330-4e70-45c4-a39a-0f583dbd7663" number="02.05.001" name="鞋架脚架" model="鞋架" defaultPrice="" defaultSupplierId="" safeStock="" defaultUnitId="0e052f6e-4c79-4cb1-916d-809daa5d9a7b" materialTypeId="07680386-538c-4a88-91fb-31643e7822e6" />
<TMaterial id="fb97e8ef-7e07-406e-937b-3455fe03c5d8" number="02.05.002" name="鞋架有螺母脚管" model="鞋架/帽子架" defaultPrice="" defaultSupplierId="" safeStock="" defaultUnitId="9fea6a23-0bc7-409c-9200-2b5157b14def" materialTypeId="07680386-538c-4a88-91fb-31643e7822e6" />
<TMaterial id="aab054b1-2efb-45d2-ba40-43c4d24fb326" number="02.06.001" name="衣帽架铁钩/衣服架共用" model="衣服架/衣帽架" defaultPrice="" defaultSupplierId="" safeStock="" defaultUnitId="a817df96-ee63-440c-b750-1dcf53b9a74f" materialTypeId="07680386-538c-4a88-91fb-31643e7822e6" />
<TMaterial id="5fec4e4b-8efe-4aca-a568-5d7abd713e6c" number="02.06.002" name="衣帽架顶叉1" model="衣帽架" defaultPrice="" defaultSupplierId="" safeStock="" defaultUnitId="0e052f6e-4c79-4cb1-916d-809daa5d9a7b" materialTypeId="07680386-538c-4a88-91fb-31643e7822e6" />
<TMaterial id="a2523e03-d061-4be5-a323-fd740c935c0a" number="02.06.003" name="衣帽架顶叉2" model="衣帽架" defaultPrice="" defaultSupplierId="" safeStock="" defaultUnitId="0e052f6e-4c79-4cb1-916d-809daa5d9a7b" materialTypeId="07680386-538c-4a88-91fb-31643e7822e6" />
<TMaterial id="068106a3-2b28-402a-be39-ab7f1152cbe2" number="02.06.004" name="衣帽架顶叉3" model="衣帽架" defaultPrice="" defaultSupplierId="" safeStock="" defaultUnitId="0e052f6e-4c79-4cb1-916d-809daa5d9a7b" materialTypeId="07680386-538c-4a88-91fb-31643e7822e6" />
<TMaterial id="31b23f84-5504-425f-981c-53305b2e681f" number="02.06.005" name="衣帽架顶叉4" model="衣帽架" defaultPrice="" defaultSupplierId="" safeStock="" defaultUnitId="0e052f6e-4c79-4cb1-916d-809daa5d9a7b" materialTypeId="07680386-538c-4a88-91fb-31643e7822e6" />
<TMaterial id="e9ab5ea0-3d4f-40be-b086-2617dd15dec9" number="02.06.006" name="衣帽架脚架" model="衣帽架" defaultPrice="" defaultSupplierId="" safeStock="" defaultUnitId="a817df96-ee63-440c-b750-1dcf53b9a74f" materialTypeId="07680386-538c-4a88-91fb-31643e7822e6" />
<TMaterial id="21e58671-d3a1-49c8-bcb8-95c622d0991c" number="02.06.007" name="衣服架左架" model="衣服架" defaultPrice="" defaultSupplierId="" safeStock="" defaultUnitId="a817df96-ee63-440c-b750-1dcf53b9a74f" materialTypeId="07680386-538c-4a88-91fb-31643e7822e6" />
<TMaterial id="a931e10e-e2e2-4c2d-b016-ef6038169081" number="02.06.008" name="衣服架右架" model="衣服架" defaultPrice="" defaultSupplierId="" safeStock="" defaultUnitId="a817df96-ee63-440c-b750-1dcf53b9a74f" materialTypeId="07680386-538c-4a88-91fb-31643e7822e6" />
<TMaterial id="7e05d745-d933-4f4c-84c0-c038101bd67c" number="02.06.009" name="衣服架顶片" model="衣服架" defaultPrice="" defaultSupplierId="" safeStock="" defaultUnitId="a817df96-ee63-440c-b750-1dcf53b9a74f" materialTypeId="07680386-538c-4a88-91fb-31643e7822e6" />
<TMaterial id="541759e8-9e9b-48db-b292-ee56b678a838" number="02.06.010" name="衣服架有螺母脚管" model="衣服架" defaultPrice="" defaultSupplierId="" safeStock="" defaultUnitId="9fea6a23-0bc7-409c-9200-2b5157b14def" materialTypeId="07680386-538c-4a88-91fb-31643e7822e6" />
<TMaterial id="600a31b0-fed1-42da-9900-1d573696211c" number="02.07.001" name="031电镀角铁台脚底板" model="电镀台脚" defaultPrice="" defaultSupplierId="" safeStock="" defaultUnitId="a817df96-ee63-440c-b750-1dcf53b9a74f" materialTypeId="07680386-538c-4a88-91fb-31643e7822e6" />
<TMaterial id="bd8b8dfa-68da-4fa9-9d8b-8dfaa3bb258b" number="02.08.001" name="电镀大台架长横角铁" model="电镀大小台脚" defaultPrice="" defaultSupplierId="" safeStock="" defaultUnitId="36c459b1-6aeb-459e-be01-c6e27c4cf468" materialTypeId="07680386-538c-4a88-91fb-31643e7822e6" />
<TMaterial id="f794be08-98fd-4fad-aa1d-4c64d7adbb67" number="02.08.002" name="电镀大小台架AB侧角铁" model="电镀大小台脚" defaultPrice="" defaultSupplierId="" safeStock="" defaultUnitId="36c459b1-6aeb-459e-be01-c6e27c4cf468" materialTypeId="07680386-538c-4a88-91fb-31643e7822e6" />
<TMaterial id="d4b7a6e7-4360-4d3b-8374-f7916d76ef15" number="02.08.003" name="电镀大小台架AC侧角铁" model="电镀大小台脚" defaultPrice="" defaultSupplierId="" safeStock="" defaultUnitId="36c459b1-6aeb-459e-be01-c6e27c4cf468" materialTypeId="07680386-538c-4a88-91fb-31643e7822e6" />
<TMaterial id="bc63aa58-4617-448a-b217-0e3cae311890" number="02.08.004" name="电镀小台架短横角铁" model="电镀大小台脚" defaultPrice="" defaultSupplierId="" safeStock="" defaultUnitId="36c459b1-6aeb-459e-be01-c6e27c4cf468" materialTypeId="07680386-538c-4a88-91fb-31643e7822e6" />
<TMaterial id="b8243566-cd09-4359-9584-54d7f22c33cf" number="02.09.001" name="028铁丝台脚脚管" model="铁丝台脚" defaultPrice="" defaultSupplierId="" safeStock="" defaultUnitId="9fea6a23-0bc7-409c-9200-2b5157b14def" materialTypeId="07680386-538c-4a88-91fb-31643e7822e6" />
<TMaterial id="5a3c6120-56f2-4403-9b8e-d0dabac76aa0" number="02.09.002" name="028铁丝台脚六角板手" model="铁丝台脚" defaultPrice="" defaultSupplierId="" safeStock="" defaultUnitId="a817df96-ee63-440c-b750-1dcf53b9a74f" materialTypeId="07680386-538c-4a88-91fb-31643e7822e6" />
<TMaterial id="829168aa-b795-467a-b399-b1b1892f2af2" number="02.10.001" name="50茶几圆环" model="玻璃茶几" defaultPrice="" defaultSupplierId="" safeStock="" defaultUnitId="0e052f6e-4c79-4cb1-916d-809daa5d9a7b" materialTypeId="07680386-538c-4a88-91fb-31643e7822e6" />
<TMaterial id="47820e27-375f-4c4e-b0c3-c8524ae785ab" number="02.10.002" name="50茶几脚管" model="玻璃茶几" defaultPrice="" defaultSupplierId="" safeStock="" defaultUnitId="9fea6a23-0bc7-409c-9200-2b5157b14def" materialTypeId="07680386-538c-4a88-91fb-31643e7822e6" />
<TMaterial id="25ef6e57-c90f-4c3b-afd1-8b556b0fbcbc" number="02.10.003" name="75茶几上圆环" model="玻璃茶几" defaultPrice="" defaultSupplierId="" safeStock="" defaultUnitId="0e052f6e-4c79-4cb1-916d-809daa5d9a7b" materialTypeId="07680386-538c-4a88-91fb-31643e7822e6" />
<TMaterial id="5c8ccbb9-ce0d-4cea-a1be-954201f21208" number="02.10.004" name="75茶几下圆环" model="玻璃茶几" defaultPrice="" defaultSupplierId="" safeStock="" defaultUnitId="0e052f6e-4c79-4cb1-916d-809daa5d9a7b" materialTypeId="07680386-538c-4a88-91fb-31643e7822e6" />
<TMaterial id="d2244764-f894-4936-aaa2-7d0cb5ee7545" number="02.10.005" name="75茶几脚管" model="玻璃茶几" defaultPrice="" defaultSupplierId="" safeStock="" defaultUnitId="9fea6a23-0bc7-409c-9200-2b5157b14def" materialTypeId="07680386-538c-4a88-91fb-31643e7822e6" />
<TMaterial id="a38aead4-4288-4ba7-93b3-f5d5c37c9976" number="02.10.006" name="玻璃茶几脚管套" model="玻璃茶几" defaultPrice="" defaultSupplierId="" safeStock="" defaultUnitId="a817df96-ee63-440c-b750-1dcf53b9a74f" materialTypeId="07680386-538c-4a88-91fb-31643e7822e6" />
<TMaterial id="68fac8fb-43e1-4c0e-8995-1c23d0496bf3" number="02.11.001" name="落地晾衣中网" model="落地晾衣架" defaultPrice="" defaultSupplierId="" safeStock="" defaultUnitId="0e052f6e-4c79-4cb1-916d-809daa5d9a7b" materialTypeId="07680386-538c-4a88-91fb-31643e7822e6" />
<TMaterial id="c9142312-9c65-4adb-ad75-652a9ca468cf" number="02.11.002" name="落地晾衣架翼网" model="落地晾衣架" defaultPrice="" defaultSupplierId="" safeStock="" defaultUnitId="0e052f6e-4c79-4cb1-916d-809daa5d9a7b" materialTypeId="07680386-538c-4a88-91fb-31643e7822e6" />
<TMaterial id="f3b5feb1-afea-478a-bc8c-5a32d22e051c" number="02.11.003" name="落地晾衣架圆挡片" model="落地晾衣架" defaultPrice="" defaultSupplierId="" safeStock="" defaultUnitId="a817df96-ee63-440c-b750-1dcf53b9a74f" materialTypeId="07680386-538c-4a88-91fb-31643e7822e6" />
<TMaterial id="79ba23f8-2dd5-438b-a249-a5ff7099073a" number="02.11.004" name="落地凉衣架扁铁脚" model="落地晾衣架" defaultPrice="" defaultSupplierId="" safeStock="" defaultUnitId="9fea6a23-0bc7-409c-9200-2b5157b14def" materialTypeId="07680386-538c-4a88-91fb-31643e7822e6" />
<TMaterial id="2f9cfcf1-ea0f-4925-9b28-9ea96a49f879" number="02.11.005" name="落地晾衣架方铁/架类共用" model="落地晾衣架/四大架" defaultPrice="" defaultSupplierId="" safeStock="" defaultUnitId="9fea6a23-0bc7-409c-9200-2b5157b14def" materialTypeId="07680386-538c-4a88-91fb-31643e7822e6" />
<TMaterial id="14d6b152-01c7-463d-b7d7-6d9011c4828e" number="02.12.001" name="挂墙晾衣架左支撑杆组合" model="挂墙晾衣架" defaultPrice="" defaultSupplierId="" safeStock="" defaultUnitId="9fea6a23-0bc7-409c-9200-2b5157b14def" materialTypeId="07680386-538c-4a88-91fb-31643e7822e6" />
<TMaterial id="a3d65e8e-92d1-4e3f-bb99-9bbaa140f0bc" number="02.12.002" name="挂墙晾衣架右支撑杆组合" model="挂墙晾衣架" defaultPrice="" defaultSupplierId="" safeStock="" defaultUnitId="9fea6a23-0bc7-409c-9200-2b5157b14def" materialTypeId="07680386-538c-4a88-91fb-31643e7822e6" />
<TMaterial id="83a5c73a-ddbf-4cab-a134-7dfcfe16b8dd" number="02.12.003" name="挂墙晾衣架左侧竖扁铁组合" model="挂墙晾衣架" defaultPrice="" defaultSupplierId="" safeStock="" defaultUnitId="9fea6a23-0bc7-409c-9200-2b5157b14def" materialTypeId="07680386-538c-4a88-91fb-31643e7822e6" />
<TMaterial id="e803121f-f214-401b-8d8f-4cf13f697649" number="02.12.004" name="挂墙晾衣架右侧竖扁铁组合" model="挂墙晾衣架" defaultPrice="" defaultSupplierId="" safeStock="" defaultUnitId="9fea6a23-0bc7-409c-9200-2b5157b14def" materialTypeId="07680386-538c-4a88-91fb-31643e7822e6" />
<TMaterial id="82337d35-3e9f-4222-9513-b89d42348eb1" number="02.12.005" name="挂墙晾衣架左侧横扁铁组合" model="挂墙晾衣架" defaultPrice="" defaultSupplierId="" safeStock="" defaultUnitId="9fea6a23-0bc7-409c-9200-2b5157b14def" materialTypeId="07680386-538c-4a88-91fb-31643e7822e6" />
<TMaterial id="1aee6bba-7ffa-40a4-b826-22877f727452" number="02.12.006" name="挂墙晾衣架右侧横扁铁组合" model="挂墙晾衣架" defaultPrice="" defaultSupplierId="" safeStock="" defaultUnitId="9fea6a23-0bc7-409c-9200-2b5157b14def" materialTypeId="07680386-538c-4a88-91fb-31643e7822e6" />
<TMaterial id="65381fc2-d9b7-4c8c-881f-343f9dd710ed" number="02.12.007" name="挂墙晾衣架上横连接管" model="挂墙晾衣架" defaultPrice="" defaultSupplierId="" safeStock="" defaultUnitId="9fea6a23-0bc7-409c-9200-2b5157b14def" materialTypeId="07680386-538c-4a88-91fb-31643e7822e6" />
<TMaterial id="8ffd0395-3544-4aa2-8ec3-7c8aeb8971a7" number="02.12.008" name="挂墙晾衣架下横连接管" model="挂墙晾衣架" defaultPrice="" defaultSupplierId="" safeStock="" defaultUnitId="9fea6a23-0bc7-409c-9200-2b5157b14def" materialTypeId="07680386-538c-4a88-91fb-31643e7822e6" />
<TMaterial id="f1352778-fc54-4a26-b0a4-347fe277acd3" number="02.13.001" name="006小圆台大圆盘" model="小圆台" defaultPrice="" defaultSupplierId="" safeStock="" defaultUnitId="0e052f6e-4c79-4cb1-916d-809daa5d9a7b" materialTypeId="07680386-538c-4a88-91fb-31643e7822e6" />
<TMaterial id="dfd538aa-af5b-4178-9501-c1cedecfd15d" number="02.13.002" name="006小圆台小圆盘" model="小圆台" defaultPrice="" defaultSupplierId="" safeStock="" defaultUnitId="0e052f6e-4c79-4cb1-916d-809daa5d9a7b" materialTypeId="07680386-538c-4a88-91fb-31643e7822e6" />
<TMaterial id="5b57083f-d963-4839-bcb2-41a9bc5a5379" number="02.13.003" name="006小圆台活动脚" model="小圆台" defaultPrice="" defaultSupplierId="" safeStock="" defaultUnitId="0e052f6e-4c79-4cb1-916d-809daa5d9a7b" materialTypeId="07680386-538c-4a88-91fb-31643e7822e6" />
<TMaterial id="a2144df8-b893-4d76-8248-48bf67fbd2cc" number="02.13.004" name="006小圆台固定脚" model="小圆台" defaultPrice="" defaultSupplierId="" safeStock="" defaultUnitId="0e052f6e-4c79-4cb1-916d-809daa5d9a7b" materialTypeId="07680386-538c-4a88-91fb-31643e7822e6" />
<TMaterial id="a956d616-2280-4fab-8648-950bb30910e8" number="02.13.005" name="006小圆台连接片" model="小圆台" defaultPrice="" defaultSupplierId="" safeStock="" defaultUnitId="a817df96-ee63-440c-b750-1dcf53b9a74f" materialTypeId="07680386-538c-4a88-91fb-31643e7822e6" />
<TMaterial id="979d8be4-02f1-4453-a0d2-7611111d67b5" number="02.14.001" name="织物床130上扁铁" model="织物床" defaultPrice="" defaultSupplierId="" safeStock="" defaultUnitId="9fea6a23-0bc7-409c-9200-2b5157b14def" materialTypeId="07680386-538c-4a88-91fb-31643e7822e6" />
<TMaterial id="c4fc72b2-7045-48f7-b8ad-b70c01d07046" number="02.14.002" name="织物床130下扁铁" model="织物床" defaultPrice="" defaultSupplierId="" safeStock="" defaultUnitId="9fea6a23-0bc7-409c-9200-2b5157b14def" materialTypeId="07680386-538c-4a88-91fb-31643e7822e6" />
<TMaterial id="72bd2d22-d489-4eba-bda0-a8b9f54866bf" number="02.14.003" name="织物床140上扁铁" model="织物床" defaultPrice="" defaultSupplierId="" safeStock="" defaultUnitId="9fea6a23-0bc7-409c-9200-2b5157b14def" materialTypeId="07680386-538c-4a88-91fb-31643e7822e6" />
<TMaterial id="80f8eef4-64f8-49e4-9c81-594b57689017" number="02.14.004" name="织物床140下扁铁" model="织物床" defaultPrice="" defaultSupplierId="" safeStock="" defaultUnitId="9fea6a23-0bc7-409c-9200-2b5157b14def" materialTypeId="07680386-538c-4a88-91fb-31643e7822e6" />
<TMaterial id="01b593bf-c785-4638-ba3e-9c3b0f078bf3" number="02.14.005" name="织物床150上扁铁" model="织物床" defaultPrice="" defaultSupplierId="" safeStock="" defaultUnitId="9fea6a23-0bc7-409c-9200-2b5157b14def" materialTypeId="07680386-538c-4a88-91fb-31643e7822e6" />
<TMaterial id="19cb7201-6e1e-49c2-b3e7-160a14581893" number="02.14.006" name="织物床150下扁铁" model="织物床" defaultPrice="" defaultSupplierId="" safeStock="" defaultUnitId="9fea6a23-0bc7-409c-9200-2b5157b14def" materialTypeId="07680386-538c-4a88-91fb-31643e7822e6" />
<TMaterial id="0d69b063-d801-4a34-8184-39c8234f16ae" number="02.14.007" name="织物床160上扁铁" model="织物床" defaultPrice="" defaultSupplierId="" safeStock="" defaultUnitId="9fea6a23-0bc7-409c-9200-2b5157b14def" materialTypeId="07680386-538c-4a88-91fb-31643e7822e6" />
<TMaterial id="cc3f9675-acfb-4ced-8794-282d809ed2ea" number="02.14.008" name="织物床160下扁铁" model="织物床" defaultPrice="" defaultSupplierId="" safeStock="" defaultUnitId="9fea6a23-0bc7-409c-9200-2b5157b14def" materialTypeId="07680386-538c-4a88-91fb-31643e7822e6" />
<TMaterial id="159296ca-de77-4dc0-abbd-9c2dfdb0c897" number="02.14.009" name="织物床180上扁铁" model="织物床" defaultPrice="" defaultSupplierId="" safeStock="" defaultUnitId="9fea6a23-0bc7-409c-9200-2b5157b14def" materialTypeId="07680386-538c-4a88-91fb-31643e7822e6" />
<TMaterial id="4a13825a-68b6-48fd-9af3-de1c69a7d409" number="02.14.010" name="织物床180下扁铁" model="织物床" defaultPrice="" defaultSupplierId="" safeStock="" defaultUnitId="9fea6a23-0bc7-409c-9200-2b5157b14def" materialTypeId="07680386-538c-4a88-91fb-31643e7822e6" />
<TMaterial id="d1d2019f-4ee5-4892-9baf-5ad713314d39" number="02.14.011" name="织物床190上扁铁" model="织物床" defaultPrice="" defaultSupplierId="" safeStock="" defaultUnitId="9fea6a23-0bc7-409c-9200-2b5157b14def" materialTypeId="07680386-538c-4a88-91fb-31643e7822e6" />
<TMaterial id="97f0bd11-7291-4f61-9de7-d7a134f85a89" number="02.14.012" name="织物床190下扁铁" model="织物床" defaultPrice="" defaultSupplierId="" safeStock="" defaultUnitId="9fea6a23-0bc7-409c-9200-2b5157b14def" materialTypeId="07680386-538c-4a88-91fb-31643e7822e6" />
<TMaterial id="a5f04b66-9229-4ab8-8410-8aaee57c1264" number="02.14.013" name="织物床侧扁铁130-190" model="织物床" defaultPrice="" defaultSupplierId="" safeStock="" defaultUnitId="9fea6a23-0bc7-409c-9200-2b5157b14def" materialTypeId="07680386-538c-4a88-91fb-31643e7822e6" />
<TMaterial id="a8f15559-5202-4961-9933-802a916fc2cd" number="02.14.014" name="织物床床尾盖片130-190" model="织物床" defaultPrice="" defaultSupplierId="" safeStock="" defaultUnitId="a817df96-ee63-440c-b750-1dcf53b9a74f" materialTypeId="07680386-538c-4a88-91fb-31643e7822e6" />
<TMaterial id="895c1408-65b4-49ff-9518-aea446851daf" number="02.14.015" name="织物床中间扁铁" model="织物床" defaultPrice="" defaultSupplierId="" safeStock="" defaultUnitId="9fea6a23-0bc7-409c-9200-2b5157b14def" materialTypeId="07680386-538c-4a88-91fb-31643e7822e6" />
<TMaterial id="93bf435d-48f2-4822-9c36-f167f5d69cbe" number="02.15.001" name="新床侧挂片1900A" model="新床侧" defaultPrice="" defaultSupplierId="" safeStock="" defaultUnitId="9fea6a23-0bc7-409c-9200-2b5157b14def" materialTypeId="07680386-538c-4a88-91fb-31643e7822e6" />
<TMaterial id="a0c7be02-be33-4c21-bd35-87345fb16346" number="02.16.001" name="圆形洗衣箩脚扁铁" model="圆形洗衣箩" defaultPrice="" defaultSupplierId="" safeStock="" defaultUnitId="9fea6a23-0bc7-409c-9200-2b5157b14def" materialTypeId="07680386-538c-4a88-91fb-31643e7822e6" />
<TMaterial id="35c8e9d6-cc31-431a-b0e7-68aed83c39d8" number="02.16.002" name="圆形洗衣箩上环" model="圆形洗衣箩" defaultPrice="" defaultSupplierId="" safeStock="" defaultUnitId="0e052f6e-4c79-4cb1-916d-809daa5d9a7b" materialTypeId="07680386-538c-4a88-91fb-31643e7822e6" />
<TMaterial id="5abbaa43-12a8-4725-ae37-0b803227aa56" number="02.16.003" name="圆形洗衣箩下环" model="圆形洗衣箩" defaultPrice="" defaultSupplierId="" safeStock="" defaultUnitId="0e052f6e-4c79-4cb1-916d-809daa5d9a7b" materialTypeId="07680386-538c-4a88-91fb-31643e7822e6" />
<TMaterial id="7267be55-f4a1-4497-a0de-e5c7ca2fcee9" number="02.17.001" name="70槽架槽铁" model="70槽铁" defaultPrice="" defaultSupplierId="" safeStock="" defaultUnitId="9fea6a23-0bc7-409c-9200-2b5157b14def" materialTypeId="07680386-538c-4a88-91fb-31643e7822e6" />
</entity-engine-xml>