<?xml version="1.0" encoding="UTF-8"?>
<!-- Licensed to the Apache Software Foundation (ASF) under one or more contributor license agreements. See the NOTICE file distributed with this work for additional information regarding copyright ownership. The ASF licenses this file to you under the Apache License, Version 2.0 (the "License"); you 
	may not use this file except in compliance with the License. You may obtain a copy of the License at http://www.apache.org/licenses/LICENSE-2.0 Unless required by applicable law or agreed to in writing, software distributed under the License is distributed on an "AS IS" BASIS, WITHOUT WARRANTIES OR CONDITIONS 
	OF ANY KIND, either express or implied. See the License for the specific language governing permissions and limitations under the License. -->
<entity-engine-xml>
<Supplier id="2db6b028-f033-4e98-bcbe-53fe111a237b" number="SUP100001" name="江门市西北五金钢管厂有限公司" phoneNum="0750-3728618" address="" />
<Supplier id="9481b81c-3290-4bc2-86ed-56e45319da33" number="SUP100002" name="江门市蓬江区百赞拉丝厂" phoneNum="0750-3726655" address="" />
<Supplier id="0bbd03b3-7749-4eef-a289-e80f732ceea3" number="SUP100003" name="东莞泰升玻璃有限公司" phoneNum="0769-85557608" address="" />
<Supplier id="6ea51cd4-8ad1-4b7e-a75a-6d7562ba6602" number="SUP100004" name="江门市银辉玻璃实业有限公司" phoneNum="0750-3555355" address="" />
<Supplier id="4f0d052d-b3c0-45b0-8a36-95512a0e1a53" number="SUP100005" name="东莞市欧尔五金制品有限公司(新骏)" phoneNum="0769-85915871" address="" />
<Supplier id="6e08b6ee-89a5-4b0e-8fa1-dc40538eaa9f" number="SUP100006" name="佛山市金钜琪伟压铸有限公司" phoneNum="0757-25500223" address="" />
<Supplier id="079cf56b-31d6-4bd3-adce-c7be99e25b7e" number="SUP100007" name="中山市继文五金塑料制品有限公司" phoneNum="0760-23233798" address="" />
<Supplier id="732e4ccf-a665-4b5c-8cf0-6c013433a6a7" number="SUP100008" name="中山市小榄镇宏亮压铸厂" phoneNum="0760-22243172" address="" />
<Supplier id="73c97e1c-dfc7-4dbf-82af-ad1a8b9c1380" number="SUP100009" name="江门皇宙化工有限公司" phoneNum="0750-3652389" address="" />
<Supplier id="98f99307-13dd-4a01-8401-49a8a6905d80" number="SUP100010" name="东莞市爱粤金属粉末有限公司" phoneNum="0769-88385802" address="" />
<Supplier id="e125fd23-04df-42bf-8807-2c50e5b77bc7" number="SUP100011" name="天地彩粉末涂料实业有限公司（tuxuan）" phoneNum="0757-25515128" address="" />
<Supplier id="2f237050-b833-4989-9eb9-04381bbc3edf" number="SUP100012" name="江门市新会区高信化工有限公司" phoneNum="0750-6328168" address="" />
<Supplier id="2d994b3d-ab9c-41ce-a024-9b04e60cc814" number="SUP100013" name="江门市蓬江区恒昌五金灯具制品厂" phoneNum="0750-3723723" address="" />
<Supplier id="c73f1fea-bd14-4734-bfd9-fefafe7c5720" number="SUP100014" name="江门市鸿基纸塑制品有限公司" phoneNum="0750-3633002" address="" />
<Supplier id="7275a762-a195-40f8-8b26-6e74d48558bb" number="SUP100015" name="斯默菲石东（东莞）有限公司" phoneNum="0769-81331342" address="" />
<Supplier id="f740c5c7-33e4-4c72-8aec-15a32c7e079c" number="SUP100016" name="江门市蓬江区宝盛纸制品厂" phoneNum="0750-3729182" address="" />
<Supplier id="0de0b244-2dfa-4156-a8a2-2da6bdaf8f34" number="SUP100017" name="江门市蓬江区中泰纸品有限公司" phoneNum="0750-8223012" address="" />
<Supplier id="17854436-89ea-4b22-bcb1-e1e062848443" number="SUP100018" name="江门市新会区泰丰纸制品有限公司" phoneNum="0750-6209883" address="" />
<Supplier id="9099b1f4-2294-4ea0-9b51-6fd810c0fe5d" number="SUP100019" name="江门市蓬江区富德塑料纱管厂有限公司" phoneNum="0750-3728212" address="" />
<Supplier id="09e68495-93e8-48aa-bba8-41cf4bdf8363" number="SUP100020" name="江门市蓬江区潮连富杰塑料厂" phoneNum="0750-3726698" address="" />
<Supplier id="a249cebc-20c6-4dad-9743-6113a6137a3a" number="SUP100021" name="江门市蓬江区潮连富安五金塑料厂" phoneNum="0750-3722120" address="" />
<Supplier id="120f8520-527f-4c1a-b898-5de854a46bcb" number="SUP100022" name="佛山市南海恒超金属制品有限公司" phoneNum="0757-85123148" address="" />
<Supplier id="6a917409-82fe-4794-880b-378b9aaa2210" number="SUP100023" name="江门市蓬江区荣盛五金弹簧厂" phoneNum="13822336443" address="" />
<Supplier id="3e407568-6bb3-4dd6-816d-8e9413556611" number="SUP100024" name="东莞市展伸五金有限公司" phoneNum="0769-83196635" address="" />
<Supplier id="d947bb42-0b92-48ff-a436-76ef996e2137" number="SUP100025" name="珠海市斗门区恒沛电器装饰有限公司" phoneNum="0756-5783783" address="" />
<Supplier id="60f4a7a2-53ee-49d6-b2b6-cd372bfc6b8b" number="SUP100026" name="中山市三鑫五金制品有限公司" phoneNum="0760-22210668" address="" />
<Supplier id="3e269305-7976-4034-88f2-bb6744849a20" number="SUP100027" name="中山市舜发五金制品有限公司" phoneNum="0760-22283351" address="" />
<Supplier id="572b6c3e-cce5-4caa-9372-3a24d563fff2" number="SUP100028" name="江门市蓬江区华宁五金标件贸易部" phoneNum="0750-3312178" address="" />
<Supplier id="3ddc6a31-75c4-40c4-becb-8aadf036642b" number="SUP100029" name="中山市新力螺丝五金有限公司" phoneNum="0750-3312178" address="" />
<Supplier id="067167ee-0c7d-4a4a-9bd5-01c8d330bdfb" number="SUP100030" name="东莞市大骏实业投资有限公司" phoneNum="0769-83205968" address="" />
<Supplier id="87d1473d-f580-498f-87af-52038c111919" number="SUP100031" name="江门市蓬江区杜阮升平五金厂" phoneNum="0750-3672008" address="" />
<Supplier id="0a4b2646-875e-4d07-adb9-120bb6226607" number="SUP100032" name="佛山市昭信金属制品有限公司" phoneNum="0757-87562728" address="" />
<Supplier id="de92b972-e3cd-4402-8bc7-60d6c5e777af" number="SUP100033" name="佛山市顺德区容桂绍初金属电镀厂" phoneNum="0757-28380080" address="" />
<Supplier id="20cb5262-6720-4d34-b412-dae84706b15b" number="SUP100034" name="江门市蓬江区南昌五金制品十一厂有限公司" phoneNum="0750-3723278" address="" />
<Supplier id="bf4f67f5-31e9-4bad-bf18-255c85c0a194" number="SUP100035" name="江门市蓬江区南昌志诚五金制品厂有限公司 " phoneNum="0750-3720912" address="" />
<Supplier id="19a525f1-9abf-4e1d-9000-9c6f1ae0ba31" number="SUP100036" name="江门市蓬江区骏威胶袋厂" phoneNum="0750-3129926" address="" />
<Supplier id="3e625af9-28cd-4105-ac0a-cc73ae25b36b" number="SUP100037" name="江门市蓬江区安泰塑料制品厂" phoneNum="0750-3733230" address="" />
<Supplier id="6caa996b-5a89-48b0-8e8b-da610db32786" number="SUP100038" name="中山市佳腾印刷有限公司" phoneNum="0760-22224310" address="" />
<Supplier id="a66e5efa-ca15-4945-b603-fe8ef088d6a0" number="SUP100039" name="江门市蓬江区震涛印刷厂" phoneNum="0750-3723000" address="" />
<Supplier id="99a9cd5f-2877-44c5-9a51-b0693d125f15" number="SUP100040" name="江门市蓬江区潮连友生印刷有限公司" phoneNum="13500281916" address="" />
<Supplier id="2874583d-7f6b-4d2a-aafc-d26dce4fcea3" number="SUP100041" name="江门市蓬江区永盛包装材料厂" phoneNum="13702588684" address="" />
<Supplier id="f6d32f82-bc8f-4a05-aec6-1c29f946ba12" number="SUP100042" name="中山市特美包装材料有限公司" phoneNum="0760-86509328" address="" />
<Supplier id="7b047cb6-8522-49f7-964f-3592e38a656b" number="SUP100043" name="江门市新会区睦洲丰顺纸类制品厂" phoneNum="0750-6209111" address="" />
<Supplier id="ac86f1be-0914-44ec-913b-a4ca36827bec" number="SUP100044" name="中山市昌和包装制品有限公司" phoneNum="0760-22104096" address="" />
<Supplier id="5ff3ec31-ad4c-4fd4-becc-6af4328a4e63" number="SUP100045" name="杭州萧山易川塑业有限公司" phoneNum="0571-82583799" address="" />
<Supplier id="1166a310-f106-4974-b672-755cdca2a7c0" number="SUP100046" name="上海冠乔纺织品贸易有限公司" phoneNum="021-52581211" address="" />
<Supplier id="debc5c69-6e65-4c67-888b-f608cdc8705b" number="SUP100047" name="福建碧全工艺品有限公司" phoneNum="0591-83859555" address="" />
<Supplier id="76b4ca85-c495-4ead-a0b5-a00f395c38d8" number="SUP100048" name="蓬江区贺挥五金加工厂" phoneNum="13702273224" address="" />
<Supplier id="500d0815-684a-4305-95b2-b65d3795a881" number="SUP100049" name="中山市柒玖捌金属制品有限公司" phoneNum="0760-89822798" address="" />
<Supplier id="dc18f64a-7e9f-4e4d-9ab2-8a12af974531" number="SUP100050" name="佛山市顺德区雅美斯塑料制品有限公司" phoneNum="0757-22306328" address="" />
<Supplier id="b0393111-c894-4c41-8858-1f56de694fa3" number="SUP100051" name="江门市蓬江区盛鹏五金塑料厂" phoneNum="13822333679" address="" />
<Supplier id="2483aa74-0b14-4eb2-9c7a-5c2eb34eca90" number="SUP100052" name="蓬江区和楷五金加工场" phoneNum="13709619987" address="" />
<Supplier id="2d6af96a-5684-4787-9acb-43854279ecda" number="SUP100053" name="东莞市鸿芝电子有限公司" phoneNum="0769-82051933" address="" />
<Supplier id="05849cad-ffbc-4e73-9e3c-7b514ab42403" number="SUP100054" name="中山市乐美达金属表面处理有限公司" phoneNum="0760-87296952" address="" />
<Supplier id="f53c383d-8565-4d39-8d6f-f7b47f8493a1" number="SUP100055" name="宜家家具配件(深圳)有限公司" phoneNum="0755-27317010" address="" />
<Supplier id="22fec480-5216-4762-a8dc-e14729af101b" number="SUP100056" name="佛山市南海三昨星装饰工业有限公司" phoneNum="0757-85636998" address="" />
<Supplier id="acde79ed-11d3-4e4c-a25a-523db3398119" number="SUP100057" name="丽明珠实业有限公司" phoneNum="0750-3220690" address="" />
<Supplier id="a5499693-04ba-4414-a029-12f16b2d1dc4" number="SUP100058" name="江门市蓬江区特美特工艺厂" phoneNum="0750-3715328" address="" />
</entity-engine-xml>