<?xml version="1.0" encoding="UTF-8"?>
<!-- Licensed to the Apache Software Foundation (ASF) under one or more contributor license agreements. See the NOTICE file distributed with this work for additional information regarding copyright ownership. The ASF licenses this file to you under the Apache License, Version 2.0 (the "License"); you 
	may not use this file except in compliance with the License. You may obtain a copy of the License at http://www.apache.org/licenses/LICENSE-2.0 Unless required by applicable law or agreed to in writing, software distributed under the License is distributed on an "AS IS" BASIS, WITHOUT WARRANTIES OR CONDITIONS 
	OF ANY KIND, either express or implied. See the License for the specific language governing permissions and limitations under the License. -->
<entity-engine-xml>
<TMaterialType id='68f09725-81c7-4ffc-b0a9-7b4616b12fff' PARENT_ID='' number='MTT100004' name='成品' />
<TMaterialType id='84b03a16-4e84-4142-87bc-2bcebcff485b' PARENT_ID='' number='MTT100003' name='半成品' />
<TMaterialType id='a2aa616b-7e2e-4643-85e6-63b25415003e' PARENT_ID='' number='MTT100001' name='原材料' />
<TMaterialType id='adc8001c-47be-407b-8366-aec93cb27876' PARENT_ID='' number='MTT100005' name='安装包装' />
<TMaterialType id='c85acba2-8f4b-4e03-aa92-9ade076345fd' PARENT_ID='' number='MTT100002' name='黑胚件' />
<TMaterialType id='88e14774-d31c-4986-9f30-a2d1c4a1a752' parentId='c85acba2-8f4b-4e03-aa92-9ade076345fd' number='MTT100006' name='黑胚成品' />
<TMaterialType id='4d47b411-1cf4-4f14-9b3c-b3ee20d92adc' parentId='a2aa616b-7e2e-4643-85e6-63b25415003e' number='MTT100007' name='加工' />
<TMaterialType id='cf3b8650-0fbc-4f86-83f3-e96f94272e2b' parentId='68f09725-81c7-4ffc-b0a9-7b4616b12fff' number='MTT100008' name='产成品' />
<TMaterialType id='01c190d4-d2ba-4f51-bfa4-e8b7e0177fce' parentId='a2aa616b-7e2e-4643-85e6-63b25415003e' number='MTT100009' name='钢材' />
<TMaterialType id='a43aa084-5ebc-4ee9-9556-6dc233f0e08b' parentId='a2aa616b-7e2e-4643-85e6-63b25415003e' number='MTT100010' name='纸制品' />
<TMaterialType id='e879b670-19fd-4434-aa95-fc72cde5e176' parentId='a2aa616b-7e2e-4643-85e6-63b25415003e' number='MTT100011' name='胶袋' />
<TMaterialType id='8bed42f3-ae14-45c6-8618-507500fb7894' parentId='a2aa616b-7e2e-4643-85e6-63b25415003e' number='MTT100012' name='塑料' />
<TMaterialType id='641a6769-fc29-4e52-8c5a-44c64f70f230' parentId='a2aa616b-7e2e-4643-85e6-63b25415003e' number='MTT100013' name='标签' />
<TMaterialType id='0d180330-e9f4-49fc-bd16-aff5005571f8' parentId='a2aa616b-7e2e-4643-85e6-63b25415003e' number='MTT100014' name='玻璃' />
<TMaterialType id='a926a2a2-bb4f-4ee1-9b9b-c802abd00815' parentId='a2aa616b-7e2e-4643-85e6-63b25415003e' number='MTT100015' name='布类' />
<TMaterialType id='e76d9e32-0ca7-4dd2-862f-e79a96452d71' parentId='a2aa616b-7e2e-4643-85e6-63b25415003e' number='MTT100016' name='珍珠棉' />
<TMaterialType id='de559b7f-b51b-43cc-906a-1c4928c2fdde' parentId='84b03a16-4e84-4142-87bc-2bcebcff485b' number='MTT100017' name='加工' />
<TMaterialType id='eb6c1cbe-bd1d-43e1-b57e-ea07db3cf29a' parentId='a2aa616b-7e2e-4643-85e6-63b25415003e' number='MTT100018' name='五金类' />
</entity-engine-xml>