<?xml version="1.0" encoding="UTF-8"?>
<!-- Licensed to the Apache Software Foundation (ASF) under one or more contributor license agreements. See the NOTICE file distributed with this work for additional information regarding copyright ownership. The ASF licenses this file to you under the Apache License, Version 2.0 (the "License"); you 
	may not use this file except in compliance with the License. You may obtain a copy of the License at http://www.apache.org/licenses/LICENSE-2.0 Unless required by applicable law or agreed to in writing, software distributed under the License is distributed on an "AS IS" BASIS, WITHOUT WARRANTIES OR CONDITIONS 
	OF ANY KIND, either express or implied. See the License for the specific language governing permissions and limitations under the License. -->
<entity-engine-xml>
	<TSystemUser id='18f85a5d-1c39-44f4-9f2f-e7d64056ff7b' userId='admin' userName='系统管理员' password='{SHA}40bd001563085fc35165329ea1ff5c5ecbdbbeef' sex='0' departmentId='2c2f37d4-33ac-4026-9ec0-3f8571e8a4a4' position='管理员' phoneNumber='13800000000' email='admin@fq.com' valid='Y' />
	<TSystemUser id='f4d8290f-b8ad-4ce9-b3fc-4ff30608bc21' userId='sjlry' userName='数据录入员' password='{SHA}40bd001563085fc35165329ea1ff5c5ecbdbbeef' sex='0' departmentId='0c92191f-3ccc-4c46-a466-bfe35663b391' position='系统统计员' phoneNumber='13800000000' email='sjlry@fq.com' valid='Y' />
	<TSystemUser id='efe8549e-5d83-48c8-85e3-9ab00b824953' userId='cgjl' userName='采购经理' password='{SHA}40bd001563085fc35165329ea1ff5c5ecbdbbeef' sex='0' departmentId='7fdc10ae-c7fd-4360-96c2-fedaf739f14c' position='采购经理' phoneNumber='13800000000' email='admin@cgjl.com' valid='Y' />
	<TSystemUser id='317ee254-324e-4725-b026-58fa533da9d1' userId='cgy' userName='采购员' password='{SHA}40bd001563085fc35165329ea1ff5c5ecbdbbeef' sex='0' departmentId='7fdc10ae-c7fd-4360-96c2-fedaf739f14c' position='采购员' phoneNumber='13800000000' email='admin@cgy.com' valid='Y' />
	<TSystemUser id='978d8a31-6080-4984-8910-f15454c2551d' userId='scgly' userName='生产管理员' password='{SHA}40bd001563085fc35165329ea1ff5c5ecbdbbeef' sex='0' departmentId='8a2ac1ae-6296-4c63-8a4b-e5f192f70ff9' position='生产管理员' phoneNumber='13800000000' email='admin@scgly.com' valid='Y' />
	
	<UserLogin userLoginId="admin" enabled="Y" isSystem="Y" currentPassword="{SHA}40bd001563085fc35165329ea1ff5c5ecbdbbeef" />
	<UserLogin userLoginId="sjlry" enabled="Y" isSystem="Y" currentPassword="{SHA}40bd001563085fc35165329ea1ff5c5ecbdbbeef" />
	<UserLogin userLoginId="cgjl" enabled="Y" isSystem="Y" currentPassword="{SHA}40bd001563085fc35165329ea1ff5c5ecbdbbeef" />
	<UserLogin userLoginId="cgy" enabled="Y" isSystem="Y" currentPassword="{SHA}40bd001563085fc35165329ea1ff5c5ecbdbbeef" />
	<UserLogin userLoginId="scgly" enabled="Y" isSystem="Y" currentPassword="{SHA}40bd001563085fc35165329ea1ff5c5ecbdbbeef" />
</entity-engine-xml>