<?xml version="1.0" encoding="UTF-8"?>
<!-- Licensed to the Apache Software Foundation (ASF) under one or more contributor license agreements. See the NOTICE file distributed with this work for additional information regarding copyright ownership. 
	The ASF licenses this file to you under the Apache License, Version 2.0 (the "License"); you may not use this file except in compliance with the License. You may obtain a copy of the License at http://www.apache.org/licenses/LICENSE-2.0 
	Unless required by applicable law or agreed to in writing, software distributed under the License is distributed on an "AS IS" BASIS, WITHOUT WARRANTIES OR CONDITIONS OF ANY KIND, either express or implied. 
	See the License for the specific language governing permissions and limitations under the License. -->
<entitymodel xmlns:xsi="http://www.w3.org/2001/XMLSchema-instance" xsi:noNamespaceSchemaLocation="http://ofbiz.apache.org/dtds/entitymodel.xsd">
	<!-- ========================================================= -->
	<!-- ======================== Defaults ======================= -->
	<!-- ========================================================= -->
	<title>Entity of an Open For Business Project Component</title>
	<description>None</description>
	<copyright>Copyright 2001-2009 The Apache Software Foundation</copyright>
	<author>None</author>
	<version>1.0</version>
	<!-- 表头 -->
	<entity entity-name="ReturnProductWarehousing" package-name="org.ofbiz.scm.ReturnProductWarehousing" title="ReturnProductWarehousing Entity">
		<field name="id" type="id-long"></field>
		<field name="number" type="name"></field>
		<field name="bizDate" type="date-time"></field>
		<field name="processorId" type="id-long"></field>
		<field name="submitterSystemUserId" type="id-long"></field>
		<field name="totalsum" type="fixed-point"></field>
		<field name="note" type="description"></field>
		<field name="status" type="int"></field>
		<field name="createdStamp" type="date-time"></field>
		<field name="submitStamp" type="date-time"></field>
		<prim-key field="id" />
	</entity>
	<!-- 分录 -->
	<entity entity-name="ReturnProductWarehousingEntry" package-name="org.ofbiz.scm.ReturnProductWarehousing" title="ReturnProductWarehousingEntry Entity">
		<field name="id" type="id-long"></field>
		<field name="parentId" type="id-long"></field>
		<field name="warehouseWarehouseId" type="id-long"></field>
		<field name="bomId" type="id-long"></field>
		<field name="unitUnitId" type="id-long"></field>
		<field name="volume" type="fixed-point"></field>
		<field name="price" type="fixed-point"></field>
		<field name="entrysum" type="fixed-point"></field>
		<field name="sort" type="int"></field>
		<prim-key field="id" />
	</entity>
	<!-- 额外耗料表 -->
	<entity entity-name="ReturnProductWarehousingEntryExtra" package-name="org.ofbiz.scm.ReturnProductWarehousing" title="ReturnProductWarehousingEntryExtra Entity">
		<field name="id" type="id-long"></field>
		<field name="entryId" type="id-long"></field>
		<field name="materialMaterialId" type="id-long"></field>
		<field name="materialMaterialModel" type="value"></field>
		<field name="volume" type="fixed-point"></field>
		<field name="unitUnitId" type="id-long"></field>
		<field name="price" type="fixed-point"></field>
		<field name="entrysum" type="fixed-point"></field>
		<field name="inputprice" type="fixed-point"></field>
		<field name="inputentrysum" type="fixed-point"></field>
		<prim-key field="id" />
	</entity>
</entitymodel>