<?xml version="1.0" encoding="UTF-8"?>
<entity-engine-xml>
    <EntitySyncRemove entitySyncRemoveId="10100" lastUpdatedStamp="2012-09-07 11:03:09.0" lastUpdatedTxStamp="2012-09-07 11:03:09.0" createdStamp="2012-09-07 11:03:09.0" createdTxStamp="2012-09-07 11:03:09.0">
        <primaryKeyRemoved><![CDATA[<?xml version="1.0" encoding="UTF-8"?><ofbiz-ser>
    <eepk-JobSandbox jobId="10048"/>
</ofbiz-ser>
]]></primaryKeyRemoved>
    </EntitySyncRemove>
    <EntitySyncRemove entitySyncRemoveId="10101" lastUpdatedStamp="2012-09-07 11:03:09.0" lastUpdatedTxStamp="2012-09-07 11:03:09.0" createdStamp="2012-09-07 11:03:09.0" createdTxStamp="2012-09-07 11:03:09.0">
        <primaryKeyRemoved><![CDATA[<?xml version="1.0" encoding="UTF-8"?><ofbiz-ser>
    <eepk-JobSandbox jobId="10049"/>
</ofbiz-ser>
]]></primaryKeyRemoved>
    </EntitySyncRemove>
    <EntitySyncRemove entitySyncRemoveId="10102" lastUpdatedStamp="2012-09-07 11:03:09.0" lastUpdatedTxStamp="2012-09-07 11:03:09.0" createdStamp="2012-09-07 11:03:09.0" createdTxStamp="2012-09-07 11:03:09.0">
        <primaryKeyRemoved><![CDATA[<?xml version="1.0" encoding="UTF-8"?><ofbiz-ser>
    <eepk-ServiceSemaphore serviceName="logCleanJobService"/>
</ofbiz-ser>
]]></primaryKeyRemoved>
    </EntitySyncRemove>
    <EntitySyncRemove entitySyncRemoveId="10103" lastUpdatedStamp="2012-09-07 11:03:09.0" lastUpdatedTxStamp="2012-09-07 11:03:09.0" createdStamp="2012-09-07 11:03:09.0" createdTxStamp="2012-09-07 11:03:09.0">
        <primaryKeyRemoved><![CDATA[<?xml version="1.0" encoding="UTF-8"?><ofbiz-ser>
    <eepk-JobSandbox jobId="10050"/>
</ofbiz-ser>
]]></primaryKeyRemoved>
    </EntitySyncRemove>
    <EntitySyncRemove entitySyncRemoveId="10104" lastUpdatedStamp="2012-09-07 11:03:09.0" lastUpdatedTxStamp="2012-09-07 11:03:09.0" createdStamp="2012-09-07 11:03:09.0" createdTxStamp="2012-09-07 11:03:09.0">
        <primaryKeyRemoved><![CDATA[<?xml version="1.0" encoding="UTF-8"?><ofbiz-ser>
    <eepk-JobSandbox jobId="10060"/>
</ofbiz-ser>
]]></primaryKeyRemoved>
    </EntitySyncRemove>
    <EntitySyncRemove entitySyncRemoveId="10105" lastUpdatedStamp="2012-09-07 11:03:10.0" lastUpdatedTxStamp="2012-09-07 11:03:10.0" createdStamp="2012-09-07 11:03:10.0" createdTxStamp="2012-09-07 11:03:10.0">
        <primaryKeyRemoved><![CDATA[<?xml version="1.0" encoding="UTF-8"?><ofbiz-ser>
    <eepk-JobSandbox jobId="10061"/>
</ofbiz-ser>
]]></primaryKeyRemoved>
    </EntitySyncRemove>
    <EntitySyncRemove entitySyncRemoveId="10106" lastUpdatedStamp="2012-09-07 11:03:10.0" lastUpdatedTxStamp="2012-09-07 11:03:10.0" createdStamp="2012-09-07 11:03:10.0" createdTxStamp="2012-09-07 11:03:10.0">
        <primaryKeyRemoved><![CDATA[<?xml version="1.0" encoding="UTF-8"?><ofbiz-ser>
    <eepk-JobSandbox jobId="10062"/>
</ofbiz-ser>
]]></primaryKeyRemoved>
    </EntitySyncRemove>
    <EntitySyncRemove entitySyncRemoveId="10107" lastUpdatedStamp="2012-09-07 11:03:10.0" lastUpdatedTxStamp="2012-09-07 11:03:10.0" createdStamp="2012-09-07 11:03:10.0" createdTxStamp="2012-09-07 11:03:10.0">
        <primaryKeyRemoved><![CDATA[<?xml version="1.0" encoding="UTF-8"?><ofbiz-ser>
    <eepk-JobSandbox jobId="10063"/>
</ofbiz-ser>
]]></primaryKeyRemoved>
    </EntitySyncRemove>
    <EntitySyncRemove entitySyncRemoveId="10108" lastUpdatedStamp="2012-09-07 11:03:10.0" lastUpdatedTxStamp="2012-09-07 11:03:10.0" createdStamp="2012-09-07 11:03:10.0" createdTxStamp="2012-09-07 11:03:10.0">
        <primaryKeyRemoved><![CDATA[<?xml version="1.0" encoding="UTF-8"?><ofbiz-ser>
    <eepk-JobSandbox jobId="10064"/>
</ofbiz-ser>
]]></primaryKeyRemoved>
    </EntitySyncRemove>
    <EntitySyncRemove entitySyncRemoveId="10109" lastUpdatedStamp="2012-09-07 11:03:10.0" lastUpdatedTxStamp="2012-09-07 11:03:10.0" createdStamp="2012-09-07 11:03:10.0" createdTxStamp="2012-09-07 11:03:10.0">
        <primaryKeyRemoved><![CDATA[<?xml version="1.0" encoding="UTF-8"?><ofbiz-ser>
    <eepk-JobSandbox jobId="10065"/>
</ofbiz-ser>
]]></primaryKeyRemoved>
    </EntitySyncRemove>
    <EntitySyncRemove entitySyncRemoveId="10110" lastUpdatedStamp="2012-09-07 11:03:10.0" lastUpdatedTxStamp="2012-09-07 11:03:10.0" createdStamp="2012-09-07 11:03:10.0" createdTxStamp="2012-09-07 11:03:10.0">
        <primaryKeyRemoved><![CDATA[<?xml version="1.0" encoding="UTF-8"?><ofbiz-ser>
    <eepk-ServiceSemaphore serviceName="purgeOldJobs"/>
</ofbiz-ser>
]]></primaryKeyRemoved>
    </EntitySyncRemove>
</entity-engine-xml>
