<?xml version="1.0" encoding="UTF-8"?>
<entity-engine-xml>
    <JobSandbox jobId="10066" jobName="Clear EntitySyncRemove Info" runTime="2012-09-04 00:00:00.0" poolId="pool" statusId="SERVICE_FINISHED" parentJobId="8200" previousJobId="10063" serviceName="cleanSyncRemoveInfo" runAsUser="system" tempExprId="MIDNIGHT_DAILY" maxRecurrenceCount="-1" runByInstanceId="ofbiz1" startDateTime="2012-09-04 00:00:01.0" finishDateTime="2012-09-04 00:00:02.0" lastUpdatedStamp="2012-09-04 00:00:02.0" lastUpdatedTxStamp="2012-09-04 00:00:02.0" createdStamp="2012-09-03 00:00:02.0" createdTxStamp="2012-09-03 00:00:02.0"/>
    <JobSandbox jobId="10067" jobName="Purge Old Jobs" runTime="2012-09-04 00:00:00.0" poolId="pool" statusId="SERVICE_FINISHED" parentJobId="PURGE_OLD_JOBS" previousJobId="10064" serviceName="purgeOldJobs" runAsUser="system" tempExprId="MIDNIGHT_DAILY" maxRecurrenceCount="-1" runByInstanceId="ofbiz1" startDateTime="2012-09-04 00:00:01.0" finishDateTime="2012-09-04 00:00:02.0" lastUpdatedStamp="2012-09-04 00:00:02.0" lastUpdatedTxStamp="2012-09-04 00:00:02.0" createdStamp="2012-09-03 00:00:02.0" createdTxStamp="2012-09-03 00:00:02.0"/>
    <JobSandbox jobId="10068" jobName="logCleanJobService" runTime="2012-09-04 00:21:01.0" poolId="pool" statusId="SERVICE_FINISHED" parentJobId="LOG_CLEAN" previousJobId="10065" serviceName="logCleanJobService" runAsUser="system" tempExprId="HOUR_00" maxRecurrenceCount="-1" runByInstanceId="ofbiz1" startDateTime="2012-09-04 00:21:01.0" finishDateTime="2012-09-04 00:21:02.0" lastUpdatedStamp="2012-09-04 00:21:02.0" lastUpdatedTxStamp="2012-09-04 00:21:02.0" createdStamp="2012-09-03 00:21:01.0" createdTxStamp="2012-09-03 00:21:01.0"/>
    <JobSandbox jobId="10069" jobName="Clear EntitySyncRemove Info" runTime="2012-09-05 00:00:00.0" poolId="pool" statusId="SERVICE_FINISHED" parentJobId="8200" previousJobId="10066" serviceName="cleanSyncRemoveInfo" runAsUser="system" tempExprId="MIDNIGHT_DAILY" maxRecurrenceCount="-1" runByInstanceId="ofbiz1" startDateTime="2012-09-05 00:00:01.0" finishDateTime="2012-09-05 00:00:02.0" lastUpdatedStamp="2012-09-05 00:00:02.0" lastUpdatedTxStamp="2012-09-05 00:00:02.0" createdStamp="2012-09-04 00:00:02.0" createdTxStamp="2012-09-04 00:00:02.0"/>
    <JobSandbox jobId="10070" jobName="Purge Old Jobs" runTime="2012-09-05 00:00:00.0" poolId="pool" statusId="SERVICE_FINISHED" parentJobId="PURGE_OLD_JOBS" previousJobId="10067" serviceName="purgeOldJobs" runAsUser="system" tempExprId="MIDNIGHT_DAILY" maxRecurrenceCount="-1" runByInstanceId="ofbiz1" startDateTime="2012-09-05 00:00:01.0" finishDateTime="2012-09-05 00:00:02.0" lastUpdatedStamp="2012-09-05 00:00:02.0" lastUpdatedTxStamp="2012-09-05 00:00:02.0" createdStamp="2012-09-04 00:00:02.0" createdTxStamp="2012-09-04 00:00:02.0"/>
    <JobSandbox jobId="10071" jobName="logCleanJobService" runTime="2012-09-05 00:21:02.0" poolId="pool" statusId="SERVICE_FINISHED" parentJobId="LOG_CLEAN" previousJobId="10068" serviceName="logCleanJobService" runAsUser="system" tempExprId="HOUR_00" maxRecurrenceCount="-1" runByInstanceId="ofbiz1" startDateTime="2012-09-05 00:21:21.0" finishDateTime="2012-09-05 00:21:22.0" lastUpdatedStamp="2012-09-05 00:21:22.0" lastUpdatedTxStamp="2012-09-05 00:21:22.0" createdStamp="2012-09-04 00:21:02.0" createdTxStamp="2012-09-04 00:21:02.0"/>
    <JobSandbox jobId="10072" jobName="Clear EntitySyncRemove Info" runTime="2012-09-06 00:00:00.0" poolId="pool" statusId="SERVICE_FINISHED" parentJobId="8200" previousJobId="10069" serviceName="cleanSyncRemoveInfo" runAsUser="system" tempExprId="MIDNIGHT_DAILY" maxRecurrenceCount="-1" runByInstanceId="ofbiz1" startDateTime="2012-09-07 11:03:07.0" finishDateTime="2012-09-07 11:03:08.0" lastUpdatedStamp="2012-09-07 11:03:08.0" lastUpdatedTxStamp="2012-09-07 11:03:08.0" createdStamp="2012-09-05 00:00:02.0" createdTxStamp="2012-09-05 00:00:02.0"/>
    <JobSandbox jobId="10073" jobName="Purge Old Jobs" runTime="2012-09-06 00:00:00.0" poolId="pool" statusId="SERVICE_FINISHED" parentJobId="PURGE_OLD_JOBS" previousJobId="10070" serviceName="purgeOldJobs" runAsUser="system" tempExprId="MIDNIGHT_DAILY" maxRecurrenceCount="-1" runByInstanceId="ofbiz1" startDateTime="2012-09-07 11:03:07.0" finishDateTime="2012-09-07 11:03:10.0" lastUpdatedStamp="2012-09-07 11:03:10.0" lastUpdatedTxStamp="2012-09-07 11:03:10.0" createdStamp="2012-09-05 00:00:02.0" createdTxStamp="2012-09-05 00:00:02.0"/>
    <JobSandbox jobId="10074" jobName="logCleanJobService" runTime="2012-09-06 00:21:22.0" poolId="pool" statusId="SERVICE_FINISHED" parentJobId="LOG_CLEAN" previousJobId="10071" serviceName="logCleanJobService" runAsUser="system" tempExprId="HOUR_00" maxRecurrenceCount="-1" runByInstanceId="ofbiz1" startDateTime="2012-09-07 11:03:07.0" finishDateTime="2012-09-07 11:03:09.0" lastUpdatedStamp="2012-09-07 11:03:09.0" lastUpdatedTxStamp="2012-09-07 11:03:09.0" createdStamp="2012-09-05 00:21:22.0" createdTxStamp="2012-09-05 00:21:22.0"/>
    <JobSandbox jobId="10080" jobName="1346986979937" runTime="2012-09-07 11:02:59.0" poolId="pool" statusId="SERVICE_RUNNING" serviceName="SCMEntityExportAll" loaderName="partner" maxRetry="-1" runtimeDataId="10000" runByInstanceId="ofbiz1" startDateTime="2012-09-07 11:03:07.0" lastUpdatedStamp="2012-09-07 11:03:07.0" lastUpdatedTxStamp="2012-09-07 11:03:07.0" createdStamp="2012-09-07 11:02:59.0" createdTxStamp="2012-09-07 11:02:59.0"/>
    <JobSandbox jobId="10081" jobName="Clear EntitySyncRemove Info" runTime="2012-09-08 00:00:00.0" poolId="pool" statusId="SERVICE_PENDING" parentJobId="8200" previousJobId="10072" serviceName="cleanSyncRemoveInfo" runAsUser="system" tempExprId="MIDNIGHT_DAILY" maxRecurrenceCount="-1" lastUpdatedStamp="2012-09-07 11:03:08.0" lastUpdatedTxStamp="2012-09-07 11:03:08.0" createdStamp="2012-09-07 11:03:08.0" createdTxStamp="2012-09-07 11:03:08.0"/>
    <JobSandbox jobId="10082" jobName="Purge Old Jobs" runTime="2012-09-08 00:00:00.0" poolId="pool" statusId="SERVICE_PENDING" parentJobId="PURGE_OLD_JOBS" previousJobId="10073" serviceName="purgeOldJobs" runAsUser="system" tempExprId="MIDNIGHT_DAILY" maxRecurrenceCount="-1" lastUpdatedStamp="2012-09-07 11:03:08.0" lastUpdatedTxStamp="2012-09-07 11:03:08.0" createdStamp="2012-09-07 11:03:08.0" createdTxStamp="2012-09-07 11:03:08.0"/>
    <JobSandbox jobId="10083" jobName="logCleanJobService" runTime="2012-09-08 00:03:08.0" poolId="pool" statusId="SERVICE_PENDING" parentJobId="LOG_CLEAN" previousJobId="10074" serviceName="logCleanJobService" runAsUser="system" tempExprId="HOUR_00" maxRecurrenceCount="-1" lastUpdatedStamp="2012-09-07 11:03:08.0" lastUpdatedTxStamp="2012-09-07 11:03:08.0" createdStamp="2012-09-07 11:03:08.0" createdTxStamp="2012-09-07 11:03:08.0"/>
</entity-engine-xml>
