<?xml version="1.0" encoding="UTF-8"?>
<entity-engine-xml>
    <TSystemSerialNumber id="2b5a51ce-e920-47c0-990a-1976843a856b" serialDate="20120101" entityName="WorkshopWarehousing" prefix="WWS" serialNumber="100001" initNumber="100001" description="&#21046;&#36896;&#20837;&#24211;&#21333;&#32534;&#21495;" hasDate="1" lastUpdatedStamp="2012-08-19 15:01:20.0" lastUpdatedTxStamp="2012-08-19 15:01:20.0" createdStamp="2012-08-19 15:01:20.0" createdTxStamp="2012-08-19 15:01:20.0"/>
    <TSystemSerialNumber id="38b28c40-0f27-488a-9a4d-1e2a2dc5b2ce" serialDate="20120101" entityName="ConsignWarehousing" prefix="CWS" serialNumber="100001" initNumber="100001" description="&#22996;&#22806;&#20837;&#24211;&#21333;&#32534;&#21495;" hasDate="1" lastUpdatedStamp="2012-08-19 15:01:20.0" lastUpdatedTxStamp="2012-08-19 15:01:20.0" createdStamp="2012-08-19 15:01:20.0" createdTxStamp="2012-08-19 15:01:20.0"/>
    <TSystemSerialNumber id="3e048094-2275-41e7-8929-bf73032bdbbb" serialDate="20120101" entityName="Supplier" prefix="SUP" serialNumber="100109" initNumber="100001" description="&#20379;&#24212;&#21830;&#32534;&#21495;" hasDate="0" lastUpdatedStamp="2012-08-28 17:23:14.0" lastUpdatedTxStamp="2012-08-28 17:23:14.0" createdStamp="2012-08-19 15:01:20.0" createdTxStamp="2012-08-19 15:01:20.0"/>
    <TSystemSerialNumber id="47ef2564-903d-479b-aaa0-92f7889d519d" serialDate="20120101" entityName="Workshop" prefix="WS" serialNumber="100005" initNumber="100001" description="&#36710;&#38388;&#32534;&#21495;" hasDate="0" lastUpdatedStamp="2012-08-25 11:44:13.0" lastUpdatedTxStamp="2012-08-25 11:44:13.0" createdStamp="2012-08-19 15:01:20.0" createdTxStamp="2012-08-19 15:01:20.0"/>
    <TSystemSerialNumber id="51745dc3-6d24-41d8-ba7e-592b7bdad7c0" serialDate="20120101" entityName="ConsignReturnMaterial" prefix="CRM" serialNumber="100001" initNumber="100001" description="&#22996;&#22806;&#36864;&#26009;&#21333;&#32534;&#21495;" hasDate="1" lastUpdatedStamp="2012-08-19 15:01:20.0" lastUpdatedTxStamp="2012-08-19 15:01:20.0" createdStamp="2012-08-19 15:01:20.0" createdTxStamp="2012-08-19 15:01:20.0"/>
    <TSystemSerialNumber id="524bf427-1631-4c15-96c9-952215e11ac2" serialDate="20120101" entityName="PurchaseReturn" prefix="PRT" serialNumber="100001" initNumber="100001" description="&#37319;&#36141;&#36864;&#36135;&#21333;&#32534;&#21495;" hasDate="1" lastUpdatedStamp="2012-08-19 15:01:20.0" lastUpdatedTxStamp="2012-08-19 15:01:20.0" createdStamp="2012-08-19 15:01:20.0" createdTxStamp="2012-08-19 15:01:20.0"/>
    <TSystemSerialNumber id="53db06e9-6884-41b2-8951-7123021fc5a9" serialDate="20120829" entityName="PurchaseBill" prefix="PUR" serialNumber="100015" initNumber="100001" description="&#37319;&#36141;&#21333;&#32534;&#21495;" hasDate="1" lastUpdatedStamp="2012-08-29 11:02:30.0" lastUpdatedTxStamp="2012-08-29 11:02:30.0" createdStamp="2012-08-19 15:01:20.0" createdTxStamp="2012-08-19 15:01:20.0"/>
    <TSystemSerialNumber id="6ba4b25e-c6e3-4d84-9332-5f221c4faade" serialDate="20120101" entityName="ConsignDrawMaterial" prefix="CDM" serialNumber="100001" initNumber="100001" description="&#22996;&#22806;&#39046;&#26009;&#21333;&#32534;&#21495;" hasDate="1" lastUpdatedStamp="2012-08-19 15:01:20.0" lastUpdatedTxStamp="2012-08-19 15:01:20.0" createdStamp="2012-08-19 15:01:20.0" createdTxStamp="2012-08-19 15:01:20.0"/>
    <TSystemSerialNumber id="76f21d31-e491-4bbb-b798-05a52fd45e10" serialDate="20120101" entityName="WarehouseType" prefix="WHT" serialNumber="100004" initNumber="100001" description="&#20179;&#24211;&#31867;&#22411;&#32534;&#21495;" hasDate="0" lastUpdatedStamp="2012-08-19 15:01:20.0" lastUpdatedTxStamp="2012-08-19 15:01:20.0" createdStamp="2012-08-19 15:01:20.0" createdTxStamp="2012-08-19 15:01:20.0"/>
    <TSystemSerialNumber id="80152339-42c2-4950-8ffb-45219d545ee6" serialDate="20120101" entityName="MaterialBom" prefix="MTB" serialNumber="101078" initNumber="100001" description="BOM&#21333;&#32534;&#21495;" hasDate="0" lastUpdatedStamp="2012-08-19 15:01:20.0" lastUpdatedTxStamp="2012-08-19 15:01:20.0" createdStamp="2012-08-19 15:01:20.0" createdTxStamp="2012-08-19 15:01:20.0"/>
    <TSystemSerialNumber id="80c869ca-fe97-4da1-b5b5-5017195aaf5d" serialDate="20120101" entityName="Unit" prefix="UNT" serialNumber="100018" initNumber="100001" description="&#35745;&#37327;&#21333;&#20301;&#32534;&#21495;" hasDate="0" lastUpdatedStamp="2012-08-19 15:01:20.0" lastUpdatedTxStamp="2012-08-19 15:01:20.0" createdStamp="2012-08-19 15:01:20.0" createdTxStamp="2012-08-19 15:01:20.0"/>
    <TSystemSerialNumber id="9fb59915-b9dd-464c-94af-65b87dfe7cf1" serialDate="20120101" entityName="Customer" prefix="CUST" serialNumber="100001" initNumber="100001" description="&#23458;&#25143;&#32534;&#21495;" hasDate="0" lastUpdatedStamp="2012-08-19 15:01:20.0" lastUpdatedTxStamp="2012-08-19 15:01:20.0" createdStamp="2012-08-19 15:01:20.0" createdTxStamp="2012-08-19 15:01:20.0"/>
    <TSystemSerialNumber id="a90708bf-8ee8-484e-a2ae-076e1f81e38a" serialDate="20120101" entityName="ConsignReturnProduct" prefix="CRP" serialNumber="100001" initNumber="100001" description="&#22996;&#22806;&#36864;&#36135;&#21333;&#32534;&#21495;" hasDate="1" lastUpdatedStamp="2012-08-19 15:01:20.0" lastUpdatedTxStamp="2012-08-19 15:01:20.0" createdStamp="2012-08-19 15:01:20.0" createdTxStamp="2012-08-19 15:01:20.0"/>
    <TSystemSerialNumber id="b28c6cee-1701-4200-8eb2-ae6721c9cbf4" serialDate="20120101" entityName="TMaterial" prefix="MT" serialNumber="100001" initNumber="100001" description="&#29289;&#26009;&#32534;&#21495;" hasDate="0" lastUpdatedStamp="2012-08-19 15:01:20.0" lastUpdatedTxStamp="2012-08-19 15:01:20.0" createdStamp="2012-08-19 15:01:20.0" createdTxStamp="2012-08-19 15:01:20.0"/>
    <TSystemSerialNumber id="b44376e5-6445-47fd-ac77-137c4066d3c3" serialDate="20120101" entityName="Warehouse" prefix="WH" serialNumber="100005" initNumber="100001" description="&#20179;&#24211;&#32534;&#21495;" hasDate="0" lastUpdatedStamp="2012-08-19 15:01:20.0" lastUpdatedTxStamp="2012-08-19 15:01:20.0" createdStamp="2012-08-19 15:01:20.0" createdTxStamp="2012-08-19 15:01:20.0"/>
    <TSystemSerialNumber id="b4e936f8-41a1-4200-90ed-8c7dc389e71a" serialDate="20120829" entityName="WorkshopDrawMaterial" prefix="WDM" serialNumber="100006" initNumber="100001" description="&#21046;&#36896;&#39046;&#26009;&#21333;&#32534;&#21495;" hasDate="1" lastUpdatedStamp="2012-08-29 14:44:47.0" lastUpdatedTxStamp="2012-08-29 14:44:47.0" createdStamp="2012-08-19 15:01:20.0" createdTxStamp="2012-08-19 15:01:20.0"/>
    <TSystemSerialNumber id="b6b1b810-720f-417d-9fb8-2b3f3a9eaee3" serialDate="20120829" entityName="PurchaseWarehousing" prefix="PWS" serialNumber="100067" initNumber="100001" description="&#37319;&#36141;&#20837;&#24211;&#21333;&#32534;&#21495;" hasDate="1" lastUpdatedStamp="2012-08-29 14:50:57.0" lastUpdatedTxStamp="2012-08-29 14:50:57.0" createdStamp="2012-08-19 15:01:20.0" createdTxStamp="2012-08-19 15:01:20.0"/>
    <TSystemSerialNumber id="caca485d-3e34-412e-bac7-5d6377e91d74" serialDate="20120825" entityName="WorkshopReturnMaterial" prefix="WRM" serialNumber="100002" initNumber="100001" description="&#21046;&#36896;&#36864;&#26009;&#21333;&#32534;&#21495;" hasDate="1" lastUpdatedStamp="2012-08-25 15:29:35.0" lastUpdatedTxStamp="2012-08-25 15:29:35.0" createdStamp="2012-08-19 15:01:20.0" createdTxStamp="2012-08-19 15:01:20.0"/>
    <TSystemSerialNumber id="cbdae0dc-d4a2-4e6a-ae00-d19f541b28c3" serialDate="20120101" entityName="TMaterialType" prefix="MTT" serialNumber="100043" initNumber="100001" description="&#29289;&#26009;&#31867;&#21035;&#32534;&#21495;" hasDate="0" lastUpdatedStamp="2012-08-19 15:01:20.0" lastUpdatedTxStamp="2012-08-19 15:01:20.0" createdStamp="2012-08-19 15:01:20.0" createdTxStamp="2012-08-19 15:01:20.0"/>
    <TSystemSerialNumber id="d6549ba2-c2b8-457b-bb87-437787b38624" serialDate="20120101" entityName="WorkshopReturnProduct" prefix="WRP" serialNumber="100001" initNumber="100001" description="&#21046;&#36896;&#36864;&#36135;&#21333;&#32534;&#21495;" hasDate="1" lastUpdatedStamp="2012-08-19 15:01:20.0" lastUpdatedTxStamp="2012-08-19 15:01:20.0" createdStamp="2012-08-19 15:01:20.0" createdTxStamp="2012-08-19 15:01:20.0"/>
    <TSystemSerialNumber id="e77cbcf6-4ccb-46b9-9806-7f1e8f9563f6" serialDate="20120101" entityName="Department" prefix="DPM" serialNumber="100001" initNumber="100001" description="&#37096;&#38376;&#32534;&#21495;" hasDate="0" lastUpdatedStamp="2012-08-19 15:01:20.0" lastUpdatedTxStamp="2012-08-19 15:01:20.0" createdStamp="2012-08-19 15:01:20.0" createdTxStamp="2012-08-19 15:01:20.0"/>
</entity-engine-xml>
