<?xml version="1.0" encoding="UTF-8"?>
<entity-engine-xml>
    <TSystemLogType id="03b10beb-6819-429d-b827-1576f93b5548" number="LOG100112" name="&#29983;&#20135;&#35745;&#21010;" operateType="&#26597;&#30475;" keyWord="getUserPermissions?menuId=productionPlan" valid="0" lastUpdatedStamp="2012-08-19 15:00:47.0" lastUpdatedTxStamp="2012-08-19 15:00:47.0" createdStamp="2012-08-19 15:00:47.0" createdTxStamp="2012-08-19 15:00:47.0"/>
    <TSystemLogType id="074ee937-5165-4e45-b837-eceee6b55631" number="LOG100019" name="BOM&#21333;&#36164;&#26009;&#32500;&#25252;" operateType="&#26597;&#30475;" keyWord="getUserPermissions?menuId=BOMBillInfoMaintaince" valid="0" lastUpdatedStamp="2012-08-19 15:00:47.0" lastUpdatedTxStamp="2012-08-19 15:00:47.0" createdStamp="2012-08-19 15:00:47.0" createdTxStamp="2012-08-19 15:00:47.0"/>
    <TSystemLogType id="08717ee9-2ad5-4a35-8992-8553e635a3d7" number="LOG100075" name="&#22996;&#22806;&#20837;&#24211;" operateType="&#20462;&#25913;" keyWord="updateWithEntry?headEntity=ConsignWarehousing&amp;entryEntity=ConsignWarehousingEntry" valid="1" lastUpdatedStamp="2012-08-19 15:00:47.0" lastUpdatedTxStamp="2012-08-19 15:00:47.0" createdStamp="2012-08-19 15:00:47.0" createdTxStamp="2012-08-19 15:00:47.0"/>
    <TSystemLogType id="0a3e1352-0841-461c-a343-02820a0c0327" number="LOG100083" name="&#22996;&#22806;&#36864;&#36135;" operateType="&#25552;&#20132;" keyWord="submitConsignReturnProduct" valid="1" lastUpdatedStamp="2012-08-19 15:00:47.0" lastUpdatedTxStamp="2012-08-19 15:00:47.0" createdStamp="2012-08-19 15:00:47.0" createdTxStamp="2012-08-19 15:00:47.0"/>
    <TSystemLogType id="0b15e189-2ac8-44c6-9232-3c8d3b332c33" number="LOG100005" name="&#23458;&#25143;&#36164;&#26009;&#32500;&#25252;" operateType="&#26032;&#22686;" keyWord="addnewJsonData?entity=Customer" valid="1" lastUpdatedStamp="2012-08-19 15:00:47.0" lastUpdatedTxStamp="2012-08-19 15:00:47.0" createdStamp="2012-08-19 15:00:47.0" createdTxStamp="2012-08-19 15:00:47.0"/>
    <TSystemLogType id="0c102c8b-b03d-4c68-b089-2a852d6d3792" number="LOG100027" name="&#20179;&#24211;&#31867;&#22411;&#32500;&#25252;" operateType="&#26597;&#30475;" keyWord="getUserPermissions?menuId=WarehousetTypeMaintaince" valid="0" lastUpdatedStamp="2012-08-19 15:00:47.0" lastUpdatedTxStamp="2012-08-19 15:00:47.0" createdStamp="2012-08-19 15:00:47.0" createdTxStamp="2012-08-19 15:00:47.0"/>
    <TSystemLogType id="0d175f5a-cd33-4844-b99d-4d5230554800" number="LOG100021" name="BOM&#21333;&#36164;&#26009;&#32500;&#25252;" operateType="&#26032;&#22686;" keyWord="createWithEntry?headEntity=MaterialBom&amp;entryEntity=MaterialBomEntry" valid="1" lastUpdatedStamp="2012-08-19 15:00:47.0" lastUpdatedTxStamp="2012-08-19 15:00:47.0" createdStamp="2012-08-19 15:00:47.0" createdTxStamp="2012-08-19 15:00:47.0"/>
    <TSystemLogType id="0f429aec-b68d-4784-b24d-8a5675a4cc54" number="LOG100076" name="&#22996;&#22806;&#20837;&#24211;" operateType="&#21024;&#38500;" keyWord="deleteWithEntry?headEntity=ConsignWarehousing&amp;entryEntity=ConsignWarehousingEntry" valid="1" lastUpdatedStamp="2012-08-19 15:00:47.0" lastUpdatedTxStamp="2012-08-19 15:00:47.0" createdStamp="2012-08-19 15:00:47.0" createdTxStamp="2012-08-19 15:00:47.0"/>
    <TSystemLogType id="0fa0697d-9024-406b-91c2-48dee20789b0" number="LOG100064" name="&#22996;&#22806;&#39046;&#26009;" operateType="&#21024;&#38500;" keyWord="deleteWithEntry?headEntity=ConsignDrawMaterial&amp;entryEntity=ConsignDrawMaterialEntry" valid="1" lastUpdatedStamp="2012-08-19 15:00:47.0" lastUpdatedTxStamp="2012-08-19 15:00:47.0" createdStamp="2012-08-19 15:00:47.0" createdTxStamp="2012-08-19 15:00:47.0"/>
    <TSystemLogType id="0fcaf6f3-37ca-4d59-a63e-6253217e14b2" number="LOG100041" name="&#29992;&#25143;&#31649;&#29702;" operateType="&#20462;&#25913;" keyWord="updateUserLogin" valid="1" lastUpdatedStamp="2012-08-19 15:00:47.0" lastUpdatedTxStamp="2012-08-19 15:00:47.0" createdStamp="2012-08-19 15:00:47.0" createdTxStamp="2012-08-19 15:00:47.0"/>
    <TSystemLogType id="12c0f064-9361-419f-8d72-97a32d786bd5" number="LOG100071" name="&#22996;&#22806;&#36864;&#26009;" operateType="&#25552;&#20132;" keyWord="submitConsignReturnMaterial" valid="1" lastUpdatedStamp="2012-08-19 15:00:47.0" lastUpdatedTxStamp="2012-08-19 15:00:47.0" createdStamp="2012-08-19 15:00:47.0" createdTxStamp="2012-08-19 15:00:47.0"/>
    <TSystemLogType id="14de8128-fa17-43b6-8c12-1f28916216bb" number="LOG100039" name="&#29992;&#25143;&#31649;&#29702;" operateType="&#26597;&#30475;" keyWord="getUserPermissions?menuId=userManagement" valid="0" lastUpdatedStamp="2012-08-19 15:00:47.0" lastUpdatedTxStamp="2012-08-19 15:00:47.0" createdStamp="2012-08-19 15:00:47.0" createdTxStamp="2012-08-19 15:00:47.0"/>
    <TSystemLogType id="165ab4bb-9c59-4378-b127-7c43d29926e6" number="LOG100107" name="&#21046;&#36896;&#36864;&#36135;" operateType="&#25552;&#20132;" keyWord="submitWorkshopReturnProduct" valid="1" lastUpdatedStamp="2012-08-19 15:00:47.0" lastUpdatedTxStamp="2012-08-19 15:00:47.0" createdStamp="2012-08-19 15:00:47.0" createdTxStamp="2012-08-19 15:00:47.0"/>
    <TSystemLogType id="16cd1072-73a0-4bff-ad38-5401beef8483" number="LOG100063" name="&#22996;&#22806;&#39046;&#26009;" operateType="&#20462;&#25913;" keyWord="updateWithEntry?headEntity=ConsignDrawMaterial&amp;entryEntity=ConsignDrawMaterialEntry" valid="1" lastUpdatedStamp="2012-08-19 15:00:47.0" lastUpdatedTxStamp="2012-08-19 15:00:47.0" createdStamp="2012-08-19 15:00:47.0" createdTxStamp="2012-08-19 15:00:47.0"/>
    <TSystemLogType id="1cc982b1-04ae-401f-b97e-2f6eaf3a2a48" number="LOG100038" name="&#36710;&#38388;&#36164;&#26009;&#32500;&#25252;" operateType="&#21024;&#38500;" keyWord="deleteJsonData?entity=Workshop" valid="1" lastUpdatedStamp="2012-08-19 15:00:47.0" lastUpdatedTxStamp="2012-08-19 15:00:47.0" createdStamp="2012-08-19 15:00:47.0" createdTxStamp="2012-08-19 15:00:47.0"/>
    <TSystemLogType id="1e115805-7778-411b-a6a7-5d1b51979eb7" number="LOG100011" name="&#26009;&#21697;&#36164;&#26009;&#32500;&#25252;" operateType="&#26597;&#30475;" keyWord="getUserPermissions?menuId=materialInfoMaintaince" valid="0" lastUpdatedStamp="2012-08-19 15:00:47.0" lastUpdatedTxStamp="2012-08-19 15:00:47.0" createdStamp="2012-08-19 15:00:47.0" createdTxStamp="2012-08-19 15:00:47.0"/>
    <TSystemLogType id="20854a7c-cd58-4bed-90c8-56db06ddd7c9" number="LOG100057" name="&#37319;&#36141;&#36864;&#36135;" operateType="&#20462;&#25913;" keyWord="updateWithEntry?headEntity=PurchaseReturn&amp;entryEntity=PurchaseReturnEntry" valid="1" lastUpdatedStamp="2012-08-19 15:00:47.0" lastUpdatedTxStamp="2012-08-19 15:00:47.0" createdStamp="2012-08-19 15:00:47.0" createdTxStamp="2012-08-19 15:00:47.0"/>
    <TSystemLogType id="2174d93a-ae09-4e5d-9820-ee3fbc08cfed" number="LOG100009" name="&#20179;&#24211;&#36164;&#26009;&#32500;&#25252;" operateType="&#26032;&#22686;" keyWord="addnewJsonData?entity=Warehouse" valid="1" lastUpdatedStamp="2012-08-19 15:00:47.0" lastUpdatedTxStamp="2012-08-19 15:00:47.0" createdStamp="2012-08-19 15:00:47.0" createdTxStamp="2012-08-19 15:00:47.0"/>
    <TSystemLogType id="23839713-cb31-4040-a0c7-7b59a286412b" number="LOG100020" name="BOM&#21333;&#36164;&#26009;&#32500;&#25252;" operateType="&#20462;&#25913;" keyWord="updateWithEntry?headEntity=MaterialBom&amp;entryEntity=MaterialBomEntry" valid="1" lastUpdatedStamp="2012-08-19 15:00:47.0" lastUpdatedTxStamp="2012-08-19 15:00:47.0" createdStamp="2012-08-19 15:00:47.0" createdTxStamp="2012-08-19 15:00:47.0"/>
    <TSystemLogType id="2a43d1ea-cc50-485f-9a2f-fe0193acddd2" number="LOG100025" name="&#35745;&#37327;&#21333;&#20301;&#32500;&#25252;" operateType="&#26032;&#22686;" keyWord="addnewJsonData?entity=Unit" valid="1" lastUpdatedStamp="2012-08-19 15:00:47.0" lastUpdatedTxStamp="2012-08-19 15:00:47.0" createdStamp="2012-08-19 15:00:47.0" createdTxStamp="2012-08-19 15:00:47.0"/>
    <TSystemLogType id="2acc2298-5c48-4d93-8526-f1db1823dc0a" number="LOG100036" name="&#36710;&#38388;&#36164;&#26009;&#32500;&#25252;" operateType="&#20462;&#25913;" keyWord="updateJsonData?entity=Workshop" valid="1" lastUpdatedStamp="2012-08-19 15:00:47.0" lastUpdatedTxStamp="2012-08-19 15:00:47.0" createdStamp="2012-08-19 15:00:47.0" createdTxStamp="2012-08-19 15:00:47.0"/>
    <TSystemLogType id="3193cf45-dfcb-4170-ac75-9679180b4cf4" number="LOG100098" name="&#21046;&#36896;&#20837;&#24211;" operateType="&#26032;&#22686;" keyWord="createWithEntry?headEntity=WorkshopWarehousing&amp;entryEntity=WorkshopWarehousingEntry" valid="1" lastUpdatedStamp="2012-08-19 15:00:47.0" lastUpdatedTxStamp="2012-08-19 15:00:47.0" createdStamp="2012-08-19 15:00:47.0" createdTxStamp="2012-08-19 15:00:47.0"/>
    <TSystemLogType id="32174c58-a02d-4297-b652-8bc9b1667ce2" number="LOG100045" name="&#37319;&#36141;&#21333;&#31649;&#29702;" operateType="&#20462;&#25913;" keyWord="updateWithEntry?headEntity=PurchaseBill&amp;entryEntity=PurchaseBillEntry" valid="1" lastUpdatedStamp="2012-08-19 15:00:47.0" lastUpdatedTxStamp="2012-08-19 15:00:47.0" createdStamp="2012-08-19 15:00:47.0" createdTxStamp="2012-08-19 15:00:47.0"/>
    <TSystemLogType id="39594cdd-b4da-499d-9f6f-1680e02e8066" number="LOG100040" name="&#29992;&#25143;&#31649;&#29702;" operateType="&#26032;&#22686;" keyWord="createUserLogin" valid="1" lastUpdatedStamp="2012-08-19 15:00:47.0" lastUpdatedTxStamp="2012-08-19 15:00:47.0" createdStamp="2012-08-19 15:00:47.0" createdTxStamp="2012-08-19 15:00:47.0"/>
    <TSystemLogType id="39bf5925-dd96-4fbb-8350-b7a3c694aab6" number="LOG100101" name="&#21046;&#36896;&#20837;&#24211;" operateType="&#25552;&#20132;" keyWord="submitWorkshopWarehousing" valid="1" lastUpdatedStamp="2012-08-19 15:00:47.0" lastUpdatedTxStamp="2012-08-19 15:00:47.0" createdStamp="2012-08-19 15:00:47.0" createdTxStamp="2012-08-19 15:00:47.0"/>
    <TSystemLogType id="40d86b34-09e2-4c74-aad1-e4f96a5403ff" number="LOG100029" name="&#20179;&#24211;&#31867;&#22411;&#32500;&#25252;" operateType="&#26032;&#22686;" keyWord="addnewJsonData?entity=WarehouseType" valid="1" lastUpdatedStamp="2012-08-19 15:00:47.0" lastUpdatedTxStamp="2012-08-19 15:00:47.0" createdStamp="2012-08-19 15:00:47.0" createdTxStamp="2012-08-19 15:00:47.0"/>
    <TSystemLogType id="463a1426-0033-4d8a-8c2b-5a02041f8c15" number="LOG100013" name="&#26009;&#21697;&#36164;&#26009;&#32500;&#25252;" operateType="&#26032;&#22686;" keyWord="addnewJsonData?entity=TMaterial" valid="1" lastUpdatedStamp="2012-08-19 15:00:47.0" lastUpdatedTxStamp="2012-08-19 15:00:47.0" createdStamp="2012-08-19 15:00:47.0" createdTxStamp="2012-08-19 15:00:47.0"/>
    <TSystemLogType id="4a4b9911-6cb4-4bd9-b627-a478af1f7092" number="LOG100049" name="&#37319;&#36141;&#20837;&#24211;" operateType="&#26597;&#30475;" keyWord="getUserPermissions?menuId=purchaseWarehousing" valid="0" lastUpdatedStamp="2012-08-19 15:00:47.0" lastUpdatedTxStamp="2012-08-19 15:00:47.0" createdStamp="2012-08-19 15:00:47.0" createdTxStamp="2012-08-19 15:00:47.0"/>
    <TSystemLogType id="4b38b647-47f7-48b7-b685-66070c3b3159" number="LOG100088" name="&#21046;&#36896;&#39046;&#26009;" operateType="&#21024;&#38500;" keyWord="deleteWithEntry?headEntity=WorkshopDrawMaterial&amp;entryEntity=WorkshopDrawMaterialEntry" valid="1" lastUpdatedStamp="2012-08-19 15:00:47.0" lastUpdatedTxStamp="2012-08-19 15:00:47.0" createdStamp="2012-08-19 15:00:47.0" createdTxStamp="2012-08-19 15:00:47.0"/>
    <TSystemLogType id="4e8cc038-fc13-4fa0-9cda-b27c7cbf63ca" number="LOG100092" name="&#21046;&#36896;&#36864;&#26009;" operateType="&#26032;&#22686;" keyWord="createWithEntry?headEntity=WorkshopReturnMaterial&amp;entryEntity=WorkshopReturnMaterialEntry" valid="1" lastUpdatedStamp="2012-08-19 15:00:47.0" lastUpdatedTxStamp="2012-08-19 15:00:47.0" createdStamp="2012-08-19 15:00:47.0" createdTxStamp="2012-08-19 15:00:47.0"/>
    <TSystemLogType id="4f03b3ce-a54f-4fc2-8808-94bc07f499ab" number="LOG100115" name="&#21457;&#22806;&#21152;&#24037;&#23545;&#25968;&#34920;" operateType="&#26597;&#30475;" keyWord="getUserPermissions?menuId=consignProcessMatchingReport" valid="0" lastUpdatedStamp="2012-08-19 15:00:47.0" lastUpdatedTxStamp="2012-08-19 15:00:47.0" createdStamp="2012-08-19 15:00:47.0" createdTxStamp="2012-08-19 15:00:47.0"/>
    <TSystemLogType id="5012f2db-090e-47eb-97e8-258eacc3536e" number="LOG100031" name="&#20379;&#24212;&#21830;&#36164;&#26009;&#32500;&#25252;" operateType="&#26597;&#30475;" keyWord="getUserPermissions?menuId=SupplierMaintaince" valid="0" lastUpdatedStamp="2012-08-19 15:00:47.0" lastUpdatedTxStamp="2012-08-19 15:00:47.0" createdStamp="2012-08-19 15:00:47.0" createdTxStamp="2012-08-19 15:00:47.0"/>
    <TSystemLogType id="50a3839a-fecf-49be-b4dc-5a45780f7f2b" number="LOG100109" name="&#23384;&#36135;&#26680;&#31639;" operateType="&#26597;&#30475;" keyWord="getUserPermissions?menuId=stockSettle" valid="0" lastUpdatedStamp="2012-08-19 15:00:47.0" lastUpdatedTxStamp="2012-08-19 15:00:47.0" createdStamp="2012-08-19 15:00:47.0" createdTxStamp="2012-08-19 15:00:47.0"/>
    <TSystemLogType id="50de6816-ac9d-476b-8300-b71563c64812" number="LOG100001" name="&#20179;&#24211;&#31649;&#29702;" operateType="&#30331;&#24405;" keyWord="checkLogin" valid="1" lastUpdatedStamp="2012-08-19 15:00:47.0" lastUpdatedTxStamp="2012-08-19 15:00:47.0" createdStamp="2012-08-19 15:00:47.0" createdTxStamp="2012-08-19 15:00:47.0"/>
    <TSystemLogType id="516f53f8-3799-4819-b9cc-69d27cfdbaba" number="LOG100024" name="&#35745;&#37327;&#21333;&#20301;&#32500;&#25252;" operateType="&#20462;&#25913;" keyWord="updateJsonData?entity=Unit" valid="1" lastUpdatedStamp="2012-08-19 15:00:47.0" lastUpdatedTxStamp="2012-08-19 15:00:47.0" createdStamp="2012-08-19 15:00:47.0" createdTxStamp="2012-08-19 15:00:47.0"/>
    <TSystemLogType id="51fb6a69-9293-411a-9e27-f7fe47075dee" number="LOG100034" name="&#20379;&#24212;&#21830;&#36164;&#26009;&#32500;&#25252;" operateType="&#21024;&#38500;" keyWord="deleteJsonData?entity=Supplier" valid="1" lastUpdatedStamp="2012-08-19 15:00:47.0" lastUpdatedTxStamp="2012-08-19 15:00:47.0" createdStamp="2012-08-19 15:00:47.0" createdTxStamp="2012-08-19 15:00:47.0"/>
    <TSystemLogType id="58ec0648-5c47-40c6-8fb5-35a101d5ae6c" number="LOG100016" name="&#37096;&#38376;&#36164;&#26009;&#32500;&#25252;" operateType="&#20462;&#25913;" keyWord="updateJsonData?entity=Department" valid="1" lastUpdatedStamp="2012-08-19 15:00:47.0" lastUpdatedTxStamp="2012-08-19 15:00:47.0" createdStamp="2012-08-19 15:00:47.0" createdTxStamp="2012-08-19 15:00:47.0"/>
    <TSystemLogType id="5a2af503-08b8-4648-b8d2-a44f1e5254b3" number="LOG100052" name="&#37319;&#36141;&#20837;&#24211;" operateType="&#21024;&#38500;" keyWord="deleteWithEntry?headEntity=PurchaseWarehousing&amp;entryEntity=PurchaseWarehousingEntry" valid="1" lastUpdatedStamp="2012-08-19 15:00:47.0" lastUpdatedTxStamp="2012-08-19 15:00:47.0" createdStamp="2012-08-19 15:00:47.0" createdTxStamp="2012-08-19 15:00:47.0"/>
    <TSystemLogType id="5dd87d47-7b29-441c-81fc-272d26b8c96d" number="LOG100042" name="&#29992;&#25143;&#31649;&#29702;" operateType="&#21024;&#38500;" keyWord="deleteUserLogin" valid="1" lastUpdatedStamp="2012-08-19 15:00:47.0" lastUpdatedTxStamp="2012-08-19 15:00:47.0" createdStamp="2012-08-19 15:00:47.0" createdTxStamp="2012-08-19 15:00:47.0"/>
    <TSystemLogType id="5e774538-f62d-4f43-a2d4-df6611bd6598" number="LOG100067" name="&#22996;&#22806;&#36864;&#26009;" operateType="&#26597;&#30475;" keyWord="getUserPermissions?menuId=consignReturnMaterial" valid="0" lastUpdatedStamp="2012-08-19 15:00:47.0" lastUpdatedTxStamp="2012-08-19 15:00:47.0" createdStamp="2012-08-19 15:00:47.0" createdTxStamp="2012-08-19 15:00:47.0"/>
    <TSystemLogType id="646c14b6-35f5-455d-9062-7fe03b53b87a" number="LOG100007" name="&#20179;&#24211;&#36164;&#26009;&#32500;&#25252;" operateType="&#26597;&#30475;" keyWord="getUserPermissions?menuId=warehouseInfoMaintaince" valid="0" lastUpdatedStamp="2012-08-19 15:00:47.0" lastUpdatedTxStamp="2012-08-19 15:00:47.0" createdStamp="2012-08-19 15:00:47.0" createdTxStamp="2012-08-19 15:00:47.0"/>
    <TSystemLogType id="64b9d099-948b-40a3-8bce-57def5bdb19a" number="LOG100099" name="&#21046;&#36896;&#20837;&#24211;" operateType="&#20462;&#25913;" keyWord="updateWithEntry?headEntity=WorkshopWarehousing&amp;entryEntity=WorkshopWarehousingEntry" valid="1" lastUpdatedStamp="2012-08-19 15:00:47.0" lastUpdatedTxStamp="2012-08-19 15:00:47.0" createdStamp="2012-08-19 15:00:47.0" createdTxStamp="2012-08-19 15:00:47.0"/>
    <TSystemLogType id="69947ec7-77a4-49bd-9361-0f66730169aa" number="LOG100085" name="&#21046;&#36896;&#39046;&#26009;" operateType="&#26597;&#30475;" keyWord="getUserPermissions?menuId=workshopDrawMaterial" valid="0" lastUpdatedStamp="2012-08-19 15:00:47.0" lastUpdatedTxStamp="2012-08-19 15:00:47.0" createdStamp="2012-08-19 15:00:47.0" createdTxStamp="2012-08-19 15:00:47.0"/>
    <TSystemLogType id="6b271159-b802-40cd-92b0-14ad5456cecd" number="LOG100095" name="&#21046;&#36896;&#36864;&#26009;" operateType="&#25552;&#20132;" keyWord="submitWorkshopReturnMaterial" valid="1" lastUpdatedStamp="2012-08-19 15:00:47.0" lastUpdatedTxStamp="2012-08-19 15:00:47.0" createdStamp="2012-08-19 15:00:47.0" createdTxStamp="2012-08-19 15:00:47.0"/>
    <TSystemLogType id="6ba2a659-fea2-4c02-8123-f28ed3c342f7" number="LOG100050" name="&#37319;&#36141;&#20837;&#24211;" operateType="&#26032;&#22686;" keyWord="createWithEntry?headEntity=PurchaseWarehousing&amp;entryEntity=PurchaseWarehousingEntry" valid="1" lastUpdatedStamp="2012-08-19 15:00:47.0" lastUpdatedTxStamp="2012-08-19 15:00:47.0" createdStamp="2012-08-19 15:00:47.0" createdTxStamp="2012-08-19 15:00:47.0"/>
    <TSystemLogType id="6e72a289-e871-4d98-870a-301f11173cf2" number="LOG100070" name="&#22996;&#22806;&#36864;&#26009;" operateType="&#21024;&#38500;" keyWord="deleteWithEntry?headEntity=ConsignReturnMaterial&amp;entryEntity=ConsignReturnMaterialEntry" valid="1" lastUpdatedStamp="2012-08-19 15:00:47.0" lastUpdatedTxStamp="2012-08-19 15:00:47.0" createdStamp="2012-08-19 15:00:47.0" createdTxStamp="2012-08-19 15:00:47.0"/>
    <TSystemLogType id="6e7e1f96-bfd1-45d0-b937-0a2e57a80927" number="LOG100015" name="&#37096;&#38376;&#36164;&#26009;&#32500;&#25252;" operateType="&#26597;&#30475;" keyWord="getUserPermissions?menuId=departmentInfoMaintaince" valid="0" lastUpdatedStamp="2012-08-19 15:00:47.0" lastUpdatedTxStamp="2012-08-19 15:00:47.0" createdStamp="2012-08-19 15:00:47.0" createdTxStamp="2012-08-19 15:00:47.0"/>
    <TSystemLogType id="6fc45963-7c65-4a25-a3ef-8b88e9dae210" number="LOG100056" name="&#37319;&#36141;&#36864;&#36135;" operateType="&#26032;&#22686;" keyWord="createWithEntry?headEntity=PurchaseReturn&amp;entryEntity=PurchaseReturnEntry" valid="1" lastUpdatedStamp="2012-08-19 15:00:47.0" lastUpdatedTxStamp="2012-08-19 15:00:47.0" createdStamp="2012-08-19 15:00:47.0" createdTxStamp="2012-08-19 15:00:47.0"/>
    <TSystemLogType id="7089e6c4-c91e-455e-9fdf-91646a52704b" number="LOG100053" name="&#37319;&#36141;&#20837;&#24211;" operateType="&#25552;&#20132;" keyWord="submitInspective" valid="1" lastUpdatedStamp="2012-08-19 15:00:47.0" lastUpdatedTxStamp="2012-08-19 15:00:47.0" createdStamp="2012-08-19 15:00:47.0" createdTxStamp="2012-08-19 15:00:47.0"/>
    <TSystemLogType id="70c896b4-58b0-40c8-9c5e-58b927b12a1c" number="LOG100066" name="&#22996;&#22806;&#39046;&#26009;" operateType="&#25764;&#38144;" keyWord="rollbackConsignDramMaterial" valid="1" lastUpdatedStamp="2012-08-19 15:00:47.0" lastUpdatedTxStamp="2012-08-19 15:00:47.0" createdStamp="2012-08-19 15:00:47.0" createdTxStamp="2012-08-19 15:00:47.0"/>
    <TSystemLogType id="70fd4063-ba58-4c51-909c-ce91f3224f9e" number="LOG100044" name="&#37319;&#36141;&#21333;&#31649;&#29702;" operateType="&#26032;&#22686;" keyWord="createWithEntry?headEntity=PurchaseBill&amp;entryEntity=PurchaseBillEntry" valid="1" lastUpdatedStamp="2012-08-19 15:00:47.0" lastUpdatedTxStamp="2012-08-19 15:00:47.0" createdStamp="2012-08-19 15:00:47.0" createdTxStamp="2012-08-19 15:00:47.0"/>
    <TSystemLogType id="72ae7234-1ccb-4c6a-8ace-0b4b7be699bc" number="LOG100074" name="&#22996;&#22806;&#20837;&#24211;" operateType="&#26032;&#22686;" keyWord="createWithEntry?headEntity=ConsignWarehousing&amp;entryEntity=ConsignWarehousingEntry" valid="1" lastUpdatedStamp="2012-08-19 15:00:47.0" lastUpdatedTxStamp="2012-08-19 15:00:47.0" createdStamp="2012-08-19 15:00:47.0" createdTxStamp="2012-08-19 15:00:47.0"/>
    <TSystemLogType id="73882daf-fc1c-4925-9e08-168b734b6378" number="LOG100110" name="&#23384;&#36135;&#26680;&#31639;" operateType="&#32467;&#31639;" keyWord="monthlySettle" valid="1" lastUpdatedStamp="2012-08-19 15:00:47.0" lastUpdatedTxStamp="2012-08-19 15:00:47.0" createdStamp="2012-08-19 15:00:47.0" createdTxStamp="2012-08-19 15:00:47.0"/>
    <TSystemLogType id="761b1b1a-04e6-4673-afa7-25e0b2744519" number="LOG100068" name="&#22996;&#22806;&#36864;&#26009;" operateType="&#26032;&#22686;" keyWord="createWithEntry?headEntity=ConsignReturnMaterial&amp;entryEntity=ConsignReturnMaterialEntry" valid="1" lastUpdatedStamp="2012-08-19 15:00:47.0" lastUpdatedTxStamp="2012-08-19 15:00:47.0" createdStamp="2012-08-19 15:00:47.0" createdTxStamp="2012-08-19 15:00:47.0"/>
    <TSystemLogType id="773b96b4-7b0d-43d9-b370-5238c697a185" number="LOG100061" name="&#22996;&#22806;&#39046;&#26009;" operateType="&#26597;&#30475;" keyWord="getUserPermissions?menuId=consignDrawMaterial" valid="0" lastUpdatedStamp="2012-08-19 15:00:47.0" lastUpdatedTxStamp="2012-08-19 15:00:47.0" createdStamp="2012-08-19 15:00:47.0" createdTxStamp="2012-08-19 15:00:47.0"/>
    <TSystemLogType id="7768b6b8-301d-4dc4-ac31-14fad14a1606" number="LOG100059" name="&#37319;&#36141;&#36864;&#36135;" operateType="&#25552;&#20132;" keyWord="submitPurchaseReturn" valid="1" lastUpdatedStamp="2012-08-19 15:00:47.0" lastUpdatedTxStamp="2012-08-19 15:00:47.0" createdStamp="2012-08-19 15:00:47.0" createdTxStamp="2012-08-19 15:00:47.0"/>
    <TSystemLogType id="7b7f57f6-1092-40c1-987b-ebe620dfd441" number="LOG100118" name="&#26085;&#24535;&#31649;&#29702;" operateType="&#26597;&#30475;" keyWord="getUserPermissions?menuId=logManagement" valid="0" lastUpdatedStamp="2012-08-19 15:00:47.0" lastUpdatedTxStamp="2012-08-19 15:00:47.0" createdStamp="2012-08-19 15:00:47.0" createdTxStamp="2012-08-19 15:00:47.0"/>
    <TSystemLogType id="7d9d1bb5-becd-4866-b5b9-32349491587f" number="LOG100046" name="&#37319;&#36141;&#21333;&#31649;&#29702;" operateType="&#21024;&#38500;" keyWord="deleteWithEntry?headEntity=PurchaseBill&amp;entryEntity=PurchaseBillEntry" valid="1" lastUpdatedStamp="2012-08-19 15:00:47.0" lastUpdatedTxStamp="2012-08-19 15:00:47.0" createdStamp="2012-08-19 15:00:47.0" createdTxStamp="2012-08-19 15:00:47.0"/>
    <TSystemLogType id="7df7d543-d8d9-49c9-9fe9-eb613679e5c6" number="LOG100117" name="&#25104;&#21697;&#25253;&#34920;" operateType="&#26597;&#30475;" keyWord="getUserPermissions?menuId=productReport" valid="0" lastUpdatedStamp="2012-08-19 15:00:47.0" lastUpdatedTxStamp="2012-08-19 15:00:47.0" createdStamp="2012-08-19 15:00:47.0" createdTxStamp="2012-08-19 15:00:47.0"/>
    <TSystemLogType id="7f4b3e3b-e1a8-4d90-965b-7ba2a696f710" number="LOG100102" name="&#21046;&#36896;&#20837;&#24211;" operateType="&#25764;&#38144;" keyWord="rollbackWorkshopWarehousing" valid="1" lastUpdatedStamp="2012-08-19 15:00:47.0" lastUpdatedTxStamp="2012-08-19 15:00:47.0" createdStamp="2012-08-19 15:00:47.0" createdTxStamp="2012-08-19 15:00:47.0"/>
    <TSystemLogType id="818ebd3a-318d-4dea-8f04-e222ed60ae23" number="LOG100043" name="&#37319;&#36141;&#21333;&#31649;&#29702;" operateType="&#26597;&#30475;" keyWord="getUserPermissions?menuId=purchaseBillManagement" valid="0" lastUpdatedStamp="2012-08-19 15:00:47.0" lastUpdatedTxStamp="2012-08-19 15:00:47.0" createdStamp="2012-08-19 15:00:47.0" createdTxStamp="2012-08-19 15:00:47.0"/>
    <TSystemLogType id="83288bed-4375-4961-bd02-ba25894e184c" number="LOG100048" name="&#37319;&#36141;&#21333;&#31649;&#29702;" operateType="&#21453;&#23457;&#26680;" keyWord="/unauditPurchaseBill" valid="1" lastUpdatedStamp="2012-08-19 15:00:47.0" lastUpdatedTxStamp="2012-08-19 15:00:47.0" createdStamp="2012-08-19 15:00:47.0" createdTxStamp="2012-08-19 15:00:47.0"/>
    <TSystemLogType id="843e163d-d6d3-4424-9067-4cbeb9b52bc7" number="LOG100006" name="&#23458;&#25143;&#36164;&#26009;&#32500;&#25252;" operateType="&#21024;&#38500;" keyWord="deleteJsonData?entity=Customer" valid="1" lastUpdatedStamp="2012-08-19 15:00:47.0" lastUpdatedTxStamp="2012-08-19 15:00:47.0" createdStamp="2012-08-19 15:00:47.0" createdTxStamp="2012-08-19 15:00:47.0"/>
    <TSystemLogType id="84779f64-06df-44b0-ad97-4e4211e2ac7a" number="LOG100014" name="&#26009;&#21697;&#36164;&#26009;&#32500;&#25252;" operateType="&#21024;&#38500;" keyWord="deleteJsonData?entity=TMaterial" valid="1" lastUpdatedStamp="2012-08-19 15:00:47.0" lastUpdatedTxStamp="2012-08-19 15:00:47.0" createdStamp="2012-08-19 15:00:47.0" createdTxStamp="2012-08-19 15:00:47.0"/>
    <TSystemLogType id="88104be3-0ac3-435d-9d35-7ce1628dd6ad" number="LOG100017" name="&#37096;&#38376;&#36164;&#26009;&#32500;&#25252;" operateType="&#26032;&#22686;" keyWord="addnewJsonData?entity=Department" valid="1" lastUpdatedStamp="2012-08-19 15:00:47.0" lastUpdatedTxStamp="2012-08-19 15:00:47.0" createdStamp="2012-08-19 15:00:47.0" createdTxStamp="2012-08-19 15:00:47.0"/>
    <TSystemLogType id="88ae3680-efa2-461e-a563-695dbe8f4ecd" number="LOG100060" name="&#37319;&#36141;&#36864;&#36135;" operateType="&#25764;&#38144;" keyWord="rollbackPurchaseReturn" valid="1" lastUpdatedStamp="2012-08-19 15:00:47.0" lastUpdatedTxStamp="2012-08-19 15:00:47.0" createdStamp="2012-08-19 15:00:47.0" createdTxStamp="2012-08-19 15:00:47.0"/>
    <TSystemLogType id="891d923c-4c36-4fec-846d-341f174e82a0" number="LOG100078" name="&#22996;&#22806;&#20837;&#24211;" operateType="&#25764;&#38144;" keyWord="rollbackConsignWarehousing" valid="1" lastUpdatedStamp="2012-08-19 15:00:47.0" lastUpdatedTxStamp="2012-08-19 15:00:47.0" createdStamp="2012-08-19 15:00:47.0" createdTxStamp="2012-08-19 15:00:47.0"/>
    <TSystemLogType id="8c846a5b-973a-4f2e-904d-ce2e69e74549" number="LOG100054" name="&#37319;&#36141;&#20837;&#24211;" operateType="&#25764;&#38144;" keyWord="rollbackInspective" valid="1" lastUpdatedStamp="2012-08-19 15:00:47.0" lastUpdatedTxStamp="2012-08-19 15:00:47.0" createdStamp="2012-08-19 15:00:47.0" createdTxStamp="2012-08-19 15:00:47.0"/>
    <TSystemLogType id="8d092bc1-7445-47eb-b7d5-e0b89a2398b7" number="LOG100097" name="&#21046;&#36896;&#20837;&#24211;" operateType="&#26597;&#30475;" keyWord="getUserPermissions?menuId=workshopWarehousing" valid="0" lastUpdatedStamp="2012-08-19 15:00:47.0" lastUpdatedTxStamp="2012-08-19 15:00:47.0" createdStamp="2012-08-19 15:00:47.0" createdTxStamp="2012-08-19 15:00:47.0"/>
    <TSystemLogType id="94de3cba-a2af-4769-9a43-3358ffa782cf" number="LOG100008" name="&#20179;&#24211;&#36164;&#26009;&#32500;&#25252;" operateType="&#20462;&#25913;" keyWord="updateJsonData?entity=Warehouse" valid="1" lastUpdatedStamp="2012-08-19 15:00:47.0" lastUpdatedTxStamp="2012-08-19 15:00:47.0" createdStamp="2012-08-19 15:00:47.0" createdTxStamp="2012-08-19 15:00:47.0"/>
    <TSystemLogType id="98b50b06-0aa7-4a9d-9c44-07ec2bf61060" number="LOG100022" name="BOM&#21333;&#36164;&#26009;&#32500;&#25252;" operateType="&#21024;&#38500;" keyWord="deleteWithEntry?headEntity=MaterialBom&amp;entryEntity=MaterialBomEntry" valid="1" lastUpdatedStamp="2012-08-19 15:00:47.0" lastUpdatedTxStamp="2012-08-19 15:00:47.0" createdStamp="2012-08-19 15:00:47.0" createdTxStamp="2012-08-19 15:00:47.0"/>
    <TSystemLogType id="995126ac-d664-4d27-85a9-a814c51ed051" number="LOG100055" name="&#37319;&#36141;&#36864;&#36135;" operateType="&#26597;&#30475;" keyWord="getUserPermissions?menuId=purchaseReturn" valid="0" lastUpdatedStamp="2012-08-19 15:00:47.0" lastUpdatedTxStamp="2012-08-19 15:00:47.0" createdStamp="2012-08-19 15:00:47.0" createdTxStamp="2012-08-19 15:00:47.0"/>
    <TSystemLogType id="9b98fc90-f1e9-4bb7-8cab-6ecd51a6c90e" number="LOG100073" name="&#22996;&#22806;&#20837;&#24211;" operateType="&#26597;&#30475;" keyWord="getUserPermissions?menuId=consignWarehousing" valid="0" lastUpdatedStamp="2012-08-19 15:00:47.0" lastUpdatedTxStamp="2012-08-19 15:00:47.0" createdStamp="2012-08-19 15:00:47.0" createdTxStamp="2012-08-19 15:00:47.0"/>
    <TSystemLogType id="9bfb60ed-9f59-460f-a167-0005af646e18" number="LOG100065" name="&#22996;&#22806;&#39046;&#26009;" operateType="&#25552;&#20132;" keyWord="submitConsignDramMaterial" valid="1" lastUpdatedStamp="2012-08-19 15:00:47.0" lastUpdatedTxStamp="2012-08-19 15:00:47.0" createdStamp="2012-08-19 15:00:47.0" createdTxStamp="2012-08-19 15:00:47.0"/>
    <TSystemLogType id="9c7ce006-7ca9-4815-8e11-d13491ed996d" number="LOG100069" name="&#22996;&#22806;&#36864;&#26009;" operateType="&#20462;&#25913;" keyWord="updateWithEntry?headEntity=ConsignReturnMaterial&amp;entryEntity=ConsignReturnMaterialEntry" valid="1" lastUpdatedStamp="2012-08-19 15:00:47.0" lastUpdatedTxStamp="2012-08-19 15:00:47.0" createdStamp="2012-08-19 15:00:47.0" createdTxStamp="2012-08-19 15:00:47.0"/>
    <TSystemLogType id="a2abed3e-2188-4ae6-b37f-6db07fa1417b" number="LOG100086" name="&#21046;&#36896;&#39046;&#26009;" operateType="&#26032;&#22686;" keyWord="createWithEntry?headEntity=WorkshopDrawMaterial&amp;entryEntity=WorkshopDrawMaterialEntry" valid="1" lastUpdatedStamp="2012-08-19 15:00:47.0" lastUpdatedTxStamp="2012-08-19 15:00:47.0" createdStamp="2012-08-19 15:00:47.0" createdTxStamp="2012-08-19 15:00:47.0"/>
    <TSystemLogType id="a54e114d-54ba-4039-aeef-cbe4e99623bf" number="LOG100079" name="&#22996;&#22806;&#36864;&#36135;" operateType="&#26597;&#30475;" keyWord="getUserPermissions?menuId=consignReturnProduct" valid="0" lastUpdatedStamp="2012-08-19 15:00:47.0" lastUpdatedTxStamp="2012-08-19 15:00:47.0" createdStamp="2012-08-19 15:00:47.0" createdTxStamp="2012-08-19 15:00:47.0"/>
    <TSystemLogType id="a6aef9a7-1d86-4e30-8f55-27283fa7d4fb" number="LOG100030" name="&#20179;&#24211;&#31867;&#22411;&#32500;&#25252;" operateType="&#21024;&#38500;" keyWord="deleteJsonData?entity=WarehouseType" valid="1" lastUpdatedStamp="2012-08-19 15:00:47.0" lastUpdatedTxStamp="2012-08-19 15:00:47.0" createdStamp="2012-08-19 15:00:47.0" createdTxStamp="2012-08-19 15:00:47.0"/>
    <TSystemLogType id="a6d0f392-ac1a-4897-89a0-c37c099a6310" number="LOG100012" name="&#26009;&#21697;&#36164;&#26009;&#32500;&#25252;" operateType="&#20462;&#25913;" keyWord="updateJsonData?entity=TMaterial" valid="1" lastUpdatedStamp="2012-08-19 15:00:47.0" lastUpdatedTxStamp="2012-08-19 15:00:47.0" createdStamp="2012-08-19 15:00:47.0" createdTxStamp="2012-08-19 15:00:47.0"/>
    <TSystemLogType id="a8f6f519-5617-41fc-a54a-442dce3e2fbf" number="LOG100032" name="&#20379;&#24212;&#21830;&#36164;&#26009;&#32500;&#25252;" operateType="&#20462;&#25913;" keyWord="updateJsonData?entity=Supplier" valid="1" lastUpdatedStamp="2012-08-19 15:00:47.0" lastUpdatedTxStamp="2012-08-19 15:00:47.0" createdStamp="2012-08-19 15:00:47.0" createdTxStamp="2012-08-19 15:00:47.0"/>
    <TSystemLogType id="a9c8bd85-d624-49e1-be4c-0d8fc494f9dd" number="LOG100116" name="&#23433;&#35013;&#21253;&#35013;&#26448;&#26009;&#34920;" operateType="&#26597;&#30475;" keyWord="getUserPermissions?menuId=packingMaterialReport" valid="0" lastUpdatedStamp="2012-08-19 15:00:47.0" lastUpdatedTxStamp="2012-08-19 15:00:47.0" createdStamp="2012-08-19 15:00:47.0" createdTxStamp="2012-08-19 15:00:47.0"/>
    <TSystemLogType id="aabe7588-baa7-46a9-b36a-4c9fbc81457a" number="LOG100082" name="&#22996;&#22806;&#36864;&#36135;" operateType="&#21024;&#38500;" keyWord="deleteWithEntry?headEntity=ConsignReturnProduct&amp;entryEntity=ConsignReturnProductEntry" valid="1" lastUpdatedStamp="2012-08-19 15:00:47.0" lastUpdatedTxStamp="2012-08-19 15:00:47.0" createdStamp="2012-08-19 15:00:47.0" createdTxStamp="2012-08-19 15:00:47.0"/>
    <TSystemLogType id="ab6ceee7-9701-4fee-b0ea-8756a3431652" number="LOG100028" name="&#20179;&#24211;&#31867;&#22411;&#32500;&#25252;" operateType="&#20462;&#25913;" keyWord="updateJsonData?entity=WarehouseType" valid="1" lastUpdatedStamp="2012-08-19 15:00:47.0" lastUpdatedTxStamp="2012-08-19 15:00:47.0" createdStamp="2012-08-19 15:00:47.0" createdTxStamp="2012-08-19 15:00:47.0"/>
    <TSystemLogType id="b543c2ec-a73d-4b92-b822-5b519da0160e" number="LOG100018" name="&#37096;&#38376;&#36164;&#26009;&#32500;&#25252;" operateType="&#21024;&#38500;" keyWord="deleteJsonData?entity=Department" valid="1" lastUpdatedStamp="2012-08-19 15:00:47.0" lastUpdatedTxStamp="2012-08-19 15:00:47.0" createdStamp="2012-08-19 15:00:47.0" createdTxStamp="2012-08-19 15:00:47.0"/>
    <TSystemLogType id="b70f0223-c717-40f2-93b2-a209924822e4" number="LOG100096" name="&#21046;&#36896;&#36864;&#26009;" operateType="&#25764;&#38144;" keyWord="rollbackWorkshopReturnMaterial" valid="1" lastUpdatedStamp="2012-08-19 15:00:47.0" lastUpdatedTxStamp="2012-08-19 15:00:47.0" createdStamp="2012-08-19 15:00:47.0" createdTxStamp="2012-08-19 15:00:47.0"/>
    <TSystemLogType id="bb3bcd1b-add4-46ff-9348-6d7e61b5b84b" number="LOG100113" name="&#24211;&#23384;&#24773;&#20917;" operateType="&#26597;&#30475;" keyWord="getUserPermissions?menuId=stockDetail" valid="0" lastUpdatedStamp="2012-08-19 15:00:47.0" lastUpdatedTxStamp="2012-08-19 15:00:47.0" createdStamp="2012-08-19 15:00:47.0" createdTxStamp="2012-08-19 15:00:47.0"/>
    <TSystemLogType id="bc2fcc2c-d46c-4072-815f-97554fd42fce" number="LOG100114" name="&#40657;&#22383;&#26448;&#26009;&#32791;&#29992;&#34920;" operateType="&#26597;&#30475;" keyWord="getUserPermissions?menuId=semiProductCostReport" valid="0" lastUpdatedStamp="2012-08-19 15:00:47.0" lastUpdatedTxStamp="2012-08-19 15:00:47.0" createdStamp="2012-08-19 15:00:47.0" createdTxStamp="2012-08-19 15:00:47.0"/>
    <TSystemLogType id="bd29dfd6-9c5f-4b8f-bc3f-ccd74aae9a4d" number="LOG100087" name="&#21046;&#36896;&#39046;&#26009;" operateType="&#20462;&#25913;" keyWord="updateWithEntry?headEntity=WorkshopDrawMaterial&amp;entryEntity=WorkshopDrawMaterialEntry" valid="1" lastUpdatedStamp="2012-08-19 15:00:47.0" lastUpdatedTxStamp="2012-08-19 15:00:47.0" createdStamp="2012-08-19 15:00:47.0" createdTxStamp="2012-08-19 15:00:47.0"/>
    <TSystemLogType id="bda111b3-cc23-445a-b2b1-201cd04dcba0" number="LOG100094" name="&#21046;&#36896;&#36864;&#26009;" operateType="&#21024;&#38500;" keyWord="deleteWithEntry?headEntity=WorkshopReturnMaterial&amp;entryEntity=WorkshopReturnMaterialEntry" valid="1" lastUpdatedStamp="2012-08-19 15:00:47.0" lastUpdatedTxStamp="2012-08-19 15:00:47.0" createdStamp="2012-08-19 15:00:47.0" createdTxStamp="2012-08-19 15:00:47.0"/>
    <TSystemLogType id="be230b63-7381-497d-bd07-a3f4452332e9" number="LOG100091" name="&#21046;&#36896;&#36864;&#26009;" operateType="&#26597;&#30475;" keyWord="getUserPermissions?menuId=workshopReturnMaterial" valid="0" lastUpdatedStamp="2012-08-19 15:00:47.0" lastUpdatedTxStamp="2012-08-19 15:00:47.0" createdStamp="2012-08-19 15:00:47.0" createdTxStamp="2012-08-19 15:00:47.0"/>
    <TSystemLogType id="c11b423a-5f54-4fdb-968a-8d03f8ba69b4" number="LOG100084" name="&#22996;&#22806;&#36864;&#36135;" operateType="&#25764;&#38144;" keyWord="rollbackConsignReturnProduct" valid="1" lastUpdatedStamp="2012-08-19 15:00:47.0" lastUpdatedTxStamp="2012-08-19 15:00:47.0" createdStamp="2012-08-19 15:00:47.0" createdTxStamp="2012-08-19 15:00:47.0"/>
    <TSystemLogType id="c27a7952-b0c4-4d16-a144-91ffb2244e22" number="LOG100077" name="&#22996;&#22806;&#20837;&#24211;" operateType="&#25552;&#20132;" keyWord="submitConsignWarehousing" valid="1" lastUpdatedStamp="2012-08-19 15:00:47.0" lastUpdatedTxStamp="2012-08-19 15:00:47.0" createdStamp="2012-08-19 15:00:47.0" createdTxStamp="2012-08-19 15:00:47.0"/>
    <TSystemLogType id="c2dc31af-fb6a-4c36-b072-cbd3a4e486c4" number="LOG100089" name="&#21046;&#36896;&#39046;&#26009;" operateType="&#25552;&#20132;" keyWord="submitWorkshopDramMaterial" valid="1" lastUpdatedStamp="2012-08-19 15:00:47.0" lastUpdatedTxStamp="2012-08-19 15:00:47.0" createdStamp="2012-08-19 15:00:47.0" createdTxStamp="2012-08-19 15:00:47.0"/>
    <TSystemLogType id="c41fbd20-78b4-4824-b4e1-aaefed8476c8" number="LOG100093" name="&#21046;&#36896;&#36864;&#26009;" operateType="&#20462;&#25913;" keyWord="updateWithEntry?headEntity=WorkshopReturnMaterial&amp;entryEntity=WorkshopReturnMaterialEntry" valid="1" lastUpdatedStamp="2012-08-19 15:00:47.0" lastUpdatedTxStamp="2012-08-19 15:00:47.0" createdStamp="2012-08-19 15:00:47.0" createdTxStamp="2012-08-19 15:00:47.0"/>
    <TSystemLogType id="ca73eb8c-b322-4ee1-9861-460a0752bd7e" number="LOG100058" name="&#37319;&#36141;&#36864;&#36135;" operateType="&#21024;&#38500;" keyWord="deleteWithEntry?headEntity=PurchaseReturn&amp;entryEntity=PurchaseReturnEntry" valid="1" lastUpdatedStamp="2012-08-19 15:00:47.0" lastUpdatedTxStamp="2012-08-19 15:00:47.0" createdStamp="2012-08-19 15:00:47.0" createdTxStamp="2012-08-19 15:00:47.0"/>
    <TSystemLogType id="cc96e06d-fa21-422b-8126-a87a68f98724" number="LOG100081" name="&#22996;&#22806;&#36864;&#36135;" operateType="&#20462;&#25913;" keyWord="updateWithEntry?headEntity=ConsignReturnProduct&amp;entryEntity=ConsignReturnProductEntry" valid="1" lastUpdatedStamp="2012-08-19 15:00:47.0" lastUpdatedTxStamp="2012-08-19 15:00:47.0" createdStamp="2012-08-19 15:00:47.0" createdTxStamp="2012-08-19 15:00:47.0"/>
    <TSystemLogType id="cc9e9958-79f3-4fbe-ab44-096ebd86e269" number="LOG100035" name="&#36710;&#38388;&#36164;&#26009;&#32500;&#25252;" operateType="&#26597;&#30475;" keyWord="getUserPermissions?menuId=WorkshopMaintaince" valid="0" lastUpdatedStamp="2012-08-19 15:00:47.0" lastUpdatedTxStamp="2012-08-19 15:00:47.0" createdStamp="2012-08-19 15:00:47.0" createdTxStamp="2012-08-19 15:00:47.0"/>
    <TSystemLogType id="cd2298fc-f710-4410-97e9-b4bcd9897ed7" number="LOG100080" name="&#22996;&#22806;&#36864;&#36135;" operateType="&#26032;&#22686;" keyWord="createWithEntry?headEntity=ConsignReturnProduct&amp;entryEntity=ConsignReturnProductEntry" valid="1" lastUpdatedStamp="2012-08-19 15:00:47.0" lastUpdatedTxStamp="2012-08-19 15:00:47.0" createdStamp="2012-08-19 15:00:47.0" createdTxStamp="2012-08-19 15:00:47.0"/>
    <TSystemLogType id="cfbba396-9406-4029-b0cb-6b32bbe5ffb8" number="LOG100105" name="&#21046;&#36896;&#36864;&#36135;" operateType="&#20462;&#25913;" keyWord="updateWithEntry?headEntity=WorkshopReturnProduct&amp;entryEntity=WorkshopReturnProductEntry" valid="1" lastUpdatedStamp="2012-08-19 15:00:47.0" lastUpdatedTxStamp="2012-08-19 15:00:47.0" createdStamp="2012-08-19 15:00:47.0" createdTxStamp="2012-08-19 15:00:47.0"/>
    <TSystemLogType id="cfe4af86-e417-4edf-b27a-d4e0339cfced" number="LOG100033" name="&#20379;&#24212;&#21830;&#36164;&#26009;&#32500;&#25252;" operateType="&#26032;&#22686;" keyWord="addnewJsonData?entity=Supplier" valid="1" lastUpdatedStamp="2012-08-19 15:00:47.0" lastUpdatedTxStamp="2012-08-19 15:00:47.0" createdStamp="2012-08-19 15:00:47.0" createdTxStamp="2012-08-19 15:00:47.0"/>
    <TSystemLogType id="d0c07d60-6af8-4f74-92aa-7cdafaeeeea6" number="LOG100051" name="&#37319;&#36141;&#20837;&#24211;" operateType="&#20462;&#25913;" keyWord="updateWithEntry?headEntity=PurchaseWarehousing&amp;entryEntity=PurchaseWarehousingEntry" valid="1" lastUpdatedStamp="2012-08-19 15:00:47.0" lastUpdatedTxStamp="2012-08-19 15:00:47.0" createdStamp="2012-08-19 15:00:47.0" createdTxStamp="2012-08-19 15:00:47.0"/>
    <TSystemLogType id="d2eb571b-bd8a-4842-9d78-4818c672d859" number="LOG100037" name="&#36710;&#38388;&#36164;&#26009;&#32500;&#25252;" operateType="&#26032;&#22686;" keyWord="addnewJsonData?entity=Workshop" valid="1" lastUpdatedStamp="2012-08-19 15:00:47.0" lastUpdatedTxStamp="2012-08-19 15:00:47.0" createdStamp="2012-08-19 15:00:47.0" createdTxStamp="2012-08-19 15:00:47.0"/>
    <TSystemLogType id="d58560ba-9320-444b-9371-fb0fb9d13454" number="LOG100100" name="&#21046;&#36896;&#20837;&#24211;" operateType="&#21024;&#38500;" keyWord="deleteWithEntry?headEntity=WorkshopWarehousing&amp;entryEntity=WorkshopWarehousingEntry" valid="1" lastUpdatedStamp="2012-08-19 15:00:47.0" lastUpdatedTxStamp="2012-08-19 15:00:47.0" createdStamp="2012-08-19 15:00:47.0" createdTxStamp="2012-08-19 15:00:47.0"/>
    <TSystemLogType id="d913b6fc-fe6c-4f85-8e80-778a50dd9739" number="LOG100108" name="&#21046;&#36896;&#36864;&#36135;" operateType="&#25764;&#38144;" keyWord="rollbackWorkshopReturnProduct" valid="1" lastUpdatedStamp="2012-08-19 15:00:47.0" lastUpdatedTxStamp="2012-08-19 15:00:47.0" createdStamp="2012-08-19 15:00:47.0" createdTxStamp="2012-08-19 15:00:47.0"/>
    <TSystemLogType id="e0335a26-333c-42e1-9cc6-a87a2f5241ec" number="LOG100104" name="&#21046;&#36896;&#36864;&#36135;" operateType="&#26032;&#22686;" keyWord="createWithEntry?headEntity=WorkshopReturnProduct&amp;entryEntity=WorkshopReturnProductEntry" valid="1" lastUpdatedStamp="2012-08-19 15:00:47.0" lastUpdatedTxStamp="2012-08-19 15:00:47.0" createdStamp="2012-08-19 15:00:47.0" createdTxStamp="2012-08-19 15:00:47.0"/>
    <TSystemLogType id="e37ffadd-104f-40b4-9b26-3f06663f26c0" number="LOG100003" name="&#23458;&#25143;&#36164;&#26009;&#32500;&#25252;" operateType="&#26597;&#30475;" keyWord="getUserPermissions?menuId=custInfoMaintaince" valid="0" lastUpdatedStamp="2012-08-19 15:00:47.0" lastUpdatedTxStamp="2012-08-19 15:00:47.0" createdStamp="2012-08-19 15:00:47.0" createdTxStamp="2012-08-19 15:00:47.0"/>
    <TSystemLogType id="e428c9d7-2e3f-45eb-8425-3aff55c1e5b0" number="LOG100026" name="&#35745;&#37327;&#21333;&#20301;&#32500;&#25252;" operateType="&#21024;&#38500;" keyWord="deleteJsonData?entity=Unit" valid="1" lastUpdatedStamp="2012-08-19 15:00:47.0" lastUpdatedTxStamp="2012-08-19 15:00:47.0" createdStamp="2012-08-19 15:00:47.0" createdTxStamp="2012-08-19 15:00:47.0"/>
    <TSystemLogType id="e61dd73b-48ed-4120-aac4-c3ef1b02ed57" number="LOG100106" name="&#21046;&#36896;&#36864;&#36135;" operateType="&#21024;&#38500;" keyWord="deleteWithEntry?headEntity=WorkshopReturnProduct&amp;entryEntity=WorkshopReturnProductEntry" valid="1" lastUpdatedStamp="2012-08-19 15:00:47.0" lastUpdatedTxStamp="2012-08-19 15:00:47.0" createdStamp="2012-08-19 15:00:47.0" createdTxStamp="2012-08-19 15:00:47.0"/>
    <TSystemLogType id="eb686f7b-bcdf-4a7b-855c-b88a36afab7a" number="LOG100072" name="&#22996;&#22806;&#36864;&#26009;" operateType="&#25764;&#38144;" keyWord="rollbackConsignReturnMaterial" valid="1" lastUpdatedStamp="2012-08-19 15:00:47.0" lastUpdatedTxStamp="2012-08-19 15:00:47.0" createdStamp="2012-08-19 15:00:47.0" createdTxStamp="2012-08-19 15:00:47.0"/>
    <TSystemLogType id="ee76288d-a1ab-4238-bccb-4f9e1bb901cc" number="LOG100090" name="&#21046;&#36896;&#39046;&#26009;" operateType="&#25764;&#38144;" keyWord="rollbackWorkshopDramMaterial" valid="1" lastUpdatedStamp="2012-08-19 15:00:47.0" lastUpdatedTxStamp="2012-08-19 15:00:47.0" createdStamp="2012-08-19 15:00:47.0" createdTxStamp="2012-08-19 15:00:47.0"/>
    <TSystemLogType id="eeb6dd65-694a-4650-a3e3-c910f824ecd7" number="LOG100010" name="&#20179;&#24211;&#36164;&#26009;&#32500;&#25252;" operateType="&#21024;&#38500;" keyWord="deleteJsonData?entity=Warehouse" valid="1" lastUpdatedStamp="2012-08-19 15:00:47.0" lastUpdatedTxStamp="2012-08-19 15:00:47.0" createdStamp="2012-08-19 15:00:47.0" createdTxStamp="2012-08-19 15:00:47.0"/>
    <TSystemLogType id="f0e10d2d-2a13-49a3-bfcf-99b1aae7fab9" number="LOG100062" name="&#22996;&#22806;&#39046;&#26009;" operateType="&#26032;&#22686;" keyWord="createWithEntry?headEntity=ConsignDrawMaterial&amp;entryEntity=ConsignDrawMaterialEntry" valid="1" lastUpdatedStamp="2012-08-19 15:00:47.0" lastUpdatedTxStamp="2012-08-19 15:00:47.0" createdStamp="2012-08-19 15:00:47.0" createdTxStamp="2012-08-19 15:00:47.0"/>
    <TSystemLogType id="f16b7434-2cec-46c8-ab6f-d5645f24d104" number="LOG100023" name="&#35745;&#37327;&#21333;&#20301;&#32500;&#25252;" operateType="&#26597;&#30475;" keyWord="getUserPermissions?menuId=UnitMaintaince" valid="0" lastUpdatedStamp="2012-08-19 15:00:47.0" lastUpdatedTxStamp="2012-08-19 15:00:47.0" createdStamp="2012-08-19 15:00:47.0" createdTxStamp="2012-08-19 15:00:47.0"/>
    <TSystemLogType id="f365ec16-8425-48f9-a40e-05449855e006" number="LOG100004" name="&#23458;&#25143;&#36164;&#26009;&#32500;&#25252;" operateType="&#20462;&#25913;" keyWord="updateJsonData?entity=Customer" valid="1" lastUpdatedStamp="2012-08-19 15:00:47.0" lastUpdatedTxStamp="2012-08-19 15:00:47.0" createdStamp="2012-08-19 15:00:47.0" createdTxStamp="2012-08-19 15:00:47.0"/>
    <TSystemLogType id="f431086c-9516-4033-8109-3bfd5d3bb958" number="LOG100111" name="&#23384;&#36135;&#26680;&#31639;" operateType="&#21453;&#32467;&#31639;" keyWord="rollbackSettle" valid="1" lastUpdatedStamp="2012-08-19 15:00:47.0" lastUpdatedTxStamp="2012-08-19 15:00:47.0" createdStamp="2012-08-19 15:00:47.0" createdTxStamp="2012-08-19 15:00:47.0"/>
    <TSystemLogType id="f57a4902-b1da-4db0-ab6b-a0f33307e4a0" number="LOG100103" name="&#21046;&#36896;&#36864;&#36135;" operateType="&#26597;&#30475;" keyWord="getUserPermissions?menuId=workshopReturnProduct" valid="0" lastUpdatedStamp="2012-08-19 15:00:47.0" lastUpdatedTxStamp="2012-08-19 15:00:47.0" createdStamp="2012-08-19 15:00:47.0" createdTxStamp="2012-08-19 15:00:47.0"/>
    <TSystemLogType id="fb93957a-5280-4d32-b4e0-a494afc3588d" number="LOG100047" name="&#37319;&#36141;&#21333;&#31649;&#29702;" operateType="&#23457;&#26680;" keyWord="/auditPurchaseBill" valid="1" lastUpdatedStamp="2012-08-19 15:00:47.0" lastUpdatedTxStamp="2012-08-19 15:00:47.0" createdStamp="2012-08-19 15:00:47.0" createdTxStamp="2012-08-19 15:00:47.0"/>
    <TSystemLogType id="fcbd8c0a-b171-43de-a4b9-515b0897699c" number="LOG100002" name="&#20179;&#24211;&#31649;&#29702;" operateType="&#27880;&#38144;" keyWord="logout" valid="1" lastUpdatedStamp="2012-08-19 15:00:47.0" lastUpdatedTxStamp="2012-08-19 15:00:47.0" createdStamp="2012-08-19 15:00:47.0" createdTxStamp="2012-08-19 15:00:47.0"/>
</entity-engine-xml>
