<?xml version="1.0" encoding="UTF-8"?>
<entity-engine-xml>
    <TSystemUser id="0f5fb0ba-f66f-420b-9b3f-979d75123c66" userId="lucaiqun" userName="&#21346;&#24425;&#32676;" password="{SHA}7c4a8d09ca3762af61e59520943dc26494f8941b" sex="0" departmentId="0c92191f-3ccc-4c46-a466-bfe35663b391" valid="Y" lastUpdatedStamp="2012-08-19 15:00:49.0" lastUpdatedTxStamp="2012-08-19 15:00:49.0" createdStamp="2012-08-19 15:00:49.0" createdTxStamp="2012-08-19 15:00:49.0"/>
    <TSystemUser id="18f85a5d-1c39-44f4-9f2f-e7d64056ff7b" userId="admin" userName="&#31995;&#32479;&#31649;&#29702;&#21592;" password="{SHA}40bd001563085fc35165329ea1ff5c5ecbdbbeef" sex="0" departmentId="2c2f37d4-33ac-4026-9ec0-3f8571e8a4a4" position="&#31649;&#29702;&#21592;" phoneNumber="13800000000" email="admin@fq.com" valid="Y" lastUpdatedStamp="2012-08-19 15:00:49.0" lastUpdatedTxStamp="2012-08-19 15:00:49.0" createdStamp="2012-08-19 15:00:49.0" createdTxStamp="2012-08-19 15:00:49.0"/>
    <TSystemUser id="1b1600b2-7f27-403f-baa7-bf79722f467f" userId="cgytester" userName="test" password="{SHA}7c4a8d09ca3762af61e59520943dc26494f8941b" sex="0" departmentId="7fdc10ae-c7fd-4360-96c2-fedaf739f14c" valid="Y" lastUpdatedStamp="2012-08-19 15:00:49.0" lastUpdatedTxStamp="2012-08-19 15:00:49.0" createdStamp="2012-08-19 15:00:49.0" createdTxStamp="2012-08-19 15:00:49.0"/>
    <TSystemUser id="317ee254-324e-4725-b026-58fa533da9d1" userId="cgy" userName="&#37319;&#36141;&#21592;" password="{SHA}40bd001563085fc35165329ea1ff5c5ecbdbbeef" sex="0" departmentId="7fdc10ae-c7fd-4360-96c2-fedaf739f14c" position="&#37319;&#36141;&#21592;" phoneNumber="13800000000" email="admin@cgy.com" valid="Y" lastUpdatedStamp="2012-08-19 15:00:49.0" lastUpdatedTxStamp="2012-08-19 15:00:49.0" createdStamp="2012-08-19 15:00:49.0" createdTxStamp="2012-08-19 15:00:49.0"/>
    <TSystemUser id="57ba1af6-c0e6-4ee5-85d0-afca2c2d6039" userId="lupeie" userName="&#21346;&#20329;&#23077;" password="{SHA}7c4a8d09ca3762af61e59520943dc26494f8941b" sex="1" departmentId="0c92191f-3ccc-4c46-a466-bfe35663b391" valid="Y" lastUpdatedStamp="2012-08-19 15:00:49.0" lastUpdatedTxStamp="2012-08-19 15:00:49.0" createdStamp="2012-08-19 15:00:49.0" createdTxStamp="2012-08-19 15:00:49.0"/>
    <TSystemUser id="69040cf8-a5ba-4606-843a-84932b0b9150" userId="liweiliang" userName="&#26446;&#20255;&#20142;" password="{SHA}7c4a8d09ca3762af61e59520943dc26494f8941b" sex="0" departmentId="7fdc10ae-c7fd-4360-96c2-fedaf739f14c" valid="Y" lastUpdatedStamp="2012-08-19 15:00:49.0" lastUpdatedTxStamp="2012-08-19 15:00:49.0" createdStamp="2012-08-19 15:00:49.0" createdTxStamp="2012-08-19 15:00:49.0"/>
    <TSystemUser id="6e2f550f-81f2-438d-9f09-a130dc5acdb5" userId="hhyang" userName="&#40644;&#20249;&#20859;" password="{SHA}7c4a8d09ca3762af61e59520943dc26494f8941b" sex="0" departmentId="8a2ac1ae-6296-4c63-8a4b-e5f192f70ff9" valid="N" lastUpdatedStamp="2012-08-19 15:00:49.0" lastUpdatedTxStamp="2012-08-19 15:00:49.0" createdStamp="2012-08-19 15:00:49.0" createdTxStamp="2012-08-19 15:00:49.0"/>
    <TSystemUser id="874d6669-2caf-49f2-802a-b4c461804007" userId="daifurong" userName="&#25140;&#31119;&#33635;" password="{SHA}7c4a8d09ca3762af61e59520943dc26494f8941b" sex="0" departmentId="8a2ac1ae-6296-4c63-8a4b-e5f192f70ff9" valid="Y" lastUpdatedStamp="2012-08-19 15:00:49.0" lastUpdatedTxStamp="2012-08-19 15:00:49.0" createdStamp="2012-08-19 15:00:49.0" createdTxStamp="2012-08-19 15:00:49.0"/>
    <TSystemUser id="9424cfdd-08d7-4af0-84d2-fe4187d78048" userId="chenzhiwei" userName="&#38472;&#24535;&#20255;" password="{SHA}7c4a8d09ca3762af61e59520943dc26494f8941b" sex="0" departmentId="7fdc10ae-c7fd-4360-96c2-fedaf739f14c" valid="Y" lastUpdatedStamp="2012-08-19 15:00:49.0" lastUpdatedTxStamp="2012-08-19 15:00:49.0" createdStamp="2012-08-19 15:00:49.0" createdTxStamp="2012-08-19 15:00:49.0"/>
    <TSystemUser id="978d8a31-6080-4984-8910-f15454c2551d" userId="scgly" userName="&#29983;&#20135;&#31649;&#29702;&#21592;" password="{SHA}40bd001563085fc35165329ea1ff5c5ecbdbbeef" sex="0" departmentId="8a2ac1ae-6296-4c63-8a4b-e5f192f70ff9" position="&#29983;&#20135;&#31649;&#29702;&#21592;" phoneNumber="13800000000" email="admin@scgly.com" valid="Y" lastUpdatedStamp="2012-08-19 15:00:49.0" lastUpdatedTxStamp="2012-08-19 15:00:49.0" createdStamp="2012-08-19 15:00:49.0" createdTxStamp="2012-08-19 15:00:49.0"/>
    <TSystemUser id="9f2b53cb-c239-4b96-b212-75ac803d07b7" userId="luxuemei" userName="&#21346;&#38634;&#23194;" password="{SHA}7c4a8d09ca3762af61e59520943dc26494f8941b" sex="1" departmentId="0c92191f-3ccc-4c46-a466-bfe35663b391" valid="Y" lastUpdatedStamp="2012-08-19 15:00:49.0" lastUpdatedTxStamp="2012-08-19 15:00:49.0" createdStamp="2012-08-19 15:00:49.0" createdTxStamp="2012-08-19 15:00:49.0"/>
    <TSystemUser id="af7f9784-1506-4681-ad80-6bf58a21f255" userId="luweirong" userName="&#21346;&#20255;&#33635;" password="{SHA}7c4a8d09ca3762af61e59520943dc26494f8941b" sex="0" departmentId="2c2f37d4-33ac-4026-9ec0-3f8571e8a4a4" valid="Y" lastUpdatedStamp="2012-08-19 15:00:49.0" lastUpdatedTxStamp="2012-08-19 15:00:49.0" createdStamp="2012-08-19 15:00:49.0" createdTxStamp="2012-08-19 15:00:49.0"/>
    <TSystemUser id="ccddfb1b-d265-4166-86e8-b72122edd321" userId="panxingfang" userName="&#28504;&#26447;&#33459;" password="{SHA}7c4a8d09ca3762af61e59520943dc26494f8941b" sex="0" departmentId="8a2ac1ae-6296-4c63-8a4b-e5f192f70ff9" valid="Y" lastUpdatedStamp="2012-08-19 15:00:49.0" lastUpdatedTxStamp="2012-08-19 15:00:49.0" createdStamp="2012-08-19 15:00:49.0" createdTxStamp="2012-08-19 15:00:49.0"/>
    <TSystemUser id="efe8549e-5d83-48c8-85e3-9ab00b824953" userId="cgjl" userName="&#37319;&#36141;&#32463;&#29702;" password="{SHA}40bd001563085fc35165329ea1ff5c5ecbdbbeef" sex="0" departmentId="7fdc10ae-c7fd-4360-96c2-fedaf739f14c" position="&#37319;&#36141;&#32463;&#29702;" phoneNumber="13800000000" email="admin@cgjl.com" valid="Y" lastUpdatedStamp="2012-08-19 15:00:49.0" lastUpdatedTxStamp="2012-08-19 15:00:49.0" createdStamp="2012-08-19 15:00:49.0" createdTxStamp="2012-08-19 15:00:49.0"/>
    <TSystemUser id="f4d8290f-b8ad-4ce9-b3fc-4ff30608bc21" userId="sjlry" userName="&#25968;&#25454;&#24405;&#20837;&#21592;" password="{SHA}40bd001563085fc35165329ea1ff5c5ecbdbbeef" sex="0" departmentId="0c92191f-3ccc-4c46-a466-bfe35663b391" position="&#31995;&#32479;&#32479;&#35745;&#21592;" phoneNumber="13800000000" email="sjlry@fq.com" valid="N" lastUpdatedStamp="2012-08-19 15:00:49.0" lastUpdatedTxStamp="2012-08-19 15:00:49.0" createdStamp="2012-08-19 15:00:49.0" createdTxStamp="2012-08-19 15:00:49.0"/>
</entity-engine-xml>
