<?xml version="1.0" encoding="UTF-8"?>
<entity-engine-xml>
    <UomConversion uomId="AREA_A" uomIdTo="AREA_ft2" conversionFactor="43560.0" lastUpdatedStamp="2012-08-19 15:00:45.0" lastUpdatedTxStamp="2012-08-19 15:00:44.0" createdStamp="2012-08-19 15:00:45.0" createdTxStamp="2012-08-19 15:00:44.0"/>
    <UomConversion uomId="AREA_a" uomIdTo="AREA_m2" conversionFactor="100.0" lastUpdatedStamp="2012-08-19 15:00:45.0" lastUpdatedTxStamp="2012-08-19 15:00:44.0" createdStamp="2012-08-19 15:00:45.0" createdTxStamp="2012-08-19 15:00:44.0"/>
    <UomConversion uomId="AREA_cm2" uomIdTo="AREA_in2" conversionFactor="0.155" lastUpdatedStamp="2012-08-19 15:00:45.0" lastUpdatedTxStamp="2012-08-19 15:00:44.0" createdStamp="2012-08-19 15:00:45.0" createdTxStamp="2012-08-19 15:00:44.0"/>
    <UomConversion uomId="AREA_cm2" uomIdTo="AREA_mm2" conversionFactor="100.0" lastUpdatedStamp="2012-08-19 15:00:45.0" lastUpdatedTxStamp="2012-08-19 15:00:44.0" createdStamp="2012-08-19 15:00:45.0" createdTxStamp="2012-08-19 15:00:44.0"/>
    <UomConversion uomId="AREA_ft2" uomIdTo="AREA_in2" conversionFactor="144.0" lastUpdatedStamp="2012-08-19 15:00:45.0" lastUpdatedTxStamp="2012-08-19 15:00:44.0" createdStamp="2012-08-19 15:00:45.0" createdTxStamp="2012-08-19 15:00:44.0"/>
    <UomConversion uomId="AREA_ha" uomIdTo="AREA_A" conversionFactor="2.471" lastUpdatedStamp="2012-08-19 15:00:45.0" lastUpdatedTxStamp="2012-08-19 15:00:44.0" createdStamp="2012-08-19 15:00:45.0" createdTxStamp="2012-08-19 15:00:44.0"/>
    <UomConversion uomId="AREA_ha" uomIdTo="AREA_m2" conversionFactor="10000.0" lastUpdatedStamp="2012-08-19 15:00:45.0" lastUpdatedTxStamp="2012-08-19 15:00:44.0" createdStamp="2012-08-19 15:00:45.0" createdTxStamp="2012-08-19 15:00:44.0"/>
    <UomConversion uomId="AREA_km2" uomIdTo="AREA_m2" conversionFactor="1000000.0" lastUpdatedStamp="2012-08-19 15:00:45.0" lastUpdatedTxStamp="2012-08-19 15:00:44.0" createdStamp="2012-08-19 15:00:45.0" createdTxStamp="2012-08-19 15:00:44.0"/>
    <UomConversion uomId="AREA_m2" uomIdTo="AREA_cm2" conversionFactor="10000.0" lastUpdatedStamp="2012-08-19 15:00:45.0" lastUpdatedTxStamp="2012-08-19 15:00:44.0" createdStamp="2012-08-19 15:00:45.0" createdTxStamp="2012-08-19 15:00:44.0"/>
    <UomConversion uomId="AREA_mi2" uomIdTo="AREA_A" conversionFactor="639.8" lastUpdatedStamp="2012-08-19 15:00:45.0" lastUpdatedTxStamp="2012-08-19 15:00:44.0" createdStamp="2012-08-19 15:00:45.0" createdTxStamp="2012-08-19 15:00:44.0"/>
    <UomConversion uomId="AREA_rd2" uomIdTo="AREA_ft2" conversionFactor="272.25" lastUpdatedStamp="2012-08-19 15:00:45.0" lastUpdatedTxStamp="2012-08-19 15:00:44.0" createdStamp="2012-08-19 15:00:45.0" createdTxStamp="2012-08-19 15:00:44.0"/>
    <UomConversion uomId="AREA_yd2" uomIdTo="AREA_ft2" conversionFactor="9.0" lastUpdatedStamp="2012-08-19 15:00:45.0" lastUpdatedTxStamp="2012-08-19 15:00:44.0" createdStamp="2012-08-19 15:00:45.0" createdTxStamp="2012-08-19 15:00:44.0"/>
    <UomConversion uomId="DATASPD_Gbps" uomIdTo="DATASPD_Mbps" conversionFactor="1024.0" lastUpdatedStamp="2012-08-19 15:00:45.0" lastUpdatedTxStamp="2012-08-19 15:00:44.0" createdStamp="2012-08-19 15:00:45.0" createdTxStamp="2012-08-19 15:00:44.0"/>
    <UomConversion uomId="DATASPD_Kbps" uomIdTo="DATASPD_bps" conversionFactor="1024.0" lastUpdatedStamp="2012-08-19 15:00:45.0" lastUpdatedTxStamp="2012-08-19 15:00:44.0" createdStamp="2012-08-19 15:00:45.0" createdTxStamp="2012-08-19 15:00:44.0"/>
    <UomConversion uomId="DATASPD_Mbps" uomIdTo="DATASPD_Kbps" conversionFactor="1024.0" lastUpdatedStamp="2012-08-19 15:00:45.0" lastUpdatedTxStamp="2012-08-19 15:00:44.0" createdStamp="2012-08-19 15:00:45.0" createdTxStamp="2012-08-19 15:00:44.0"/>
    <UomConversion uomId="DATASPD_Tbps" uomIdTo="DATASPD_Gbps" conversionFactor="1024.0" lastUpdatedStamp="2012-08-19 15:00:45.0" lastUpdatedTxStamp="2012-08-19 15:00:44.0" createdStamp="2012-08-19 15:00:45.0" createdTxStamp="2012-08-19 15:00:44.0"/>
    <UomConversion uomId="DATA_B" uomIdTo="DATA_b" conversionFactor="8.0" lastUpdatedStamp="2012-08-19 15:00:44.0" lastUpdatedTxStamp="2012-08-19 15:00:44.0" createdStamp="2012-08-19 15:00:44.0" createdTxStamp="2012-08-19 15:00:44.0"/>
    <UomConversion uomId="DATA_Gb" uomIdTo="DATA_Mb" conversionFactor="1024.0" lastUpdatedStamp="2012-08-19 15:00:44.0" lastUpdatedTxStamp="2012-08-19 15:00:44.0" createdStamp="2012-08-19 15:00:44.0" createdTxStamp="2012-08-19 15:00:44.0"/>
    <UomConversion uomId="DATA_Kb" uomIdTo="DATA_b" conversionFactor="1024.0" lastUpdatedStamp="2012-08-19 15:00:44.0" lastUpdatedTxStamp="2012-08-19 15:00:44.0" createdStamp="2012-08-19 15:00:44.0" createdTxStamp="2012-08-19 15:00:44.0"/>
    <UomConversion uomId="DATA_Mb" uomIdTo="DATA_Kb" conversionFactor="1024.0" lastUpdatedStamp="2012-08-19 15:00:44.0" lastUpdatedTxStamp="2012-08-19 15:00:44.0" createdStamp="2012-08-19 15:00:44.0" createdTxStamp="2012-08-19 15:00:44.0"/>
    <UomConversion uomId="DATA_PB" uomIdTo="DATA_TB" conversionFactor="1024.0" lastUpdatedStamp="2012-08-19 15:00:44.0" lastUpdatedTxStamp="2012-08-19 15:00:44.0" createdStamp="2012-08-19 15:00:44.0" createdTxStamp="2012-08-19 15:00:44.0"/>
    <UomConversion uomId="DATA_Tb" uomIdTo="DATA_Gb" conversionFactor="1024.0" lastUpdatedStamp="2012-08-19 15:00:44.0" lastUpdatedTxStamp="2012-08-19 15:00:44.0" createdStamp="2012-08-19 15:00:44.0" createdTxStamp="2012-08-19 15:00:44.0"/>
    <UomConversion uomId="EN_cal15" uomIdTo="EN_J" conversionFactor="4.1855" lastUpdatedStamp="2012-08-19 15:00:45.0" lastUpdatedTxStamp="2012-08-19 15:00:44.0" createdStamp="2012-08-19 15:00:45.0" createdTxStamp="2012-08-19 15:00:44.0"/>
    <UomConversion uomId="EN_HP" uomIdTo="EN_w" conversionFactor="746.0" lastUpdatedStamp="2012-08-19 15:00:45.0" lastUpdatedTxStamp="2012-08-19 15:00:44.0" createdStamp="2012-08-19 15:00:45.0" createdTxStamp="2012-08-19 15:00:44.0"/>
    <UomConversion uomId="EN_Kw" uomIdTo="EN_HP" conversionFactor="1.341" lastUpdatedStamp="2012-08-19 15:00:45.0" lastUpdatedTxStamp="2012-08-19 15:00:44.0" createdStamp="2012-08-19 15:00:45.0" createdTxStamp="2012-08-19 15:00:44.0"/>
    <UomConversion uomId="EN_Kw" uomIdTo="EN_w" conversionFactor="1000.0" lastUpdatedStamp="2012-08-19 15:00:45.0" lastUpdatedTxStamp="2012-08-19 15:00:44.0" createdStamp="2012-08-19 15:00:45.0" createdTxStamp="2012-08-19 15:00:44.0"/>
    <UomConversion uomId="LEN_A" uomIdTo="LEN_in" conversionFactor="0.0" lastUpdatedStamp="2012-08-22 22:54:45.0" lastUpdatedTxStamp="2012-08-22 22:54:45.0" createdStamp="2012-08-19 15:00:45.0" createdTxStamp="2012-08-19 15:00:44.0"/>
    <UomConversion uomId="LEN_A" uomIdTo="LEN_m" conversionFactor="0.0" lastUpdatedStamp="2012-08-22 22:54:45.0" lastUpdatedTxStamp="2012-08-22 22:54:45.0" createdStamp="2012-08-19 15:00:45.0" createdTxStamp="2012-08-19 15:00:44.0"/>
    <UomConversion uomId="LEN_cb" uomIdTo="LEN_fm" conversionFactor="120.0" lastUpdatedStamp="2012-08-19 15:00:45.0" lastUpdatedTxStamp="2012-08-19 15:00:44.0" createdStamp="2012-08-19 15:00:45.0" createdTxStamp="2012-08-19 15:00:44.0"/>
    <UomConversion uomId="LEN_cb" uomIdTo="LEN_ft" conversionFactor="720.0" lastUpdatedStamp="2012-08-19 15:00:45.0" lastUpdatedTxStamp="2012-08-19 15:00:44.0" createdStamp="2012-08-19 15:00:45.0" createdTxStamp="2012-08-19 15:00:44.0"/>
    <UomConversion uomId="LEN_chG" uomIdTo="LEN_ft" conversionFactor="66.0" lastUpdatedStamp="2012-08-19 15:00:45.0" lastUpdatedTxStamp="2012-08-19 15:00:44.0" createdStamp="2012-08-19 15:00:45.0" createdTxStamp="2012-08-19 15:00:44.0"/>
    <UomConversion uomId="LEN_chG" uomIdTo="LEN_rd" conversionFactor="4.0" lastUpdatedStamp="2012-08-19 15:00:45.0" lastUpdatedTxStamp="2012-08-19 15:00:44.0" createdStamp="2012-08-19 15:00:45.0" createdTxStamp="2012-08-19 15:00:44.0"/>
    <UomConversion uomId="LEN_chR" uomIdTo="LEN_ft" conversionFactor="100.0" lastUpdatedStamp="2012-08-19 15:00:45.0" lastUpdatedTxStamp="2012-08-19 15:00:44.0" createdStamp="2012-08-19 15:00:45.0" createdTxStamp="2012-08-19 15:00:44.0"/>
    <UomConversion uomId="LEN_cm" uomIdTo="LEN_m" conversionFactor="0.01" lastUpdatedStamp="2012-08-19 15:00:45.0" lastUpdatedTxStamp="2012-08-19 15:00:44.0" createdStamp="2012-08-19 15:00:45.0" createdTxStamp="2012-08-19 15:00:44.0"/>
    <UomConversion uomId="LEN_dam" uomIdTo="LEN_m" conversionFactor="10.0" lastUpdatedStamp="2012-08-19 15:00:45.0" lastUpdatedTxStamp="2012-08-19 15:00:44.0" createdStamp="2012-08-19 15:00:45.0" createdTxStamp="2012-08-19 15:00:44.0"/>
    <UomConversion uomId="LEN_dm" uomIdTo="LEN_m" conversionFactor="0.1" lastUpdatedStamp="2012-08-19 15:00:45.0" lastUpdatedTxStamp="2012-08-19 15:00:44.0" createdStamp="2012-08-19 15:00:45.0" createdTxStamp="2012-08-19 15:00:44.0"/>
    <UomConversion uomId="LEN_fm" uomIdTo="LEN_ft" conversionFactor="6.0" lastUpdatedStamp="2012-08-19 15:00:45.0" lastUpdatedTxStamp="2012-08-19 15:00:44.0" createdStamp="2012-08-19 15:00:45.0" createdTxStamp="2012-08-19 15:00:44.0"/>
    <UomConversion uomId="LEN_ft" uomIdTo="LEN_in" conversionFactor="12.0" lastUpdatedStamp="2012-08-19 15:00:45.0" lastUpdatedTxStamp="2012-08-19 15:00:44.0" createdStamp="2012-08-19 15:00:45.0" createdTxStamp="2012-08-19 15:00:44.0"/>
    <UomConversion uomId="LEN_ft" uomIdTo="LEN_m" conversionFactor="0.3048" lastUpdatedStamp="2012-08-19 15:00:45.0" lastUpdatedTxStamp="2012-08-19 15:00:44.0" createdStamp="2012-08-19 15:00:45.0" createdTxStamp="2012-08-19 15:00:44.0"/>
    <UomConversion uomId="LEN_fur" uomIdTo="LEN_mi" conversionFactor="0.125" lastUpdatedStamp="2012-08-19 15:00:45.0" lastUpdatedTxStamp="2012-08-19 15:00:44.0" createdStamp="2012-08-19 15:00:45.0" createdTxStamp="2012-08-19 15:00:44.0"/>
    <UomConversion uomId="LEN_hand" uomIdTo="LEN_in" conversionFactor="4.0" lastUpdatedStamp="2012-08-19 15:00:45.0" lastUpdatedTxStamp="2012-08-19 15:00:44.0" createdStamp="2012-08-19 15:00:45.0" createdTxStamp="2012-08-19 15:00:44.0"/>
    <UomConversion uomId="LEN_in" uomIdTo="LEN_cm" conversionFactor="2.54" lastUpdatedStamp="2012-08-19 15:00:45.0" lastUpdatedTxStamp="2012-08-19 15:00:44.0" createdStamp="2012-08-19 15:00:45.0" createdTxStamp="2012-08-19 15:00:44.0"/>
    <UomConversion uomId="LEN_in" uomIdTo="LEN_mm" conversionFactor="25.4" lastUpdatedStamp="2012-08-19 15:00:45.0" lastUpdatedTxStamp="2012-08-19 15:00:44.0" createdStamp="2012-08-19 15:00:45.0" createdTxStamp="2012-08-19 15:00:44.0"/>
    <UomConversion uomId="LEN_in" uomIdTo="LEN_u" conversionFactor="25400.0" lastUpdatedStamp="2012-08-19 15:00:45.0" lastUpdatedTxStamp="2012-08-19 15:00:44.0" createdStamp="2012-08-19 15:00:45.0" createdTxStamp="2012-08-19 15:00:44.0"/>
    <UomConversion uomId="LEN_km" uomIdTo="LEN_m" conversionFactor="1000.0" lastUpdatedStamp="2012-08-19 15:00:45.0" lastUpdatedTxStamp="2012-08-19 15:00:44.0" createdStamp="2012-08-19 15:00:45.0" createdTxStamp="2012-08-19 15:00:44.0"/>
    <UomConversion uomId="LEN_league" uomIdTo="LEN_mi" conversionFactor="3.0" lastUpdatedStamp="2012-08-19 15:00:45.0" lastUpdatedTxStamp="2012-08-19 15:00:44.0" createdStamp="2012-08-19 15:00:45.0" createdTxStamp="2012-08-19 15:00:44.0"/>
    <UomConversion uomId="LEN_lnG" uomIdTo="LEN_in" conversionFactor="7.92" lastUpdatedStamp="2012-08-19 15:00:45.0" lastUpdatedTxStamp="2012-08-19 15:00:44.0" createdStamp="2012-08-19 15:00:45.0" createdTxStamp="2012-08-19 15:00:44.0"/>
    <UomConversion uomId="LEN_lnR" uomIdTo="LEN_in" conversionFactor="12.0" lastUpdatedStamp="2012-08-19 15:00:45.0" lastUpdatedTxStamp="2012-08-19 15:00:44.0" createdStamp="2012-08-19 15:00:45.0" createdTxStamp="2012-08-19 15:00:44.0"/>
    <UomConversion uomId="LEN_m" uomIdTo="LEN_in" conversionFactor="39.37" lastUpdatedStamp="2012-08-19 15:00:45.0" lastUpdatedTxStamp="2012-08-19 15:00:44.0" createdStamp="2012-08-19 15:00:45.0" createdTxStamp="2012-08-19 15:00:44.0"/>
    <UomConversion uomId="LEN_mi" uomIdTo="LEN_ft" conversionFactor="5280.0" lastUpdatedStamp="2012-08-19 15:00:45.0" lastUpdatedTxStamp="2012-08-19 15:00:44.0" createdStamp="2012-08-19 15:00:45.0" createdTxStamp="2012-08-19 15:00:44.0"/>
    <UomConversion uomId="LEN_mi" uomIdTo="LEN_fur" conversionFactor="8.0" lastUpdatedStamp="2012-08-19 15:00:45.0" lastUpdatedTxStamp="2012-08-19 15:00:44.0" createdStamp="2012-08-19 15:00:45.0" createdTxStamp="2012-08-19 15:00:44.0"/>
    <UomConversion uomId="LEN_mi" uomIdTo="LEN_km" conversionFactor="1.609" lastUpdatedStamp="2012-08-19 15:00:45.0" lastUpdatedTxStamp="2012-08-19 15:00:44.0" createdStamp="2012-08-19 15:00:45.0" createdTxStamp="2012-08-19 15:00:44.0"/>
    <UomConversion uomId="LEN_mil" uomIdTo="LEN_in" conversionFactor="0.0010" lastUpdatedStamp="2012-08-19 15:00:45.0" lastUpdatedTxStamp="2012-08-19 15:00:44.0" createdStamp="2012-08-19 15:00:45.0" createdTxStamp="2012-08-19 15:00:44.0"/>
    <UomConversion uomId="LEN_mm" uomIdTo="LEN_m" conversionFactor="0.0010" lastUpdatedStamp="2012-08-19 15:00:45.0" lastUpdatedTxStamp="2012-08-19 15:00:44.0" createdStamp="2012-08-19 15:00:45.0" createdTxStamp="2012-08-19 15:00:44.0"/>
    <UomConversion uomId="LEN_mm" uomIdTo="LEN_u" conversionFactor="1000.0" lastUpdatedStamp="2012-08-19 15:00:45.0" lastUpdatedTxStamp="2012-08-19 15:00:44.0" createdStamp="2012-08-19 15:00:45.0" createdTxStamp="2012-08-19 15:00:44.0"/>
    <UomConversion uomId="LEN_nmi" uomIdTo="LEN_ft" conversionFactor="6076.11549" lastUpdatedStamp="2012-08-19 15:00:45.0" lastUpdatedTxStamp="2012-08-19 15:00:44.0" createdStamp="2012-08-19 15:00:45.0" createdTxStamp="2012-08-19 15:00:44.0"/>
    <UomConversion uomId="LEN_nmi" uomIdTo="LEN_km" conversionFactor="1.85" lastUpdatedStamp="2012-08-19 15:00:45.0" lastUpdatedTxStamp="2012-08-19 15:00:44.0" createdStamp="2012-08-19 15:00:45.0" createdTxStamp="2012-08-19 15:00:44.0"/>
    <UomConversion uomId="LEN_pica" uomIdTo="LEN_point" conversionFactor="12.0" lastUpdatedStamp="2012-08-19 15:00:45.0" lastUpdatedTxStamp="2012-08-19 15:00:44.0" createdStamp="2012-08-19 15:00:45.0" createdTxStamp="2012-08-19 15:00:44.0"/>
    <UomConversion uomId="LEN_point" uomIdTo="LEN_in" conversionFactor="0.0138" lastUpdatedStamp="2012-08-19 15:00:45.0" lastUpdatedTxStamp="2012-08-19 15:00:44.0" createdStamp="2012-08-19 15:00:45.0" createdTxStamp="2012-08-19 15:00:44.0"/>
    <UomConversion uomId="LEN_point" uomIdTo="LEN_mm" conversionFactor="0.351" lastUpdatedStamp="2012-08-19 15:00:45.0" lastUpdatedTxStamp="2012-08-19 15:00:44.0" createdStamp="2012-08-19 15:00:45.0" createdTxStamp="2012-08-19 15:00:44.0"/>
    <UomConversion uomId="LEN_rd" uomIdTo="LEN_ft" conversionFactor="16.5" lastUpdatedStamp="2012-08-19 15:00:45.0" lastUpdatedTxStamp="2012-08-19 15:00:44.0" createdStamp="2012-08-19 15:00:45.0" createdTxStamp="2012-08-19 15:00:44.0"/>
    <UomConversion uomId="LEN_u" uomIdTo="LEN_mm" conversionFactor="0.0010" lastUpdatedStamp="2012-08-19 15:00:45.0" lastUpdatedTxStamp="2012-08-19 15:00:44.0" createdStamp="2012-08-19 15:00:45.0" createdTxStamp="2012-08-19 15:00:44.0"/>
    <UomConversion uomId="LEN_yd" uomIdTo="LEN_ft" conversionFactor="3.0" lastUpdatedStamp="2012-08-19 15:00:45.0" lastUpdatedTxStamp="2012-08-19 15:00:44.0" createdStamp="2012-08-19 15:00:45.0" createdTxStamp="2012-08-19 15:00:44.0"/>
    <UomConversion uomId="TF_century" uomIdTo="TF_yr" conversionFactor="100.0" lastUpdatedStamp="2012-08-19 15:00:45.0" lastUpdatedTxStamp="2012-08-19 15:00:44.0" createdStamp="2012-08-19 15:00:45.0" createdTxStamp="2012-08-19 15:00:44.0"/>
    <UomConversion uomId="TF_day" uomIdTo="TF_hr" conversionFactor="24.0" lastUpdatedStamp="2012-08-19 15:00:45.0" lastUpdatedTxStamp="2012-08-19 15:00:44.0" createdStamp="2012-08-19 15:00:45.0" createdTxStamp="2012-08-19 15:00:44.0"/>
    <UomConversion uomId="TF_decade" uomIdTo="TF_yr" conversionFactor="10.0" lastUpdatedStamp="2012-08-19 15:00:45.0" lastUpdatedTxStamp="2012-08-19 15:00:44.0" createdStamp="2012-08-19 15:00:45.0" createdTxStamp="2012-08-19 15:00:44.0"/>
    <UomConversion uomId="TF_hr" uomIdTo="TF_min" conversionFactor="60.0" lastUpdatedStamp="2012-08-19 15:00:45.0" lastUpdatedTxStamp="2012-08-19 15:00:44.0" createdStamp="2012-08-19 15:00:45.0" createdTxStamp="2012-08-19 15:00:44.0"/>
    <UomConversion uomId="TF_millenium" uomIdTo="TF_yr" conversionFactor="1000.0" lastUpdatedStamp="2012-08-19 15:00:45.0" lastUpdatedTxStamp="2012-08-19 15:00:44.0" createdStamp="2012-08-19 15:00:45.0" createdTxStamp="2012-08-19 15:00:44.0"/>
    <UomConversion uomId="TF_min" uomIdTo="TF_s" conversionFactor="60.0" lastUpdatedStamp="2012-08-19 15:00:45.0" lastUpdatedTxStamp="2012-08-19 15:00:44.0" createdStamp="2012-08-19 15:00:45.0" createdTxStamp="2012-08-19 15:00:44.0"/>
    <UomConversion uomId="TF_s" uomIdTo="TF_ms" conversionFactor="1000.0" lastUpdatedStamp="2012-08-19 15:00:45.0" lastUpdatedTxStamp="2012-08-19 15:00:44.0" createdStamp="2012-08-19 15:00:45.0" createdTxStamp="2012-08-19 15:00:44.0"/>
    <UomConversion uomId="TF_score" uomIdTo="TF_yr" conversionFactor="20.0" lastUpdatedStamp="2012-08-19 15:00:45.0" lastUpdatedTxStamp="2012-08-19 15:00:44.0" createdStamp="2012-08-19 15:00:45.0" createdTxStamp="2012-08-19 15:00:44.0"/>
    <UomConversion uomId="TF_wk" uomIdTo="TF_day" conversionFactor="7.0" lastUpdatedStamp="2012-08-19 15:00:45.0" lastUpdatedTxStamp="2012-08-19 15:00:44.0" createdStamp="2012-08-19 15:00:45.0" createdTxStamp="2012-08-19 15:00:44.0"/>
    <UomConversion uomId="TF_yr" uomIdTo="TF_day" conversionFactor="365.0" lastUpdatedStamp="2012-08-19 15:00:45.0" lastUpdatedTxStamp="2012-08-19 15:00:44.0" createdStamp="2012-08-19 15:00:45.0" createdTxStamp="2012-08-19 15:00:44.0"/>
    <UomConversion uomId="VDRY_cm3" uomIdTo="VDRY_in3" conversionFactor="0.061" lastUpdatedStamp="2012-08-19 15:00:45.0" lastUpdatedTxStamp="2012-08-19 15:00:44.0" createdStamp="2012-08-19 15:00:45.0" createdTxStamp="2012-08-19 15:00:44.0"/>
    <UomConversion uomId="VDRY_cm3" uomIdTo="VDRY_mm3" conversionFactor="1000.0" lastUpdatedStamp="2012-08-19 15:00:45.0" lastUpdatedTxStamp="2012-08-19 15:00:44.0" createdStamp="2012-08-19 15:00:45.0" createdTxStamp="2012-08-19 15:00:44.0"/>
    <UomConversion uomId="VDRY_ft3" uomIdTo="VDRY_in3" conversionFactor="1728.0" lastUpdatedStamp="2012-08-19 15:00:45.0" lastUpdatedTxStamp="2012-08-19 15:00:44.0" createdStamp="2012-08-19 15:00:45.0" createdTxStamp="2012-08-19 15:00:44.0"/>
    <UomConversion uomId="VDRY_m3" uomIdTo="VDRY_yd3" conversionFactor="1.3" lastUpdatedStamp="2012-08-19 15:00:45.0" lastUpdatedTxStamp="2012-08-19 15:00:44.0" createdStamp="2012-08-19 15:00:45.0" createdTxStamp="2012-08-19 15:00:44.0"/>
    <UomConversion uomId="VDRY_ST" uomIdTo="VDRY_m3" conversionFactor="1.0" lastUpdatedStamp="2012-08-19 15:00:45.0" lastUpdatedTxStamp="2012-08-19 15:00:44.0" createdStamp="2012-08-19 15:00:45.0" createdTxStamp="2012-08-19 15:00:44.0"/>
    <UomConversion uomId="VDRY_yd3" uomIdTo="VDRY_ft3" conversionFactor="27.0" lastUpdatedStamp="2012-08-19 15:00:45.0" lastUpdatedTxStamp="2012-08-19 15:00:44.0" createdStamp="2012-08-19 15:00:45.0" createdTxStamp="2012-08-19 15:00:44.0"/>
    <UomConversion uomId="VLIQ_bbl" uomIdTo="VLIQ_galUS" conversionFactor="31.5" lastUpdatedStamp="2012-08-19 15:00:45.0" lastUpdatedTxStamp="2012-08-19 15:00:44.0" createdStamp="2012-08-19 15:00:45.0" createdTxStamp="2012-08-19 15:00:44.0"/>
    <UomConversion uomId="VLIQ_cup" uomIdTo="VLIQ_Tbs" conversionFactor="16.0" lastUpdatedStamp="2012-08-19 15:00:45.0" lastUpdatedTxStamp="2012-08-19 15:00:44.0" createdStamp="2012-08-19 15:00:45.0" createdTxStamp="2012-08-19 15:00:44.0"/>
    <UomConversion uomId="VLIQ_galUK" uomIdTo="VDRY_m3" conversionFactor="0.4546" lastUpdatedStamp="2012-08-19 15:00:45.0" lastUpdatedTxStamp="2012-08-19 15:00:44.0" createdStamp="2012-08-19 15:00:45.0" createdTxStamp="2012-08-19 15:00:44.0"/>
    <UomConversion uomId="VLIQ_galUK" uomIdTo="VLIQ_galUS" conversionFactor="1.2009" lastUpdatedStamp="2012-08-19 15:00:45.0" lastUpdatedTxStamp="2012-08-19 15:00:44.0" createdStamp="2012-08-19 15:00:45.0" createdTxStamp="2012-08-19 15:00:44.0"/>
    <UomConversion uomId="VLIQ_galUS" uomIdTo="VLIQ_L" conversionFactor="3.785" lastUpdatedStamp="2012-08-19 15:00:45.0" lastUpdatedTxStamp="2012-08-19 15:00:44.0" createdStamp="2012-08-19 15:00:45.0" createdTxStamp="2012-08-19 15:00:44.0"/>
    <UomConversion uomId="VLIQ_galUS" uomIdTo="VLIQ_qt" conversionFactor="4.0" lastUpdatedStamp="2012-08-19 15:00:45.0" lastUpdatedTxStamp="2012-08-19 15:00:44.0" createdStamp="2012-08-19 15:00:45.0" createdTxStamp="2012-08-19 15:00:44.0"/>
    <UomConversion uomId="VLIQ_L" uomIdTo="VDRY_m3" conversionFactor="0.0010" lastUpdatedStamp="2012-08-19 15:00:45.0" lastUpdatedTxStamp="2012-08-19 15:00:44.0" createdStamp="2012-08-19 15:00:45.0" createdTxStamp="2012-08-19 15:00:44.0"/>
    <UomConversion uomId="VLIQ_L" uomIdTo="VLIQ_ml" conversionFactor="1000.0" lastUpdatedStamp="2012-08-19 15:00:45.0" lastUpdatedTxStamp="2012-08-19 15:00:44.0" createdStamp="2012-08-19 15:00:45.0" createdTxStamp="2012-08-19 15:00:44.0"/>
    <UomConversion uomId="VLIQ_L" uomIdTo="VLIQ_qt" conversionFactor="1.056" lastUpdatedStamp="2012-08-19 15:00:45.0" lastUpdatedTxStamp="2012-08-19 15:00:44.0" createdStamp="2012-08-19 15:00:45.0" createdTxStamp="2012-08-19 15:00:44.0"/>
    <UomConversion uomId="VLIQ_ml" uomIdTo="VLIQ_L" conversionFactor="0.0010" lastUpdatedStamp="2012-08-19 15:00:45.0" lastUpdatedTxStamp="2012-08-19 15:00:44.0" createdStamp="2012-08-19 15:00:45.0" createdTxStamp="2012-08-19 15:00:44.0"/>
    <UomConversion uomId="VLIQ_ozUK" uomIdTo="VLIQ_L" conversionFactor="0.029" lastUpdatedStamp="2012-08-19 15:00:45.0" lastUpdatedTxStamp="2012-08-19 15:00:44.0" createdStamp="2012-08-19 15:00:45.0" createdTxStamp="2012-08-19 15:00:44.0"/>
    <UomConversion uomId="VLIQ_ozUK" uomIdTo="VLIQ_ozUS" conversionFactor="0.96" lastUpdatedStamp="2012-08-19 15:00:45.0" lastUpdatedTxStamp="2012-08-19 15:00:44.0" createdStamp="2012-08-19 15:00:45.0" createdTxStamp="2012-08-19 15:00:44.0"/>
    <UomConversion uomId="VLIQ_ozUS" uomIdTo="VLIQ_dr" conversionFactor="8.0" lastUpdatedStamp="2012-08-19 15:00:45.0" lastUpdatedTxStamp="2012-08-19 15:00:44.0" createdStamp="2012-08-19 15:00:45.0" createdTxStamp="2012-08-19 15:00:44.0"/>
    <UomConversion uomId="VLIQ_ozUS" uomIdTo="VLIQ_Tbs" conversionFactor="2.0" lastUpdatedStamp="2012-08-19 15:00:45.0" lastUpdatedTxStamp="2012-08-19 15:00:44.0" createdStamp="2012-08-19 15:00:45.0" createdTxStamp="2012-08-19 15:00:44.0"/>
    <UomConversion uomId="VLIQ_ptUK" uomIdTo="VLIQ_gi" conversionFactor="4.0" lastUpdatedStamp="2012-08-19 15:00:45.0" lastUpdatedTxStamp="2012-08-19 15:00:44.0" createdStamp="2012-08-19 15:00:45.0" createdTxStamp="2012-08-19 15:00:44.0"/>
    <UomConversion uomId="VLIQ_ptUK" uomIdTo="VLIQ_ptUS" conversionFactor="1.2" lastUpdatedStamp="2012-08-19 15:00:45.0" lastUpdatedTxStamp="2012-08-19 15:00:44.0" createdStamp="2012-08-19 15:00:45.0" createdTxStamp="2012-08-19 15:00:44.0"/>
    <UomConversion uomId="VLIQ_ptUS" uomIdTo="VLIQ_ozUS" conversionFactor="16.0" lastUpdatedStamp="2012-08-19 15:00:45.0" lastUpdatedTxStamp="2012-08-19 15:00:44.0" createdStamp="2012-08-19 15:00:45.0" createdTxStamp="2012-08-19 15:00:44.0"/>
    <UomConversion uomId="VLIQ_qt" uomIdTo="VLIQ_ptUS" conversionFactor="2.0" lastUpdatedStamp="2012-08-19 15:00:45.0" lastUpdatedTxStamp="2012-08-19 15:00:44.0" createdStamp="2012-08-19 15:00:45.0" createdTxStamp="2012-08-19 15:00:44.0"/>
    <UomConversion uomId="VLIQ_Tbs" uomIdTo="VLIQ_tsp" conversionFactor="3.0" lastUpdatedStamp="2012-08-19 15:00:45.0" lastUpdatedTxStamp="2012-08-19 15:00:44.0" createdStamp="2012-08-19 15:00:45.0" createdTxStamp="2012-08-19 15:00:44.0"/>
    <UomConversion uomId="WT_dr_avdp" uomIdTo="WT_oz" conversionFactor="0.0625" lastUpdatedStamp="2012-08-19 15:00:45.0" lastUpdatedTxStamp="2012-08-19 15:00:44.0" createdStamp="2012-08-19 15:00:45.0" createdTxStamp="2012-08-19 15:00:44.0"/>
    <UomConversion uomId="WT_dwt" uomIdTo="WT_g" conversionFactor="1.555" lastUpdatedStamp="2012-08-19 15:00:45.0" lastUpdatedTxStamp="2012-08-19 15:00:44.0" createdStamp="2012-08-19 15:00:45.0" createdTxStamp="2012-08-19 15:00:44.0"/>
    <UomConversion uomId="WT_g" uomIdTo="WT_kg" conversionFactor="0.0010" lastUpdatedStamp="2012-08-19 15:00:45.0" lastUpdatedTxStamp="2012-08-19 15:00:44.0" createdStamp="2012-08-19 15:00:45.0" createdTxStamp="2012-08-19 15:00:44.0"/>
    <UomConversion uomId="WT_g" uomIdTo="WT_lb" conversionFactor="0.002205" lastUpdatedStamp="2012-08-22 22:54:46.0" lastUpdatedTxStamp="2012-08-22 22:54:45.0" createdStamp="2012-08-19 15:00:45.0" createdTxStamp="2012-08-19 15:00:44.0"/>
    <UomConversion uomId="WT_g" uomIdTo="WT_mg" conversionFactor="1000.0" lastUpdatedStamp="2012-08-19 15:00:45.0" lastUpdatedTxStamp="2012-08-19 15:00:44.0" createdStamp="2012-08-19 15:00:45.0" createdTxStamp="2012-08-19 15:00:44.0"/>
    <UomConversion uomId="WT_g" uomIdTo="WT_oz" conversionFactor="0.03527" lastUpdatedStamp="2012-08-19 15:00:45.0" lastUpdatedTxStamp="2012-08-19 15:00:44.0" createdStamp="2012-08-19 15:00:45.0" createdTxStamp="2012-08-19 15:00:44.0"/>
    <UomConversion uomId="WT_gr" uomIdTo="WT_g" conversionFactor="0.0648" lastUpdatedStamp="2012-08-19 15:00:45.0" lastUpdatedTxStamp="2012-08-19 15:00:44.0" createdStamp="2012-08-19 15:00:45.0" createdTxStamp="2012-08-19 15:00:44.0"/>
    <UomConversion uomId="WT_gr" uomIdTo="WT_oz" conversionFactor="0.00229" lastUpdatedStamp="2012-08-19 15:00:45.0" lastUpdatedTxStamp="2012-08-19 15:00:44.0" createdStamp="2012-08-19 15:00:45.0" createdTxStamp="2012-08-19 15:00:44.0"/>
    <UomConversion uomId="WT_kg" uomIdTo="WT_g" conversionFactor="1000.0" lastUpdatedStamp="2012-08-19 15:00:45.0" lastUpdatedTxStamp="2012-08-19 15:00:44.0" createdStamp="2012-08-19 15:00:45.0" createdTxStamp="2012-08-19 15:00:44.0"/>
    <UomConversion uomId="WT_kg" uomIdTo="WT_lb" conversionFactor="2.2" lastUpdatedStamp="2012-08-19 15:00:45.0" lastUpdatedTxStamp="2012-08-19 15:00:44.0" createdStamp="2012-08-19 15:00:45.0" createdTxStamp="2012-08-19 15:00:44.0"/>
    <UomConversion uomId="WT_lb" uomIdTo="WT_oz" conversionFactor="16.0" lastUpdatedStamp="2012-08-19 15:00:45.0" lastUpdatedTxStamp="2012-08-19 15:00:44.0" createdStamp="2012-08-19 15:00:45.0" createdTxStamp="2012-08-19 15:00:44.0"/>
    <UomConversion uomId="WT_lt" uomIdTo="WT_lb" conversionFactor="2240.0" lastUpdatedStamp="2012-08-19 15:00:45.0" lastUpdatedTxStamp="2012-08-19 15:00:44.0" createdStamp="2012-08-19 15:00:45.0" createdTxStamp="2012-08-19 15:00:44.0"/>
    <UomConversion uomId="WT_lt" uomIdTo="WT_mt" conversionFactor="1.02" lastUpdatedStamp="2012-08-19 15:00:45.0" lastUpdatedTxStamp="2012-08-19 15:00:44.0" createdStamp="2012-08-19 15:00:45.0" createdTxStamp="2012-08-19 15:00:44.0"/>
    <UomConversion uomId="WT_mt" uomIdTo="WT_kg" conversionFactor="1000.0" lastUpdatedStamp="2012-08-19 15:00:45.0" lastUpdatedTxStamp="2012-08-19 15:00:44.0" createdStamp="2012-08-19 15:00:45.0" createdTxStamp="2012-08-19 15:00:44.0"/>
    <UomConversion uomId="WT_oz" uomIdTo="WT_g" conversionFactor="28.0" lastUpdatedStamp="2012-08-19 15:00:45.0" lastUpdatedTxStamp="2012-08-19 15:00:44.0" createdStamp="2012-08-19 15:00:45.0" createdTxStamp="2012-08-19 15:00:44.0"/>
    <UomConversion uomId="WT_oz" uomIdTo="WT_lb" conversionFactor="0.0625" lastUpdatedStamp="2012-08-19 15:00:45.0" lastUpdatedTxStamp="2012-08-19 15:00:44.0" createdStamp="2012-08-19 15:00:45.0" createdTxStamp="2012-08-19 15:00:44.0"/>
    <UomConversion uomId="WT_oz_tr" uomIdTo="WT_g" conversionFactor="30.0" lastUpdatedStamp="2012-08-19 15:00:45.0" lastUpdatedTxStamp="2012-08-19 15:00:44.0" createdStamp="2012-08-19 15:00:45.0" createdTxStamp="2012-08-19 15:00:44.0"/>
    <UomConversion uomId="WT_sh_t" uomIdTo="WT_lb" conversionFactor="2000.0" lastUpdatedStamp="2012-08-19 15:00:45.0" lastUpdatedTxStamp="2012-08-19 15:00:44.0" createdStamp="2012-08-19 15:00:45.0" createdTxStamp="2012-08-19 15:00:44.0"/>
    <UomConversion uomId="WT_st" uomIdTo="WT_lb" conversionFactor="14.0" lastUpdatedStamp="2012-08-19 15:00:45.0" lastUpdatedTxStamp="2012-08-19 15:00:44.0" createdStamp="2012-08-19 15:00:45.0" createdTxStamp="2012-08-19 15:00:44.0"/>
</entity-engine-xml>
