<?xml version="1.0" encoding="UTF-8"?>
<entity-engine-xml>
    <UserLoginHistory userLoginId="chenzhiwei" visitId="10011" fromDate="2012-08-20 08:53:20.0" successfulLogin="Y" lastUpdatedStamp="2012-08-20 08:53:20.0" lastUpdatedTxStamp="2012-08-20 08:53:20.0" createdStamp="2012-08-20 08:53:20.0" createdTxStamp="2012-08-20 08:53:20.0"/>
    <UserLoginHistory userLoginId="chenzhiwei" visitId="10021" fromDate="2012-08-20 09:19:23.0" passwordUsed="1234556" successfulLogin="N" lastUpdatedStamp="2012-08-20 09:19:23.0" lastUpdatedTxStamp="2012-08-20 09:19:23.0" createdStamp="2012-08-20 09:19:23.0" createdTxStamp="2012-08-20 09:19:23.0"/>
    <UserLoginHistory userLoginId="chenzhiwei" visitId="10021" fromDate="2012-08-20 09:19:31.0" successfulLogin="Y" lastUpdatedStamp="2012-08-20 09:19:31.0" lastUpdatedTxStamp="2012-08-20 09:19:31.0" createdStamp="2012-08-20 09:19:31.0" createdTxStamp="2012-08-20 09:19:31.0"/>
    <UserLoginHistory userLoginId="chenzhiwei" visitId="10031" fromDate="2012-08-24 08:16:25.0" successfulLogin="Y" lastUpdatedStamp="2012-08-24 08:16:25.0" lastUpdatedTxStamp="2012-08-24 08:16:25.0" createdStamp="2012-08-24 08:16:25.0" createdTxStamp="2012-08-24 08:16:25.0"/>
    <UserLoginHistory userLoginId="chenzhiwei" visitId="10042" fromDate="2012-08-25 09:22:06.0" successfulLogin="Y" lastUpdatedStamp="2012-08-25 09:22:06.0" lastUpdatedTxStamp="2012-08-25 09:22:06.0" createdStamp="2012-08-25 09:22:06.0" createdTxStamp="2012-08-25 09:22:06.0"/>
    <UserLoginHistory userLoginId="chenzhiwei" visitId="10043" fromDate="2012-08-25 10:11:41.0" successfulLogin="Y" lastUpdatedStamp="2012-08-25 10:11:41.0" lastUpdatedTxStamp="2012-08-25 10:11:41.0" createdStamp="2012-08-25 10:11:41.0" createdTxStamp="2012-08-25 10:11:41.0"/>
    <UserLoginHistory userLoginId="chenzhiwei" visitId="10046" fromDate="2012-08-25 13:39:02.0" successfulLogin="Y" lastUpdatedStamp="2012-08-25 13:39:02.0" lastUpdatedTxStamp="2012-08-25 13:39:02.0" createdStamp="2012-08-25 13:39:02.0" createdTxStamp="2012-08-25 13:39:02.0"/>
    <UserLoginHistory userLoginId="chenzhiwei" visitId="10051" fromDate="2012-08-27 08:40:06.0" successfulLogin="Y" lastUpdatedStamp="2012-08-27 08:40:06.0" lastUpdatedTxStamp="2012-08-27 08:40:06.0" createdStamp="2012-08-27 08:40:06.0" createdTxStamp="2012-08-27 08:40:06.0"/>
    <UserLoginHistory userLoginId="chenzhiwei" visitId="10053" fromDate="2012-08-27 09:18:20.0" successfulLogin="Y" lastUpdatedStamp="2012-08-27 09:18:20.0" lastUpdatedTxStamp="2012-08-27 09:18:20.0" createdStamp="2012-08-27 09:18:20.0" createdTxStamp="2012-08-27 09:18:20.0"/>
    <UserLoginHistory userLoginId="chenzhiwei" visitId="10054" fromDate="2012-08-27 09:59:55.0" successfulLogin="Y" lastUpdatedStamp="2012-08-27 09:59:56.0" lastUpdatedTxStamp="2012-08-27 09:59:55.0" createdStamp="2012-08-27 09:59:56.0" createdTxStamp="2012-08-27 09:59:55.0"/>
    <UserLoginHistory userLoginId="chenzhiwei" visitId="10062" fromDate="2012-08-27 14:38:10.0" successfulLogin="Y" lastUpdatedStamp="2012-08-27 14:38:10.0" lastUpdatedTxStamp="2012-08-27 14:38:10.0" createdStamp="2012-08-27 14:38:10.0" createdTxStamp="2012-08-27 14:38:10.0"/>
    <UserLoginHistory userLoginId="chenzhiwei" visitId="10064" fromDate="2012-08-27 16:19:25.0" successfulLogin="Y" lastUpdatedStamp="2012-08-27 16:19:25.0" lastUpdatedTxStamp="2012-08-27 16:19:25.0" createdStamp="2012-08-27 16:19:25.0" createdTxStamp="2012-08-27 16:19:25.0"/>
    <UserLoginHistory userLoginId="chenzhiwei" visitId="10066" fromDate="2012-08-28 11:36:48.0" successfulLogin="Y" lastUpdatedStamp="2012-08-28 11:36:48.0" lastUpdatedTxStamp="2012-08-28 11:36:48.0" createdStamp="2012-08-28 11:36:48.0" createdTxStamp="2012-08-28 11:36:48.0"/>
    <UserLoginHistory userLoginId="chenzhiwei" visitId="10069" fromDate="2012-08-28 14:04:10.0" successfulLogin="Y" lastUpdatedStamp="2012-08-28 14:04:10.0" lastUpdatedTxStamp="2012-08-28 14:04:10.0" createdStamp="2012-08-28 14:04:10.0" createdTxStamp="2012-08-28 14:04:10.0"/>
    <UserLoginHistory userLoginId="chenzhiwei" visitId="10070" fromDate="2012-08-28 15:02:18.0" passwordUsed="12345" successfulLogin="N" lastUpdatedStamp="2012-08-28 15:02:18.0" lastUpdatedTxStamp="2012-08-28 15:02:18.0" createdStamp="2012-08-28 15:02:18.0" createdTxStamp="2012-08-28 15:02:18.0"/>
    <UserLoginHistory userLoginId="chenzhiwei" visitId="10070" fromDate="2012-08-28 15:02:24.0" successfulLogin="Y" lastUpdatedStamp="2012-08-28 15:02:24.0" lastUpdatedTxStamp="2012-08-28 15:02:24.0" createdStamp="2012-08-28 15:02:24.0" createdTxStamp="2012-08-28 15:02:24.0"/>
    <UserLoginHistory userLoginId="chenzhiwei" visitId="10074" fromDate="2012-08-28 16:23:50.0" successfulLogin="Y" lastUpdatedStamp="2012-08-28 16:23:50.0" lastUpdatedTxStamp="2012-08-28 16:23:50.0" createdStamp="2012-08-28 16:23:50.0" createdTxStamp="2012-08-28 16:23:50.0"/>
    <UserLoginHistory userLoginId="chenzhiwei" visitId="10078" fromDate="2012-08-29 08:27:27.0" successfulLogin="Y" lastUpdatedStamp="2012-08-29 08:27:27.0" lastUpdatedTxStamp="2012-08-29 08:27:27.0" createdStamp="2012-08-29 08:27:27.0" createdTxStamp="2012-08-29 08:27:27.0"/>
    <UserLoginHistory userLoginId="chenzhiwei" visitId="10082" fromDate="2012-08-29 09:59:57.0" successfulLogin="Y" lastUpdatedStamp="2012-08-29 09:59:57.0" lastUpdatedTxStamp="2012-08-29 09:59:57.0" createdStamp="2012-08-29 09:59:57.0" createdTxStamp="2012-08-29 09:59:57.0"/>
    <UserLoginHistory userLoginId="chenzhiwei" visitId="10086" fromDate="2012-08-29 13:48:31.0" successfulLogin="Y" lastUpdatedStamp="2012-08-29 13:48:31.0" lastUpdatedTxStamp="2012-08-29 13:48:31.0" createdStamp="2012-08-29 13:48:31.0" createdTxStamp="2012-08-29 13:48:31.0"/>
    <UserLoginHistory userLoginId="chenzhiwei" visitId="10091" fromDate="2012-08-29 14:57:13.0" successfulLogin="Y" lastUpdatedStamp="2012-08-29 14:57:13.0" lastUpdatedTxStamp="2012-08-29 14:57:13.0" createdStamp="2012-08-29 14:57:13.0" createdTxStamp="2012-08-29 14:57:13.0"/>
    <UserLoginHistory userLoginId="chenzhiwei" visitId="10093" fromDate="2012-08-31 13:51:27.0" successfulLogin="Y" lastUpdatedStamp="2012-08-31 13:51:27.0" lastUpdatedTxStamp="2012-08-31 13:51:27.0" createdStamp="2012-08-31 13:51:27.0" createdTxStamp="2012-08-31 13:51:27.0"/>
    <UserLoginHistory userLoginId="hhyang" visitId="10056" fromDate="2012-08-27 11:31:55.0" successfulLogin="Y" lastUpdatedStamp="2012-08-27 11:31:55.0" lastUpdatedTxStamp="2012-08-27 11:31:55.0" createdStamp="2012-08-27 11:31:55.0" createdTxStamp="2012-08-27 11:31:55.0"/>
    <UserLoginHistory userLoginId="liweiliang" visitId="10052" fromDate="2012-08-27 08:43:15.0" successfulLogin="Y" lastUpdatedStamp="2012-08-27 08:43:15.0" lastUpdatedTxStamp="2012-08-27 08:43:15.0" createdStamp="2012-08-27 08:43:15.0" createdTxStamp="2012-08-27 08:43:15.0"/>
    <UserLoginHistory userLoginId="liweiliang" visitId="10075" fromDate="2012-08-28 16:26:32.0" successfulLogin="Y" lastUpdatedStamp="2012-08-28 16:26:32.0" lastUpdatedTxStamp="2012-08-28 16:26:32.0" createdStamp="2012-08-28 16:26:32.0" createdTxStamp="2012-08-28 16:26:32.0"/>
    <UserLoginHistory userLoginId="liweiliang" visitId="10079" fromDate="2012-08-29 09:00:04.0" successfulLogin="Y" lastUpdatedStamp="2012-08-29 09:00:04.0" lastUpdatedTxStamp="2012-08-29 09:00:04.0" createdStamp="2012-08-29 09:00:04.0" createdTxStamp="2012-08-29 09:00:04.0"/>
    <UserLoginHistory userLoginId="liweiliang" visitId="10092" fromDate="2012-08-30 08:46:36.0" successfulLogin="Y" lastUpdatedStamp="2012-08-30 08:46:36.0" lastUpdatedTxStamp="2012-08-30 08:46:36.0" createdStamp="2012-08-30 08:46:36.0" createdTxStamp="2012-08-30 08:46:36.0"/>
    <UserLoginHistory userLoginId="lucaiqun" visitId="10030" fromDate="2012-08-23 16:11:05.0" successfulLogin="Y" lastUpdatedStamp="2012-08-23 16:11:05.0" lastUpdatedTxStamp="2012-08-23 16:11:05.0" createdStamp="2012-08-23 16:11:05.0" createdTxStamp="2012-08-23 16:11:05.0"/>
    <UserLoginHistory userLoginId="lucaiqun" visitId="10032" fromDate="2012-08-24 08:36:53.0" successfulLogin="Y" lastUpdatedStamp="2012-08-24 08:36:53.0" lastUpdatedTxStamp="2012-08-24 08:36:53.0" createdStamp="2012-08-24 08:36:53.0" createdTxStamp="2012-08-24 08:36:53.0"/>
    <UserLoginHistory userLoginId="lucaiqun" visitId="10033" fromDate="2012-08-24 09:47:27.0" successfulLogin="Y" lastUpdatedStamp="2012-08-24 09:47:27.0" lastUpdatedTxStamp="2012-08-24 09:47:27.0" createdStamp="2012-08-24 09:47:27.0" createdTxStamp="2012-08-24 09:47:27.0"/>
    <UserLoginHistory userLoginId="lucaiqun" visitId="10040" fromDate="2012-08-24 14:38:41.0" successfulLogin="Y" lastUpdatedStamp="2012-08-24 14:38:41.0" lastUpdatedTxStamp="2012-08-24 14:38:41.0" createdStamp="2012-08-24 14:38:41.0" createdTxStamp="2012-08-24 14:38:41.0"/>
    <UserLoginHistory userLoginId="lucaiqun" visitId="10048" fromDate="2012-08-25 14:55:08.0" successfulLogin="Y" lastUpdatedStamp="2012-08-25 14:55:08.0" lastUpdatedTxStamp="2012-08-25 14:55:08.0" createdStamp="2012-08-25 14:55:08.0" createdTxStamp="2012-08-25 14:55:08.0"/>
    <UserLoginHistory userLoginId="lucaiqun" visitId="10055" fromDate="2012-08-27 11:28:06.0" successfulLogin="Y" lastUpdatedStamp="2012-08-27 11:28:06.0" lastUpdatedTxStamp="2012-08-27 11:28:06.0" createdStamp="2012-08-27 11:28:06.0" createdTxStamp="2012-08-27 11:28:06.0"/>
    <UserLoginHistory userLoginId="lucaiqun" visitId="10057" fromDate="2012-08-27 11:33:00.0" successfulLogin="Y" lastUpdatedStamp="2012-08-27 11:33:00.0" lastUpdatedTxStamp="2012-08-27 11:33:00.0" createdStamp="2012-08-27 11:33:00.0" createdTxStamp="2012-08-27 11:33:00.0"/>
    <UserLoginHistory userLoginId="lucaiqun" visitId="10058" fromDate="2012-08-27 11:36:53.0" successfulLogin="Y" lastUpdatedStamp="2012-08-27 11:36:53.0" lastUpdatedTxStamp="2012-08-27 11:36:53.0" createdStamp="2012-08-27 11:36:53.0" createdTxStamp="2012-08-27 11:36:53.0"/>
    <UserLoginHistory userLoginId="lucaiqun" visitId="10061" fromDate="2012-08-27 13:43:59.0" successfulLogin="Y" lastUpdatedStamp="2012-08-27 13:43:59.0" lastUpdatedTxStamp="2012-08-27 13:43:59.0" createdStamp="2012-08-27 13:43:59.0" createdTxStamp="2012-08-27 13:43:59.0"/>
    <UserLoginHistory userLoginId="lucaiqun" visitId="10083" fromDate="2012-08-29 10:13:24.0" successfulLogin="Y" lastUpdatedStamp="2012-08-29 10:13:24.0" lastUpdatedTxStamp="2012-08-29 10:13:24.0" createdStamp="2012-08-29 10:13:24.0" createdTxStamp="2012-08-29 10:13:24.0"/>
    <UserLoginHistory userLoginId="lucaiqun" visitId="10087" fromDate="2012-08-29 14:21:50.0" successfulLogin="Y" lastUpdatedStamp="2012-08-29 14:21:50.0" lastUpdatedTxStamp="2012-08-29 14:21:50.0" createdStamp="2012-08-29 14:21:50.0" createdTxStamp="2012-08-29 14:21:50.0"/>
    <UserLoginHistory userLoginId="lucaiqun" visitId="10088" fromDate="2012-08-29 14:23:57.0" successfulLogin="Y" lastUpdatedStamp="2012-08-29 14:23:57.0" lastUpdatedTxStamp="2012-08-29 14:23:57.0" createdStamp="2012-08-29 14:23:57.0" createdTxStamp="2012-08-29 14:23:57.0"/>
    <UserLoginHistory userLoginId="lucaiqun" visitId="10089" fromDate="2012-08-29 14:29:12.0" passwordUsed="1213456" successfulLogin="N" lastUpdatedStamp="2012-08-29 14:29:12.0" lastUpdatedTxStamp="2012-08-29 14:29:12.0" createdStamp="2012-08-29 14:29:12.0" createdTxStamp="2012-08-29 14:29:12.0"/>
    <UserLoginHistory userLoginId="lucaiqun" visitId="10089" fromDate="2012-08-29 14:29:16.0" successfulLogin="Y" lastUpdatedStamp="2012-08-29 14:29:16.0" lastUpdatedTxStamp="2012-08-29 14:29:16.0" createdStamp="2012-08-29 14:29:16.0" createdTxStamp="2012-08-29 14:29:16.0"/>
    <UserLoginHistory userLoginId="lucaiqun" visitId="10090" fromDate="2012-08-29 14:38:58.0" successfulLogin="Y" lastUpdatedStamp="2012-08-29 14:38:58.0" lastUpdatedTxStamp="2012-08-29 14:38:58.0" createdStamp="2012-08-29 14:38:58.0" createdTxStamp="2012-08-29 14:38:58.0"/>
    <UserLoginHistory userLoginId="lupeie" visitId="10020" fromDate="2012-08-20 08:57:22.0" successfulLogin="Y" lastUpdatedStamp="2012-08-20 08:57:22.0" lastUpdatedTxStamp="2012-08-20 08:57:22.0" createdStamp="2012-08-20 08:57:22.0" createdTxStamp="2012-08-20 08:57:22.0"/>
    <UserLoginHistory userLoginId="lupeie" visitId="10041" fromDate="2012-08-25 09:18:53.0" successfulLogin="Y" lastUpdatedStamp="2012-08-25 09:18:53.0" lastUpdatedTxStamp="2012-08-25 09:18:53.0" createdStamp="2012-08-25 09:18:53.0" createdTxStamp="2012-08-25 09:18:53.0"/>
    <UserLoginHistory userLoginId="lupeie" visitId="10044" fromDate="2012-08-25 11:40:16.0" successfulLogin="Y" lastUpdatedStamp="2012-08-25 11:40:16.0" lastUpdatedTxStamp="2012-08-25 11:40:16.0" createdStamp="2012-08-25 11:40:16.0" createdTxStamp="2012-08-25 11:40:16.0"/>
    <UserLoginHistory userLoginId="lupeie" visitId="10045" fromDate="2012-08-25 13:30:42.0" successfulLogin="Y" lastUpdatedStamp="2012-08-25 13:30:42.0" lastUpdatedTxStamp="2012-08-25 13:30:42.0" createdStamp="2012-08-25 13:30:42.0" createdTxStamp="2012-08-25 13:30:42.0"/>
    <UserLoginHistory userLoginId="lupeie" visitId="10047" fromDate="2012-08-25 14:07:26.0" successfulLogin="Y" lastUpdatedStamp="2012-08-25 14:07:26.0" lastUpdatedTxStamp="2012-08-25 14:07:26.0" createdStamp="2012-08-25 14:07:26.0" createdTxStamp="2012-08-25 14:07:26.0"/>
    <UserLoginHistory userLoginId="lupeie" visitId="10049" fromDate="2012-08-25 18:24:19.0" successfulLogin="Y" lastUpdatedStamp="2012-08-25 18:24:19.0" lastUpdatedTxStamp="2012-08-25 18:24:19.0" createdStamp="2012-08-25 18:24:19.0" createdTxStamp="2012-08-25 18:24:19.0"/>
    <UserLoginHistory userLoginId="lupeie" visitId="10050" fromDate="2012-08-27 08:11:04.0" successfulLogin="Y" lastUpdatedStamp="2012-08-27 08:11:04.0" lastUpdatedTxStamp="2012-08-27 08:11:04.0" createdStamp="2012-08-27 08:11:04.0" createdTxStamp="2012-08-27 08:11:04.0"/>
    <UserLoginHistory userLoginId="lupeie" visitId="10059" fromDate="2012-08-27 13:32:09.0" successfulLogin="Y" lastUpdatedStamp="2012-08-27 13:32:09.0" lastUpdatedTxStamp="2012-08-27 13:32:09.0" createdStamp="2012-08-27 13:32:09.0" createdTxStamp="2012-08-27 13:32:09.0"/>
    <UserLoginHistory userLoginId="lupeie" visitId="10065" fromDate="2012-08-28 10:36:26.0" successfulLogin="Y" lastUpdatedStamp="2012-08-28 10:36:26.0" lastUpdatedTxStamp="2012-08-28 10:36:26.0" createdStamp="2012-08-28 10:36:26.0" createdTxStamp="2012-08-28 10:36:26.0"/>
    <UserLoginHistory userLoginId="lupeie" visitId="10068" fromDate="2012-08-28 14:00:14.0" successfulLogin="Y" lastUpdatedStamp="2012-08-28 14:00:14.0" lastUpdatedTxStamp="2012-08-28 14:00:14.0" createdStamp="2012-08-28 14:00:14.0" createdTxStamp="2012-08-28 14:00:14.0"/>
    <UserLoginHistory userLoginId="lupeie" visitId="10073" fromDate="2012-08-28 15:47:52.0" successfulLogin="Y" lastUpdatedStamp="2012-08-28 15:47:52.0" lastUpdatedTxStamp="2012-08-28 15:47:52.0" createdStamp="2012-08-28 15:47:52.0" createdTxStamp="2012-08-28 15:47:52.0"/>
    <UserLoginHistory userLoginId="lupeie" visitId="10076" fromDate="2012-08-28 16:27:13.0" successfulLogin="Y" lastUpdatedStamp="2012-08-28 16:27:13.0" lastUpdatedTxStamp="2012-08-28 16:27:13.0" createdStamp="2012-08-28 16:27:13.0" createdTxStamp="2012-08-28 16:27:13.0"/>
    <UserLoginHistory userLoginId="lupeie" visitId="10077" fromDate="2012-08-29 08:03:18.0" successfulLogin="Y" lastUpdatedStamp="2012-08-29 08:03:18.0" lastUpdatedTxStamp="2012-08-29 08:03:18.0" createdStamp="2012-08-29 08:03:18.0" createdTxStamp="2012-08-29 08:03:18.0"/>
    <UserLoginHistory userLoginId="lupeie" visitId="10081" fromDate="2012-08-29 09:42:50.0" successfulLogin="Y" lastUpdatedStamp="2012-08-29 09:42:50.0" lastUpdatedTxStamp="2012-08-29 09:42:50.0" createdStamp="2012-08-29 09:42:50.0" createdTxStamp="2012-08-29 09:42:50.0"/>
    <UserLoginHistory userLoginId="lupeie" visitId="10084" fromDate="2012-08-29 10:37:58.0" successfulLogin="Y" lastUpdatedStamp="2012-08-29 10:37:58.0" lastUpdatedTxStamp="2012-08-29 10:37:58.0" createdStamp="2012-08-29 10:37:58.0" createdTxStamp="2012-08-29 10:37:58.0"/>
    <UserLoginHistory userLoginId="lupeie" visitId="10085" fromDate="2012-08-29 13:26:13.0" successfulLogin="Y" lastUpdatedStamp="2012-08-29 13:26:13.0" lastUpdatedTxStamp="2012-08-29 13:26:13.0" createdStamp="2012-08-29 13:26:13.0" createdTxStamp="2012-08-29 13:26:13.0"/>
</entity-engine-xml>
