<?xml version="1.0" encoding="UTF-8"?>
<entity-engine-xml>
    <Visitor visitorId="10000" lastUpdatedStamp="2012-08-20 08:53:02.0" lastUpdatedTxStamp="2012-08-20 08:53:02.0" createdStamp="2012-08-20 08:53:02.0" createdTxStamp="2012-08-20 08:53:02.0"/>
    <Visitor visitorId="10001" lastUpdatedStamp="2012-08-20 08:53:02.0" lastUpdatedTxStamp="2012-08-20 08:53:02.0" createdStamp="2012-08-20 08:53:02.0" createdTxStamp="2012-08-20 08:53:02.0"/>
    <Visitor visitorId="10002" lastUpdatedStamp="2012-08-20 08:53:02.0" lastUpdatedTxStamp="2012-08-20 08:53:02.0" createdStamp="2012-08-20 08:53:02.0" createdTxStamp="2012-08-20 08:53:02.0"/>
    <Visitor visitorId="10003" lastUpdatedStamp="2012-08-20 08:53:02.0" lastUpdatedTxStamp="2012-08-20 08:53:02.0" createdStamp="2012-08-20 08:53:02.0" createdTxStamp="2012-08-20 08:53:02.0"/>
    <Visitor visitorId="10004" lastUpdatedStamp="2012-08-20 08:53:02.0" lastUpdatedTxStamp="2012-08-20 08:53:02.0" createdStamp="2012-08-20 08:53:02.0" createdTxStamp="2012-08-20 08:53:02.0"/>
    <Visitor visitorId="10005" lastUpdatedStamp="2012-08-20 08:53:02.0" lastUpdatedTxStamp="2012-08-20 08:53:02.0" createdStamp="2012-08-20 08:53:02.0" createdTxStamp="2012-08-20 08:53:02.0"/>
    <Visitor visitorId="10006" lastUpdatedStamp="2012-08-20 08:53:02.0" lastUpdatedTxStamp="2012-08-20 08:53:02.0" createdStamp="2012-08-20 08:53:02.0" createdTxStamp="2012-08-20 08:53:02.0"/>
    <Visitor visitorId="10007" lastUpdatedStamp="2012-08-20 08:53:03.0" lastUpdatedTxStamp="2012-08-20 08:53:03.0" createdStamp="2012-08-20 08:53:03.0" createdTxStamp="2012-08-20 08:53:03.0"/>
    <Visitor visitorId="10008" lastUpdatedStamp="2012-08-20 08:53:03.0" lastUpdatedTxStamp="2012-08-20 08:53:03.0" createdStamp="2012-08-20 08:53:03.0" createdTxStamp="2012-08-20 08:53:03.0"/>
    <Visitor visitorId="10009" lastUpdatedStamp="2012-08-20 08:53:03.0" lastUpdatedTxStamp="2012-08-20 08:53:03.0" createdStamp="2012-08-20 08:53:03.0" createdTxStamp="2012-08-20 08:53:03.0"/>
    <Visitor visitorId="10010" userLoginId="lucaiqun" lastUpdatedStamp="2012-08-29 14:38:58.0" lastUpdatedTxStamp="2012-08-29 14:38:58.0" createdStamp="2012-08-20 08:53:03.0" createdTxStamp="2012-08-20 08:53:03.0"/>
    <Visitor visitorId="10011" lastUpdatedStamp="2012-08-20 08:53:03.0" lastUpdatedTxStamp="2012-08-20 08:53:03.0" createdStamp="2012-08-20 08:53:03.0" createdTxStamp="2012-08-20 08:53:03.0"/>
    <Visitor visitorId="10012" userLoginId="chenzhiwei" lastUpdatedStamp="2012-08-31 13:51:27.0" lastUpdatedTxStamp="2012-08-31 13:51:27.0" createdStamp="2012-08-20 08:53:03.0" createdTxStamp="2012-08-20 08:53:03.0"/>
    <Visitor visitorId="10013" lastUpdatedStamp="2012-08-20 08:53:03.0" lastUpdatedTxStamp="2012-08-20 08:53:03.0" createdStamp="2012-08-20 08:53:03.0" createdTxStamp="2012-08-20 08:53:03.0"/>
    <Visitor visitorId="10014" userLoginId="lupeie" lastUpdatedStamp="2012-08-29 13:26:13.0" lastUpdatedTxStamp="2012-08-29 13:26:13.0" createdStamp="2012-08-20 08:57:14.0" createdTxStamp="2012-08-20 08:57:14.0"/>
    <Visitor visitorId="10020" lastUpdatedStamp="2012-08-27 14:49:47.0" lastUpdatedTxStamp="2012-08-27 14:49:47.0" createdStamp="2012-08-27 14:49:47.0" createdTxStamp="2012-08-27 14:49:47.0"/>
    <Visitor visitorId="10021" userLoginId="liweiliang" lastUpdatedStamp="2012-08-30 08:46:36.0" lastUpdatedTxStamp="2012-08-30 08:46:36.0" createdStamp="2012-08-30 08:46:13.0" createdTxStamp="2012-08-30 08:46:13.0"/>
    <Visitor visitorId="10030" lastUpdatedStamp="2012-09-07 11:02:58.0" lastUpdatedTxStamp="2012-09-07 11:02:58.0" createdStamp="2012-09-07 11:02:58.0" createdTxStamp="2012-09-07 11:02:58.0"/>
</entity-engine-xml>
