<?xml version="1.0" encoding="UTF-8"?>
<entity-engine-xml>
    <WorkshopDrawMaterial id="47a8d5c7-feae-4de3-b2e3-40b1fdf1ad6a" number="WDM20120829100004" bizDate="2012-08-29 08:00:00.0" workshopWorkshopId="4a1411eb-72df-45cc-9aab-26f6fd7e4db0" issuerSystemUserId="57ba1af6-c0e6-4ee5-85d0-afca2c2d6039" submitterSystemUserId="57ba1af6-c0e6-4ee5-85d0-afca2c2d6039" totalsum="3227.000000" note="" status="4" createdStamp="2012-08-29 13:46:05.0" lastUpdatedStamp="2012-08-29 13:46:06.0" submitStamp="2012-08-29 13:46:06.0" lastUpdatedTxStamp="2012-08-29 13:46:06.0" createdTxStamp="2012-08-29 13:46:05.0"/>
    <WorkshopDrawMaterial id="52539112-2eb0-4aa4-91f1-2eb26fdbd093" number="WDM20120825100005" bizDate="2012-08-25 08:00:00.0" workshopWorkshopId="4a1411eb-72df-45cc-9aab-26f6fd7e4db0" issuerSystemUserId="57ba1af6-c0e6-4ee5-85d0-afca2c2d6039" submitterSystemUserId="" totalsum="0.000000" note="" status="0" createdStamp="2012-08-25 15:40:09.0" lastUpdatedStamp="2012-08-25 15:44:40.0" lastUpdatedTxStamp="2012-08-25 15:44:40.0" createdTxStamp="2012-08-25 15:40:09.0"/>
    <WorkshopDrawMaterial id="62f85ac1-61e0-421c-83b4-1c8090976579" number="WDM20120829100001" bizDate="2012-08-29 08:00:00.0" workshopWorkshopId="4a1411eb-72df-45cc-9aab-26f6fd7e4db0" issuerSystemUserId="57ba1af6-c0e6-4ee5-85d0-afca2c2d6039" submitterSystemUserId="57ba1af6-c0e6-4ee5-85d0-afca2c2d6039" totalsum="200.000000" note="" status="4" createdStamp="2012-08-29 11:29:54.0" lastUpdatedStamp="2012-08-29 11:29:54.0" submitStamp="2012-08-29 11:29:54.0" lastUpdatedTxStamp="2012-08-29 11:29:54.0" createdTxStamp="2012-08-29 11:29:54.0"/>
    <WorkshopDrawMaterial id="7c86da36-e94a-4652-a7d9-bbe095086667" number="WDM20120825100001" bizDate="2012-08-25 08:00:00.0" workshopWorkshopId="4a1411eb-72df-45cc-9aab-26f6fd7e4db0" issuerSystemUserId="57ba1af6-c0e6-4ee5-85d0-afca2c2d6039" submitterSystemUserId="57ba1af6-c0e6-4ee5-85d0-afca2c2d6039" totalsum="0.000000" note="" status="4" createdStamp="2012-08-25 11:48:28.0" lastUpdatedStamp="2012-08-25 11:48:28.0" submitStamp="2012-08-25 11:48:28.0" lastUpdatedTxStamp="2012-08-25 11:48:28.0" createdTxStamp="2012-08-25 11:48:28.0"/>
    <WorkshopDrawMaterial id="8da35556-92d4-4835-8369-a9776b4b77ab" number="WDM20120829100003" bizDate="2012-08-29 08:00:00.0" workshopWorkshopId="4a1411eb-72df-45cc-9aab-26f6fd7e4db0" issuerSystemUserId="57ba1af6-c0e6-4ee5-85d0-afca2c2d6039" submitterSystemUserId="57ba1af6-c0e6-4ee5-85d0-afca2c2d6039" totalsum="6243.200000" note="" status="4" createdStamp="2012-08-29 13:45:06.0" lastUpdatedStamp="2012-08-29 13:45:06.0" submitStamp="2012-08-29 13:45:06.0" lastUpdatedTxStamp="2012-08-29 13:45:06.0" createdTxStamp="2012-08-29 13:45:06.0"/>
    <WorkshopDrawMaterial id="9105816b-ae7e-4ac0-87d4-a9db6371483e" number="WDM20120825100004" bizDate="2012-08-25 08:00:00.0" workshopWorkshopId="4a1411eb-72df-45cc-9aab-26f6fd7e4db0" issuerSystemUserId="57ba1af6-c0e6-4ee5-85d0-afca2c2d6039" submitterSystemUserId="57ba1af6-c0e6-4ee5-85d0-afca2c2d6039" totalsum="0.000000" note="" status="4" createdStamp="2012-08-25 15:27:56.0" lastUpdatedStamp="2012-08-25 15:27:56.0" submitStamp="2012-08-25 15:27:56.0" lastUpdatedTxStamp="2012-08-25 15:27:56.0" createdTxStamp="2012-08-25 15:27:56.0"/>
    <WorkshopDrawMaterial id="97462a6f-0b93-49cb-8530-c6528a9a1602" number="WDM20120825100003" bizDate="2012-08-25 08:00:00.0" workshopWorkshopId="4a1411eb-72df-45cc-9aab-26f6fd7e4db0" issuerSystemUserId="57ba1af6-c0e6-4ee5-85d0-afca2c2d6039" submitterSystemUserId="" totalsum="0.000000" note="" status="0" createdStamp="2012-08-25 11:58:50.0" lastUpdatedStamp="2012-08-25 11:58:50.0" lastUpdatedTxStamp="2012-08-25 11:58:50.0" createdTxStamp="2012-08-25 11:58:50.0"/>
    <WorkshopDrawMaterial id="b0bf9f1c-bbc7-4d6e-81cd-16065b93f8ea" number="WDM20120829100005" bizDate="2012-08-29 08:00:00.0" workshopWorkshopId="4a1411eb-72df-45cc-9aab-26f6fd7e4db0" issuerSystemUserId="57ba1af6-c0e6-4ee5-85d0-afca2c2d6039" submitterSystemUserId="57ba1af6-c0e6-4ee5-85d0-afca2c2d6039" totalsum="7000.000000" note="" status="4" createdStamp="2012-08-29 14:44:47.0" lastUpdatedStamp="2012-08-29 14:44:48.0" submitStamp="2012-08-29 14:44:48.0" lastUpdatedTxStamp="2012-08-29 14:44:48.0" createdTxStamp="2012-08-29 14:44:47.0"/>
    <WorkshopDrawMaterial id="b4237a5e-a189-4124-9a67-197558a229b5" number="WDM20120825100002" bizDate="2012-08-25 08:00:00.0" workshopWorkshopId="4a1411eb-72df-45cc-9aab-26f6fd7e4db0" issuerSystemUserId="57ba1af6-c0e6-4ee5-85d0-afca2c2d6039" submitterSystemUserId="" totalsum="0.000000" note="" status="0" createdStamp="2012-08-25 11:53:24.0" lastUpdatedStamp="2012-08-25 11:53:24.0" lastUpdatedTxStamp="2012-08-25 11:53:24.0" createdTxStamp="2012-08-25 11:53:24.0"/>
    <WorkshopDrawMaterial id="b96d2223-4707-4b64-ac1e-013789439ec6" number="WDM20120829100002" bizDate="2012-08-29 08:00:00.0" workshopWorkshopId="4a1411eb-72df-45cc-9aab-26f6fd7e4db0" issuerSystemUserId="57ba1af6-c0e6-4ee5-85d0-afca2c2d6039" submitterSystemUserId="57ba1af6-c0e6-4ee5-85d0-afca2c2d6039" totalsum="180.000000" note="" status="4" createdStamp="2012-08-29 13:35:10.0" lastUpdatedStamp="2012-08-29 13:35:10.0" submitStamp="2012-08-29 13:35:10.0" lastUpdatedTxStamp="2012-08-29 13:35:10.0" createdTxStamp="2012-08-29 13:35:10.0"/>
</entity-engine-xml>
