<?xml version="1.0" encoding="UTF-8"?>
<entity-engine-xml>
    <WorkshopDrawMaterialEntry id="00b65523-1bf3-4dc5-9ea7-294a6832b3fe" parentId="8da35556-92d4-4835-8369-a9776b4b77ab" warehouseWarehouseId="686d7d01-b48f-4693-b6a1-823ba1072d63" materialMaterialId="6d1f9fa2-4667-48bd-9a9e-f7fbd23aaf15" materialMaterialModel="1&#8221;&#29664;&#32441;&#32455;&#24102;&#40657;&#33394;" volume="16800.000000" stockVolume="16800.000000" unitUnitId="cb6e8487-6410-4fda-a13b-35a0c65ee0b7" price="0.200000" entrysum="3360.000000" sort="1" lastUpdatedStamp="2012-08-29 13:45:06.0" lastUpdatedTxStamp="2012-08-29 13:45:06.0" createdStamp="2012-08-29 13:45:06.0" createdTxStamp="2012-08-29 13:45:06.0"/>
    <WorkshopDrawMaterialEntry id="165f885d-cb75-49cc-bc6c-bda1f67eafdf" parentId="7c86da36-e94a-4652-a7d9-bbe095086667" warehouseWarehouseId="686d7d01-b48f-4693-b6a1-823ba1072d63" materialMaterialId="4d857f80-a9ea-4d84-bbfd-a8f9be630391" materialMaterialModel="" volume="1.000000" stockVolume="901.000000" unitUnitId="" price="0.000000" entrysum="0.000000" sort="3" lastUpdatedStamp="2012-08-25 11:48:28.0" lastUpdatedTxStamp="2012-08-25 11:48:28.0" createdStamp="2012-08-25 11:48:28.0" createdTxStamp="2012-08-25 11:48:28.0"/>
    <WorkshopDrawMaterialEntry id="20508a37-afa5-4360-983f-b6246a1a7670" parentId="b4237a5e-a189-4124-9a67-197558a229b5" warehouseWarehouseId="686d7d01-b48f-4693-b6a1-823ba1072d63" materialMaterialId="67ffa6b9-83be-4696-a37f-1468244ba423" materialMaterialModel="" volume="60.000000" stockVolume="0.000000" unitUnitId="" price="0.000000" entrysum="0.000000" sort="3" lastUpdatedStamp="2012-08-25 11:53:24.0" lastUpdatedTxStamp="2012-08-25 11:53:24.0" createdStamp="2012-08-25 11:53:24.0" createdTxStamp="2012-08-25 11:53:24.0"/>
    <WorkshopDrawMaterialEntry id="2062627c-4a4a-4c05-8b97-7ebcaf9cbbcd" parentId="7c86da36-e94a-4652-a7d9-bbe095086667" warehouseWarehouseId="686d7d01-b48f-4693-b6a1-823ba1072d63" materialMaterialId="8c2aace5-168d-4e1a-b6c7-e6a36d457647" materialMaterialModel="" volume="18.000000" stockVolume="1262.000000" unitUnitId="" price="0.000000" entrysum="0.000000" sort="6" lastUpdatedStamp="2012-08-25 11:48:28.0" lastUpdatedTxStamp="2012-08-25 11:48:28.0" createdStamp="2012-08-25 11:48:28.0" createdTxStamp="2012-08-25 11:48:28.0"/>
    <WorkshopDrawMaterialEntry id="26d38b4a-d4ff-4cc0-9f89-3244cbff283c" parentId="52539112-2eb0-4aa4-91f1-2eb26fdbd093" warehouseWarehouseId="686d7d01-b48f-4693-b6a1-823ba1072d63" materialMaterialId="b6641b93-ec20-429b-8493-5a800745fefe" materialMaterialModel="" volume="0.000000" stockVolume="848.000000" unitUnitId="" price="0.000000" entrysum="0.000000" sort="5" lastUpdatedStamp="2012-08-25 15:44:40.0" lastUpdatedTxStamp="2012-08-25 15:44:40.0" createdStamp="2012-08-25 15:40:09.0" createdTxStamp="2012-08-25 15:40:09.0"/>
    <WorkshopDrawMaterialEntry id="42857fb0-3cd5-4b94-9ffe-13f0c333149f" parentId="52539112-2eb0-4aa4-91f1-2eb26fdbd093" warehouseWarehouseId="686d7d01-b48f-4693-b6a1-823ba1072d63" materialMaterialId="2321e280-b391-44c2-a610-6823b5d0f82e" materialMaterialModel="" volume="275.000000" stockVolume="27.500000" unitUnitId="" price="0.000000" entrysum="0.000000" sort="1" lastUpdatedStamp="2012-08-25 15:40:09.0" lastUpdatedTxStamp="2012-08-25 15:40:09.0" createdStamp="2012-08-25 15:40:09.0" createdTxStamp="2012-08-25 15:40:09.0"/>
    <WorkshopDrawMaterialEntry id="455811f8-253c-4c44-bc40-5df3cef7b596" parentId="47a8d5c7-feae-4de3-b2e3-40b1fdf1ad6a" warehouseWarehouseId="686d7d01-b48f-4693-b6a1-823ba1072d63" materialMaterialId="a540bb94-5043-4fdc-a1bc-749c833e3357" materialMaterialModel="" volume="922.000000" stockVolume="922.000000" unitUnitId="" price="3.500000" entrysum="3227.000000" sort="1" lastUpdatedStamp="2012-08-29 13:46:06.0" lastUpdatedTxStamp="2012-08-29 13:46:06.0" createdStamp="2012-08-29 13:46:05.0" createdTxStamp="2012-08-29 13:46:05.0"/>
    <WorkshopDrawMaterialEntry id="4b35857e-31ab-4c0e-8955-0f854d5d1725" parentId="b0bf9f1c-bbc7-4d6e-81cd-16065b93f8ea" warehouseWarehouseId="686d7d01-b48f-4693-b6a1-823ba1072d63" materialMaterialId="a540bb94-5043-4fdc-a1bc-749c833e3357" materialMaterialModel="" volume="2000.000000" stockVolume="2000.000000" unitUnitId="cb6e8487-6410-4fda-a13b-35a0c65ee0b7" price="3.500000" entrysum="7000.000000" sort="1" lastUpdatedStamp="2012-08-29 14:44:48.0" lastUpdatedTxStamp="2012-08-29 14:44:48.0" createdStamp="2012-08-29 14:44:47.0" createdTxStamp="2012-08-29 14:44:47.0"/>
    <WorkshopDrawMaterialEntry id="4df7bcc2-e11f-4091-a73c-86870fcf5161" parentId="97462a6f-0b93-49cb-8530-c6528a9a1602" warehouseWarehouseId="686d7d01-b48f-4693-b6a1-823ba1072d63" materialMaterialId="25969ce4-6d42-45eb-bfba-0d90809e2394" materialMaterialModel="" volume="3000.000000" stockVolume="53830.000000" unitUnitId="" price="0.000000" entrysum="0.000000" sort="2" lastUpdatedStamp="2012-08-25 11:58:50.0" lastUpdatedTxStamp="2012-08-25 11:58:50.0" createdStamp="2012-08-25 11:58:50.0" createdTxStamp="2012-08-25 11:58:50.0"/>
    <WorkshopDrawMaterialEntry id="6ad81732-c362-4cb2-9f8f-c1fc31424fc8" parentId="7c86da36-e94a-4652-a7d9-bbe095086667" warehouseWarehouseId="686d7d01-b48f-4693-b6a1-823ba1072d63" materialMaterialId="e295c0d2-f535-4315-b121-a87d4e03d784" materialMaterialModel="" volume="5.000000" stockVolume="7.000000" unitUnitId="" price="0.000000" entrysum="0.000000" sort="1" lastUpdatedStamp="2012-08-25 11:48:28.0" lastUpdatedTxStamp="2012-08-25 11:48:28.0" createdStamp="2012-08-25 11:48:28.0" createdTxStamp="2012-08-25 11:48:28.0"/>
    <WorkshopDrawMaterialEntry id="6b1c90f0-cc71-4ef6-a0a5-28b7c3cdee3c" parentId="b4237a5e-a189-4124-9a67-197558a229b5" warehouseWarehouseId="686d7d01-b48f-4693-b6a1-823ba1072d63" materialMaterialId="4d857f80-a9ea-4d84-bbfd-a8f9be630391" materialMaterialModel="" volume="1.000000" stockVolume="900.000000" unitUnitId="" price="0.000000" entrysum="0.000000" sort="1" lastUpdatedStamp="2012-08-25 11:53:24.0" lastUpdatedTxStamp="2012-08-25 11:53:24.0" createdStamp="2012-08-25 11:53:24.0" createdTxStamp="2012-08-25 11:53:24.0"/>
    <WorkshopDrawMaterialEntry id="7239d36e-c06d-4619-90ef-9c6796218eef" parentId="8da35556-92d4-4835-8369-a9776b4b77ab" warehouseWarehouseId="686d7d01-b48f-4693-b6a1-823ba1072d63" materialMaterialId="cbe4f9e5-1699-4085-b705-f693e9b6edf1" materialMaterialModel="1&#8221;&#40657;&#33394;&#24179;&#32441;" volume="16960.000000" stockVolume="16960.000000" unitUnitId="cb6e8487-6410-4fda-a13b-35a0c65ee0b7" price="0.170000" entrysum="2883.200000" sort="2" lastUpdatedStamp="2012-08-29 13:45:06.0" lastUpdatedTxStamp="2012-08-29 13:45:06.0" createdStamp="2012-08-29 13:45:06.0" createdTxStamp="2012-08-29 13:45:06.0"/>
    <WorkshopDrawMaterialEntry id="872e2355-9ee5-4b3e-932c-b800c5cf0ce3" parentId="52539112-2eb0-4aa4-91f1-2eb26fdbd093" warehouseWarehouseId="686d7d01-b48f-4693-b6a1-823ba1072d63" materialMaterialId="d293b7dc-24c2-48a5-a26f-0ab808029f5d" materialMaterialModel="" volume="63.000000" stockVolume="135.000000" unitUnitId="" price="0.000000" entrysum="0.000000" sort="3" lastUpdatedStamp="2012-08-25 15:40:09.0" lastUpdatedTxStamp="2012-08-25 15:40:09.0" createdStamp="2012-08-25 15:40:09.0" createdTxStamp="2012-08-25 15:40:09.0"/>
    <WorkshopDrawMaterialEntry id="b0e3bee3-9e5f-4a5d-842d-19a096b7498d" parentId="b96d2223-4707-4b64-ac1e-013789439ec6" warehouseWarehouseId="686d7d01-b48f-4693-b6a1-823ba1072d63" materialMaterialId="9a9b9d76-c91d-42ca-8e76-8a7986d3e227" materialMaterialModel="" volume="3.000000" stockVolume="3.000000" unitUnitId="" price="60.000000" entrysum="180.000000" sort="1" lastUpdatedStamp="2012-08-29 13:35:10.0" lastUpdatedTxStamp="2012-08-29 13:35:10.0" createdStamp="2012-08-29 13:35:10.0" createdTxStamp="2012-08-29 13:35:10.0"/>
    <WorkshopDrawMaterialEntry id="c1a660e7-576e-44c4-9f68-b02e94121afb" parentId="52539112-2eb0-4aa4-91f1-2eb26fdbd093" warehouseWarehouseId="686d7d01-b48f-4693-b6a1-823ba1072d63" materialMaterialId="1860c865-e5fa-401d-9c2d-06710acd1f34" materialMaterialModel="" volume="150.000000" stockVolume="22616.000000" unitUnitId="" price="0.000000" entrysum="0.000000" sort="2" lastUpdatedStamp="2012-08-25 15:40:09.0" lastUpdatedTxStamp="2012-08-25 15:40:09.0" createdStamp="2012-08-25 15:40:09.0" createdTxStamp="2012-08-25 15:40:09.0"/>
    <WorkshopDrawMaterialEntry id="c66c233b-2eaf-414e-98de-681a3d07bada" parentId="7c86da36-e94a-4652-a7d9-bbe095086667" warehouseWarehouseId="686d7d01-b48f-4693-b6a1-823ba1072d63" materialMaterialId="d9d0b8c1-27c9-4b54-af9b-063508179e3e" materialMaterialModel="" volume="450.000000" stockVolume="990.000000" unitUnitId="" price="0.000000" entrysum="0.000000" sort="5" lastUpdatedStamp="2012-08-25 11:48:28.0" lastUpdatedTxStamp="2012-08-25 11:48:28.0" createdStamp="2012-08-25 11:48:28.0" createdTxStamp="2012-08-25 11:48:28.0"/>
    <WorkshopDrawMaterialEntry id="c8c4d3f7-306a-4a8f-9ee8-ace35a247d19" parentId="7c86da36-e94a-4652-a7d9-bbe095086667" warehouseWarehouseId="686d7d01-b48f-4693-b6a1-823ba1072d63" materialMaterialId="83e3fbed-a2f4-4759-a45a-5b36518eb3da" materialMaterialModel="" volume="4.000000" stockVolume="2345.000000" unitUnitId="" price="0.000000" entrysum="0.000000" sort="2" lastUpdatedStamp="2012-08-25 11:48:28.0" lastUpdatedTxStamp="2012-08-25 11:48:28.0" createdStamp="2012-08-25 11:48:28.0" createdTxStamp="2012-08-25 11:48:28.0"/>
    <WorkshopDrawMaterialEntry id="cbad84ed-dcc2-46a2-a9a5-496dfa2d7bb4" parentId="97462a6f-0b93-49cb-8530-c6528a9a1602" warehouseWarehouseId="686d7d01-b48f-4693-b6a1-823ba1072d63" materialMaterialId="ed72f672-600a-4239-87a2-7f62099fdba8" materialMaterialModel="" volume="2864.000000" stockVolume="0.000000" unitUnitId="" price="0.000000" entrysum="0.000000" sort="3" lastUpdatedStamp="2012-08-25 11:58:50.0" lastUpdatedTxStamp="2012-08-25 11:58:50.0" createdStamp="2012-08-25 11:58:50.0" createdTxStamp="2012-08-25 11:58:50.0"/>
    <WorkshopDrawMaterialEntry id="cddf6ecf-1bb2-4b49-b67c-d269f34d6f1d" parentId="9105816b-ae7e-4ac0-87d4-a9db6371483e" warehouseWarehouseId="686d7d01-b48f-4693-b6a1-823ba1072d63" materialMaterialId="82e5a712-2afe-4593-beaa-d133f6299059" materialMaterialModel="" volume="2.000000" stockVolume="19115.000000" unitUnitId="" price="0.000000" entrysum="0.000000" sort="1" lastUpdatedStamp="2012-08-25 15:27:56.0" lastUpdatedTxStamp="2012-08-25 15:27:56.0" createdStamp="2012-08-25 15:27:56.0" createdTxStamp="2012-08-25 15:27:56.0"/>
    <WorkshopDrawMaterialEntry id="d49ff7c2-17f8-434b-9caa-3873201c4ba5" parentId="b4237a5e-a189-4124-9a67-197558a229b5" warehouseWarehouseId="686d7d01-b48f-4693-b6a1-823ba1072d63" materialMaterialId="937636f3-edce-4c5b-bde1-92d6503eb2cc" materialMaterialModel="" volume="3526.000000" stockVolume="14000.000000" unitUnitId="" price="0.000000" entrysum="0.000000" sort="4" lastUpdatedStamp="2012-08-25 11:53:24.0" lastUpdatedTxStamp="2012-08-25 11:53:24.0" createdStamp="2012-08-25 11:53:24.0" createdTxStamp="2012-08-25 11:53:24.0"/>
    <WorkshopDrawMaterialEntry id="d91efa11-627a-414c-b17d-1fce8bcfdb2d" parentId="62f85ac1-61e0-421c-83b4-1c8090976579" warehouseWarehouseId="686d7d01-b48f-4693-b6a1-823ba1072d63" materialMaterialId="6d4a89fd-e9b7-46e5-bd48-58084807897f" materialMaterialModel="" volume="1000.000000" stockVolume="1000.000000" unitUnitId="" price="0.200000" entrysum="200.000000" sort="1" lastUpdatedStamp="2012-08-29 11:29:54.0" lastUpdatedTxStamp="2012-08-29 11:29:54.0" createdStamp="2012-08-29 11:29:54.0" createdTxStamp="2012-08-29 11:29:54.0"/>
    <WorkshopDrawMaterialEntry id="e706447d-47f1-4ae4-84f4-fd684081baac" parentId="b4237a5e-a189-4124-9a67-197558a229b5" warehouseWarehouseId="686d7d01-b48f-4693-b6a1-823ba1072d63" materialMaterialId="142ab03f-1ccb-46bd-ac08-b9968594f13b" materialMaterialModel="" volume="1822.000000" stockVolume="0.000000" unitUnitId="" price="0.000000" entrysum="0.000000" sort="5" lastUpdatedStamp="2012-08-25 11:53:24.0" lastUpdatedTxStamp="2012-08-25 11:53:24.0" createdStamp="2012-08-25 11:53:24.0" createdTxStamp="2012-08-25 11:53:24.0"/>
    <WorkshopDrawMaterialEntry id="ed804502-2af1-4df0-9461-220b2ba207a9" parentId="52539112-2eb0-4aa4-91f1-2eb26fdbd093" warehouseWarehouseId="686d7d01-b48f-4693-b6a1-823ba1072d63" materialMaterialId="99ad0da0-63a3-47dc-b325-f7e9034f20d7" materialMaterialModel="" volume="8.000000" stockVolume="26408.000000" unitUnitId="" price="0.000000" entrysum="0.000000" sort="4" lastUpdatedStamp="2012-08-25 15:40:09.0" lastUpdatedTxStamp="2012-08-25 15:40:09.0" createdStamp="2012-08-25 15:40:09.0" createdTxStamp="2012-08-25 15:40:09.0"/>
    <WorkshopDrawMaterialEntry id="f329a047-4820-414b-8e11-1422dc89d7fe" parentId="97462a6f-0b93-49cb-8530-c6528a9a1602" warehouseWarehouseId="686d7d01-b48f-4693-b6a1-823ba1072d63" materialMaterialId="ad607597-4e33-4ee6-a028-11e6cb78f4fe" materialMaterialModel="" volume="30.600000" stockVolume="89.000000" unitUnitId="" price="0.000000" entrysum="0.000000" sort="1" lastUpdatedStamp="2012-08-25 11:58:50.0" lastUpdatedTxStamp="2012-08-25 11:58:50.0" createdStamp="2012-08-25 11:58:50.0" createdTxStamp="2012-08-25 11:58:50.0"/>
    <WorkshopDrawMaterialEntry id="f4c61e20-643a-497b-86e8-9c5e3e148166" parentId="b4237a5e-a189-4124-9a67-197558a229b5" warehouseWarehouseId="686d7d01-b48f-4693-b6a1-823ba1072d63" materialMaterialId="6c7ce1ff-8d63-4538-bc7e-49ac73577436" materialMaterialModel="" volume="481.000000" stockVolume="0.000000" unitUnitId="" price="0.000000" entrysum="0.000000" sort="2" lastUpdatedStamp="2012-08-25 11:53:24.0" lastUpdatedTxStamp="2012-08-25 11:53:24.0" createdStamp="2012-08-25 11:53:24.0" createdTxStamp="2012-08-25 11:53:24.0"/>
    <WorkshopDrawMaterialEntry id="f4e7613d-a06c-4cc0-aa3a-df55fe96df81" parentId="9105816b-ae7e-4ac0-87d4-a9db6371483e" warehouseWarehouseId="686d7d01-b48f-4693-b6a1-823ba1072d63" materialMaterialId="5f99b741-5294-4935-993e-85515ecada27" materialMaterialModel="" volume="1.000000" stockVolume="25303.000000" unitUnitId="" price="0.000000" entrysum="0.000000" sort="2" lastUpdatedStamp="2012-08-25 15:27:56.0" lastUpdatedTxStamp="2012-08-25 15:27:56.0" createdStamp="2012-08-25 15:27:56.0" createdTxStamp="2012-08-25 15:27:56.0"/>
    <WorkshopDrawMaterialEntry id="fdfa4b11-13d6-4c54-a0e2-d33f3a423f34" parentId="7c86da36-e94a-4652-a7d9-bbe095086667" warehouseWarehouseId="686d7d01-b48f-4693-b6a1-823ba1072d63" materialMaterialId="97f290e0-5f3c-4a57-8cba-4c9eb914e45f" materialMaterialModel="" volume="100.000000" stockVolume="2191.000000" unitUnitId="" price="0.000000" entrysum="0.000000" sort="4" lastUpdatedStamp="2012-08-25 11:48:28.0" lastUpdatedTxStamp="2012-08-25 11:48:28.0" createdStamp="2012-08-25 11:48:28.0" createdTxStamp="2012-08-25 11:48:28.0"/>
</entity-engine-xml>
