<?xml version="1.0" encoding="UTF-8"?>
<entity-engine-xml>
    <CurConsignProcessedPrice year="2012" month="7" supplierId="05849cad-ffbc-4e73-9e3c-7b514ab42403" materialId="04332355-0cd1-4c84-a8b2-9499b4592bcd" type="1" beginvolume="0.000000" outVolume="7955.000000" inVolume="710.000000" inSum="923.000000" volume="7245.000000" lastUpdatedStamp="2012-08-20 11:12:25.0" lastUpdatedTxStamp="2012-08-20 11:12:25.0" createdStamp="2012-07-25 09:11:59.0" createdTxStamp="2012-07-25 09:11:59.0"/>
    <CurConsignProcessedPrice year="2012" month="7" supplierId="05849cad-ffbc-4e73-9e3c-7b514ab42403" materialId="04332355-0cd1-4c84-a8b2-9499b4592bcd" type="2" beginvolume="0.000000" outVolume="365.000000" volume="365.000000" lastUpdatedStamp="2012-08-20 11:34:12.0" lastUpdatedTxStamp="2012-08-20 11:34:12.0" createdStamp="2012-08-20 11:34:12.0" createdTxStamp="2012-08-20 11:34:12.0"/>
    <CurConsignProcessedPrice year="2012" month="7" supplierId="05849cad-ffbc-4e73-9e3c-7b514ab42403" materialId="3840e994-22cd-4743-a74a-904f3778237e" type="1" beginvolume="0.000000" outVolume="1846.000000" inVolume="468.000000" inSum="6458.400000" volume="1378.000000" lastUpdatedStamp="2012-08-20 11:12:32.0" lastUpdatedTxStamp="2012-08-20 11:12:32.0" createdStamp="2012-07-25 09:20:28.0" createdTxStamp="2012-07-25 09:20:28.0"/>
    <CurConsignProcessedPrice year="2012" month="7" supplierId="05849cad-ffbc-4e73-9e3c-7b514ab42403" materialId="3840e994-22cd-4743-a74a-904f3778237e" type="2" beginvolume="0.000000" outVolume="1061.000000" volume="1061.000000" lastUpdatedStamp="2012-08-20 11:34:12.0" lastUpdatedTxStamp="2012-08-20 11:34:12.0" createdStamp="2012-08-20 11:34:12.0" createdTxStamp="2012-08-20 11:34:12.0"/>
    <CurConsignProcessedPrice year="2012" month="7" supplierId="05849cad-ffbc-4e73-9e3c-7b514ab42403" materialId="52276166-df58-4b85-8a97-817825692ecd" type="1" beginvolume="0.000000" outVolume="33210.000000" inVolume="10500.000000" inSum="4725.000000" volume="22710.000000" lastUpdatedStamp="2012-08-11 10:00:06.0" lastUpdatedTxStamp="2012-08-11 10:00:06.0" createdStamp="2012-08-09 11:22:22.0" createdTxStamp="2012-08-09 11:22:22.0"/>
    <CurConsignProcessedPrice year="2012" month="7" supplierId="05849cad-ffbc-4e73-9e3c-7b514ab42403" materialId="5ab440b2-d6dd-494b-a3e2-5ab5a0b1004e" type="1" beginvolume="0.000000" outVolume="17444.000000" inVolume="13570.000000" inSum="35282.000000" volume="3874.000000" lastUpdatedStamp="2012-08-20 11:12:37.0" lastUpdatedTxStamp="2012-08-20 11:12:37.0" createdStamp="2012-07-25 09:07:37.0" createdTxStamp="2012-07-25 09:07:37.0"/>
    <CurConsignProcessedPrice year="2012" month="7" supplierId="05849cad-ffbc-4e73-9e3c-7b514ab42403" materialId="5ab440b2-d6dd-494b-a3e2-5ab5a0b1004e" type="2" beginvolume="0.000000" outVolume="3034.000000" volume="3034.000000" lastUpdatedStamp="2012-08-20 11:34:12.0" lastUpdatedTxStamp="2012-08-20 11:34:12.0" createdStamp="2012-08-20 11:34:12.0" createdTxStamp="2012-08-20 11:34:12.0"/>
    <CurConsignProcessedPrice year="2012" month="7" supplierId="05849cad-ffbc-4e73-9e3c-7b514ab42403" materialId="9331dd24-6b7c-4d61-a84d-e8c52c238a98" type="1" beginvolume="0.000000" outVolume="10152.000000" inVolume="8706.000000" inSum="61377.300000" volume="1446.000000" lastUpdatedStamp="2012-08-20 11:12:32.0" lastUpdatedTxStamp="2012-08-20 11:12:32.0" createdStamp="2012-07-25 09:20:58.0" createdTxStamp="2012-07-25 09:20:58.0"/>
    <CurConsignProcessedPrice year="2012" month="7" supplierId="05849cad-ffbc-4e73-9e3c-7b514ab42403" materialId="9331dd24-6b7c-4d61-a84d-e8c52c238a98" type="2" beginvolume="0.000000" outVolume="914.000000" volume="914.000000" lastUpdatedStamp="2012-08-20 11:34:12.0" lastUpdatedTxStamp="2012-08-20 11:34:12.0" createdStamp="2012-07-30 19:54:19.0" createdTxStamp="2012-07-30 19:54:18.0"/>
    <CurConsignProcessedPrice year="2012" month="7" supplierId="05849cad-ffbc-4e73-9e3c-7b514ab42403" materialId="9fcd5472-1711-45b6-b485-48cbf8638228" type="1" beginvolume="0.000000" outVolume="3282.000000" inVolume="2415.000000" inSum="46126.500000" volume="867.000000" lastUpdatedStamp="2012-08-20 11:12:32.0" lastUpdatedTxStamp="2012-08-20 11:12:32.0" createdStamp="2012-07-25 09:16:54.0" createdTxStamp="2012-07-25 09:16:54.0"/>
    <CurConsignProcessedPrice year="2012" month="7" supplierId="05849cad-ffbc-4e73-9e3c-7b514ab42403" materialId="9fcd5472-1711-45b6-b485-48cbf8638228" type="2" beginvolume="0.000000" outVolume="2199.000000" volume="2199.000000" lastUpdatedStamp="2012-08-20 11:34:12.0" lastUpdatedTxStamp="2012-08-20 11:34:12.0" createdStamp="2012-08-20 11:34:12.0" createdTxStamp="2012-08-20 11:34:12.0"/>
    <CurConsignProcessedPrice year="2012" month="7" supplierId="0a4b2646-875e-4d07-adb9-120bb6226607" materialId="04332355-0cd1-4c84-a8b2-9499b4592bcd" type="1" beginvolume="0.000000" outVolume="7.000000" volume="7.000000" lastUpdatedStamp="2012-07-25 09:14:55.0" lastUpdatedTxStamp="2012-07-25 09:14:55.0" createdStamp="2012-07-25 09:14:55.0" createdTxStamp="2012-07-25 09:14:55.0"/>
    <CurConsignProcessedPrice year="2012" month="7" supplierId="0a4b2646-875e-4d07-adb9-120bb6226607" materialId="3840e994-22cd-4743-a74a-904f3778237e" type="1" beginvolume="0.000000" outVolume="44.000000" volume="44.000000" lastUpdatedStamp="2012-08-11 21:02:45.0" lastUpdatedTxStamp="2012-08-11 21:02:45.0" createdStamp="2012-07-25 09:24:23.0" createdTxStamp="2012-07-25 09:24:23.0"/>
    <CurConsignProcessedPrice year="2012" month="7" supplierId="0a4b2646-875e-4d07-adb9-120bb6226607" materialId="52276166-df58-4b85-8a97-817825692ecd" type="1" beginvolume="0.000000" outVolume="1431.000000" volume="1431.000000" lastUpdatedStamp="2012-08-11 21:14:01.0" lastUpdatedTxStamp="2012-08-11 21:14:01.0" createdStamp="2012-08-11 21:14:01.0" createdTxStamp="2012-08-11 21:14:01.0"/>
    <CurConsignProcessedPrice year="2012" month="7" supplierId="0a4b2646-875e-4d07-adb9-120bb6226607" materialId="5ab440b2-d6dd-494b-a3e2-5ab5a0b1004e" type="1" beginvolume="0.000000" outVolume="68.000000" volume="68.000000" lastUpdatedStamp="2012-08-11 20:52:36.0" lastUpdatedTxStamp="2012-08-11 20:52:36.0" createdStamp="2012-07-25 09:06:00.0" createdTxStamp="2012-07-25 09:06:00.0"/>
    <CurConsignProcessedPrice year="2012" month="7" supplierId="17cc8f72-35ba-4c3d-8092-c5f06b8cfadd" materialId="001b4c38-e460-4230-a93e-d8afd120c60b" type="1" beginvolume="0.000000" outVolume="775.000000" inVolume="504.000000" inSum="2687.328000" volume="271.000000" lastUpdatedStamp="2012-08-20 15:50:51.0" lastUpdatedTxStamp="2012-08-20 15:50:51.0" createdStamp="2012-08-11 11:29:18.0" createdTxStamp="2012-08-11 11:29:18.0"/>
    <CurConsignProcessedPrice year="2012" month="7" supplierId="17cc8f72-35ba-4c3d-8092-c5f06b8cfadd" materialId="011b5c68-d798-4968-983a-9b071ca40555" type="1" beginvolume="0.000000" outVolume="1037356.000000" inVolume="138436.000000" inSum="15643.268000" volume="898920.000000" lastUpdatedStamp="2012-08-20 15:49:44.0" lastUpdatedTxStamp="2012-08-20 15:49:44.0" createdStamp="2012-08-11 11:43:08.0" createdTxStamp="2012-08-11 11:43:08.0"/>
    <CurConsignProcessedPrice year="2012" month="7" supplierId="17cc8f72-35ba-4c3d-8092-c5f06b8cfadd" materialId="08ffc741-dae7-4dfe-96cb-d45e4d29a388" type="1" beginvolume="0.000000" outVolume="298427.000000" inVolume="30780.000000" inSum="492.480000" volume="267647.000000" lastUpdatedStamp="2012-08-20 15:48:48.0" lastUpdatedTxStamp="2012-08-20 15:48:48.0" createdStamp="2012-08-09 16:27:29.0" createdTxStamp="2012-08-09 16:27:29.0"/>
    <CurConsignProcessedPrice year="2012" month="7" supplierId="17cc8f72-35ba-4c3d-8092-c5f06b8cfadd" materialId="097ad1aa-ac07-4088-b5b8-d6e2e0817c37" type="1" beginvolume="0.000000" outVolume="46015.000000" inVolume="33912.000000" inSum="22551.480000" volume="12103.000000" lastUpdatedStamp="2012-08-20 15:18:13.0" lastUpdatedTxStamp="2012-08-20 15:18:13.0" createdStamp="2012-08-09 09:33:42.0" createdTxStamp="2012-08-09 09:33:42.0"/>
    <CurConsignProcessedPrice year="2012" month="7" supplierId="17cc8f72-35ba-4c3d-8092-c5f06b8cfadd" materialId="09d09051-8325-4d23-9b3b-e7715e04dd51" type="1" beginvolume="0.000000" outVolume="4314.000000" inVolume="3175.000000" inSum="0.000000" volume="1139.000000" lastUpdatedStamp="2012-08-20 16:50:04.0" lastUpdatedTxStamp="2012-08-20 16:50:04.0" createdStamp="2012-08-11 11:13:42.0" createdTxStamp="2012-08-11 11:13:42.0"/>
    <CurConsignProcessedPrice year="2012" month="7" supplierId="17cc8f72-35ba-4c3d-8092-c5f06b8cfadd" materialId="0bf2aa4d-fa2a-4315-b3bb-625cfffd0634" type="1" beginvolume="0.000000" outVolume="5884.000000" inVolume="1584.000000" inSum="544.896000" volume="4300.000000" lastUpdatedStamp="2012-08-20 15:50:36.0" lastUpdatedTxStamp="2012-08-20 15:50:36.0" createdStamp="2012-08-09 16:17:08.0" createdTxStamp="2012-08-09 16:17:08.0"/>
    <CurConsignProcessedPrice year="2012" month="7" supplierId="17cc8f72-35ba-4c3d-8092-c5f06b8cfadd" materialId="0dff3bb3-35c5-4fd5-8d8d-888648bc64f7" type="1" beginvolume="0.000000" outVolume="94247.000000" inVolume="33912.000000" inSum="46086.408000" volume="60335.000000" lastUpdatedStamp="2012-08-20 15:18:13.0" lastUpdatedTxStamp="2012-08-20 15:18:13.0" createdStamp="2012-08-09 09:31:19.0" createdTxStamp="2012-08-09 09:31:19.0"/>
    <CurConsignProcessedPrice year="2012" month="7" supplierId="17cc8f72-35ba-4c3d-8092-c5f06b8cfadd" materialId="0e6b6018-2306-49d5-a737-1e991aae98c3" type="1" beginvolume="0.000000" outVolume="9365.000000" inVolume="8285.000000" inSum="64324.740000" volume="1080.000000" lastUpdatedStamp="2012-08-21 09:56:53.0" lastUpdatedTxStamp="2012-08-21 09:56:53.0" createdStamp="2012-08-11 11:50:46.0" createdTxStamp="2012-08-11 11:50:46.0"/>
    <CurConsignProcessedPrice year="2012" month="7" supplierId="17cc8f72-35ba-4c3d-8092-c5f06b8cfadd" materialId="101a78b7-cdad-4a69-a6e3-a10501350716" type="1" beginvolume="0.000000" outVolume="7888.000000" inVolume="7888.000000" inSum="4093.872000" volume="0.000000" lastUpdatedStamp="2012-08-20 15:47:40.0" lastUpdatedTxStamp="2012-08-20 15:47:40.0" createdStamp="2012-08-09 14:40:06.0" createdTxStamp="2012-08-09 14:40:06.0"/>
    <CurConsignProcessedPrice year="2012" month="7" supplierId="17cc8f72-35ba-4c3d-8092-c5f06b8cfadd" materialId="14d4011e-6de4-4cd4-9991-91b2b25c8fef" type="1" beginvolume="0.000000" outVolume="35265.000000" inVolume="22944.000000" inSum="5506.560000" volume="12321.000000" lastUpdatedStamp="2012-08-20 15:18:13.0" lastUpdatedTxStamp="2012-08-20 15:18:13.0" createdStamp="2012-08-09 09:38:59.0" createdTxStamp="2012-08-09 09:38:59.0"/>
    <CurConsignProcessedPrice year="2012" month="7" supplierId="17cc8f72-35ba-4c3d-8092-c5f06b8cfadd" materialId="151688ce-3220-463b-91e3-bbb8ee7d0416" type="1" beginvolume="0.000000" outVolume="434372.000000" inVolume="142720.000000" inSum="266458.240000" volume="291652.000000" lastUpdatedStamp="2012-08-20 15:49:14.0" lastUpdatedTxStamp="2012-08-20 15:49:14.0" createdStamp="2012-08-11 11:35:52.0" createdTxStamp="2012-08-11 11:35:52.0"/>
    <CurConsignProcessedPrice year="2012" month="7" supplierId="17cc8f72-35ba-4c3d-8092-c5f06b8cfadd" materialId="15d13c22-e265-4393-8807-22d6d4330c3a" type="1" beginvolume="0.000000" outVolume="14541.000000" inVolume="5550.000000" inSum="1187.700000" volume="8991.000000" lastUpdatedStamp="2012-08-20 15:46:52.0" lastUpdatedTxStamp="2012-08-20 15:46:52.0" createdStamp="2012-08-09 16:31:48.0" createdTxStamp="2012-08-09 16:31:48.0"/>
    <CurConsignProcessedPrice year="2012" month="7" supplierId="17cc8f72-35ba-4c3d-8092-c5f06b8cfadd" materialId="171e1662-fcc6-4ca9-baa1-377c96cc1d7e" type="1" beginvolume="0.000000" outVolume="39537.000000" inVolume="22944.000000" inSum="2340.288000" volume="16593.000000" lastUpdatedStamp="2012-08-20 15:18:14.0" lastUpdatedTxStamp="2012-08-20 15:18:13.0" createdStamp="2012-08-09 09:44:33.0" createdTxStamp="2012-08-09 09:44:33.0"/>
    <CurConsignProcessedPrice year="2012" month="7" supplierId="17cc8f72-35ba-4c3d-8092-c5f06b8cfadd" materialId="184e2c2c-cfaf-464f-9a94-a5168a1407e9" type="1" beginvolume="0.000000" outVolume="48537.000000" inVolume="38304.000000" inSum="156701.664000" volume="10233.000000" lastUpdatedStamp="2012-08-20 15:51:59.0" lastUpdatedTxStamp="2012-08-20 15:51:59.0" createdStamp="2012-08-11 11:44:30.0" createdTxStamp="2012-08-11 11:44:30.0"/>
    <CurConsignProcessedPrice year="2012" month="7" supplierId="17cc8f72-35ba-4c3d-8092-c5f06b8cfadd" materialId="1b1990e4-b091-4026-a7ea-900cea3aff81" type="1" beginvolume="0.000000" outVolume="2819.000000" inVolume="1008.000000" inSum="369.936000" volume="1811.000000" lastUpdatedStamp="2012-08-20 15:50:51.0" lastUpdatedTxStamp="2012-08-20 15:50:51.0" createdStamp="2012-08-09 16:17:56.0" createdTxStamp="2012-08-09 16:17:56.0"/>
    <CurConsignProcessedPrice year="2012" month="7" supplierId="17cc8f72-35ba-4c3d-8092-c5f06b8cfadd" materialId="1b775015-cf68-4c82-9dec-fedd7b66b155" type="1" beginvolume="0.000000" outVolume="1053.000000" inVolume="612.000000" inSum="2904.552000" volume="441.000000" lastUpdatedStamp="2012-08-20 15:50:02.0" lastUpdatedTxStamp="2012-08-20 15:50:02.0" createdStamp="2012-08-11 11:32:48.0" createdTxStamp="2012-08-11 11:32:48.0"/>
    <CurConsignProcessedPrice year="2012" month="7" supplierId="17cc8f72-35ba-4c3d-8092-c5f06b8cfadd" materialId="215f98f2-e3fe-418b-bee9-dfec4011716d" type="1" beginvolume="0.000000" outVolume="18042.000000" inVolume="8112.000000" inSum="12670.944000" volume="9930.000000" lastUpdatedStamp="2012-08-20 15:47:23.0" lastUpdatedTxStamp="2012-08-20 15:47:23.0" createdStamp="2012-08-11 11:40:03.0" createdTxStamp="2012-08-11 11:40:03.0"/>
    <CurConsignProcessedPrice year="2012" month="7" supplierId="17cc8f72-35ba-4c3d-8092-c5f06b8cfadd" materialId="26dbfd49-647e-499d-9c7f-8097ad57c209" type="1" beginvolume="0.000000" outVolume="909126.000000" inVolume="600784.000000" inSum="126164.640000" volume="308342.000000" lastUpdatedStamp="2012-08-20 15:51:45.0" lastUpdatedTxStamp="2012-08-20 15:51:45.0" createdStamp="2012-08-11 11:33:34.0" createdTxStamp="2012-08-11 11:33:34.0"/>
    <CurConsignProcessedPrice year="2012" month="7" supplierId="17cc8f72-35ba-4c3d-8092-c5f06b8cfadd" materialId="273485e1-ac74-4b1d-ac43-aa29cf0d139e" type="1" beginvolume="0.000000" outVolume="2389.000000" inVolume="756.000000" inSum="399.168000" volume="1633.000000" lastUpdatedStamp="2012-08-20 15:51:08.0" lastUpdatedTxStamp="2012-08-20 15:51:08.0" createdStamp="2012-07-26 17:24:54.0" createdTxStamp="2012-07-26 17:24:54.0"/>
    <CurConsignProcessedPrice year="2012" month="7" supplierId="17cc8f72-35ba-4c3d-8092-c5f06b8cfadd" materialId="284aa39f-fd02-459a-b362-ad05f7fe9ece" type="1" beginvolume="0.000000" outVolume="9369.000000" inVolume="7460.000000" inSum="8399.960000" volume="1909.000000" lastUpdatedStamp="2012-08-20 15:53:19.0" lastUpdatedTxStamp="2012-08-20 15:53:19.0" createdStamp="2012-08-11 11:41:16.0" createdTxStamp="2012-08-11 11:41:16.0"/>
    <CurConsignProcessedPrice year="2012" month="7" supplierId="17cc8f72-35ba-4c3d-8092-c5f06b8cfadd" materialId="29c0dc7b-d0f8-487b-b4e5-1107ecbc2d0f" type="1" beginvolume="0.000000" outVolume="3384.000000" inVolume="3384.000000" inSum="41071.608000" volume="0.000000" lastUpdatedStamp="2012-08-21 09:58:59.0" lastUpdatedTxStamp="2012-08-21 09:58:59.0" createdStamp="2012-08-11 11:54:37.0" createdTxStamp="2012-08-11 11:54:37.0"/>
    <CurConsignProcessedPrice year="2012" month="7" supplierId="17cc8f72-35ba-4c3d-8092-c5f06b8cfadd" materialId="2c73c9ad-42a0-473b-938d-faa3d957255a" type="1" beginvolume="0.000000" outVolume="1290.000000" inVolume="612.000000" inSum="2253.384000" volume="678.000000" lastUpdatedStamp="2012-08-20 15:50:02.0" lastUpdatedTxStamp="2012-08-20 15:50:02.0" createdStamp="2012-08-11 11:31:55.0" createdTxStamp="2012-08-11 11:31:55.0"/>
    <CurConsignProcessedPrice year="2012" month="7" supplierId="17cc8f72-35ba-4c3d-8092-c5f06b8cfadd" materialId="2d9c011e-4a0e-4a32-ab9e-fc7305d6cde5" type="1" beginvolume="0.000000" outVolume="9514.000000" inVolume="8285.000000" inSum="36371.150000" volume="1229.000000" lastUpdatedStamp="2012-08-20 15:52:44.0" lastUpdatedTxStamp="2012-08-20 15:52:44.0" createdStamp="2012-08-11 11:50:03.0" createdTxStamp="2012-08-11 11:50:03.0"/>
    <CurConsignProcessedPrice year="2012" month="7" supplierId="17cc8f72-35ba-4c3d-8092-c5f06b8cfadd" materialId="3241ddb3-4a5d-444d-b5b2-a172aa1820e2" type="1" beginvolume="0.000000" outVolume="4060.000000" inVolume="4060.000000" inSum="2107.140000" volume="0.000000" lastUpdatedStamp="2012-08-20 15:48:12.0" lastUpdatedTxStamp="2012-08-20 15:48:12.0" createdStamp="2012-07-24 20:46:57.0" createdTxStamp="2012-07-24 20:46:57.0"/>
    <CurConsignProcessedPrice year="2012" month="7" supplierId="17cc8f72-35ba-4c3d-8092-c5f06b8cfadd" materialId="353f9c7c-3449-4665-a6c5-dc113e2fdc50" type="1" beginvolume="0.000000" outVolume="23322.000000" inVolume="23322.000000" inSum="6646.770000" volume="0.000000" lastUpdatedStamp="2012-08-20 15:48:30.0" lastUpdatedTxStamp="2012-08-20 15:48:30.0" createdStamp="2012-08-09 14:51:47.0" createdTxStamp="2012-08-09 14:51:47.0"/>
    <CurConsignProcessedPrice year="2012" month="7" supplierId="17cc8f72-35ba-4c3d-8092-c5f06b8cfadd" materialId="363e4704-5d9e-419f-9fe1-2e527544d920" type="1" beginvolume="0.000000" outVolume="6233.000000" inVolume="864.000000" inSum="518.400000" volume="5369.000000" lastUpdatedStamp="2012-08-20 15:42:58.0" lastUpdatedTxStamp="2012-08-20 15:42:58.0" createdStamp="2012-08-09 16:22:12.0" createdTxStamp="2012-08-09 16:22:12.0"/>
    <CurConsignProcessedPrice year="2012" month="7" supplierId="17cc8f72-35ba-4c3d-8092-c5f06b8cfadd" materialId="3782c112-8ab2-4253-9c3c-f5a8f6540c20" type="1" beginvolume="0.000000" outVolume="116190.000000" inVolume="102684.000000" inSum="301788.276000" volume="13506.000000" lastUpdatedStamp="2012-08-20 15:51:59.0" lastUpdatedTxStamp="2012-08-20 15:51:59.0" createdStamp="2012-08-11 11:44:55.0" createdTxStamp="2012-08-11 11:44:55.0"/>
    <CurConsignProcessedPrice year="2012" month="7" supplierId="17cc8f72-35ba-4c3d-8092-c5f06b8cfadd" materialId="383f4ea9-dac6-41da-abe7-da07e81f2fb7" type="1" beginvolume="0.000000" outVolume="3616.000000" inVolume="3175.000000" inSum="0.000000" volume="441.000000" lastUpdatedStamp="2012-08-20 16:50:04.0" lastUpdatedTxStamp="2012-08-20 16:50:04.0" createdStamp="2012-08-11 11:13:07.0" createdTxStamp="2012-08-11 11:13:07.0"/>
    <CurConsignProcessedPrice year="2012" month="7" supplierId="17cc8f72-35ba-4c3d-8092-c5f06b8cfadd" materialId="3a7908ed-510f-4f27-9d36-bfa36c71ba76" type="1" beginvolume="0.000000" outVolume="5015.000000" inVolume="2244.000000" inSum="0.000000" volume="2771.000000" lastUpdatedStamp="2012-08-20 16:48:43.0" lastUpdatedTxStamp="2012-08-20 16:48:43.0" createdStamp="2012-08-09 16:15:45.0" createdTxStamp="2012-08-09 16:15:45.0"/>
    <CurConsignProcessedPrice year="2012" month="7" supplierId="17cc8f72-35ba-4c3d-8092-c5f06b8cfadd" materialId="3cc92659-553c-4771-8c21-20ce5558a93a" type="1" beginvolume="0.000000" outVolume="1026.000000" inVolume="504.000000" inSum="2040.192000" volume="522.000000" lastUpdatedStamp="2012-08-20 15:50:51.0" lastUpdatedTxStamp="2012-08-20 15:50:51.0" createdStamp="2012-08-11 11:20:03.0" createdTxStamp="2012-08-11 11:20:03.0"/>
    <CurConsignProcessedPrice year="2012" month="7" supplierId="17cc8f72-35ba-4c3d-8092-c5f06b8cfadd" materialId="3d4a32c5-00d5-4fd7-86ab-499ff1783cc5" type="1" beginvolume="0.000000" outVolume="22132.000000" inVolume="17505.000000" inSum="119804.220000" volume="4627.000000" lastUpdatedStamp="2012-08-20 15:52:44.0" lastUpdatedTxStamp="2012-08-20 15:52:44.0" createdStamp="2012-08-11 11:48:12.0" createdTxStamp="2012-08-11 11:48:11.0"/>
    <CurConsignProcessedPrice year="2012" month="7" supplierId="17cc8f72-35ba-4c3d-8092-c5f06b8cfadd" materialId="3d64de12-f957-4739-9e41-0c82832e6e81" type="1" beginvolume="0.000000" outVolume="32459.000000" inVolume="9028.000000" inSum="1832.684000" volume="23431.000000" lastUpdatedStamp="2012-08-20 15:51:45.0" lastUpdatedTxStamp="2012-08-20 15:51:45.0" createdStamp="2012-08-11 11:15:30.0" createdTxStamp="2012-08-11 11:15:29.0"/>
    <CurConsignProcessedPrice year="2012" month="7" supplierId="17cc8f72-35ba-4c3d-8092-c5f06b8cfadd" materialId="3df4b7e5-c80d-44a4-b548-4428b85c6e61" type="1" beginvolume="0.000000" outVolume="32879.000000" inVolume="15390.000000" inSum="59897.880000" volume="17489.000000" lastUpdatedStamp="2012-08-20 15:48:48.0" lastUpdatedTxStamp="2012-08-20 15:48:48.0" createdStamp="2012-08-09 16:23:56.0" createdTxStamp="2012-08-09 16:23:56.0"/>
    <CurConsignProcessedPrice year="2012" month="7" supplierId="17cc8f72-35ba-4c3d-8092-c5f06b8cfadd" materialId="3ec57aba-f07f-4186-8bbe-158fa8200c70" type="1" beginvolume="0.000000" outVolume="127853.000000" inVolume="85384.000000" inSum="82822.480000" volume="42469.000000" lastUpdatedStamp="2012-08-20 15:46:19.0" lastUpdatedTxStamp="2012-08-20 15:46:19.0" createdStamp="2012-08-09 16:28:43.0" createdTxStamp="2012-08-09 16:28:43.0"/>
    <CurConsignProcessedPrice year="2012" month="7" supplierId="17cc8f72-35ba-4c3d-8092-c5f06b8cfadd" materialId="40415bf4-37ed-4a9b-8c29-990db6e57756" type="1" beginvolume="0.000000" outVolume="1486.000000" inVolume="612.000000" inSum="2795.004000" volume="874.000000" lastUpdatedStamp="2012-08-20 15:50:02.0" lastUpdatedTxStamp="2012-08-20 15:50:02.0" createdStamp="2012-08-11 11:32:19.0" createdTxStamp="2012-08-11 11:32:19.0"/>
    <CurConsignProcessedPrice year="2012" month="7" supplierId="17cc8f72-35ba-4c3d-8092-c5f06b8cfadd" materialId="437a8123-a58b-4fca-82cf-e751a590b6ca" type="1" beginvolume="0.000000" outVolume="119592.000000" inVolume="102864.000000" inSum="302317.296000" volume="16728.000000" lastUpdatedStamp="2012-08-20 15:51:59.0" lastUpdatedTxStamp="2012-08-20 15:51:59.0" createdStamp="2012-08-11 11:44:07.0" createdTxStamp="2012-08-11 11:44:07.0"/>
    <CurConsignProcessedPrice year="2012" month="7" supplierId="17cc8f72-35ba-4c3d-8092-c5f06b8cfadd" materialId="4582aa3f-6eec-4d9c-9c53-f4d2ce1dadb1" type="1" beginvolume="0.000000" outVolume="140654.000000" inVolume="85384.000000" inSum="108010.760000" volume="55270.000000" lastUpdatedStamp="2012-08-20 15:46:19.0" lastUpdatedTxStamp="2012-08-20 15:46:19.0" createdStamp="2012-08-09 16:29:08.0" createdTxStamp="2012-08-09 16:29:07.0"/>
    <CurConsignProcessedPrice year="2012" month="7" supplierId="17cc8f72-35ba-4c3d-8092-c5f06b8cfadd" materialId="46b925a4-c32f-46fc-a6ce-ff21fb440b03" type="1" beginvolume="0.000000" outVolume="2126.000000" inVolume="792.000000" inSum="3119.688000" volume="1334.000000" lastUpdatedStamp="2012-08-20 15:50:36.0" lastUpdatedTxStamp="2012-08-20 15:50:36.0" createdStamp="2012-08-11 11:16:52.0" createdTxStamp="2012-08-11 11:16:52.0"/>
    <CurConsignProcessedPrice year="2012" month="7" supplierId="17cc8f72-35ba-4c3d-8092-c5f06b8cfadd" materialId="48015b2c-8b17-403e-94e3-b153b779136b" type="1" beginvolume="0.000000" outVolume="14810.000000" inVolume="5550.000000" inSum="2625.150000" volume="9260.000000" lastUpdatedStamp="2012-08-20 15:46:52.0" lastUpdatedTxStamp="2012-08-20 15:46:52.0" createdStamp="2012-08-09 16:33:21.0" createdTxStamp="2012-08-09 16:33:21.0"/>
    <CurConsignProcessedPrice year="2012" month="7" supplierId="17cc8f72-35ba-4c3d-8092-c5f06b8cfadd" materialId="49d1c7b1-4410-4d41-9623-c447ea2ffe88" type="1" beginvolume="0.000000" outVolume="31442.000000" inVolume="31442.000000" inSum="11193.352000" volume="0.000000" lastUpdatedStamp="2012-08-20 15:48:30.0" lastUpdatedTxStamp="2012-08-20 15:48:30.0" createdStamp="2012-07-24 20:45:05.0" createdTxStamp="2012-07-24 20:45:05.0"/>
    <CurConsignProcessedPrice year="2012" month="7" supplierId="17cc8f72-35ba-4c3d-8092-c5f06b8cfadd" materialId="4b9ddc81-7ac8-4c7d-bfc5-6aa0ac5ba9c1" type="1" beginvolume="0.000000" outVolume="32293.000000" inVolume="18056.000000" inSum="29268.776000" volume="14237.000000" lastUpdatedStamp="2012-08-20 15:51:45.0" lastUpdatedTxStamp="2012-08-20 15:51:45.0" createdStamp="2012-08-11 11:14:40.0" createdTxStamp="2012-08-11 11:14:40.0"/>
    <CurConsignProcessedPrice year="2012" month="7" supplierId="17cc8f72-35ba-4c3d-8092-c5f06b8cfadd" materialId="4c2dbfec-9bce-4781-9ead-025016acb4a3" type="1" beginvolume="0.000000" outVolume="84733.000000" inVolume="50680.000000" inSum="333525.080000" volume="34053.000000" lastUpdatedStamp="2012-08-20 15:49:26.0" lastUpdatedTxStamp="2012-08-20 15:49:26.0" createdStamp="2012-08-11 11:37:14.0" createdTxStamp="2012-08-11 11:37:14.0"/>
    <CurConsignProcessedPrice year="2012" month="7" supplierId="17cc8f72-35ba-4c3d-8092-c5f06b8cfadd" materialId="4c6538e6-920c-404d-84b2-473fc99456d5" type="1" beginvolume="0.000000" outVolume="1152.000000" inVolume="824.000000" inSum="7130.536000" volume="328.000000" lastUpdatedStamp="2012-08-20 15:52:44.0" lastUpdatedTxStamp="2012-08-20 15:52:44.0" createdStamp="2012-08-11 11:51:29.0" createdTxStamp="2012-08-11 11:51:29.0"/>
    <CurConsignProcessedPrice year="2012" month="7" supplierId="17cc8f72-35ba-4c3d-8092-c5f06b8cfadd" materialId="4f74e288-22dc-4baa-bf64-6e3d4ad9fc38" type="1" beginvolume="0.000000" outVolume="12709.000000" inVolume="5550.000000" inSum="2625.150000" volume="7159.000000" lastUpdatedStamp="2012-08-20 15:46:52.0" lastUpdatedTxStamp="2012-08-20 15:46:52.0" createdStamp="2012-08-09 16:32:49.0" createdTxStamp="2012-08-09 16:32:49.0"/>
    <CurConsignProcessedPrice year="2012" month="7" supplierId="17cc8f72-35ba-4c3d-8092-c5f06b8cfadd" materialId="506827ea-55e3-404d-9172-43e72beca946" type="1" beginvolume="0.000000" outVolume="4514.000000" inVolume="1224.000000" inSum="476.136000" volume="3290.000000" lastUpdatedStamp="2012-08-20 15:50:02.0" lastUpdatedTxStamp="2012-08-20 15:50:02.0" createdStamp="2012-08-09 16:15:17.0" createdTxStamp="2012-08-09 16:15:17.0"/>
    <CurConsignProcessedPrice year="2012" month="7" supplierId="17cc8f72-35ba-4c3d-8092-c5f06b8cfadd" materialId="514c0cf2-604c-490a-bc44-4282c8ecf235" type="1" beginvolume="0.000000" outVolume="154553.000000" inVolume="63450.000000" inSum="59389.200000" volume="91103.000000" lastUpdatedStamp="2012-08-20 15:18:14.0" lastUpdatedTxStamp="2012-08-20 15:18:13.0" createdStamp="2012-08-09 14:05:29.0" createdTxStamp="2012-08-09 14:05:29.0"/>
    <CurConsignProcessedPrice year="2012" month="7" supplierId="17cc8f72-35ba-4c3d-8092-c5f06b8cfadd" materialId="51efa7a7-9111-4a94-ab38-7f432ac27450" type="1" beginvolume="0.000000" outVolume="39733.000000" inVolume="22944.000000" inSum="5758.944000" volume="16789.000000" lastUpdatedStamp="2012-08-20 15:18:13.0" lastUpdatedTxStamp="2012-08-20 15:18:13.0" createdStamp="2012-08-09 09:39:46.0" createdTxStamp="2012-08-09 09:39:46.0"/>
    <CurConsignProcessedPrice year="2012" month="7" supplierId="17cc8f72-35ba-4c3d-8092-c5f06b8cfadd" materialId="56c381a1-9554-4640-ba84-1e01e6083b9e" type="1" beginvolume="0.000000" outVolume="51210.000000" inVolume="16650.000000" inSum="2647.350000" volume="34560.000000" lastUpdatedStamp="2012-08-20 15:46:52.0" lastUpdatedTxStamp="2012-08-20 15:46:52.0" createdStamp="2012-08-09 16:36:35.0" createdTxStamp="2012-08-09 16:36:35.0"/>
    <CurConsignProcessedPrice year="2012" month="7" supplierId="17cc8f72-35ba-4c3d-8092-c5f06b8cfadd" materialId="56dc3ea6-c578-4d64-9d5b-7cad7c10e6c4" type="1" beginvolume="0.000000" outVolume="22657.000000" inVolume="18048.000000" inSum="12453.120000" volume="4609.000000" lastUpdatedStamp="2012-08-20 15:48:58.0" lastUpdatedTxStamp="2012-08-20 15:48:58.0" createdStamp="2012-08-09 16:23:07.0" createdTxStamp="2012-08-09 16:23:07.0"/>
    <CurConsignProcessedPrice year="2012" month="7" supplierId="17cc8f72-35ba-4c3d-8092-c5f06b8cfadd" materialId="58d0e015-0377-40d1-aa5e-1d071f6d9537" type="1" beginvolume="0.000000" outVolume="2652.000000" inVolume="1122.000000" inSum="0.000000" volume="1530.000000" lastUpdatedStamp="2012-08-20 15:50:15.0" lastUpdatedTxStamp="2012-08-20 15:50:15.0" createdStamp="2012-08-11 11:31:00.0" createdTxStamp="2012-08-11 11:31:00.0"/>
    <CurConsignProcessedPrice year="2012" month="7" supplierId="17cc8f72-35ba-4c3d-8092-c5f06b8cfadd" materialId="591197a5-24c2-4438-888b-eed50f544d96" type="1" beginvolume="0.000000" outVolume="947.000000" inVolume="504.000000" inSum="2889.936000" volume="443.000000" lastUpdatedStamp="2012-08-20 15:50:51.0" lastUpdatedTxStamp="2012-08-20 15:50:51.0" createdStamp="2012-08-11 11:29:44.0" createdTxStamp="2012-08-11 11:29:44.0"/>
    <CurConsignProcessedPrice year="2012" month="7" supplierId="17cc8f72-35ba-4c3d-8092-c5f06b8cfadd" materialId="5b32e510-63f4-46d5-a7c0-54604a16658e" type="1" beginvolume="0.000000" outVolume="11661.000000" inVolume="11661.000000" inSum="3568.266000" volume="0.000000" lastUpdatedStamp="2012-08-20 15:48:30.0" lastUpdatedTxStamp="2012-08-20 15:48:30.0" createdStamp="2012-08-09 14:50:43.0" createdTxStamp="2012-08-09 14:50:43.0"/>
    <CurConsignProcessedPrice year="2012" month="7" supplierId="17cc8f72-35ba-4c3d-8092-c5f06b8cfadd" materialId="5ee16641-2f1d-4f9f-bd79-4c1ab92d8ab0" type="1" beginvolume="0.000000" outVolume="13813.000000" inVolume="13048.000000" inSum="81615.240000" volume="765.000000" lastUpdatedStamp="2012-08-20 15:49:26.0" lastUpdatedTxStamp="2012-08-20 15:49:26.0" createdStamp="2012-08-11 11:36:32.0" createdTxStamp="2012-08-11 11:36:32.0"/>
    <CurConsignProcessedPrice year="2012" month="7" supplierId="17cc8f72-35ba-4c3d-8092-c5f06b8cfadd" materialId="64fbc14a-461e-4671-be70-b3791b2e5b5e" type="1" beginvolume="0.000000" outVolume="19196.000000" inVolume="5550.000000" inSum="333.000000" volume="13646.000000" lastUpdatedStamp="2012-08-20 15:46:52.0" lastUpdatedTxStamp="2012-08-20 15:46:52.0" createdStamp="2012-08-09 16:30:39.0" createdTxStamp="2012-08-09 16:30:39.0"/>
    <CurConsignProcessedPrice year="2012" month="7" supplierId="17cc8f72-35ba-4c3d-8092-c5f06b8cfadd" materialId="65d16b2d-aba6-46cc-b1e0-6252bfdb6de5" type="1" beginvolume="0.000000" outVolume="47283.000000" inVolume="15872.000000" inSum="8364.544000" volume="31411.000000" lastUpdatedStamp="2012-08-20 15:18:13.0" lastUpdatedTxStamp="2012-08-20 15:18:13.0" createdStamp="2012-07-26 16:19:54.0" createdTxStamp="2012-07-26 16:19:54.0"/>
    <CurConsignProcessedPrice year="2012" month="7" supplierId="17cc8f72-35ba-4c3d-8092-c5f06b8cfadd" materialId="66ee15a1-916d-4d23-ad32-e366ecce3487" type="1" beginvolume="0.000000" outVolume="323019.000000" inVolume="285440.000000" inSum="64509.440000" volume="37579.000000" lastUpdatedStamp="2012-08-20 15:49:14.0" lastUpdatedTxStamp="2012-08-20 15:49:14.0" createdStamp="2012-08-11 11:35:20.0" createdTxStamp="2012-08-11 11:35:20.0"/>
    <CurConsignProcessedPrice year="2012" month="7" supplierId="17cc8f72-35ba-4c3d-8092-c5f06b8cfadd" materialId="6c13701d-5e70-4a66-b446-9a9d04018b2f" type="1" beginvolume="0.000000" outVolume="23664.000000" inVolume="23664.000000" inSum="5868.672000" volume="0.000000" lastUpdatedStamp="2012-08-20 15:47:40.0" lastUpdatedTxStamp="2012-08-20 15:47:40.0" createdStamp="2012-08-09 14:38:54.0" createdTxStamp="2012-08-09 14:38:54.0"/>
    <CurConsignProcessedPrice year="2012" month="7" supplierId="17cc8f72-35ba-4c3d-8092-c5f06b8cfadd" materialId="6ce5cd7c-ab9f-4a11-bf38-620b1e72d577" type="1" beginvolume="0.000000" outVolume="286099.000000" inVolume="126900.000000" inSum="44288.100000" volume="159199.000000" lastUpdatedStamp="2012-08-20 15:18:14.0" lastUpdatedTxStamp="2012-08-20 15:18:13.0" createdStamp="2012-08-09 14:04:06.0" createdTxStamp="2012-08-09 14:04:06.0"/>
    <CurConsignProcessedPrice year="2012" month="7" supplierId="17cc8f72-35ba-4c3d-8092-c5f06b8cfadd" materialId="6e988b47-380c-4b63-9690-e4eff5ddc675" type="1" beginvolume="0.000000" outVolume="2810.000000" inVolume="1122.000000" inSum="0.000000" volume="1688.000000" lastUpdatedStamp="2012-08-20 16:48:43.0" lastUpdatedTxStamp="2012-08-20 16:48:43.0" createdStamp="2012-08-11 11:30:23.0" createdTxStamp="2012-08-11 11:30:23.0"/>
    <CurConsignProcessedPrice year="2012" month="7" supplierId="17cc8f72-35ba-4c3d-8092-c5f06b8cfadd" materialId="73a191b6-eb99-4a88-9342-411647a3e652" type="1" beginvolume="0.000000" outVolume="1915.000000" inVolume="792.000000" inSum="4190.472000" volume="1123.000000" lastUpdatedStamp="2012-08-20 15:50:36.0" lastUpdatedTxStamp="2012-08-20 15:50:36.0" createdStamp="2012-08-11 11:17:18.0" createdTxStamp="2012-08-11 11:17:18.0"/>
    <CurConsignProcessedPrice year="2012" month="7" supplierId="17cc8f72-35ba-4c3d-8092-c5f06b8cfadd" materialId="75a39749-75eb-4687-95cc-0fbc71ac8c54" type="1" beginvolume="0.000000" outVolume="41389.000000" inVolume="16956.000000" inSum="16939.044000" volume="24433.000000" lastUpdatedStamp="2012-08-20 15:18:13.0" lastUpdatedTxStamp="2012-08-20 15:18:13.0" createdStamp="2012-08-09 09:25:39.0" createdTxStamp="2012-08-09 09:25:39.0"/>
    <CurConsignProcessedPrice year="2012" month="7" supplierId="17cc8f72-35ba-4c3d-8092-c5f06b8cfadd" materialId="75f21c6f-5d30-460f-ae11-dbf73515e204" type="1" beginvolume="0.000000" outVolume="39671.000000" inVolume="15390.000000" inSum="5109.480000" volume="24281.000000" lastUpdatedStamp="2012-08-20 15:48:48.0" lastUpdatedTxStamp="2012-08-20 15:48:48.0" createdStamp="2012-08-09 16:26:55.0" createdTxStamp="2012-08-09 16:26:55.0"/>
    <CurConsignProcessedPrice year="2012" month="7" supplierId="17cc8f72-35ba-4c3d-8092-c5f06b8cfadd" materialId="7831252c-1cc3-4140-95ee-1ec28996648c" type="1" beginvolume="0.000000" outVolume="411906.000000" inVolume="222113.000000" inSum="77517.437000" volume="189793.000000" lastUpdatedStamp="2012-08-20 15:18:14.0" lastUpdatedTxStamp="2012-08-20 15:18:13.0" createdStamp="2012-07-26 16:21:19.0" createdTxStamp="2012-07-26 16:21:19.0"/>
    <CurConsignProcessedPrice year="2012" month="7" supplierId="17cc8f72-35ba-4c3d-8092-c5f06b8cfadd" materialId="78333e19-31db-4095-8073-8e9a79512384" type="1" beginvolume="0.000000" outVolume="26252.000000" inVolume="8112.000000" inSum="9612.720000" volume="18140.000000" lastUpdatedStamp="2012-08-20 15:47:23.0" lastUpdatedTxStamp="2012-08-20 15:47:23.0" createdStamp="2012-08-09 16:34:04.0" createdTxStamp="2012-08-09 16:34:04.0"/>
    <CurConsignProcessedPrice year="2012" month="7" supplierId="17cc8f72-35ba-4c3d-8092-c5f06b8cfadd" materialId="78513d55-b780-4617-a684-7bdb6fd0a92c" type="1" beginvolume="0.000000" outVolume="2814.000000" inVolume="756.000000" inSum="323.568000" volume="2058.000000" lastUpdatedStamp="2012-08-20 15:51:08.0" lastUpdatedTxStamp="2012-08-20 15:51:08.0" createdStamp="2012-08-09 16:18:45.0" createdTxStamp="2012-08-09 16:18:45.0"/>
    <CurConsignProcessedPrice year="2012" month="7" supplierId="17cc8f72-35ba-4c3d-8092-c5f06b8cfadd" materialId="78dfb147-4522-4028-b515-1d027c41a010" type="1" beginvolume="0.000000" outVolume="39695.000000" inVolume="22944.000000" inSum="16152.576000" volume="16751.000000" lastUpdatedStamp="2012-08-20 15:18:13.0" lastUpdatedTxStamp="2012-08-20 15:18:13.0" createdStamp="2012-08-09 09:30:27.0" createdTxStamp="2012-08-09 09:30:27.0"/>
    <CurConsignProcessedPrice year="2012" month="7" supplierId="17cc8f72-35ba-4c3d-8092-c5f06b8cfadd" materialId="7e64cade-9aee-48a5-b3d7-d83b5182aede" type="1" beginvolume="0.000000" outVolume="0.000000" volume="0.000000" lastUpdatedStamp="2012-07-24 20:44:10.0" lastUpdatedTxStamp="2012-07-24 20:44:10.0" createdStamp="2012-07-24 20:41:04.0" createdTxStamp="2012-07-24 20:41:04.0"/>
    <CurConsignProcessedPrice year="2012" month="7" supplierId="17cc8f72-35ba-4c3d-8092-c5f06b8cfadd" materialId="7ee33aa2-5a24-43ed-b60d-d06463852676" type="1" beginvolume="0.000000" outVolume="8120.000000" inVolume="8120.000000" inSum="2492.840000" volume="0.000000" lastUpdatedStamp="2012-08-20 15:48:12.0" lastUpdatedTxStamp="2012-08-20 15:48:12.0" createdStamp="2012-07-25 08:49:24.0" createdTxStamp="2012-07-25 08:49:24.0"/>
    <CurConsignProcessedPrice year="2012" month="7" supplierId="17cc8f72-35ba-4c3d-8092-c5f06b8cfadd" materialId="7f6fb57c-cea2-4da3-9ccf-dd5811151738" type="1" beginvolume="0.000000" outVolume="86626.000000" inVolume="30780.000000" inSum="8864.640000" volume="55846.000000" lastUpdatedStamp="2012-08-20 15:48:48.0" lastUpdatedTxStamp="2012-08-20 15:48:48.0" createdStamp="2012-08-09 16:26:23.0" createdTxStamp="2012-08-09 16:26:23.0"/>
    <CurConsignProcessedPrice year="2012" month="7" supplierId="17cc8f72-35ba-4c3d-8092-c5f06b8cfadd" materialId="81c6b31e-9600-4be3-b13e-5026b57b82ba" type="1" beginvolume="0.000000" outVolume="32825.000000" inVolume="22944.000000" inSum="16152.576000" volume="9881.000000" lastUpdatedStamp="2012-08-20 15:18:13.0" lastUpdatedTxStamp="2012-08-20 15:18:13.0" createdStamp="2012-08-09 09:24:38.0" createdTxStamp="2012-08-09 09:24:38.0"/>
    <CurConsignProcessedPrice year="2012" month="7" supplierId="17cc8f72-35ba-4c3d-8092-c5f06b8cfadd" materialId="8396e096-00a9-4559-bfee-01296f94238c" type="1" beginvolume="0.000000" outVolume="2995.000000" inVolume="1008.000000" inSum="470.736000" volume="1987.000000" lastUpdatedStamp="2012-08-20 15:50:51.0" lastUpdatedTxStamp="2012-08-20 15:50:51.0" createdStamp="2012-08-09 16:18:21.0" createdTxStamp="2012-08-09 16:18:21.0"/>
    <CurConsignProcessedPrice year="2012" month="7" supplierId="17cc8f72-35ba-4c3d-8092-c5f06b8cfadd" materialId="842d544c-e552-4a5e-9a2f-03621c34f730" type="1" beginvolume="0.000000" outVolume="3384.000000" inVolume="3384.000000" inSum="41355.864000" volume="0.000000" lastUpdatedStamp="2012-08-21 09:58:59.0" lastUpdatedTxStamp="2012-08-21 09:58:59.0" createdStamp="2012-08-11 11:54:14.0" createdTxStamp="2012-08-11 11:54:14.0"/>
    <CurConsignProcessedPrice year="2012" month="7" supplierId="17cc8f72-35ba-4c3d-8092-c5f06b8cfadd" materialId="8609b155-f6cd-4a39-9966-3c08eabf5c5c" type="1" beginvolume="0.000000" outVolume="5982.000000" inVolume="4530.000000" inSum="33875.340000" volume="1452.000000" lastUpdatedStamp="2012-08-20 15:52:44.0" lastUpdatedTxStamp="2012-08-20 15:52:44.0" createdStamp="2012-08-11 11:49:22.0" createdTxStamp="2012-08-11 11:49:22.0"/>
    <CurConsignProcessedPrice year="2012" month="7" supplierId="17cc8f72-35ba-4c3d-8092-c5f06b8cfadd" materialId="86b314db-4c5a-4e45-81e2-34cc4ba22d03" type="1" beginvolume="0.000000" outVolume="1122.000000" inVolume="378.000000" inSum="2234.736000" volume="744.000000" lastUpdatedStamp="2012-08-20 15:51:08.0" lastUpdatedTxStamp="2012-08-20 15:51:08.0" createdStamp="2012-08-11 11:18:26.0" createdTxStamp="2012-08-11 11:18:26.0"/>
    <CurConsignProcessedPrice year="2012" month="7" supplierId="17cc8f72-35ba-4c3d-8092-c5f06b8cfadd" materialId="898c5a3f-6794-4607-a2d2-00e4a049e7d5" type="1" beginvolume="0.000000" outVolume="21354.000000" inVolume="16224.000000" inSum="7771.296000" volume="5130.000000" lastUpdatedStamp="2012-08-20 15:47:23.0" lastUpdatedTxStamp="2012-08-20 15:47:23.0" createdStamp="2012-08-09 16:34:29.0" createdTxStamp="2012-08-09 16:34:29.0"/>
    <CurConsignProcessedPrice year="2012" month="7" supplierId="17cc8f72-35ba-4c3d-8092-c5f06b8cfadd" materialId="8c8337b9-4959-4706-b1fd-7a10260171dc" type="1" beginvolume="0.000000" outVolume="430.000000" inVolume="290.000000" inSum="1493.210000" volume="140.000000" lastUpdatedStamp="2012-08-20 15:52:44.0" lastUpdatedTxStamp="2012-08-20 15:52:44.0" createdStamp="2012-08-11 11:52:12.0" createdTxStamp="2012-08-11 11:52:12.0"/>
    <CurConsignProcessedPrice year="2012" month="7" supplierId="17cc8f72-35ba-4c3d-8092-c5f06b8cfadd" materialId="8cc231f7-56b5-4ecb-91d2-b05bf6349fbe" type="1" beginvolume="0.000000" outVolume="84227.000000" inVolume="31744.000000" inSum="17268.736000" volume="52483.000000" lastUpdatedStamp="2012-08-20 15:18:13.0" lastUpdatedTxStamp="2012-08-20 15:18:13.0" createdStamp="2012-07-26 16:19:18.0" createdTxStamp="2012-07-26 16:19:18.0"/>
    <CurConsignProcessedPrice year="2012" month="7" supplierId="17cc8f72-35ba-4c3d-8092-c5f06b8cfadd" materialId="8da80e97-dea5-4fb3-be55-6d95d93bd299" type="1" beginvolume="0.000000" outVolume="5743.000000" inVolume="4530.000000" inSum="34074.660000" volume="1213.000000" lastUpdatedStamp="2012-08-20 15:52:44.0" lastUpdatedTxStamp="2012-08-20 15:52:44.0" createdStamp="2012-08-11 11:49:44.0" createdTxStamp="2012-08-11 11:49:44.0"/>
    <CurConsignProcessedPrice year="2012" month="7" supplierId="17cc8f72-35ba-4c3d-8092-c5f06b8cfadd" materialId="8f6516c0-6576-4b0d-9fa5-f2922a301e7f" type="1" beginvolume="0.000000" outVolume="8.000000" inVolume="4.000000" inSum="54.004000" volume="4.000000" lastUpdatedStamp="2012-08-21 09:59:37.0" lastUpdatedTxStamp="2012-08-21 09:59:37.0" createdStamp="2012-08-11 11:12:29.0" createdTxStamp="2012-08-11 11:12:29.0"/>
    <CurConsignProcessedPrice year="2012" month="7" supplierId="17cc8f72-35ba-4c3d-8092-c5f06b8cfadd" materialId="906f3726-1a56-4dd9-b059-b982be68f942" type="1" beginvolume="0.000000" outVolume="4783.000000" inVolume="1584.000000" inSum="703.296000" volume="3199.000000" lastUpdatedStamp="2012-08-20 15:50:36.0" lastUpdatedTxStamp="2012-08-20 15:50:36.0" createdStamp="2012-08-09 16:17:31.0" createdTxStamp="2012-08-09 16:17:31.0"/>
    <CurConsignProcessedPrice year="2012" month="7" supplierId="17cc8f72-35ba-4c3d-8092-c5f06b8cfadd" materialId="926869d0-8fbc-4f07-a40f-ef6312ae9d4e" type="1" beginvolume="0.000000" outVolume="149.000000" inVolume="96.000000" inSum="1042.176000" volume="53.000000" lastUpdatedStamp="2012-08-20 15:53:19.0" lastUpdatedTxStamp="2012-08-20 15:53:19.0" createdStamp="2012-08-11 11:53:15.0" createdTxStamp="2012-08-11 11:53:15.0"/>
    <CurConsignProcessedPrice year="2012" month="7" supplierId="17cc8f72-35ba-4c3d-8092-c5f06b8cfadd" materialId="94a3dd02-892b-4f7c-9145-8a46a55233ce" type="1" beginvolume="0.000000" outVolume="66564.000000" inVolume="16224.000000" inSum="389.376000" volume="50340.000000" lastUpdatedStamp="2012-08-20 15:47:23.0" lastUpdatedTxStamp="2012-08-20 15:47:23.0" createdStamp="2012-08-11 11:39:05.0" createdTxStamp="2012-08-11 11:39:05.0"/>
    <CurConsignProcessedPrice year="2012" month="7" supplierId="17cc8f72-35ba-4c3d-8092-c5f06b8cfadd" materialId="96aeb910-3e2f-4baf-88a6-d0e6d60034ec" type="1" beginvolume="0.000000" outVolume="2460.000000" inVolume="1122.000000" inSum="0.000000" volume="1338.000000" lastUpdatedStamp="2012-08-20 15:50:15.0" lastUpdatedTxStamp="2012-08-20 15:50:15.0" createdStamp="2012-08-11 11:31:29.0" createdTxStamp="2012-08-11 11:31:29.0"/>
    <CurConsignProcessedPrice year="2012" month="7" supplierId="17cc8f72-35ba-4c3d-8092-c5f06b8cfadd" materialId="9944857e-7971-49d1-9348-e6247f2b64bc" type="1" beginvolume="0.000000" outVolume="10764.000000" inVolume="10764.000000" inSum="2497.248000" volume="0.000000" lastUpdatedStamp="2012-08-20 15:47:57.0" lastUpdatedTxStamp="2012-08-20 15:47:57.0" createdStamp="2012-08-09 14:54:59.0" createdTxStamp="2012-08-09 14:54:59.0"/>
    <CurConsignProcessedPrice year="2012" month="7" supplierId="17cc8f72-35ba-4c3d-8092-c5f06b8cfadd" materialId="9a1b326b-2814-40a5-9ac0-48425a8dbc3b" type="1" beginvolume="0.000000" outVolume="22429.000000" inVolume="5550.000000" inSum="1270.950000" volume="16879.000000" lastUpdatedStamp="2012-08-20 15:46:52.0" lastUpdatedTxStamp="2012-08-20 15:46:52.0" createdStamp="2012-08-09 16:35:11.0" createdTxStamp="2012-08-09 16:35:11.0"/>
    <CurConsignProcessedPrice year="2012" month="7" supplierId="17cc8f72-35ba-4c3d-8092-c5f06b8cfadd" materialId="9b5652b6-2103-41a0-9458-9d1466965240" type="1" beginvolume="0.000000" outVolume="96.000000" inVolume="96.000000" inSum="1049.088000" volume="0.000000" lastUpdatedStamp="2012-08-21 09:57:46.0" lastUpdatedTxStamp="2012-08-21 09:57:46.0" createdStamp="2012-08-11 11:53:40.0" createdTxStamp="2012-08-11 11:53:40.0"/>
    <CurConsignProcessedPrice year="2012" month="7" supplierId="17cc8f72-35ba-4c3d-8092-c5f06b8cfadd" materialId="9cc0646f-e6fa-4763-a1a2-4e2361af83f9" type="1" beginvolume="0.000000" outVolume="155646.000000" inVolume="79360.000000" inSum="4682.240000" volume="76286.000000" lastUpdatedStamp="2012-08-20 15:18:13.0" lastUpdatedTxStamp="2012-08-20 15:18:13.0" createdStamp="2012-07-26 16:22:03.0" createdTxStamp="2012-07-26 16:22:03.0"/>
    <CurConsignProcessedPrice year="2012" month="7" supplierId="17cc8f72-35ba-4c3d-8092-c5f06b8cfadd" materialId="9d42c5cd-f616-47f5-989c-e21efa9b1356" type="1" beginvolume="0.000000" outVolume="4809.000000" inVolume="3976.000000" inSum="49747.712000" volume="833.000000" lastUpdatedStamp="2012-08-20 15:53:19.0" lastUpdatedTxStamp="2012-08-20 15:53:19.0" createdStamp="2012-08-11 20:26:31.0" createdTxStamp="2012-08-11 20:26:31.0"/>
    <CurConsignProcessedPrice year="2012" month="7" supplierId="17cc8f72-35ba-4c3d-8092-c5f06b8cfadd" materialId="a08b1358-9127-446a-9950-1406031bcaf6" type="1" beginvolume="0.000000" outVolume="4805.000000" inVolume="3976.000000" inSum="50085.672000" volume="829.000000" lastUpdatedStamp="2012-08-20 15:53:19.0" lastUpdatedTxStamp="2012-08-20 15:53:19.0" createdStamp="2012-08-11 20:20:47.0" createdTxStamp="2012-08-11 20:20:47.0"/>
    <CurConsignProcessedPrice year="2012" month="7" supplierId="17cc8f72-35ba-4c3d-8092-c5f06b8cfadd" materialId="a7a8e7ca-05a2-4ffc-9b03-460fb6c8e10e" type="1" beginvolume="0.000000" outVolume="718.000000" inVolume="290.000000" inSum="2681.920000" volume="428.000000" lastUpdatedStamp="2012-08-20 15:52:44.0" lastUpdatedTxStamp="2012-08-20 15:52:44.0" createdStamp="2012-08-11 11:52:49.0" createdTxStamp="2012-08-11 11:52:49.0"/>
    <CurConsignProcessedPrice year="2012" month="7" supplierId="17cc8f72-35ba-4c3d-8092-c5f06b8cfadd" materialId="a80d0078-f8ff-4115-8bbc-31400b105703" type="1" beginvolume="0.000000" outVolume="8120.000000" inVolume="8120.000000" inSum="2492.840000" volume="0.000000" lastUpdatedStamp="2012-08-20 15:48:12.0" lastUpdatedTxStamp="2012-08-20 15:48:12.0" createdStamp="2012-07-25 08:50:10.0" createdTxStamp="2012-07-25 08:50:10.0"/>
    <CurConsignProcessedPrice year="2012" month="7" supplierId="17cc8f72-35ba-4c3d-8092-c5f06b8cfadd" materialId="a970bd98-4e57-4573-8998-7bd39d9178ab" type="1" beginvolume="0.000000" outVolume="13155.000000" inVolume="2592.000000" inSum="907.200000" volume="10563.000000" lastUpdatedStamp="2012-08-20 15:42:58.0" lastUpdatedTxStamp="2012-08-20 15:42:58.0" createdStamp="2012-08-09 16:21:08.0" createdTxStamp="2012-08-09 16:21:08.0"/>
    <CurConsignProcessedPrice year="2012" month="7" supplierId="17cc8f72-35ba-4c3d-8092-c5f06b8cfadd" materialId="ab87117f-d25f-4e92-abdd-146a1677bfbb" type="1" beginvolume="0.000000" outVolume="1106.000000" inVolume="824.000000" inSum="7166.792000" volume="282.000000" lastUpdatedStamp="2012-08-20 15:52:44.0" lastUpdatedTxStamp="2012-08-20 15:52:44.0" createdStamp="2012-08-11 11:51:54.0" createdTxStamp="2012-08-11 11:51:54.0"/>
    <CurConsignProcessedPrice year="2012" month="7" supplierId="17cc8f72-35ba-4c3d-8092-c5f06b8cfadd" materialId="ab8737a0-17f5-4bdb-9452-8e94c51f5da5" type="1" beginvolume="0.000000" outVolume="2324.000000" inVolume="792.000000" inSum="4048.704000" volume="1532.000000" lastUpdatedStamp="2012-08-20 15:50:36.0" lastUpdatedTxStamp="2012-08-20 15:50:36.0" createdStamp="2012-08-11 11:18:00.0" createdTxStamp="2012-08-11 11:18:00.0"/>
    <CurConsignProcessedPrice year="2012" month="7" supplierId="17cc8f72-35ba-4c3d-8092-c5f06b8cfadd" materialId="ad045919-89c8-4baf-8189-aff391a319d2" type="1" beginvolume="0.000000" outVolume="21089.000000" inVolume="17505.000000" inSum="73065.870000" volume="3584.000000" lastUpdatedStamp="2012-08-20 15:52:44.0" lastUpdatedTxStamp="2012-08-20 15:52:44.0" createdStamp="2012-08-11 11:11:54.0" createdTxStamp="2012-08-11 11:11:54.0"/>
    <CurConsignProcessedPrice year="2012" month="7" supplierId="17cc8f72-35ba-4c3d-8092-c5f06b8cfadd" materialId="ade56245-2e1d-4f6e-85d4-239cf774a804" type="1" beginvolume="0.000000" outVolume="42023.000000" inVolume="22944.000000" inSum="3716.928000" volume="19079.000000" lastUpdatedStamp="2012-08-20 15:18:13.0" lastUpdatedTxStamp="2012-08-20 15:18:13.0" createdStamp="2012-08-09 09:37:48.0" createdTxStamp="2012-08-09 09:37:47.0"/>
    <CurConsignProcessedPrice year="2012" month="7" supplierId="17cc8f72-35ba-4c3d-8092-c5f06b8cfadd" materialId="b327fc48-8854-4691-8fcf-ecae0072c5fe" type="1" beginvolume="0.000000" outVolume="380.000000" inVolume="290.000000" inSum="2653.210000" volume="90.000000" lastUpdatedStamp="2012-08-20 15:52:44.0" lastUpdatedTxStamp="2012-08-20 15:52:44.0" createdStamp="2012-08-11 11:52:30.0" createdTxStamp="2012-08-11 11:52:30.0"/>
    <CurConsignProcessedPrice year="2012" month="7" supplierId="17cc8f72-35ba-4c3d-8092-c5f06b8cfadd" materialId="b3807024-e1c4-40ad-a532-5a6561e9659b" type="1" beginvolume="0.000000" outVolume="1087.000000" inVolume="378.000000" inSum="1639.386000" volume="709.000000" lastUpdatedStamp="2012-08-20 15:51:08.0" lastUpdatedTxStamp="2012-08-20 15:51:08.0" createdStamp="2012-08-11 11:16:14.0" createdTxStamp="2012-08-11 11:16:14.0"/>
    <CurConsignProcessedPrice year="2012" month="7" supplierId="17cc8f72-35ba-4c3d-8092-c5f06b8cfadd" materialId="b6bd1726-3ba8-44d0-bb92-6c66d27784cf" type="1" beginvolume="0.000000" outVolume="9261.000000" inVolume="8285.000000" inSum="63960.200000" volume="976.000000" lastUpdatedStamp="2012-08-21 09:56:53.0" lastUpdatedTxStamp="2012-08-21 09:56:53.0" createdStamp="2012-08-11 11:50:24.0" createdTxStamp="2012-08-11 11:50:24.0"/>
    <CurConsignProcessedPrice year="2012" month="7" supplierId="17cc8f72-35ba-4c3d-8092-c5f06b8cfadd" materialId="b84e0b17-984f-4bfa-8307-f788052c5307" type="1" beginvolume="0.000000" outVolume="500.000000" volume="500.000000" lastUpdatedStamp="2012-08-11 11:38:27.0" lastUpdatedTxStamp="2012-08-11 11:38:27.0" createdStamp="2012-08-11 11:38:27.0" createdTxStamp="2012-08-11 11:38:27.0"/>
    <CurConsignProcessedPrice year="2012" month="7" supplierId="17cc8f72-35ba-4c3d-8092-c5f06b8cfadd" materialId="be2a3ff4-67e0-4a77-82a2-c8391972304b" type="1" beginvolume="0.000000" outVolume="11661.000000" inVolume="11661.000000" inSum="2705.352000" volume="0.000000" lastUpdatedStamp="2012-08-20 15:48:30.0" lastUpdatedTxStamp="2012-08-20 15:48:30.0" createdStamp="2012-08-09 14:54:15.0" createdTxStamp="2012-08-09 14:54:15.0"/>
    <CurConsignProcessedPrice year="2012" month="7" supplierId="17cc8f72-35ba-4c3d-8092-c5f06b8cfadd" materialId="c25e27e2-755f-4f47-8e76-b4acda5d3a46" type="1" beginvolume="0.000000" outVolume="4287.000000" inVolume="1224.000000" inSum="353.736000" volume="3063.000000" lastUpdatedStamp="2012-08-20 15:50:02.0" lastUpdatedTxStamp="2012-08-20 15:50:02.0" createdStamp="2012-08-09 16:14:48.0" createdTxStamp="2012-08-09 16:14:48.0"/>
    <CurConsignProcessedPrice year="2012" month="7" supplierId="17cc8f72-35ba-4c3d-8092-c5f06b8cfadd" materialId="c394fda1-ca5a-4539-ae90-3a29f063f680" type="1" beginvolume="0.000000" outVolume="273294.000000" inVolume="67824.000000" inSum="29232.144000" volume="205470.000000" lastUpdatedStamp="2012-08-20 15:18:13.0" lastUpdatedTxStamp="2012-08-20 15:18:13.0" createdStamp="2012-08-09 09:32:42.0" createdTxStamp="2012-08-09 09:32:42.0"/>
    <CurConsignProcessedPrice year="2012" month="7" supplierId="17cc8f72-35ba-4c3d-8092-c5f06b8cfadd" materialId="c603c324-9695-4b04-8912-bd2c91b5ea5d" type="1" beginvolume="0.000000" outVolume="14295.000000" inVolume="5550.000000" inSum="1187.700000" volume="8745.000000" lastUpdatedStamp="2012-08-20 15:46:52.0" lastUpdatedTxStamp="2012-08-20 15:46:52.0" createdStamp="2012-08-09 16:32:18.0" createdTxStamp="2012-08-09 16:32:18.0"/>
    <CurConsignProcessedPrice year="2012" month="7" supplierId="17cc8f72-35ba-4c3d-8092-c5f06b8cfadd" materialId="c688dee0-9a4d-43a1-bade-5eb64a088960" type="1" beginvolume="0.000000" outVolume="23322.000000" inVolume="23322.000000" inSum="5923.788000" volume="0.000000" lastUpdatedStamp="2012-08-20 15:48:30.0" lastUpdatedTxStamp="2012-08-20 15:48:30.0" createdStamp="2012-08-09 14:55:39.0" createdTxStamp="2012-08-09 14:55:39.0"/>
    <CurConsignProcessedPrice year="2012" month="7" supplierId="17cc8f72-35ba-4c3d-8092-c5f06b8cfadd" materialId="c6f6e7ee-54b1-4c24-9d46-5f60dc42daad" type="1" beginvolume="0.000000" outVolume="15776.000000" inVolume="15776.000000" inSum="4843.232000" volume="0.000000" lastUpdatedStamp="2012-08-20 15:47:40.0" lastUpdatedTxStamp="2012-08-20 15:47:40.0" createdStamp="2012-08-09 14:42:41.0" createdTxStamp="2012-08-09 14:42:41.0"/>
    <CurConsignProcessedPrice year="2012" month="7" supplierId="17cc8f72-35ba-4c3d-8092-c5f06b8cfadd" materialId="c964e881-02fa-489e-bb1f-a1e36078ddfa" type="1" beginvolume="0.000000" outVolume="10924.000000" inVolume="2800.000000" inSum="18600.400000" volume="8124.000000" lastUpdatedStamp="2012-08-20 15:49:26.0" lastUpdatedTxStamp="2012-08-20 15:49:26.0" createdStamp="2012-08-11 11:37:55.0" createdTxStamp="2012-08-11 11:37:55.0"/>
    <CurConsignProcessedPrice year="2012" month="7" supplierId="17cc8f72-35ba-4c3d-8092-c5f06b8cfadd" materialId="ca506c0e-0264-42f7-b65b-bccc8b4503c9" type="1" beginvolume="0.000000" outVolume="12180.000000" inVolume="12180.000000" inSum="3020.640000" volume="0.000000" lastUpdatedStamp="2012-08-20 15:48:12.0" lastUpdatedTxStamp="2012-08-20 15:48:12.0" createdStamp="2012-07-24 20:47:50.0" createdTxStamp="2012-07-24 20:47:50.0"/>
    <CurConsignProcessedPrice year="2012" month="7" supplierId="17cc8f72-35ba-4c3d-8092-c5f06b8cfadd" materialId="ca54d1a4-2675-4f9c-a5ae-6888f973138a" type="1" beginvolume="0.000000" outVolume="2242.000000" inVolume="824.000000" inSum="4124.944000" volume="1418.000000" lastUpdatedStamp="2012-08-20 15:52:44.0" lastUpdatedTxStamp="2012-08-20 15:52:44.0" createdStamp="2012-08-11 11:51:10.0" createdTxStamp="2012-08-11 11:51:10.0"/>
    <CurConsignProcessedPrice year="2012" month="7" supplierId="17cc8f72-35ba-4c3d-8092-c5f06b8cfadd" materialId="cb093be5-5aa2-4cf7-b17a-a3fc9fac3df7" type="1" beginvolume="0.000000" outVolume="15776.000000" inVolume="15776.000000" inSum="4843.232000" volume="0.000000" lastUpdatedStamp="2012-08-20 15:47:40.0" lastUpdatedTxStamp="2012-08-20 15:47:40.0" createdStamp="2012-08-09 14:41:22.0" createdTxStamp="2012-08-09 14:41:22.0"/>
    <CurConsignProcessedPrice year="2012" month="7" supplierId="17cc8f72-35ba-4c3d-8092-c5f06b8cfadd" materialId="cbb0d114-0c1a-4ec1-984f-9b3da92ff595" type="1" beginvolume="0.000000" outVolume="226799.000000" inVolume="67824.000000" inSum="29232.144000" volume="158975.000000" lastUpdatedStamp="2012-08-20 15:18:13.0" lastUpdatedTxStamp="2012-08-20 15:18:13.0" createdStamp="2012-08-09 09:35:40.0" createdTxStamp="2012-08-09 09:35:40.0"/>
    <CurConsignProcessedPrice year="2012" month="7" supplierId="17cc8f72-35ba-4c3d-8092-c5f06b8cfadd" materialId="cc46ede8-cf70-4ccb-b4a8-4ce399797fd3" type="1" beginvolume="0.000000" outVolume="9445.000000" inVolume="7460.000000" inSum="8399.960000" volume="1985.000000" lastUpdatedStamp="2012-08-20 15:53:19.0" lastUpdatedTxStamp="2012-08-20 15:53:19.0" createdStamp="2012-08-11 11:41:39.0" createdTxStamp="2012-08-11 11:41:39.0"/>
    <CurConsignProcessedPrice year="2012" month="7" supplierId="17cc8f72-35ba-4c3d-8092-c5f06b8cfadd" materialId="ccdce9fd-e4af-44e4-976f-e95e730d8fc5" type="1" beginvolume="0.000000" outVolume="270269.000000" inVolume="159600.000000" inSum="9416.400000" volume="110669.000000" lastUpdatedStamp="2012-08-20 15:18:13.0" lastUpdatedTxStamp="2012-08-20 15:18:13.0" createdStamp="2012-08-11 09:05:05.0" createdTxStamp="2012-08-11 09:05:05.0"/>
    <CurConsignProcessedPrice year="2012" month="7" supplierId="17cc8f72-35ba-4c3d-8092-c5f06b8cfadd" materialId="ce6fd12d-aefc-47b9-8c48-fbcbb5f2cbb9" type="1" beginvolume="0.000000" outVolume="0.000000" volume="0.000000" lastUpdatedStamp="2012-07-24 20:45:11.0" lastUpdatedTxStamp="2012-07-24 20:45:11.0" createdStamp="2012-07-24 19:35:18.0" createdTxStamp="2012-07-24 19:35:18.0"/>
    <CurConsignProcessedPrice year="2012" month="7" supplierId="17cc8f72-35ba-4c3d-8092-c5f06b8cfadd" materialId="d10a904e-cd07-40bf-8bf0-98231ee9fcf1" type="1" beginvolume="0.000000" outVolume="38073.000000" inVolume="15390.000000" inSum="13143.060000" volume="22683.000000" lastUpdatedStamp="2012-08-20 15:48:48.0" lastUpdatedTxStamp="2012-08-20 15:48:48.0" createdStamp="2012-08-09 16:24:57.0" createdTxStamp="2012-08-09 16:24:57.0"/>
    <CurConsignProcessedPrice year="2012" month="7" supplierId="17cc8f72-35ba-4c3d-8092-c5f06b8cfadd" materialId="d43f8bfe-f69a-4206-ac12-f00ecf813cdf" type="1" beginvolume="0.000000" outVolume="38557.000000" inVolume="22944.000000" inSum="4451.136000" volume="15613.000000" lastUpdatedStamp="2012-08-20 15:18:13.0" lastUpdatedTxStamp="2012-08-20 15:18:13.0" createdStamp="2012-08-09 09:38:24.0" createdTxStamp="2012-08-09 09:38:24.0"/>
    <CurConsignProcessedPrice year="2012" month="7" supplierId="17cc8f72-35ba-4c3d-8092-c5f06b8cfadd" materialId="d560013f-3e50-4466-8cbc-e39142a86070" type="1" beginvolume="0.000000" outVolume="38595.000000" inVolume="15872.000000" inSum="8364.544000" volume="22723.000000" lastUpdatedStamp="2012-08-20 15:18:13.0" lastUpdatedTxStamp="2012-08-20 15:18:13.0" createdStamp="2012-07-26 16:20:52.0" createdTxStamp="2012-07-26 16:20:52.0"/>
    <CurConsignProcessedPrice year="2012" month="7" supplierId="17cc8f72-35ba-4c3d-8092-c5f06b8cfadd" materialId="d90d823c-20a5-4f81-8c1a-4a217d416f3f" type="1" beginvolume="0.000000" outVolume="6578.000000" inVolume="864.000000" inSum="534.816000" volume="5714.000000" lastUpdatedStamp="2012-08-20 15:42:58.0" lastUpdatedTxStamp="2012-08-20 15:42:58.0" createdStamp="2012-08-09 16:21:42.0" createdTxStamp="2012-08-09 16:21:42.0"/>
    <CurConsignProcessedPrice year="2012" month="7" supplierId="17cc8f72-35ba-4c3d-8092-c5f06b8cfadd" materialId="d94271e2-125d-4133-a90f-a168287c3298" type="1" beginvolume="0.000000" outVolume="20000.000000" inVolume="17505.000000" inSum="120574.440000" volume="2495.000000" lastUpdatedStamp="2012-08-20 15:52:44.0" lastUpdatedTxStamp="2012-08-20 15:52:44.0" createdStamp="2012-08-11 11:48:35.0" createdTxStamp="2012-08-11 11:48:35.0"/>
    <CurConsignProcessedPrice year="2012" month="7" supplierId="17cc8f72-35ba-4c3d-8092-c5f06b8cfadd" materialId="da849bb3-2d19-408d-a381-850730854491" type="1" beginvolume="0.000000" outVolume="101335.000000" inVolume="91776.000000" inSum="51578.112000" volume="9559.000000" lastUpdatedStamp="2012-08-20 15:18:13.0" lastUpdatedTxStamp="2012-08-20 15:18:13.0" createdStamp="2012-08-09 09:37:16.0" createdTxStamp="2012-08-09 09:37:16.0"/>
    <CurConsignProcessedPrice year="2012" month="7" supplierId="17cc8f72-35ba-4c3d-8092-c5f06b8cfadd" materialId="db6dd573-a65e-4dca-b2e3-dc0f7c10345e" type="1" beginvolume="0.000000" outVolume="37304.000000" inVolume="37304.000000" inSum="13280.224000" volume="0.000000" lastUpdatedStamp="2012-08-20 15:47:57.0" lastUpdatedTxStamp="2012-08-20 15:47:57.0" createdStamp="2012-08-09 14:44:06.0" createdTxStamp="2012-08-09 14:44:06.0"/>
    <CurConsignProcessedPrice year="2012" month="7" supplierId="17cc8f72-35ba-4c3d-8092-c5f06b8cfadd" materialId="e10b4c99-6a36-4ac2-b0d6-470f128da496" type="1" beginvolume="0.000000" outVolume="134941.000000" inVolume="85384.000000" inSum="70014.880000" volume="49557.000000" lastUpdatedStamp="2012-08-20 15:46:19.0" lastUpdatedTxStamp="2012-08-20 15:46:19.0" createdStamp="2012-08-09 16:29:33.0" createdTxStamp="2012-08-09 16:29:33.0"/>
    <CurConsignProcessedPrice year="2012" month="7" supplierId="17cc8f72-35ba-4c3d-8092-c5f06b8cfadd" materialId="e253b819-3b77-43d4-8c0c-2e6db97108b2" type="1" beginvolume="0.000000" outVolume="159401.000000" inVolume="138020.000000" inSum="43752.340000" volume="21381.000000" lastUpdatedStamp="2012-08-20 15:52:44.0" lastUpdatedTxStamp="2012-08-20 15:52:44.0" createdStamp="2012-08-11 11:40:45.0" createdTxStamp="2012-08-11 11:40:45.0"/>
    <CurConsignProcessedPrice year="2012" month="7" supplierId="17cc8f72-35ba-4c3d-8092-c5f06b8cfadd" materialId="e3ac9f63-3e1e-4420-ae2f-6349fb1ba7a9" type="1" beginvolume="0.000000" outVolume="46507.000000" inVolume="38304.000000" inSum="156701.664000" volume="8203.000000" lastUpdatedStamp="2012-08-20 15:51:59.0" lastUpdatedTxStamp="2012-08-20 15:51:59.0" createdStamp="2012-08-11 11:45:19.0" createdTxStamp="2012-08-11 11:45:19.0"/>
    <CurConsignProcessedPrice year="2012" month="7" supplierId="17cc8f72-35ba-4c3d-8092-c5f06b8cfadd" materialId="e46ff09a-91a4-463b-9a19-47dbccdef9f6" type="1" beginvolume="0.000000" outVolume="8377.000000" volume="8377.000000" lastUpdatedStamp="2012-08-11 11:37:35.0" lastUpdatedTxStamp="2012-08-11 11:37:35.0" createdStamp="2012-08-11 11:37:35.0" createdTxStamp="2012-08-11 11:37:35.0"/>
    <CurConsignProcessedPrice year="2012" month="7" supplierId="17cc8f72-35ba-4c3d-8092-c5f06b8cfadd" materialId="e65aab63-f1d9-44d8-a146-51e82dfd8c15" type="1" beginvolume="0.000000" outVolume="51650.000000" inVolume="33912.000000" inSum="22551.480000" volume="17738.000000" lastUpdatedStamp="2012-08-20 15:18:13.0" lastUpdatedTxStamp="2012-08-20 15:18:13.0" createdStamp="2012-08-09 09:34:33.0" createdTxStamp="2012-08-09 09:34:33.0"/>
    <CurConsignProcessedPrice year="2012" month="7" supplierId="17cc8f72-35ba-4c3d-8092-c5f06b8cfadd" materialId="e78f47e0-bca2-4d7d-b89f-9c082518ff54" type="1" beginvolume="0.000000" outVolume="1144.000000" inVolume="378.000000" inSum="2302.398000" volume="766.000000" lastUpdatedStamp="2012-08-20 15:51:08.0" lastUpdatedTxStamp="2012-08-20 15:51:08.0" createdStamp="2012-08-11 11:19:00.0" createdTxStamp="2012-08-11 11:19:00.0"/>
    <CurConsignProcessedPrice year="2012" month="7" supplierId="17cc8f72-35ba-4c3d-8092-c5f06b8cfadd" materialId="ebbeb18a-2985-4a52-8302-c2aba6616302" type="1" beginvolume="0.000000" outVolume="6881.000000" volume="6881.000000" lastUpdatedStamp="2012-08-11 11:36:53.0" lastUpdatedTxStamp="2012-08-11 11:36:53.0" createdStamp="2012-08-11 11:36:53.0" createdTxStamp="2012-08-11 11:36:53.0"/>
    <CurConsignProcessedPrice year="2012" month="7" supplierId="17cc8f72-35ba-4c3d-8092-c5f06b8cfadd" materialId="ee5fc39d-d715-4932-a27e-4503b7bf3802" type="1" beginvolume="0.000000" outVolume="4534.000000" inVolume="3175.000000" inSum="0.000000" volume="1359.000000" lastUpdatedStamp="2012-08-20 16:50:04.0" lastUpdatedTxStamp="2012-08-20 16:50:04.0" createdStamp="2012-08-11 20:21:54.0" createdTxStamp="2012-08-11 20:21:54.0"/>
    <CurConsignProcessedPrice year="2012" month="7" supplierId="17cc8f72-35ba-4c3d-8092-c5f06b8cfadd" materialId="ef9d9ff4-1f04-4afe-a366-088185a1f6c9" type="1" beginvolume="0.000000" outVolume="3912.000000" inVolume="2244.000000" inSum="0.000000" volume="1668.000000" lastUpdatedStamp="2012-08-20 16:48:43.0" lastUpdatedTxStamp="2012-08-20 16:48:43.0" createdStamp="2012-08-09 16:16:46.0" createdTxStamp="2012-08-09 16:16:46.0"/>
    <CurConsignProcessedPrice year="2012" month="7" supplierId="17cc8f72-35ba-4c3d-8092-c5f06b8cfadd" materialId="f017baed-9c9b-4855-8d98-b6f5016a8c89" type="1" beginvolume="0.000000" outVolume="15158.000000" inVolume="6816.000000" inSum="2324.256000" volume="8342.000000" lastUpdatedStamp="2012-08-20 15:50:02.0" lastUpdatedTxStamp="2012-08-20 15:50:02.0" createdStamp="2012-08-09 16:16:23.0" createdTxStamp="2012-08-09 16:16:23.0"/>
    <CurConsignProcessedPrice year="2012" month="7" supplierId="17cc8f72-35ba-4c3d-8092-c5f06b8cfadd" materialId="f0a84275-8e33-443c-90c0-017b5de49d04" type="1" beginvolume="0.000000" outVolume="6987.000000" inVolume="4530.000000" inSum="19605.840000" volume="2457.000000" lastUpdatedStamp="2012-08-20 15:52:44.0" lastUpdatedTxStamp="2012-08-20 15:52:44.0" createdStamp="2012-08-11 11:49:03.0" createdTxStamp="2012-08-11 11:49:03.0"/>
    <CurConsignProcessedPrice year="2012" month="7" supplierId="17cc8f72-35ba-4c3d-8092-c5f06b8cfadd" materialId="f10d1de9-c244-461b-b11c-58df111ba4d5" type="1" beginvolume="0.000000" outVolume="117266.000000" inVolume="33912.000000" inSum="3119.904000" volume="83354.000000" lastUpdatedStamp="2012-08-20 15:18:13.0" lastUpdatedTxStamp="2012-08-20 15:18:13.0" createdStamp="2012-08-09 09:36:17.0" createdTxStamp="2012-08-09 09:36:17.0"/>
    <CurConsignProcessedPrice year="2012" month="7" supplierId="17cc8f72-35ba-4c3d-8092-c5f06b8cfadd" materialId="f26662c0-bd05-4286-a780-6f293285b4d1" type="1" beginvolume="0.000000" outVolume="47243.000000" inVolume="22200.000000" inSum="3529.800000" volume="25043.000000" lastUpdatedStamp="2012-08-20 15:46:52.0" lastUpdatedTxStamp="2012-08-20 15:46:52.0" createdStamp="2012-07-24 20:45:51.0" createdTxStamp="2012-07-24 20:45:51.0"/>
    <CurConsignProcessedPrice year="2012" month="7" supplierId="17cc8f72-35ba-4c3d-8092-c5f06b8cfadd" materialId="f3131a4b-f317-4a13-8bd7-f13615b3756e" type="1" beginvolume="0.000000" outVolume="16482.000000" inVolume="5550.000000" inSum="333.000000" volume="10932.000000" lastUpdatedStamp="2012-08-20 15:46:52.0" lastUpdatedTxStamp="2012-08-20 15:46:52.0" createdStamp="2012-08-09 16:31:07.0" createdTxStamp="2012-08-09 16:31:07.0"/>
    <CurConsignProcessedPrice year="2012" month="7" supplierId="17cc8f72-35ba-4c3d-8092-c5f06b8cfadd" materialId="f37d82da-649f-4645-a298-2f0658f9cfea" type="1" beginvolume="0.000000" outVolume="21528.000000" inVolume="21528.000000" inSum="5468.112000" volume="0.000000" lastUpdatedStamp="2012-08-20 15:47:57.0" lastUpdatedTxStamp="2012-08-20 15:47:57.0" createdStamp="2012-08-09 14:56:53.0" createdTxStamp="2012-08-09 14:56:53.0"/>
    <CurConsignProcessedPrice year="2012" month="7" supplierId="17cc8f72-35ba-4c3d-8092-c5f06b8cfadd" materialId="f4d438a6-7737-4c07-b14e-c71545d997c2" type="1" beginvolume="0.000000" outVolume="10764.000000" inVolume="10764.000000" inSum="3293.784000" volume="0.000000" lastUpdatedStamp="2012-08-20 15:47:57.0" lastUpdatedTxStamp="2012-08-20 15:47:57.0" createdStamp="2012-08-09 14:51:09.0" createdTxStamp="2012-08-09 14:51:09.0"/>
    <CurConsignProcessedPrice year="2012" month="7" supplierId="17cc8f72-35ba-4c3d-8092-c5f06b8cfadd" materialId="f848c482-e985-4454-b971-aa897ca244ac" type="1" beginvolume="0.000000" outVolume="16888.000000" inVolume="8112.000000" inSum="13303.680000" volume="8776.000000" lastUpdatedStamp="2012-08-20 15:47:23.0" lastUpdatedTxStamp="2012-08-20 15:47:23.0" createdStamp="2012-08-11 11:39:41.0" createdTxStamp="2012-08-11 11:39:40.0"/>
    <CurConsignProcessedPrice year="2012" month="7" supplierId="17cc8f72-35ba-4c3d-8092-c5f06b8cfadd" materialId="f86f41a2-7265-4d37-a6c6-85d7f63d0467" type="1" beginvolume="0.000000" outVolume="21528.000000" inVolume="21528.000000" inSum="6135.480000" volume="0.000000" lastUpdatedStamp="2012-08-20 15:47:57.0" lastUpdatedTxStamp="2012-08-20 15:47:57.0" createdStamp="2012-08-09 14:53:16.0" createdTxStamp="2012-08-09 14:53:16.0"/>
    <CurConsignProcessedPrice year="2012" month="7" supplierId="17cc8f72-35ba-4c3d-8092-c5f06b8cfadd" materialId="fa64b798-20b2-4f56-b0e3-853f851ad284" type="1" beginvolume="0.000000" outVolume="11.000000" inVolume="4.000000" inSum="54.344000" volume="7.000000" lastUpdatedStamp="2012-08-20 15:53:19.0" lastUpdatedTxStamp="2012-08-20 15:53:19.0" createdStamp="2012-08-11 20:23:51.0" createdTxStamp="2012-08-11 20:23:51.0"/>
    <CurConsignProcessedPrice year="2012" month="7" supplierId="3d776f01-c49c-4253-b3d1-783dcc0645ee" materialId="04332355-0cd1-4c84-a8b2-9499b4592bcd" type="1" beginvolume="0.000000" outVolume="8019.000000" inVolume="7592.000000" inSum="9110.400000" volume="427.000000" lastUpdatedStamp="2012-08-20 16:45:35.0" lastUpdatedTxStamp="2012-08-20 16:45:35.0" createdStamp="2012-07-25 09:11:22.0" createdTxStamp="2012-07-25 09:11:22.0"/>
    <CurConsignProcessedPrice year="2012" month="7" supplierId="3d776f01-c49c-4253-b3d1-783dcc0645ee" materialId="3840e994-22cd-4743-a74a-904f3778237e" type="1" beginvolume="0.000000" outVolume="576.000000" inVolume="391.000000" inSum="5043.900000" volume="185.000000" lastUpdatedStamp="2012-08-20 16:45:35.0" lastUpdatedTxStamp="2012-08-20 16:45:35.0" createdStamp="2012-07-25 09:18:48.0" createdTxStamp="2012-07-25 09:18:48.0"/>
    <CurConsignProcessedPrice year="2012" month="7" supplierId="3d776f01-c49c-4253-b3d1-783dcc0645ee" materialId="52276166-df58-4b85-8a97-817825692ecd" type="1" beginvolume="0.000000" outVolume="207.000000" inVolume="207.000000" inSum="82.800000" volume="0.000000" lastUpdatedStamp="2012-08-20 16:45:35.0" lastUpdatedTxStamp="2012-08-20 16:45:35.0" createdStamp="2012-08-11 21:12:16.0" createdTxStamp="2012-08-11 21:12:16.0"/>
    <CurConsignProcessedPrice year="2012" month="7" supplierId="3d776f01-c49c-4253-b3d1-783dcc0645ee" materialId="5ab440b2-d6dd-494b-a3e2-5ab5a0b1004e" type="1" beginvolume="0.000000" outVolume="3034.000000" inVolume="3034.000000" inSum="6674.800000" volume="0.000000" lastUpdatedStamp="2012-08-20 16:45:35.0" lastUpdatedTxStamp="2012-08-20 16:45:35.0" createdStamp="2012-07-25 09:04:53.0" createdTxStamp="2012-07-25 09:04:53.0"/>
    <CurConsignProcessedPrice year="2012" month="7" supplierId="3d776f01-c49c-4253-b3d1-783dcc0645ee" materialId="9331dd24-6b7c-4d61-a84d-e8c52c238a98" type="1" beginvolume="0.000000" outVolume="523.000000" inVolume="523.000000" inSum="0.000000" volume="0.000000" lastUpdatedStamp="2012-08-20 16:45:35.0" lastUpdatedTxStamp="2012-08-20 16:45:35.0" createdStamp="2012-07-25 09:19:36.0" createdTxStamp="2012-07-25 09:19:36.0"/>
    <CurConsignProcessedPrice year="2012" month="7" supplierId="3d776f01-c49c-4253-b3d1-783dcc0645ee" materialId="9fcd5472-1711-45b6-b485-48cbf8638228" type="1" beginvolume="0.000000" outVolume="551.000000" inVolume="551.000000" inSum="10193.500000" volume="0.000000" lastUpdatedStamp="2012-08-20 16:45:35.0" lastUpdatedTxStamp="2012-08-20 16:45:35.0" createdStamp="2012-07-25 09:16:17.0" createdTxStamp="2012-07-25 09:16:17.0"/>
    <CurConsignProcessedPrice year="2012" month="7" supplierId="7ea57de4-57bb-423a-9a55-367ea5fba65d" materialId="04332355-0cd1-4c84-a8b2-9499b4592bcd" type="1" beginvolume="0.000000" outVolume="1018.000000" inVolume="77.000000" inSum="102.410000" volume="941.000000" lastUpdatedStamp="2012-08-20 11:02:08.0" lastUpdatedTxStamp="2012-08-20 11:02:08.0" createdStamp="2012-07-25 09:14:29.0" createdTxStamp="2012-07-25 09:14:29.0"/>
    <CurConsignProcessedPrice year="2012" month="7" supplierId="7ea57de4-57bb-423a-9a55-367ea5fba65d" materialId="04332355-0cd1-4c84-a8b2-9499b4592bcd" type="2" beginvolume="0.000000" outVolume="90.000000" volume="90.000000" lastUpdatedStamp="2012-07-24 18:21:11.0" lastUpdatedTxStamp="2012-07-24 18:21:11.0" createdStamp="2012-07-24 18:21:11.0" createdTxStamp="2012-07-24 18:21:11.0"/>
    <CurConsignProcessedPrice year="2012" month="7" supplierId="7ea57de4-57bb-423a-9a55-367ea5fba65d" materialId="3840e994-22cd-4743-a74a-904f3778237e" type="1" beginvolume="0.000000" outVolume="956.000000" volume="956.000000" lastUpdatedStamp="2012-08-18 16:18:31.0" lastUpdatedTxStamp="2012-08-18 16:18:31.0" createdStamp="2012-07-25 09:21:38.0" createdTxStamp="2012-07-25 09:21:38.0"/>
    <CurConsignProcessedPrice year="2012" month="7" supplierId="7ea57de4-57bb-423a-9a55-367ea5fba65d" materialId="5ab440b2-d6dd-494b-a3e2-5ab5a0b1004e" type="1" beginvolume="0.000000" outVolume="13094.000000" inVolume="8088.000000" inSum="18386.640000" volume="5006.000000" lastUpdatedStamp="2012-08-20 11:02:08.0" lastUpdatedTxStamp="2012-08-20 11:02:08.0" createdStamp="2012-07-25 09:06:52.0" createdTxStamp="2012-07-25 09:06:52.0"/>
    <CurConsignProcessedPrice year="2012" month="7" supplierId="7ea57de4-57bb-423a-9a55-367ea5fba65d" materialId="5ab440b2-d6dd-494b-a3e2-5ab5a0b1004e" type="2" beginvolume="0.000000" outVolume="1829.000000" volume="1829.000000" lastUpdatedStamp="2012-07-30 19:53:22.0" lastUpdatedTxStamp="2012-07-30 19:53:21.0" createdStamp="2012-07-24 18:21:11.0" createdTxStamp="2012-07-24 18:21:11.0"/>
    <CurConsignProcessedPrice year="2012" month="7" supplierId="7ea57de4-57bb-423a-9a55-367ea5fba65d" materialId="9331dd24-6b7c-4d61-a84d-e8c52c238a98" type="1" beginvolume="0.000000" outVolume="11609.000000" inVolume="9074.000000" inSum="62610.600000" volume="2535.000000" lastUpdatedStamp="2012-08-20 11:02:08.0" lastUpdatedTxStamp="2012-08-20 11:02:08.0" createdStamp="2012-07-25 09:23:03.0" createdTxStamp="2012-07-25 09:23:03.0"/>
    <CurConsignProcessedPrice year="2012" month="7" supplierId="7ea57de4-57bb-423a-9a55-367ea5fba65d" materialId="9331dd24-6b7c-4d61-a84d-e8c52c238a98" type="2" beginvolume="0.000000" outVolume="668.000000" volume="668.000000" lastUpdatedStamp="2012-07-30 19:53:22.0" lastUpdatedTxStamp="2012-07-30 19:53:21.0" createdStamp="2012-07-24 18:21:11.0" createdTxStamp="2012-07-24 18:21:11.0"/>
    <CurConsignProcessedPrice year="2012" month="7" supplierId="7ea57de4-57bb-423a-9a55-367ea5fba65d" materialId="9fcd5472-1711-45b6-b485-48cbf8638228" type="1" beginvolume="0.000000" outVolume="514.000000" inVolume="404.000000" inSum="7393.200000" volume="110.000000" lastUpdatedStamp="2012-08-20 11:01:58.0" lastUpdatedTxStamp="2012-08-20 11:01:58.0" createdStamp="2012-07-25 09:17:30.0" createdTxStamp="2012-07-25 09:17:30.0"/>
    <CurConsignProcessedPrice year="2012" month="7" supplierId="7ea57de4-57bb-423a-9a55-367ea5fba65d" materialId="9fcd5472-1711-45b6-b485-48cbf8638228" type="2" beginvolume="0.000000" outVolume="109.000000" volume="109.000000" lastUpdatedStamp="2012-07-24 18:21:11.0" lastUpdatedTxStamp="2012-07-24 18:21:11.0" createdStamp="2012-07-24 18:21:11.0" createdTxStamp="2012-07-24 18:21:11.0"/>
    <CurConsignProcessedPrice year="2012" month="7" supplierId="bf4f67f5-31e9-4bad-bf18-255c85c0a194" materialId="05a632ea-3af5-4241-a8ed-1cbdba50f818" type="1" beginvolume="0.000000" outVolume="3550.000000" inVolume="3550.000000" inSum="639.000000" volume="0.000000" lastUpdatedStamp="2012-08-22 15:02:20.0" lastUpdatedTxStamp="2012-08-22 15:02:20.0" createdStamp="2012-08-21 15:18:56.0" createdTxStamp="2012-08-21 15:18:56.0"/>
    <CurConsignProcessedPrice year="2012" month="7" supplierId="bf4f67f5-31e9-4bad-bf18-255c85c0a194" materialId="c954d687-5b20-408f-b4f8-baee46d97109" type="1" beginvolume="0.000000" outVolume="30000.000000" inVolume="25476.000000" inSum="0.000000" volume="4524.000000" lastUpdatedStamp="2012-08-22 15:02:20.0" lastUpdatedTxStamp="2012-08-22 15:02:20.0" createdStamp="2012-08-11 11:47:42.0" createdTxStamp="2012-08-11 11:47:41.0"/>
    <CurConsignProcessedPrice year="2012" month="7" supplierId="bf4f67f5-31e9-4bad-bf18-255c85c0a194" materialId="d7a39014-869c-4bf0-8b9f-41328951fa5a" type="1" beginvolume="0.000000" outVolume="7639.000000" inVolume="7639.000000" inSum="1145.850000" volume="0.000000" lastUpdatedStamp="2012-08-22 15:02:20.0" lastUpdatedTxStamp="2012-08-22 15:02:20.0" createdStamp="2012-07-25 09:42:13.0" createdTxStamp="2012-07-25 09:42:13.0"/>
    <CurConsignProcessedPrice year="2012" month="7" supplierId="bf4f67f5-31e9-4bad-bf18-255c85c0a194" materialId="fb08ac40-1a95-430f-944b-156cade353da" type="1" beginvolume="0.000000" outVolume="11300.000000" inVolume="11300.000000" inSum="2034.000000" volume="0.000000" lastUpdatedStamp="2012-08-22 15:02:20.0" lastUpdatedTxStamp="2012-08-22 15:02:20.0" createdStamp="2012-07-25 09:42:52.0" createdTxStamp="2012-07-25 09:42:52.0"/>
    <CurConsignProcessedPrice year="2012" month="7" supplierId="de92b972-e3cd-4402-8bc7-60d6c5e777af" materialId="0f1eb671-9b90-468f-a3ea-75f9a2b21bb3" type="1" beginvolume="0.000000" outVolume="3998.000000" inVolume="3060.000000" inSum="3151.800000" volume="938.000000" lastUpdatedStamp="2012-08-11 09:59:57.0" lastUpdatedTxStamp="2012-08-11 09:59:57.0" createdStamp="2012-07-25 09:38:18.0" createdTxStamp="2012-07-25 09:38:18.0"/>
    <CurConsignProcessedPrice year="2012" month="7" supplierId="de92b972-e3cd-4402-8bc7-60d6c5e777af" materialId="0f1eb671-9b90-468f-a3ea-75f9a2b21bb3" type="2" beginvolume="0.000000" outVolume="1432.000000" volume="1432.000000" lastUpdatedStamp="2012-07-24 18:26:28.0" lastUpdatedTxStamp="2012-07-24 18:26:28.0" createdStamp="2012-07-24 18:26:28.0" createdTxStamp="2012-07-24 18:26:28.0"/>
    <CurConsignProcessedPrice year="2012" month="7" supplierId="de92b972-e3cd-4402-8bc7-60d6c5e777af" materialId="2cbf6d2a-f79f-4648-89e9-d554052e48ed" type="1" beginvolume="0.000000" outVolume="502.000000" volume="502.000000" lastUpdatedStamp="2012-07-25 09:40:15.0" lastUpdatedTxStamp="2012-07-25 09:40:15.0" createdStamp="2012-07-25 09:40:15.0" createdTxStamp="2012-07-25 09:40:15.0"/>
    <CurConsignProcessedPrice year="2012" month="7" supplierId="de92b972-e3cd-4402-8bc7-60d6c5e777af" materialId="4b5dc339-4ae8-4303-83b2-925806b2dd4f" type="1" beginvolume="0.000000" outVolume="894.000000" volume="894.000000" lastUpdatedStamp="2012-07-25 09:41:09.0" lastUpdatedTxStamp="2012-07-25 09:41:09.0" createdStamp="2012-07-25 09:41:09.0" createdTxStamp="2012-07-25 09:41:09.0"/>
    <CurConsignProcessedPrice year="2012" month="7" supplierId="de92b972-e3cd-4402-8bc7-60d6c5e777af" materialId="63c43883-c37a-4fdd-847b-33b38f3754d0" type="1" beginvolume="0.000000" outVolume="223169.000000" inVolume="147690.000000" inSum="152120.700000" volume="75479.000000" lastUpdatedStamp="2012-08-11 09:59:57.0" lastUpdatedTxStamp="2012-08-11 09:59:57.0" createdStamp="2012-07-25 09:26:22.0" createdTxStamp="2012-07-25 09:26:22.0"/>
    <CurConsignProcessedPrice year="2012" month="7" supplierId="de92b972-e3cd-4402-8bc7-60d6c5e777af" materialId="63c43883-c37a-4fdd-847b-33b38f3754d0" type="2" beginvolume="0.000000" outVolume="1094.000000" volume="1094.000000" lastUpdatedStamp="2012-07-24 18:26:28.0" lastUpdatedTxStamp="2012-07-24 18:26:28.0" createdStamp="2012-07-24 18:26:28.0" createdTxStamp="2012-07-24 18:26:28.0"/>
    <CurConsignProcessedPrice year="2012" month="7" supplierId="de92b972-e3cd-4402-8bc7-60d6c5e777af" materialId="841d276d-1327-41bc-bd77-bb408bdb6194" type="1" beginvolume="0.000000" outVolume="1550.000000" volume="1550.000000" lastUpdatedStamp="2012-08-09 11:13:03.0" lastUpdatedTxStamp="2012-08-09 11:13:03.0" createdStamp="2012-08-09 11:13:03.0" createdTxStamp="2012-08-09 11:13:03.0"/>
    <CurConsignProcessedPrice year="2012" month="7" supplierId="de92b972-e3cd-4402-8bc7-60d6c5e777af" materialId="841d276d-1327-41bc-bd77-bb408bdb6194" type="2" beginvolume="0.000000" outVolume="107.000000" volume="107.000000" lastUpdatedStamp="2012-07-24 18:26:28.0" lastUpdatedTxStamp="2012-07-24 18:26:28.0" createdStamp="2012-07-24 18:26:28.0" createdTxStamp="2012-07-24 18:26:28.0"/>
    <CurConsignProcessedPrice year="2012" month="7" supplierId="de92b972-e3cd-4402-8bc7-60d6c5e777af" materialId="a8e6be4e-d933-4c36-91f4-606400cdfd15" type="1" beginvolume="0.000000" outVolume="1140.000000" volume="1140.000000" lastUpdatedStamp="2012-08-09 11:13:50.0" lastUpdatedTxStamp="2012-08-09 11:13:50.0" createdStamp="2012-07-25 09:39:30.0" createdTxStamp="2012-07-25 09:39:30.0"/>
    <CurConsignProcessedPrice year="2012" month="7" supplierId="de92b972-e3cd-4402-8bc7-60d6c5e777af" materialId="a8e6be4e-d933-4c36-91f4-606400cdfd15" type="2" beginvolume="0.000000" outVolume="1.000000" volume="1.000000" lastUpdatedStamp="2012-07-24 18:26:28.0" lastUpdatedTxStamp="2012-07-24 18:26:28.0" createdStamp="2012-07-24 18:26:28.0" createdTxStamp="2012-07-24 18:26:28.0"/>
    <CurConsignProcessedPrice year="2012" month="7" supplierId="de92b972-e3cd-4402-8bc7-60d6c5e777af" materialId="c1370c5a-98ca-4983-8947-d23479cbd821" type="1" beginvolume="0.000000" outVolume="131623.000000" inVolume="119550.000000" inSum="43956.000000" volume="12073.000000" lastUpdatedStamp="2012-08-22 15:02:51.0" lastUpdatedTxStamp="2012-08-22 15:02:51.0" createdStamp="2012-07-25 09:27:45.0" createdTxStamp="2012-07-25 09:27:45.0"/>
    <CurConsignProcessedPrice year="2012" month="7" supplierId="de92b972-e3cd-4402-8bc7-60d6c5e777af" materialId="c1370c5a-98ca-4983-8947-d23479cbd821" type="2" beginvolume="0.000000" outVolume="1538.000000" volume="1538.000000" lastUpdatedStamp="2012-07-24 18:26:28.0" lastUpdatedTxStamp="2012-07-24 18:26:28.0" createdStamp="2012-07-24 18:26:28.0" createdTxStamp="2012-07-24 18:26:28.0"/>
</entity-engine-xml>
