<?xml version="1.0" encoding="UTF-8"?>
<entity-engine-xml>
    <TSystemUser id="037d78c8-a536-4086-933a-d17791e621d8" userId="luhuiling" userName="&#21346;&#24935;&#29618;" password="{SHA}d4e64972cd03edb77f4fee310f7eb53409804a66" sex="1" departmentId="0c92191f-3ccc-4c46-a466-bfe35663b391" position="" phoneNumber="" email="" valid="N" lastUpdatedStamp="2012-08-10 08:41:38.0" lastUpdatedTxStamp="2012-08-10 08:41:38.0" createdStamp="2012-07-05 11:07:11.0" createdTxStamp="2012-07-05 11:07:11.0"/>
    <TSystemUser id="05230e72-730e-4a4e-9be8-3789eee2bc85" userId="licunlan" userName="&#26446;&#23384;&#20848; " password="{SHA}7c4a8d09ca3762af61e59520943dc26494f8941b" sex="1" departmentId="0c92191f-3ccc-4c46-a466-bfe35663b391" position="" phoneNumber="" email="" valid="Y" lastUpdatedStamp="2012-07-05 11:07:52.0" lastUpdatedTxStamp="2012-07-05 11:07:52.0" createdStamp="2012-07-05 11:07:52.0" createdTxStamp="2012-07-05 11:07:52.0"/>
    <TSystemUser id="164cd3b7-ce8a-47b8-8ee4-d79fe40b42d3" userId="chenjinyao" userName="&#38472;&#38182;&#23591;" password="{SHA}7c4a8d09ca3762af61e59520943dc26494f8941b" sex="0" departmentId="7fdc10ae-c7fd-4360-96c2-fedaf739f14c" position="" phoneNumber="" email="" valid="Y" lastUpdatedStamp="2012-08-04 08:23:41.0" lastUpdatedTxStamp="2012-08-04 08:23:41.0" createdStamp="2012-08-04 08:23:41.0" createdTxStamp="2012-08-04 08:23:41.0"/>
    <TSystemUser id="18f85a5d-1c39-44f4-9f2f-e7d64056ff7b" userId="admin" userName="&#31995;&#32479;&#31649;&#29702;&#21592;" password="{SHA}40bd001563085fc35165329ea1ff5c5ecbdbbeef" sex="0" departmentId="2c2f37d4-33ac-4026-9ec0-3f8571e8a4a4" position="&#31649;&#29702;&#21592;" phoneNumber="13800000000" email="admin@fq.com" valid="N" lastUpdatedStamp="2012-07-27 16:35:44.0" lastUpdatedTxStamp="2012-07-27 16:35:44.0" createdStamp="2012-07-02 20:43:56.0" createdTxStamp="2012-07-02 20:43:56.0"/>
    <TSystemUser id="317ee254-324e-4725-b026-58fa533da9d1" userId="cgy" userName="&#37319;&#36141;&#21592;" password="{SHA}40bd001563085fc35165329ea1ff5c5ecbdbbeef" sex="0" departmentId="7fdc10ae-c7fd-4360-96c2-fedaf739f14c" position="&#37319;&#36141;&#21592;" phoneNumber="13800000000" email="admin@cgy.com" valid="Y" lastUpdatedStamp="2012-07-02 20:43:56.0" lastUpdatedTxStamp="2012-07-02 20:43:56.0" createdStamp="2012-07-02 20:43:56.0" createdTxStamp="2012-07-02 20:43:56.0"/>
    <TSystemUser id="48b71bf8-33ca-4b3d-9012-bb54bbb02c14" userId="linjianxin" userName="&#26519;&#24314;&#26032; " password="{SHA}7c4a8d09ca3762af61e59520943dc26494f8941b" sex="0" departmentId="7fdc10ae-c7fd-4360-96c2-fedaf739f14c" position="" phoneNumber="" email="" valid="Y" lastUpdatedStamp="2012-07-05 11:09:39.0" lastUpdatedTxStamp="2012-07-05 11:09:39.0" createdStamp="2012-07-05 11:09:39.0" createdTxStamp="2012-07-05 11:09:39.0"/>
    <TSystemUser id="52aeb32b-3313-46bc-b811-ce42df5da8f6" userId="lijuan" userName="&#26446;&#23071;" password="{SHA}7c4a8d09ca3762af61e59520943dc26494f8941b" sex="1" departmentId="0c92191f-3ccc-4c46-a466-bfe35663b391" position="" phoneNumber="" email="" valid="Y" lastUpdatedStamp="2012-07-16 14:22:14.0" lastUpdatedTxStamp="2012-07-16 14:22:14.0" createdStamp="2012-07-16 14:22:14.0" createdTxStamp="2012-07-16 14:22:14.0"/>
    <TSystemUser id="6c19da60-7241-4d83-852e-398ba864be26" userId="liangjianjin" userName="&#26753;&#20581;&#36827;" password="{SHA}7c4a8d09ca3762af61e59520943dc26494f8941b" sex="0" departmentId="7fdc10ae-c7fd-4360-96c2-fedaf739f14c" position="" phoneNumber="" email="" valid="Y" lastUpdatedStamp="2012-07-05 11:08:41.0" lastUpdatedTxStamp="2012-07-05 11:08:41.0" createdStamp="2012-07-05 11:08:41.0" createdTxStamp="2012-07-05 11:08:41.0"/>
    <TSystemUser id="879f28db-1f1a-4839-8eae-8f27a6504fd2" userId="liyuan" userName="&#26446;&#23195; " password="{SHA}7c4a8d09ca3762af61e59520943dc26494f8941b" sex="1" departmentId="0c92191f-3ccc-4c46-a466-bfe35663b391" position="" phoneNumber="" email="" valid="Y" lastUpdatedStamp="2012-07-05 11:06:26.0" lastUpdatedTxStamp="2012-07-05 11:06:25.0" createdStamp="2012-07-05 11:06:26.0" createdTxStamp="2012-07-05 11:06:25.0"/>
    <TSystemUser id="887dc6c2-f7fa-430f-aedc-03dadc829626" userId="lujian" userName="&#21346;&#22362;" password="{SHA}7c4a8d09ca3762af61e59520943dc26494f8941b" sex="0" departmentId="7fdc10ae-c7fd-4360-96c2-fedaf739f14c" position="" phoneNumber="" email="" valid="Y" lastUpdatedStamp="2012-08-04 08:35:33.0" lastUpdatedTxStamp="2012-08-04 08:35:33.0" createdStamp="2012-08-04 08:35:33.0" createdTxStamp="2012-08-04 08:35:33.0"/>
    <TSystemUser id="8b6a6b36-04e8-4c8d-98ea-61f4b0db7610" userId="chenaihong" userName="&#38472;&#29233;&#32418; " password="{SHA}854b4437aeb0a4b9a9777bf5052525090ce7da28" sex="1" departmentId="8a2ac1ae-6296-4c63-8a4b-e5f192f70ff9" position="" phoneNumber="" email="" valid="Y" lastUpdatedStamp="2012-07-31 15:41:15.0" lastUpdatedTxStamp="2012-07-31 15:41:15.0" createdStamp="2012-07-05 11:05:29.0" createdTxStamp="2012-07-05 11:05:29.0"/>
    <TSystemUser id="978d8a31-6080-4984-8910-f15454c2551d" userId="scgly" userName="&#29983;&#20135;&#31649;&#29702;&#21592;" password="{SHA}40bd001563085fc35165329ea1ff5c5ecbdbbeef" sex="0" departmentId="8a2ac1ae-6296-4c63-8a4b-e5f192f70ff9" position="&#29983;&#20135;&#31649;&#29702;&#21592;" phoneNumber="13800000000" email="admin@scgly.com" valid="Y" lastUpdatedStamp="2012-07-02 20:43:56.0" lastUpdatedTxStamp="2012-07-02 20:43:56.0" createdStamp="2012-07-02 20:43:56.0" createdTxStamp="2012-07-02 20:43:56.0"/>
    <TSystemUser id="b902a9f0-566e-476c-ae2e-453dda9e9450" userId="luweirong" userName="&#21346;&#20255;&#33635;" password="{SHA}7c4a8d09ca3762af61e59520943dc26494f8941b" sex="0" departmentId="2c2f37d4-33ac-4026-9ec0-3f8571e8a4a4" position="" phoneNumber="" email="" valid="Y" lastUpdatedStamp="2012-07-05 11:15:59.0" lastUpdatedTxStamp="2012-07-05 11:15:59.0" createdStamp="2012-07-05 11:15:59.0" createdTxStamp="2012-07-05 11:15:59.0"/>
    <TSystemUser id="d18a2195-7ad6-4e74-8c41-1b7a7690d11d" userId="lijianming" userName="&#26446;&#20581;&#26126;" password="{SHA}7c4a8d09ca3762af61e59520943dc26494f8941b" sex="0" departmentId="8a2ac1ae-6296-4c63-8a4b-e5f192f70ff9" position="" phoneNumber="" email="" valid="Y" lastUpdatedStamp="2012-07-05 11:13:40.0" lastUpdatedTxStamp="2012-07-05 11:13:40.0" createdStamp="2012-07-05 11:13:40.0" createdTxStamp="2012-07-05 11:13:40.0"/>
    <TSystemUser id="d81dd614-fcf0-4005-8d09-1c6683954a1d" userId="panyanying" userName="&#28504;&#33395;&#33521;" password="{SHA}7c4a8d09ca3762af61e59520943dc26494f8941b" sex="1" departmentId="0c92191f-3ccc-4c46-a466-bfe35663b391" position="" phoneNumber="" email="" valid="Y" lastUpdatedStamp="2012-07-21 16:35:10.0" lastUpdatedTxStamp="2012-07-21 16:35:10.0" createdStamp="2012-07-21 16:35:10.0" createdTxStamp="2012-07-21 16:35:10.0"/>
    <TSystemUser id="efe8549e-5d83-48c8-85e3-9ab00b824953" userId="cgjl" userName="&#37319;&#36141;&#32463;&#29702;" password="{SHA}40bd001563085fc35165329ea1ff5c5ecbdbbeef" sex="0" departmentId="7fdc10ae-c7fd-4360-96c2-fedaf739f14c" position="&#37319;&#36141;&#32463;&#29702;" phoneNumber="13800000000" email="admin@cgjl.com" valid="Y" lastUpdatedStamp="2012-07-02 20:43:56.0" lastUpdatedTxStamp="2012-07-02 20:43:56.0" createdStamp="2012-07-02 20:43:56.0" createdTxStamp="2012-07-02 20:43:56.0"/>
    <TSystemUser id="f4936a0d-4dfe-4db9-a0aa-039f67b876db" userId="lujianbi" userName="&#38470;&#20581;&#27604;" password="{SHA}7c4a8d09ca3762af61e59520943dc26494f8941b" sex="0" departmentId="7fdc10ae-c7fd-4360-96c2-fedaf739f14c" position="" phoneNumber="" email="" valid="Y" lastUpdatedStamp="2012-08-04 08:36:18.0" lastUpdatedTxStamp="2012-08-04 08:36:18.0" createdStamp="2012-08-04 08:36:18.0" createdTxStamp="2012-08-04 08:36:18.0"/>
    <TSystemUser id="f4d8290f-b8ad-4ce9-b3fc-4ff30608bc21" userId="sjlry" userName="&#25968;&#25454;&#24405;&#20837;&#21592;" password="{SHA}40bd001563085fc35165329ea1ff5c5ecbdbbeef" sex="0" departmentId="0c92191f-3ccc-4c46-a466-bfe35663b391" position="&#31995;&#32479;&#32479;&#35745;&#21592;" phoneNumber="13800000000" email="sjlry@fq.com" valid="Y" lastUpdatedStamp="2012-07-02 20:43:56.0" lastUpdatedTxStamp="2012-07-02 20:43:56.0" createdStamp="2012-07-02 20:43:56.0" createdTxStamp="2012-07-02 20:43:56.0"/>
</entity-engine-xml>
